epoch,train_loss,val_loss
1,1.0108531713485718,1.1015092997921438
2,1.1062862873077393,0.9886997706609262
3,1.0395033359527588,1.0042538689192675
4,0.9902607202529907,0.99027094805151
5,1.0236155986785889,0.956540965047994
6,0.9745111465454102,0.9269459072808574
7,0.92437744140625,1.1601037378597976
8,1.0601963996887207,0.9167858919404205
9,0.9292194247245789,0.9185457948156467
10,0.9300574064254761,0.915167390403891
11,0.9480964541435242,0.9165073388202447
12,0.8856759071350098,1.000388325007637
13,0.9292489886283875,0.904659276468712
14,0.853489339351654,0.9180349116038559
15,0.9205116629600525,0.9138276115395969
16,0.9652718305587769,0.9010402333168757
17,0.9020673632621765,0.8680585660133744
18,0.8783900141716003,1.0312231803000123
19,0.9507152438163757,0.8595514657503381
20,0.837868869304657,0.8679840628963366
21,0.8923349380493164,0.87952673076687
22,0.8693873286247253,0.8729668573329323
23,0.8622438311576843,0.8471845406338685
24,0.8329975605010986,0.8384444830112887
25,0.8011813163757324,0.9093137259471387
26,0.8714712858200073,0.8178540389041853
27,0.7993385195732117,0.8211519420893868
28,0.8367783427238464,0.8222157577225438
29,0.8412003517150879,0.8145325633517483
30,0.8014311790466309,0.8805856168419496
31,0.8069142699241638,0.962450543292483
32,0.7555049657821655,0.8592873760930876
33,0.7381640672683716,0.830803650662415
34,0.7502692937850952,0.8100049458350753
35,0.7389060854911804,0.8960019907258209
36,0.7388061881065369,0.9035309239437705
37,0.7675213813781738,0.7910732798707814
38,0.6949478983879089,0.7596759342011952
39,0.7015279531478882,0.779134614425793
40,0.7006350755691528,0.7768389321210092
41,0.6906099319458008,0.790452089674192
42,0.6788231730461121,0.8183229903230691
43,0.7484536170959473,0.7657578678656939
44,0.6759753227233887,0.7584466844573057
45,0.6812021136283875,0.7376373513300616
46,0.6535317897796631,0.7973505838174271
47,0.6890141367912292,0.7634859697561813
48,0.6611627340316772,0.7320604953251985
49,0.6946961283683777,0.7060404472183763
50,0.6389968395233154,0.6888762670650816
51,0.6293973326683044,0.7161137681258353
52,0.6467888951301575,0.7382929714998805
53,0.6400328874588013,0.7258842647225038
54,0.6714590787887573,0.6858029021953879
55,0.5848461389541626,0.6635276596050215
56,0.6629771590232849,0.6673534062870762
57,0.6206993460655212,0.6826470412108534
58,0.6990842819213867,0.6943120182606212
59,0.641862154006958,0.7005121655631483
60,0.6371820569038391,0.6786942731467703
61,0.6069828867912292,0.6860470960014745
62,0.6216760873794556,0.6947331113325325
63,0.6089261174201965,0.7050562499459824
64,0.6436501145362854,0.6875430739911875
65,0.5898253917694092,0.6729284501015991
66,0.6129419803619385,0.6808604756393528
67,0.6224936246871948,0.6918177960211771
68,0.6055575609207153,0.6879741828841972
69,0.6301020383834839,0.6910688031586191
70,0.567387580871582,0.6857008448519504
71,0.5894054770469666,0.6918085913610339
72,0.6093884706497192,0.6873071420760382
73,0.5924748182296753,0.6745615467093045
74,0.5950515866279602,0.6664890542364957
75,0.576729953289032,0.6690569497588882
76,0.6008495092391968,0.6689172213836422
77,0.589817225933075,0.6699393599254445
78,0.6095545291900635,0.6585593843519837
79,0.5983147621154785,0.6588532975443026
80,0.5880939364433289,0.6724154015531516
81,0.6377589702606201,0.6499090584597194
82,0.5730946063995361,0.6662947586305757
83,0.5945119261741638,0.6955616158949104
84,0.577225923538208,0.6504231609198683
85,0.5786051750183105,0.6576424290363053
86,0.5527079701423645,0.692246276931954
87,0.5782862305641174,0.6618134666206246
88,0.5798357725143433,0.6424016410246828
89,0.5443130731582642,0.6880394568419397
90,0.6130948662757874,0.6934278275733604
91,0.6066823601722717,0.6470867257966733
92,0.574360728263855,0.6914207981642625
93,0.5946956872940063,0.6659036239884552
94,0.5736371278762817,0.6778974737738607
95,0.5831810832023621,0.6540016609624514
96,0.544718325138092,0.6772145611002929
97,0.6071221828460693,0.6747165452268787
98,0.6181265115737915,0.6822881828573414
99,0.5763556957244873,0.6495333584328941
100,0.5645508766174316,0.6645921537451875
101,0.6159248352050781,0.6675514176973424
102,0.5640870332717896,0.6556572699009028
103,0.5450290441513062,0.6263793281146458
104,0.5387870073318481,0.6480386021143213
105,0.609077513217926,0.6698867834002751
106,0.5740267038345337,0.6520438751481231
107,0.5694206953048706,0.6262782949552799
108,0.5643366575241089,0.6430375623822511
109,0.550382137298584,0.6533929348589483
110,0.549263596534729,0.6389384549064445
111,0.5467931628227234,0.6218784222925516
112,0.5522478818893433,0.6176829353012238
113,0.5469910502433777,0.6506251996023613
114,0.5288598537445068,0.6371308108021442
115,0.5228826999664307,0.6146524022695116
116,0.5548822283744812,0.616219222993779
117,0.5274004936218262,0.6552222317322752
118,0.5539277791976929,0.652359287989767
119,0.5824339389801025,0.6076999539719489
120,0.5542489290237427,0.6623126792728453
121,0.5915877819061279,0.6912876400433686
122,0.5810866951942444,0.65333712758277
123,0.6181473731994629,0.6554510212482366
124,0.574209988117218,0.6308301062810988
125,0.5339832901954651,0.6470945360965299
126,0.5647268295288086,0.6072840754848375
127,0.5437864065170288,0.6074038277891346
128,0.5257019996643066,0.61598524339217
129,0.5384362936019897,0.6285363441720643
130,0.5197039246559143,0.6085809696288336
131,0.5705864429473877,0.5941464425925922
132,0.5127213001251221,0.6063051474721808
133,0.5214276313781738,0.5874715430993485
134,0.4925738275051117,0.5778639612341285
135,0.5219229459762573,0.6069747575542384
136,0.5234217047691345,0.5870987741570723
137,0.484652042388916,0.6109999679682547
138,0.49799418449401855,0.5850955064135387
139,0.49047765135765076,0.5636651644431857
140,0.5199062824249268,0.5937865912764891
141,0.5156779885292053,0.6272846745667899
142,0.49541938304901123,0.5594937580271173
143,0.49625539779663086,0.5635350236020291
144,0.5411320924758911,0.6140257741574356
145,0.49074214696884155,0.5690902467060807
146,0.47194814682006836,0.5650048332106798
147,0.47288721799850464,0.5983226748934963
148,0.5047920942306519,0.5740641076164437
149,0.4941220283508301,0.5494430762783328
150,0.5079999566078186,0.6186316818521734
151,0.52228844165802,0.6031879455523383
152,0.5869779586791992,0.646338499130163
153,0.5405372977256775,0.646840254615124
154,0.566161036491394,0.5819566055646815
155,0.47767776250839233,0.6124610116607264
156,0.5919746160507202,0.5495873196680743
157,0.5129051208496094,0.5798372018307373
158,0.5203761458396912,0.5873606529152184
159,0.4823901653289795,0.5639577026952777
160,0.48524385690689087,0.5547394453732292
161,0.4624128043651581,0.5634898840634147
162,0.4665578305721283,0.570310337949815
163,0.5190789103507996,0.5385981914692355
164,0.46837756037712097,0.5201112792306676
165,0.46434831619262695,0.5371877140269841
166,0.4393063187599182,0.5640211589354321
167,0.4572007656097412,0.5505589297540804
168,0.44509243965148926,0.577806155932577
169,0.46033355593681335,0.5490848822402477
170,0.4534403681755066,0.5253522666474632
171,0.45143577456474304,0.5347919874920284
172,0.4472581148147583,0.5343823222289408
173,0.46279072761535645,0.5210423741424293
174,0.423255980014801,0.5309606475340095
175,0.47504138946533203,0.5442650863401274
176,0.4945443570613861,0.5151168008645376
177,0.4387652277946472,0.5261696212572562
178,0.4624185264110565,0.5055796439785109
179,0.42611274123191833,0.5164681563998822
180,0.4122978448867798,0.5111173313661924
181,0.41977477073669434,0.5050451185619622
182,0.4368915259838104,0.5098358217187992
183,0.4209389090538025,0.5198403462431485
184,0.43241167068481445,0.49092309120902444
185,0.4345080852508545,0.4913287427192344
186,0.4233700633049011,0.5344011543089884
187,0.42822369933128357,0.49632363002700614
188,0.4388294219970703,0.48998803886255826
189,0.43708908557891846,0.5106707732928427
190,0.412299245595932,0.5125147274562291
191,0.426053524017334,0.5005967183818195
192,0.38969656825065613,0.4908809800793354
193,0.4660245180130005,0.49938712808721347
194,0.4150390625,0.4938967135317045
195,0.38537678122520447,0.4947507667511627
196,0.412020206451416,0.5022547064269695
197,0.40957504510879517,0.4988568271311901
198,0.40832436084747314,0.4876273044368677
199,0.37951546907424927,0.49314780551986886
200,0.3938680589199066,0.5009122426647291
201,0.39509546756744385,0.4921783975939404
202,0.3926360607147217,0.4808492331875297
203,0.38743555545806885,0.4898940053649415
204,0.4010545611381531,0.49568896783623184
205,0.4058256149291992,0.48816084689962536
206,0.41246554255485535,0.4831887416373518
207,0.41395890712738037,0.49451669736912374
208,0.39606720209121704,0.4882104354245322
209,0.3819141089916229,0.48010622864976565
210,0.39573991298675537,0.4896416285432371
211,0.37196776270866394,0.4954931212397745
212,0.3794073462486267,0.48197340024145024
213,0.3955523371696472,0.484757334442067
214,0.3865366578102112,0.49993961153173805
215,0.38113945722579956,0.4814308382066569
216,0.36610716581344604,0.4693572312817538
217,0.3815811276435852,0.4951303568400237
218,0.4411276578903198,0.4888203926851277
219,0.4179779887199402,0.49161449440738614
220,0.3778422772884369,0.535599422484711
221,0.39422446489334106,0.4829200953618626
222,0.4509223699569702,0.48264103179288687
223,0.3640934228897095,0.4790565969053665
224,0.37829458713531494,0.49725965890370516
225,0.40001770853996277,0.48466415684623526
226,0.3866508901119232,0.5033861528661915
227,0.393375962972641,0.5265397613209889
228,0.37278279662132263,0.4715605154073328
229,0.376630038022995,0.4851036700688508
230,0.354536235332489,0.4972204606335862
231,0.39227986335754395,0.4971271771237366
232,0.3936777710914612,0.5038738271646332
233,0.40901851654052734,0.5038695502699467
234,0.39636334776878357,0.5087549275622929
235,0.3889603018760681,0.5152087832303872
236,0.39761269092559814,0.4662107636307116
237,0.3809121549129486,0.5090196550191196
238,0.3838839530944824,0.5212930787476083
239,0.3715980052947998,0.4870404471132092
240,0.3852146565914154,0.5371140659901134
241,0.3723272681236267,0.5183973750076198
242,0.4004359841346741,0.4748697330927789
243,0.36500293016433716,0.4756855599414137
244,0.3769052028656006,0.4900098126334953
245,0.38150614500045776,0.5061184368784863
246,0.4315504729747772,0.5013684793223713
247,0.37809860706329346,0.5079157200821659
248,0.37445634603500366,0.5217529073693699
249,0.38677769899368286,0.500453933214484
250,0.36639153957366943,0.4991680909517714
251,0.3776432275772095,0.5130804258032251
252,0.3885427415370941,0.5136486369565615
253,0.3740498721599579,0.5049386747498859
254,0.36233434081077576,0.4882501975486153
255,0.3858238458633423,0.5232370771411666
256,0.3813442587852478,0.475897770253638
257,0.3790813386440277,0.4856359742040323
258,0.3890222907066345,0.5529649831298599
259,0.3841041326522827,0.4986713224634491
260,0.36794209480285645,0.47316953554786834
261,0.3845531940460205,0.5083310896143279
262,0.4061923027038574,0.49416932381484147
263,0.39206641912460327,0.48871969048839464
264,0.41468891501426697,0.5218240727756854
265,0.37708577513694763,0.4989988221261734
266,0.3691348433494568,0.4937935437923087
267,0.3744974136352539,0.5229067733712065
268,0.3679274022579193,0.49957427098637536
269,0.34351080656051636,0.4983898245152973
270,0.3752613961696625,0.5318960430926847
271,0.3695269525051117,0.5192022855419264
272,0.3729073405265808,0.5113839644537235
273,0.38679587841033936,0.5078919670336826
274,0.39241454005241394,0.5007385570453223
275,0.3710936903953552,0.5210662137595633
276,0.3671097159385681,0.5096725660906101
277,0.36060643196105957,0.5039061762037731
278,0.37763744592666626,0.5465539895502248
279,0.3807046413421631,0.49362118284505113
280,0.43089842796325684,0.48743098010694175
281,0.37220901250839233,0.5112520052974385
282,0.35927268862724304,0.49882567668319644
283,0.38561850786209106,0.5023499902029683
284,0.3799073100090027,0.528164789939584
285,0.3611769378185272,0.5083679465721723
286,0.36800259351730347,0.5070031391349352
287,0.37395280599594116,0.511968776919788
288,0.32332175970077515,0.5140084760230884
289,0.35997647047042847,0.5194468716332189
290,0.431557297706604,0.5236144654434127
291,0.39549607038497925,0.5243513875437859
292,0.35744762420654297,0.5104193835330189
293,0.3754565417766571,0.5091914296299592
294,0.35609325766563416,0.49351447581647334
295,0.3683105409145355,0.5107987611216113
296,0.3919254243373871,0.5270992504026657
297,0.37542638182640076,0.5253666277816122
298,0.3584981858730316,0.5391023430907935
299,0.36055701971054077,0.5159108268288443
300,0.35994088649749756,0.5146058525955468
301,0.3454534411430359,0.5383589854814056
302,0.35090190172195435,0.5120264575594947
303,0.3589553236961365,0.49499620725038956
304,0.3626571595668793,0.5227396228259668
305,0.360313355922699,0.5019607844956238
306,0.3610561788082123,0.4946664180373189
307,0.36254987120628357,0.5248312962085083
308,0.3890720307826996,0.5516944896607172
309,0.37411022186279297,0.4873043293492836
310,0.3795202672481537,0.5089016827126792
311,0.3965345025062561,0.550915603350876
312,0.3732677400112152,0.5358848637506777
313,0.4135158061981201,0.5155370368395832
314,0.3582347631454468,0.498943222943404
315,0.3829893469810486,0.5155514989580426
316,0.3702542185783386,0.5382132858859566
317,0.4008793234825134,0.5210641704705126
318,0.3709218502044678,0.5077547702872962
319,0.3361806273460388,0.5328705779890668
320,0.35962289571762085,0.5437216752752624
321,0.36569902300834656,0.5114221048534364
322,0.38337966799736023,0.5311353369464252
323,0.3571896553039551,0.5259693819179869
324,0.35174012184143066,0.5268280915449137
325,0.37945330142974854,0.5184309158408851
326,0.35872983932495117,0.5121994744566151
327,0.35324418544769287,0.5155617043488008
328,0.3837018609046936,0.49526945622941304
329,0.367281436920166,0.5221504179158605
330,0.3633367419242859,0.5100752310944081
331,0.36578333377838135,0.5204915876376599
332,0.35906076431274414,0.5262706043726221
333,0.3554297387599945,0.5266069238048449
334,0.3576076626777649,0.49537544083177
335,0.40902405977249146,0.5302099855920127
336,0.3555693030357361,0.498680388494243
337,0.3567585349082947,0.5019621707144237
338,0.3453713357448578,0.5213094316329574
339,0.35733532905578613,0.5139125633359254
340,0.3954258859157562,0.5139316565410834
341,0.33291593194007874,0.5419423971558573
342,0.3499935567378998,0.5257101402545633
343,0.4249764382839203,0.5062297258460731
344,0.354816198348999,0.5298344947042919
345,0.37106871604919434,0.516076938550275
346,0.369937002658844,0.5180436484795764
347,0.34407028555870056,0.5348069242068699
348,0.38443630933761597,0.513314700216279
349,0.413996160030365,0.5307088474880782
350,0.3713628053665161,0.5166612575227455
351,0.3519420623779297,0.5400605640913311
352,0.37561529874801636,0.5125771014015179
353,0.36772364377975464,0.5443388250537384
354,0.33694690465927124,0.5457118624135068
355,0.35442399978637695,0.5141104262574274
356,0.3961055278778076,0.5194384993467116
357,0.3675064444541931,0.57134915682905
358,0.35433220863342285,0.4991347477549598
359,0.3657173812389374,0.5237708902896795
360,0.3619493246078491,0.5939876659770956
361,0.3579159379005432,0.5086094535383067
362,0.3897058963775635,0.5109940519308984
363,0.3450182378292084,0.538550527173475
364,0.3700326383113861,0.5268639642791939
365,0.3452841639518738,0.5118448764160463
366,0.3407914638519287,0.5099166007268996
367,0.36646103858947754,0.619428479133692
368,0.37582239508628845,0.5493382300649371
369,0.3912909924983978,0.5051867788596859
370,0.39342665672302246,0.522965187267552
371,0.4127064347267151,0.5527019340890392
372,0.3892897963523865,0.5245394742578492
373,0.36857661604881287,0.4621301934235078
374,0.41009050607681274,0.4865128329224455
375,0.38419613242149353,0.5476036894889105
376,0.3801179528236389,0.5418494759048137
377,0.32972532510757446,0.5249874518628705
378,0.37521666288375854,0.5041899591460264
379,0.3913649320602417,0.5206933308364754
380,0.3477090299129486,0.4948802623234895
381,0.39591968059539795,0.5081772459180731
382,0.3810274600982666,0.5318770496767565
383,0.3475390374660492,0.5143631357596931
384,0.3791773319244385,0.5092645732681256
385,0.3559306561946869,0.4665019266438066
386,0.3729615807533264,0.4770102795204124
387,0.35046133399009705,0.49334833563718583
388,0.3602759540081024,0.5103748094169119
389,0.3470967710018158,0.4600931226012103
390,0.37871354818344116,0.47496902897841947
391,0.3712165355682373,0.5013790354692846
392,0.3438733220100403,0.4776090259540051
393,0.3512202203273773,0.474436352575632
394,0.35500404238700867,0.5348740448629049
395,0.37481793761253357,0.4984877650301558
396,0.3817898631095886,0.47352293036635357
397,0.3707149922847748,0.5146244954047048
398,0.3492719531059265,0.5106851059691351
399,0.4023030698299408,0.4629485280740829
400,0.35300183296203613,0.47586629676042047
401,0.36736926436424255,0.5355619365410099
402,0.36959022283554077,0.4979455261899714
403,0.36405783891677856,0.47475600459223105
404,0.37934547662734985,0.47856108041335466
405,0.3893052339553833,0.49117520668154074
406,0.35375648736953735,0.5178166657760926
407,0.36233875155448914,0.490071032355005
408,0.3708740174770355,0.48086508981566084
409,0.35164356231689453,0.475733653047031
410,0.37475404143333435,0.49782310571885646
411,0.32464921474456787,0.49847469951275897
412,0.33590397238731384,0.5151860732631874
413,0.38909637928009033,0.5248586693801975
414,0.35486921668052673,0.49341579733934615
415,0.3442235589027405,0.4804684130619642
416,0.3369778096675873,0.4884230392917356
417,0.39909428358078003,0.4958097600847259
418,0.3525974750518799,0.4881967704248309
419,0.3676382005214691,0.5021025209050429
420,0.32148462533950806,0.4849363635655931
421,0.34787940979003906,0.5019859433323518
422,0.38419508934020996,0.5091560909473208
423,0.38504528999328613,0.5909728899336698
424,0.35814762115478516,0.4973328525858714
425,0.40131279826164246,0.5193329611816502
426,0.36697202920913696,0.5163108984330543
427,0.4034704566001892,0.5058317432427466
428,0.4146685004234314,0.5427450824500923
429,0.385722279548645,0.5524040899778667
430,0.3918355405330658,0.5143180060804936
431,0.3850979804992676,0.5185488036700657
432,0.38055509328842163,0.5418153523203723
433,0.3564210832118988,0.5413427671095482
434,0.362185537815094,0.5066967252501868
435,0.38753432035446167,0.5350353114288253
436,0.36967334151268005,0.5075734411564686
437,0.35078638792037964,0.5292947571677971
438,0.38172316551208496,0.5452123772829098
439,0.38369935750961304,0.5471364447945043
440,0.36788472533226013,0.547581892862057
441,0.3640555143356323,0.5660640102878848
442,0.3569696843624115,0.5278334678862626
443,0.37411755323410034,0.64628697666608
444,0.37054842710494995,0.6018935046100378
445,0.39969760179519653,0.5570150931974999
446,0.3774103820323944,0.5813390736591846
447,0.371242493391037,0.5111209113795058
448,0.39365801215171814,0.5306466242723298
449,0.3616703450679779,0.6725003707379028
450,0.36073052883148193,0.5518737296412762
451,0.36264464259147644,0.563567486771366
452,0.37522071599960327,0.5172801093947619
453,0.3766927719116211,0.514403767379603
454,0.368827760219574,0.536551440867565
455,0.34976300597190857,0.5780797729217318
456,0.35135477781295776,0.604770771244116
457,0.371243417263031,0.5148903912768925
458,0.3677785098552704,0.5043660121454033
459,0.3512271046638489,0.5701377798142588
460,0.35449010133743286,0.5130247627583363
461,0.35475051403045654,0.6039652086439586
462,0.3639865517616272,0.6788772985451204
463,0.3534005582332611,0.6147093683257139
464,0.35925886034965515,0.5930536029332861
465,0.36330151557922363,0.5374200629411185
466,0.34820568561553955,0.5773997253045103
467,0.3364982604980469,0.5529120873687858
468,0.3520054817199707,0.6422324929022252
469,0.3873770833015442,0.5710054679323259
470,0.34696707129478455,0.6347242761076543
471,0.4010014533996582,0.616930703919633
472,0.3267478346824646,0.533138530744347
473,0.3499675691127777,0.6617536943657953
474,0.3774197995662689,0.5171112219492594
475,0.3530047833919525,0.5996228629783878
476,0.37453073263168335,0.5960476114636376
477,0.3605709671974182,0.5578561107018837
478,0.3353203237056732,0.6264745959064417
479,0.347791850566864,0.5955125853830113
480,0.3302881717681885,0.640617348944633
481,0.324198842048645,0.6197742555374489
482,0.39174947142601013,0.6272658731106827
483,0.3210332989692688,0.6892516442707607
484,0.3582890033721924,0.5617495796136689
485,0.34098464250564575,0.7853386874186963
486,0.328154981136322,0.6007369348877355
487,0.3713284432888031,0.6320523004185287
488,0.349625825881958,0.67279753380252
489,0.3623892664909363,0.6515368910361651
490,0.3805498480796814,0.6477218474959371
491,0.37168681621551514,0.66013492064966
492,0.44040173292160034,0.7152535455268726
493,0.36684727668762207,0.5787105705206257
494,0.3526575565338135,0.7288520503462407
495,0.354079931974411,0.6972722239362865
496,0.3246685862541199,0.5265991625032926
497,0.40501755475997925,0.5471293346624924
498,0.3633584678173065,0.6341596191987059
499,0.3980715274810791,0.617547203126109
500,0.3380785882472992,0.7196679312483709
501,0.3675841689109802,0.6276431619971617
502,0.3481472134590149,0.6427969200569287
503,0.3501095175743103,0.5917240654615531
504,0.33540982007980347,0.5780166511547595
505,0.3654733896255493,0.689776162754623
506,0.3503913879394531,0.6931352957448266
507,0.38944336771965027,0.6706383531553703
508,0.35412535071372986,0.7120469572550073
509,0.3364449441432953,0.7871312168905311
510,0.3416846990585327,0.7169157847724762
511,0.3370060920715332,0.808419142151835
512,0.32697486877441406,0.9128166135391197
513,0.32926666736602783,0.5657783335910405
514,0.3782946765422821,0.6408185286629469
515,0.3515659272670746,0.704482020441452
516,0.35425370931625366,0.6247049003914186
517,0.3457607626914978,0.6446985488846189
518,0.3385738730430603,0.6978469516400406
519,0.3591381907463074,0.6926263776936925
520,0.35856789350509644,0.7405772853017152
521,0.3428139090538025,0.6962447196319886
522,0.3359331488609314,0.7368397817277071
523,0.3204795718193054,0.8924271149145332
524,0.3322625160217285,0.654075715326725
525,0.32501477003097534,0.7160385986019794
526,0.3322356641292572,0.9176598975532934
527,0.36485716700553894,0.6328462918001906
528,0.3185102641582489,0.622352459376916
529,0.3446711003780365,0.6603098293593653
530,0.34633392095565796,0.680199811034334
531,0.3801502585411072,0.8728700918063783
532,0.34079086780548096,0.6474339897770033
533,0.3318188190460205,0.6405160733332909
534,0.3679398000240326,0.7643546049756215
535,0.35800546407699585,1.1025687402352355
536,0.4049968421459198,0.49220373531929534
537,0.3671724796295166,0.5137357336088529
538,0.38656970858573914,0.537905496463441
539,0.37428486347198486,0.4879558996150368
540,0.36786866188049316,0.49052593702062924
541,0.36554664373397827,0.4989772579424961
542,0.36154794692993164,0.5000755801834259
543,0.35670042037963867,0.5064368605763093
544,0.40507349371910095,0.4946468922876774
545,0.36019766330718994,0.48230995316254466
546,0.3390994966030121,0.47152998408578095
547,0.34198662638664246,0.47859911758798107
548,0.3694309592247009,0.4926249717261857
549,0.3579584062099457,0.46197736001851264
550,0.3399359881877899,0.46942463330457684
551,0.37704867124557495,0.4988486904249454
552,0.3373148441314697,0.4992098111407201
553,0.33791548013687134,0.4972235667974429
554,0.36285707354545593,0.5020838698050133
555,0.33607348799705505,0.527430890646196
556,0.3400220572948456,0.5134243899419493
557,0.34075284004211426,0.489979863017424
558,0.3275570869445801,0.5347232728972471
559,0.3170678913593292,0.5121364347020486
560,0.33017635345458984,0.4873385267299518
561,0.324329137802124,0.506736999092843
562,0.36012428998947144,0.5074950782278725
563,0.33258023858070374,0.5022540102925217
564,0.3390684127807617,0.5114855918669163
565,0.344484806060791,0.5245768542875323
566,0.33910810947418213,0.5178554772135607
567,0.3238484859466553,0.5423189793015483
568,0.33701643347740173,0.5161799279071932
569,0.33565402030944824,0.517457682237888
570,0.3826521039009094,0.5307687002614626
571,0.3243218660354614,0.5169494958001569
572,0.32008299231529236,0.5268164973958094
573,0.31358563899993896,0.5250351618704641
574,0.3205143213272095,0.5275542002572751
575,0.3235808312892914,0.5426792249942484
576,0.3217710852622986,0.5446224215634186
577,0.31326186656951904,0.5219597177099166
578,0.3244428038597107,0.5316341157096968
579,0.3178040683269501,0.5625614390934918
580,0.3177245259284973,0.520691490561741
581,0.321471631526947,0.5204733247147467
582,0.3486032485961914,0.5475288973117532
583,0.3325778841972351,0.5522872104979398
584,0.34444350004196167,0.5091683257343178
585,0.3155985474586487,0.5435565137922913
586,0.35468655824661255,0.5368267230521467
587,0.32563620805740356,0.5098147571535039
588,0.34475523233413696,0.565324206101267
589,0.3147733509540558,0.5906052586428803
590,0.34654825925827026,0.5392952825790062
591,0.3349458873271942,0.5521868994660246
592,0.311650812625885,0.5810701020976954
593,0.3208739459514618,0.5587416126913295
594,0.314592570066452,0.5131470030710512
595,0.33246394991874695,0.5630311573059636
596,0.3161851167678833,0.6111316924405875
597,0.3299572467803955,0.5143210874464279
598,0.3167873024940491,0.5217655910585159
599,0.34187978506088257,0.6097700198491415
600,0.3573896884918213,0.5560391104609745
601,0.325913667678833,0.5007044858203495
602,0.33504748344421387,0.5376097450877789
603,0.33070966601371765,0.6259986647687161
604,0.3461061716079712,0.5087051032330459
605,0.2930918335914612,0.5202939619396564
606,0.3026605248451233,0.5578185428951618
607,0.331208199262619,0.5623432007947362
608,0.3344630002975464,0.5839297274001559
609,0.33719775080680847,0.5485074950340099
610,0.3157474994659424,0.520287135041746
611,0.3223305642604828,0.5726630611527235
612,0.300980806350708,0.5806484110373303
613,0.31257233023643494,0.5507951369859222
614,0.337614506483078,0.6417714899643919
615,0.33852630853652954,0.5541659859487587
616,0.3767656683921814,0.5230015522256531
617,0.35153836011886597,0.5060273604584218
618,0.30252906680107117,0.5157813785368937
619,0.3091558814048767,0.5422827459516979
620,0.4082004725933075,0.5350704391797384
621,0.34690365195274353,0.5009458816439885
622,0.3557785749435425,0.5139844439979783
623,0.3289088010787964,0.5375884063261792
624,0.3251541256904602,0.4995032695301792
625,0.32477912306785583,0.4927953548897478
626,0.3331140875816345,0.5394912378531052
627,0.3294696807861328,0.5031068684313829
628,0.3383219242095947,0.5034596114827875
629,0.3206997513771057,0.5118578272057057
630,0.3237294554710388,0.49254237754004343
631,0.3275679349899292,0.494845860285269
632,0.3106822669506073,0.5214515934910691
633,0.31768351793289185,0.52359816514161
634,0.31039905548095703,0.5167449088323683
635,0.32814377546310425,0.5128658348157591
636,0.3363061845302582,0.5427925580725036
637,0.3121756911277771,0.5513739231833839
638,0.30595120787620544,0.543487957097534
639,0.30514204502105713,0.5381664672591034
640,0.3271545171737671,0.5764603732821337
641,0.3256174325942993,0.5720729266192979
642,0.3167242407798767,0.5610196666609972
643,0.28951430320739746,0.6012050025445178
644,0.3164370656013489,0.5995196904753682
645,0.309220552444458,0.5888167990180185
646,0.3240285813808441,0.6247445625768867
647,0.3615111708641052,0.6294054353147521
648,0.32415711879730225,0.6859684393818217
649,0.3565441966056824,0.5897924244254454
650,0.2998819053173065,0.6953959004920826
651,0.31095290184020996,0.6239058509805149
652,0.30259421467781067,0.6541290075557872
653,0.3017035722732544,0.6535734620906954
654,0.29131194949150085,0.5985981941521915
655,0.3080998659133911,0.6184032622136568
656,0.3333486020565033,0.6453080375989279
657,0.2923222780227661,0.6418118511226243
658,0.3360925614833832,0.8019452120427201
659,0.38608214259147644,0.5995390322572904
660,0.3606064021587372,0.6540215518839079
661,0.32959216833114624,0.6958004862144777
662,0.3838450610637665,0.5750543687277868
663,0.38019537925720215,0.5997085033502794
664,0.3661295771598816,0.6389039878857166
665,0.39914625883102417,0.6017007891994371
666,0.3670900762081146,0.7294123607470577
667,0.3791791796684265,0.5793529188722596
668,0.3518526554107666,0.5970576693838402
669,0.35265445709228516,0.5896954276507959
670,0.34079134464263916,0.6145878504392198
671,0.3575488030910492,0.5996368796305549
672,0.3384847640991211,0.5339799904285517
673,0.35439977049827576,0.620711458655527
674,0.38553330302238464,0.5034874392332589
675,0.3594779372215271,0.48806702373619365
676,0.3483022153377533,0.5198453180772021
677,0.3468148410320282,0.5293267194489787
678,0.35465240478515625,0.5618793354894882
679,0.3856087625026703,0.5704531481391505
680,0.329517126083374,0.5325270674581217
681,0.3486975431442261,0.5644215836859586
682,0.3310273289680481,0.6432965027359793
683,0.37758517265319824,0.5830029428453374
684,0.3266455829143524,0.7948490765160486
685,0.33659666776657104,0.4884767585380334
686,0.34692904353141785,0.4577188220687379
687,0.38222354650497437,0.46496509893197463
688,0.3654087483882904,0.4737912246159145
689,0.3583821952342987,0.4857508964407115
690,0.35742586851119995,0.48363520768949564
691,0.3412455916404724,0.4808615678384489
692,0.3224668502807617,0.47464939570964726
693,0.320331335067749,0.5146982140260232
694,0.3411639630794525,0.5401976964527503
695,0.3466190993785858,0.5134864198534113
696,0.3682484030723572,0.5031926860486654
697,0.3061210811138153,0.5208352539025453
698,0.32344236969947815,0.504525912958279
699,0.3357012867927551,0.48792561552578345
700,0.3267320394515991,0.49879979504678484
701,0.3355504870414734,0.4998009514838532
702,0.34390804171562195,0.5192595065984511
703,0.33795616030693054,0.5328804218679443
704,0.3240833878517151,0.524989546540387
705,0.3315061628818512,0.5101840564033442
706,0.31712621450424194,0.5455324370460701
707,0.3183896541595459,0.5712892419114747
708,0.31885647773742676,0.5425708425373661
709,0.32294365763664246,0.6378494892502787
710,0.3253273367881775,0.5288635523695695
711,0.3578343987464905,0.5275194600112456
712,0.33939599990844727,0.5467949059971592
713,0.3144848644733429,0.6367950756149483
714,0.326998233795166,0.5350509616067833
715,0.3462335467338562,0.5575091109837506
716,0.3774596154689789,0.5439166864356899
717,0.3462144732475281,0.5055900718036451
718,0.32283079624176025,0.5097558047239643
719,0.3472691476345062,0.5398466203147009
720,0.33874619007110596,0.5677783956802579
721,0.33339619636535645,0.5277596361057502
722,0.3259044885635376,0.5130455427450644
723,0.3131559491157532,0.5126736013961017
724,0.3284141719341278,0.5305975960908378
725,0.3570687770843506,0.5375736987680421
726,0.2966422736644745,0.5325559783997691
727,0.3053659200668335,0.5371022633741374
728,0.29281869530677795,0.552100624207566
729,0.2798295021057129,0.5648820757268366
730,0.30776891112327576,0.5747685962751097
731,0.28547847270965576,0.5603148584676566
732,0.3160965144634247,0.5790379692737321
733,0.30810290575027466,0.5673821529648956
734,0.30153006315231323,0.5891342942876027
735,0.33898162841796875,0.6259557787039525
736,0.30539625883102417,0.6360741369706348
737,0.3177116811275482,0.6329353704189596
738,0.3100183606147766,0.6437527213180274
739,0.3100045621395111,0.6943256173815046
740,0.2742975652217865,0.6023284456783667
741,0.3174954652786255,0.6481646117112392
742,0.30103322863578796,0.7857627593783807
743,0.3340524435043335,0.5426843478566125
744,0.334178626537323,0.5503978866682315
745,0.34074699878692627,0.5021879637898657
746,0.36091047525405884,0.4888849099327747
747,0.33420678973197937,0.4856638573016738
748,0.3623006045818329,0.4933840191005764
749,0.32604193687438965,0.5064586537673061
750,0.3332594037055969,0.5109163464460158
751,0.3197481632232666,0.5124858705172861
752,0.32043561339378357,0.5140774063299174
753,0.32549723982810974,0.5162069285125063
754,0.3228665888309479,0.4892162561864781
755,0.29291948676109314,0.4925765177809206
756,0.320301353931427,0.513486785846844
757,0.3412017822265625,0.5239731815076412
758,0.3484284579753876,0.5053145823472723
759,0.3200607895851135,0.5013479349905985
760,0.31980785727500916,0.502798357927112
761,0.3147234320640564,0.51565371084034
762,0.30665189027786255,0.5185833727954922
763,0.3266025483608246,0.5397870182094717
764,0.34953197836875916,0.5581859318833602
765,0.30996930599212646,0.5541342138347769
766,0.299617737531662,0.5468616726105673
767,0.31827542185783386,0.5229898502952174
768,0.31784486770629883,0.5399387776104728
769,0.2960805296897888,0.5303108760886324
770,0.32517677545547485,0.5334245266024032
771,0.2931983470916748,0.5100404152595309
772,0.3189336657524109,0.513367336868941
773,0.31170275807380676,0.5237002371994773
774,0.30980920791625977,0.5359916722117212
775,0.31182584166526794,0.5421884503579677
776,0.30805695056915283,0.5288272166162505
777,0.2837859094142914,0.523380901804544
778,0.2905004620552063,0.5591321992396113
779,0.3577040135860443,0.553260894795707
780,0.3092586398124695,0.5428599186409685
781,0.30929645895957947,0.5687796947053799
782,0.2988642454147339,0.5393459674409756
783,0.2934068441390991,0.5562948975945475
784,0.2997204065322876,0.5717952430696416
785,0.3081342577934265,0.5617721829199254
786,0.2952116131782532,0.5769156955537342
787,0.28891676664352417,0.6299070675570265
788,0.2868508994579315,0.5828268202325156
789,0.2889944314956665,0.6443254305306533
790,0.3116937279701233,0.6516612804025635
791,0.2888464331626892,0.5630624094105006
792,0.3192707896232605,0.6420772220556599
793,0.28177642822265625,0.669938205776358
794,0.29770442843437195,0.6189917225885511
795,0.30923351645469666,0.6536356630480677
796,0.2930631637573242,0.704979547880646
797,0.3052520453929901,0.6157854463821067
798,0.3220488131046295,0.6257105054413167
799,0.319516122341156,0.7440820402071291
800,0.30157703161239624,0.5985320784095535
801,0.29510927200317383,0.591812014579773
802,0.30149027705192566,0.6701514529703853
803,0.286511093378067,0.6952539449347589
804,0.316731333732605,0.6097581824264431
805,0.2923012971878052,0.614507183992773
806,0.29179614782333374,0.6717609543549387
807,0.29459258913993835,0.7083273386596737
808,0.27337896823883057,0.5973907697170898
809,0.34683895111083984,0.5768994278178776
810,0.3309038281440735,0.5698902094573305
811,0.3016167879104614,0.604306487810044
812,0.2920667231082916,0.639847044956714
813,0.3170374631881714,0.622425477456927
814,0.2898232042789459,0.641390807945328
815,0.32226985692977905,0.6542069351762757
816,0.35489892959594727,0.6820989657464183
817,0.27771303057670593,0.5982332541829064
818,0.28924986720085144,0.5915830171197877
819,0.29284730553627014,0.6127391865378932
820,0.2658049166202545,0.6281549818533704
821,0.29167938232421875,0.6698982920264241
822,0.27732619643211365,0.6784760998305223
823,0.29047930240631104,0.6553165527214682
824,0.26457321643829346,0.707564674075086
825,0.33229729533195496,0.6927171996362825
826,0.28847962617874146,0.6928165117302036
827,0.28100377321243286,0.7136297273755372
828,0.28776252269744873,0.7432755896620882
829,0.2767750024795532,0.6616084654827166
830,0.30392080545425415,0.6867537068245106
831,0.3057754635810852,0.5981397796095463
832,0.29714256525039673,0.6740634732676628
833,0.2905507981777191,0.7443300476647857
834,0.32391130924224854,0.6375520020200495
835,0.28912198543548584,0.6288967426856956
836,0.2794381082057953,0.7100667568077719
837,0.28864729404449463,0.65843496451103
838,0.2944304347038269,0.643421679361721
839,0.28694528341293335,0.6790725467796612
840,0.2726576328277588,0.6663726049855837
841,0.28855833411216736,0.6553144531142443
842,0.2835956811904907,0.7142643895663116
843,0.309965580701828,0.7208679523085592
844,0.2775449752807617,0.6720900085934421
845,0.27861306071281433,0.7036383477667519
846,0.28729698061943054,0.7235191899134701
847,0.2784744203090668,0.6486217672364754
848,0.28510475158691406,0.8250026229330173
849,0.28023040294647217,0.8224578543115678
850,0.27134329080581665,0.6280424886180046
851,0.31403613090515137,0.6263150000631958
852,0.28658291697502136,0.7471926657478314
853,0.2787342965602875,0.6332092920042817
854,0.2925013303756714,0.6167025020845552
855,0.2918737828731537,0.6709948267255511
856,0.2705782651901245,0.7182835709481012
857,0.288489431142807,0.6417924416692633
858,0.26566192507743835,0.604300146114856
859,0.27397191524505615,0.6723803156300595
860,0.2566162943840027,0.6912040677584502
861,0.2760080397129059,0.6481503113768154
862,0.25938665866851807,0.6936065057166537
863,0.2640761733055115,0.7014955407694766
864,0.28255921602249146,0.7426540481118032
865,0.28109806776046753,0.7232693781828821
866,0.3324248194694519,0.6848105069688687
867,0.2527838945388794,0.76429062424447
868,0.31055206060409546,0.7509381209399766
869,0.3270968794822693,0.6601550343042627
870,0.3041754961013794,0.7115204716684824
871,0.3125649392604828,0.7414849531979191
872,0.3204093873500824,0.646187654862129
873,0.31470799446105957,0.6682877952891185
874,0.28941357135772705,0.6307684543138757
875,0.2762138843536377,0.6273673908752307
876,0.34277963638305664,0.639262670861151
877,0.2892596125602722,0.6472097158730777
878,0.3018152415752411,0.5614481032044069
879,0.32296010851860046,0.6017339740480695
880,0.29540830850601196,0.7195131275289339
881,0.2832103371620178,0.5980111223115658
882,0.2936461865901947,0.6289552145434502
883,0.29211756587028503,0.7118669273261737
884,0.29044973850250244,0.6420453117604841
885,0.28279978036880493,0.6267486116043607
886,0.27190807461738586,0.6574021116235202
887,0.2646469473838806,0.7055539145206747
888,0.2898373603820801,0.7210669087288075
889,0.2843453288078308,0.7429248130411134
890,0.2720046937465668,0.6070432691347032
891,0.2899620532989502,0.6057284952405103
892,0.2897886335849762,0.6778642943030909
893,0.2942150831222534,0.6790962601664072
894,0.28728795051574707,0.6625934056470866
895,0.26937559247016907,0.6795971814851115
896,0.3212677836418152,0.7066463366486972
897,0.28966569900512695,0.701572222966598
898,0.2887643575668335,0.6938767225521251
899,0.2902016043663025,0.6325949025632146
900,0.27282828092575073,0.6903058698302821
901,0.28046053647994995,0.7451604737673786
902,0.3018340766429901,0.6535262499835557
903,0.28101301193237305,0.6678732848705206
904,0.282463014125824,0.729288447470892
905,0.2880871593952179,0.6864039996512851
906,0.2691257894039154,0.8136373889774906
907,0.27262210845947266,0.706687773678237
908,0.33312180638313293,0.6883453017189389
909,0.3230825960636139,0.7681809787762195
910,0.29771748185157776,0.8366715648120507
911,0.28775060176849365,0.6104249054925484
912,0.32807087898254395,0.6217575094156098
913,0.2748766541481018,0.7530880954331324
914,0.29095858335494995,0.737556108555997
915,0.2880127429962158,0.6287919901367417
916,0.2914029061794281,0.6760570837142772
917,0.28656673431396484,0.9249082340632465
918,0.3072286546230316,0.6941464649405993
919,0.2576368451118469,0.6258152644138288
920,0.3084612488746643,0.685800508000797
921,0.28832247853279114,0.7143840174328414
922,0.2730998396873474,0.63826655878459
923,0.2807549238204956,0.6027901879229343
924,0.3274628818035126,0.680892144528248
925,0.3234905004501343,0.7654397306884441
926,0.2840447425842285,0.6314681218680284
927,0.32200750708580017,0.6245745444357544
928,0.276891827583313,0.7409353940409228
929,0.26893600821495056,0.7639267107000327
930,0.24135999381542206,0.6764519338619739
931,0.2830756902694702,0.7264009507975184
932,0.2810302674770355,0.7661125267059881
933,0.27325528860092163,0.6978563434796823
934,0.2715040445327759,0.6822079544079334
935,0.2960936427116394,0.7631987723192775
936,0.2449796199798584,0.8154929825536589
937,0.26727890968322754,0.8386365113999312
938,0.2846561670303345,0.7909820671368363
939,0.28055813908576965,0.8673511742051682
940,0.27521830797195435,1.0012207377823372
941,0.2674899697303772,0.8756491559788697
942,0.2645598351955414,1.0638619625478758
943,0.2653508186340332,0.9766032362641547
944,0.2865198254585266,0.8433954171967089
945,0.24935171008110046,0.9197776272780913
946,0.2739952802658081,1.0283584717222323
947,0.2836994528770447,0.9065165456972624
948,0.26378336548805237,0.9023853979612652
949,0.25161269307136536,1.0858042293921448
950,0.3184545934200287,0.8882731282920168
951,0.28620243072509766,0.7025631645269561
952,0.2774081826210022,0.7852430882908049
953,0.30644166469573975,0.7037518520403028
954,0.28260597586631775,0.6681884498823256
955,0.29200130701065063,0.9001259509483376
956,0.2931545376777649,0.7327224219353277
957,0.27027690410614014,0.7473932531543244
958,0.26232287287712097,0.8726695752084106
959,0.2796132564544678,0.6599058821087792
960,0.2886195778846741,0.6571416945983294
961,0.2633214294910431,0.7602210068762452
962,0.2725866436958313,0.7419894053822472
963,0.29122376441955566,0.7032075888829721
964,0.26854369044303894,0.7648730121160808
965,0.30864039063453674,0.7294628965227228
966,0.27328240871429443,0.7630671551054283
967,0.2639833092689514,0.7540267738782075
968,0.27375197410583496,0.7806265918832076
969,0.2854083478450775,0.9398691206050098
970,0.28096672892570496,0.6422125801705477
971,0.29312771558761597,0.6355012535750119
972,0.28566691279411316,0.7601393072826222
973,0.2735902667045593,0.8373909057829911
974,0.249812051653862,0.7004894851741934
975,0.26618945598602295,0.8152985217278463
976,0.2639685273170471,1.0397062026767205
977,0.2961055636405945,0.6548831800470376
978,0.2720208168029785,0.6106061521628148
979,0.318957656621933,0.662561937979887
980,0.2776750326156616,0.7827015348843166
981,0.2720692753791809,0.6911327221937347
982,0.2697155475616455,0.6342752469810926
983,0.2696787118911743,0.6767112959297678
984,0.2857725918292999,0.7449351284736977
985,0.2728782892227173,0.8598353141232541
986,0.33018481731414795,0.7130606413485113
987,0.2825041115283966,0.6816250366674629
988,0.2684881091117859,0.750533866404292
989,0.26721787452697754,0.8207811230704898
990,0.30582401156425476,0.6790865432648432
991,0.2541930377483368,0.7007880228802674
992,0.261477530002594,0.6834607838389269
993,0.26059240102767944,0.7469162256795362
994,0.2774583697319031,0.6672984832211545
995,0.26818689703941345,0.7324818989686799
996,0.2756991386413574,0.8192771271356664
997,0.34218013286590576,0.8030479164948141
998,0.27831679582595825,0.6786480750655172
999,0.2681830823421478,0.7209427586772985
1000,0.28709784150123596,0.9501461967788544
1001,0.29534876346588135,0.6613722140328926
1002,0.26657652854919434,0.6284279887538805
1003,0.2844736874103546,0.6958890640944765
1004,0.3046330213546753,0.6886832841058124
1005,0.2695987820625305,0.7761530145666653
1006,0.26791995763778687,0.7507190825347614
1007,0.26334866881370544,0.743001039165602
1008,0.2631931006908417,0.7666989034578615
1009,0.2611379623413086,0.8842552591087227
1010,0.26207247376441956,0.7783782125116888
1011,0.27057576179504395,0.7731478593702006
1012,0.23767539858818054,0.9305132954640496
1013,0.2678479552268982,0.7026290160073971
1014,0.31634825468063354,0.7910814280796769
1015,0.2634810507297516,1.093356794880745
1016,0.34351229667663574,0.5679454276137483
1017,0.2885047197341919,0.5091655513547119
1018,0.35600027441978455,0.5092452665916959
1019,0.29447853565216064,0.5008830749301385
1020,0.26953303813934326,0.4842912893845025
1021,0.291718065738678,0.4958868613069816
1022,0.28936588764190674,0.5059148392133546
1023,0.27931761741638184,0.5195060854866391
1024,0.2817263603210449,0.5249874398373721
1025,0.2931821346282959,0.5087257197925023
1026,0.28525203466415405,0.5028894985827587
1027,0.2670159637928009,0.514580790261577
1028,0.281624436378479,0.5210701539402917
1029,0.2672058939933777,0.5099490453724873
1030,0.26938432455062866,0.5162317689349478
1031,0.2421278953552246,0.541251554226218
1032,0.27188587188720703,0.5407082817907023
1033,0.26310235261917114,0.5343111206714372
1034,0.27583372592926025,0.5789763111817209
1035,0.2501562237739563,0.580751503619335
1036,0.2862427830696106,0.5578539156375971
1037,0.26467597484588623,0.5442305479133338
1038,0.27567851543426514,0.541891510474652
1039,0.26771244406700134,0.5489683061614072
1040,0.2418707311153412,0.5522863212085906
1041,0.23902326822280884,0.5519097099328101
1042,0.2723475694656372,0.5871606079259313
1043,0.235457181930542,0.5525570000920977
1044,0.24266371130943298,0.5525145058643848
1045,0.21464435756206512,0.5626241352623865
1046,0.23732990026474,0.5591375938334262
1047,0.2576870620250702,0.585423253084484
1048,0.2604779005050659,0.5815731529006385
1049,0.2516448497772217,0.6694692102888772
1050,0.2981444001197815,0.5503203316141191
1051,0.2731497883796692,0.5219748138933253
1052,0.2596072554588318,0.5350257460784195
1053,0.25893154740333557,0.5831168232705062
1054,0.27212825417518616,0.6131524761816612
1055,0.26583796739578247,0.6311562833630651
1056,0.22926001250743866,0.6695832592204101
1057,0.26887866854667664,0.6797088855191281
1058,0.2746464014053345,0.7457359930626432
1059,0.2395542860031128,0.6872631569852805
1060,0.23672956228256226,0.7127477572974107
1061,0.22568254172801971,0.737954212460004
1062,0.23841485381126404,0.717680241231034
1063,0.22158223390579224,0.799960134023413
1064,0.23737260699272156,0.7480133175849915
1065,0.2545967698097229,0.8133544469238224
1066,0.2811985909938812,0.8019409538211679
1067,0.23288127779960632,0.8231362365839774
1068,0.3181065320968628,0.9273955632271922
1069,0.25257784128189087,0.8167360985189452
1070,0.3397066593170166,0.7499386388855172
1071,0.2759310305118561,0.7391446304500551
1072,0.27335602045059204,0.7528241317074998
1073,0.2720113694667816,0.8255007582200798
1074,0.2481737732887268,1.0518922450249655
1075,0.2737540006637573,0.7342523412596911
1076,0.2635572552680969,0.7364508615699328
1077,0.24021868407726288,0.8221519508756193
1078,0.2576208710670471,0.619558915010371
1079,0.24398449063301086,0.634428202209616
1080,0.25078335404396057,0.7432691286082256
1081,0.25653570890426636,0.7239338857189456
1082,0.2861174941062927,0.6984961073201402
1083,0.24690717458724976,0.794616240905341
1084,0.25537168979644775,0.766411548867859
1085,0.2414519041776657,0.84703376747313
1086,0.27012789249420166,0.845838463246673
1087,0.26556310057640076,0.8006181108921692
1088,0.24822509288787842,0.9306264654138034
1089,0.23267993330955505,0.8828168356030208
1090,0.2438410222530365,0.8936808115258851
1091,0.2786570191383362,0.7783538504949489
1092,0.25335219502449036,0.9231708435187662
1093,0.2532675564289093,0.748555112303349
1094,0.23071067035198212,0.84592786797306
1095,0.2312954068183899,0.9795836498564049
1096,0.2779267430305481,0.6903333336787116
1097,0.25536322593688965,0.6331574107172495
1098,0.2617819905281067,0.6601731841426745
1099,0.2509821057319641,0.7641905389334026
1100,0.24464359879493713,0.8903811832418418
1101,0.2539297044277191,0.7259067887052856
1102,0.2705967426300049,0.6755557272368505
1103,0.27973976731300354,0.6841045092221788
1104,0.278473436832428,0.7323200185794878
1105,0.2602710425853729,0.9081072036485026
1106,0.25815990567207336,0.8741357042675927
1107,0.2498922199010849,0.7964474086773425
1108,0.255929172039032,0.8145959559538609
1109,0.2697356939315796,0.7747418378528795
1110,0.25589609146118164,0.8811888173409274
1111,0.26070451736450195,0.859985043381091
1112,0.24802987277507782,0.8756932371242303
1113,0.24254611134529114,0.8303900604558768
1114,0.21231743693351746,0.9556596235822615
1115,0.24398285150527954,0.8062463909163511
1116,0.22653067111968994,0.8832535955840185
1117,0.216167613863945,1.2358277838929255
1118,0.3513098657131195,1.2329515042460353
1119,0.3405117690563202,0.6311299443842474
1120,0.3016732633113861,0.5787858859936994
1121,0.2887479066848755,0.5870698039095503
1122,0.2922329604625702,0.560694520485431
1123,0.2794453501701355,0.5244217780897193
1124,0.28805601596832275,0.5295622990394296
1125,0.3137768805027008,0.542682709401114
1126,0.3248860239982605,0.5557301135589007
1127,0.2575470209121704,0.5485417272214005
1128,0.2759299874305725,0.557730411975306
1129,0.2599509358406067,0.5815494714822984
1130,0.26722055673599243,0.6095750875640333
1131,0.25785475969314575,0.6069418250169969
1132,0.24799709022045135,0.5938364930618975
1133,0.26148349046707153,0.6025788237277726
1134,0.25373712182044983,0.6381835426603045
1135,0.2601204812526703,0.5817625945373287
1136,0.257919043302536,0.584823915683536
1137,0.2609294056892395,0.622788533531036
1138,0.2596500813961029,0.5537435458716294
1139,0.25885671377182007,0.5654666174324533
1140,0.25309908390045166,0.6121013941322652
1141,0.25728878378868103,0.5907839572519288
1142,0.23741856217384338,0.5550503037627179
1143,0.26053372025489807,0.5736456444687712
1144,0.23161904513835907,0.60443486560855
1145,0.23919954895973206,0.5992192009039092
1146,0.274545818567276,0.5810875189035458
1147,0.23346631228923798,0.6094521152644528
1148,0.23791703581809998,0.6466631199184217
1149,0.23888561129570007,0.6369530658674121
1150,0.2389945238828659,0.6062154795292923
1151,0.23657242953777313,0.6452124284622365
1152,0.2241881787776947,0.6850555013295702
1153,0.23407231271266937,0.6293920123188717
1154,0.23356352746486664,0.6849867716468964
1155,0.22959473729133606,0.6800044746625991
1156,0.22366663813591003,0.6978826960525417
1157,0.21576111018657684,0.7447224661222377
1158,0.24523580074310303,0.6542472168616483
1159,0.24531999230384827,0.7017323552516469
1160,0.21953724324703217,0.6900365327235153
1161,0.2295335978269577,0.6876944348328096
1162,0.2204006165266037,0.6947416306139532
1163,0.21934513747692108,0.6945428585348871
1164,0.21461746096611023,0.6893370369621984
1165,0.22032713890075684,0.7818146044747871
1166,0.23411640524864197,0.6180526702326342
1167,0.2582749128341675,0.6111158528423548
1168,0.2634112536907196,0.6433881061118946
1169,0.25145861506462097,0.6566293636957804
1170,0.24369573593139648,0.6404214957005399
1171,0.2561071515083313,0.6522070311364674
1172,0.22077637910842896,0.6714029028302148
1173,0.2516930103302002,0.7039506172476556
1174,0.28503304719924927,0.738356632248202
1175,0.235754132270813,0.7820825508065092
1176,0.24684982001781464,0.7536350461773407
1177,0.23476819694042206,0.816186877719143
1178,0.23405438661575317,0.7706778785937412
1179,0.25584715604782104,0.833488895182024
1180,0.22949790954589844,0.8136695953538842
1181,0.2258385419845581,0.8432428544027764
1182,0.22256261110305786,0.7617232768159163
1183,0.232558473944664,0.8599389899045902
1184,0.22129663825035095,0.8319295472967296
1185,0.24691061675548553,0.9472005350846695
1186,0.23658359050750732,0.7844364002234954
1187,0.20055493712425232,0.8691657405150565
1188,0.2139630764722824,0.990812563507778
1189,0.23014378547668457,0.8178833153911103
1190,0.23974153399467468,0.8176097100539913
1191,0.22393302619457245,0.9151600163084522
1192,0.2662616968154907,0.7583491095624173
1193,0.2234186828136444,0.7210709340590283
1194,0.24656228721141815,0.7757393147114823
1195,0.24144554138183594,0.7605361506753697
1196,0.22884874045848846,0.7141751345237694
1197,0.27604255080223083,0.6514170393907934
1198,0.2183660864830017,0.7373935026034975
1199,0.27609702944755554,0.7087261965101525
1200,0.21291618049144745,0.6733069739544899
1201,0.269702672958374,0.6475844599848104
1202,0.21247057616710663,0.7310240807987395
1203,0.23163525760173798,0.7537889874967417
1204,0.22063414752483368,0.6402673144687089
1205,0.2153863161802292,0.6565074638316506
1206,0.23768965899944305,0.8009278393329534
1207,0.26622089743614197,0.8349088736644066
1208,0.22653739154338837,0.7026279310236001
1209,0.23523059487342834,0.6913627121681557
1210,0.22473572194576263,0.7503557825148255
1211,0.2091662585735321,0.7872230125250375
1212,0.22833208739757538,0.7253932410613039
1213,0.2009172886610031,0.7376670674572613
1214,0.22930876910686493,0.7572899102268362
1215,0.2088748663663864,0.8212102963810876
1216,0.20981591939926147,0.8231147626288852
1217,0.2027234137058258,0.7263015306981883
1218,0.19619441032409668,0.7069280371630102
1219,0.21332615613937378,0.7790089579751915
1220,0.2050117552280426,0.7873990764295248
1221,0.2145652025938034,0.6431084696511576
1222,0.21757464110851288,0.63679822166462
1223,0.2684843838214874,0.746908107945196
1224,0.2181558907032013,0.7507016618448988
1225,0.1916676163673401,0.6865049228632361
1226,0.21631143987178802,0.6816251533372062
1227,0.237626314163208,0.7406908464909795
1228,0.2216133326292038,0.7209716413851669
1229,0.20615097880363464,0.6814642306557275
1230,0.21121983230113983,0.730690296281848
1231,0.21218036115169525,0.8202169604767534
1232,0.20641577243804932,0.7502867395716503
1233,0.20031015574932098,0.6759663999528813
1234,0.18316809833049774,0.7159864497662786
1235,0.20094917714595795,0.7432887056716403
1236,0.18937262892723083,0.762086688575888
1237,0.19828400015830994,0.7280727901255577
1238,0.18696677684783936,0.7200132828009757
1239,0.1793595254421234,0.7776018219782894
1240,0.18856176733970642,0.752721941859501
1241,0.18205010890960693,0.7343725663677493
1242,0.20771633088588715,0.8316348711948347
1243,0.2279740422964096,0.8318905639170405
1244,0.18137280642986298,0.7058701923019007
1245,0.18854686617851257,0.7572989435422988
1246,0.2188427448272705,0.8313832141104198
1247,0.19237792491912842,0.7195626585405871
1248,0.18783482909202576,0.6884641468076778
1249,0.19838182628154755,0.8497167579213479
1250,0.2133430540561676,0.732563733158255
1251,0.16860947012901306,0.6703892150020838
1252,0.19756387174129486,0.7371915808895178
1253,0.15747758746147156,0.8298985276903424
1254,0.18710903823375702,0.6477943957598885
1255,0.18903444707393646,0.6153762108998788
1256,0.21485945582389832,0.6536829703135001
1257,0.2041175216436386,0.7099816976932057
1258,0.17135588824748993,0.6944666002926073
1259,0.1765192747116089,0.6745813872879908
1260,0.15886947512626648,0.7151271835305637
1261,0.16612598299980164,0.7367337123493204
1262,0.16795015335083008,0.7207101190598089
1263,0.20418140292167664,0.7510040886420056
1264,0.1555866301059723,0.8098491427294892
1265,0.14640311896800995,0.855771321551244
1266,0.1534544825553894,0.780107703573423
1267,0.18746034801006317,0.7518522996352729
1268,0.15822643041610718,0.8100353010316241
1269,0.18025915324687958,0.7629781924094772
1270,0.157809317111969,0.6995896217518283
1271,0.1605823040008545,0.7396061481688554
1272,0.14579209685325623,0.7970717431309827
1273,0.15234525501728058,0.7492514887549225
1274,0.1369038224220276,0.7221764886289611
1275,0.19742827117443085,0.7212540340005306
1276,0.19205471873283386,0.7385406649501103
1277,0.23355969786643982,0.7664110910026053
1278,0.16648398339748383,0.8059899022704676
1279,0.28126639127731323,0.7134149211988712
1280,0.19629888236522675,0.7351881583830467
1281,0.22606484591960907,0.8127376564164508
1282,0.2307036817073822,0.8445509975416619
1283,0.22206127643585205,0.7709856079634568
1284,0.16766349971294403,0.7744066930354986
1285,0.17922811210155487,0.8712182900959388
1286,0.1817079484462738,0.9691244375735596
1287,0.18233054876327515,0.9225322374126368
1288,0.17521917819976807,0.8777071458653998
1289,0.16029098629951477,0.8960439513500472
1290,0.1729988306760788,0.9875176126198063
1291,0.15709394216537476,1.0137013107314146
1292,0.17451660335063934,0.9775539651550446
1293,0.15405865013599396,0.9620065324587332
1294,0.19538913667201996,0.9980147410753676
1295,0.16008397936820984,1.0189130527333807
1296,0.1595357209444046,1.053529722051214
1297,0.1487072855234146,1.070231016118425
1298,0.14495019614696503,0.9344187647776496
1299,0.167023703455925,1.0108745346093237
1300,0.13681453466415405,1.0675752658891797
1301,0.14291203022003174,0.8466650752495405
1302,0.21365956962108612,0.8514718819680369
1303,0.1638270616531372,1.0097294406484543
1304,0.21972636878490448,0.7572127009991715
1305,0.1487032175064087,0.6759920692384094
1306,0.1951061189174652,0.7100224919187694
1307,0.15349514782428741,0.7961869383216801
1308,0.22926364839076996,0.7882132791636283
1309,0.1452334225177765,0.7325281057142674
1310,0.18212255835533142,0.7665898502619942
1311,0.15798625349998474,0.86312514887119
1312,0.16210323572158813,0.9074823122873044
1313,0.1674419641494751,0.7623978251203857
1314,0.17048703134059906,0.7538966249702568
1315,0.16651956737041473,0.8421245456339422
1316,0.1460295170545578,0.8924621109078104
1317,0.17766311764717102,0.7361930779048375
1318,0.18904605507850647,0.6933177068717498
1319,0.21019814908504486,0.7330866813062128
1320,0.1591193974018097,0.8049071655237585
1321,0.14616523683071136,0.834106117113491
1322,0.13697460293769836,0.795563496892016
1323,0.1429711878299713,0.7638342949680816
1324,0.15362560749053955,0.8086085364334565
1325,0.12817534804344177,0.8701194493394149
1326,0.1615346372127533,0.823280830281719
1327,0.14406311511993408,0.7902063271754367
1328,0.1853514164686203,0.8188239359915406
1329,0.12008251994848251,0.8578463281903949
1330,0.14861100912094116,0.840954575921061
1331,0.1897074431180954,0.7857614017668224
1332,0.12723766267299652,0.8428692264963212
1333,0.1517205536365509,0.9098223758520638
1334,0.13889896869659424,0.8461464256571051
1335,0.14415034651756287,0.8579314608024177
1336,0.18992000818252563,0.8526656684421358
1337,0.153615802526474,0.8390430358418247
1338,0.14854669570922852,0.8165628618763802
1339,0.14780932664871216,0.8641794406082994
1340,0.1362226903438568,0.8807986082887291
1341,0.13660626113414764,0.853748235338015
1342,0.11678741872310638,0.8459372293381464
1343,0.14207421243190765,0.8408870738849306
1344,0.12140950560569763,0.9293358388699984
1345,0.1464710533618927,0.893112600148471
1346,0.1123279482126236,0.8035765829540434
1347,0.1433507800102234,0.8341838642768095
1348,0.1120317131280899,0.9450774948698536
1349,0.13276216387748718,0.8907033869795931
1350,0.12948007881641388,0.8756040349640045
1351,0.129107266664505,0.9556507096254736
1352,0.1341756284236908,0.9154970450210094
1353,0.14780619740486145,0.9230727886496332
1354,0.12743757665157318,0.9567220467971381
1355,0.11740486323833466,0.951701081187504
1356,0.14136436581611633,0.9863014732088361
1357,0.13751563429832458,0.9582085636325348
1358,0.1184769868850708,0.9912257684502088
1359,0.12832039594650269,0.9807687086569038
1360,0.1253240406513214,0.9792627750482774
1361,0.1233886182308197,0.9898103000526142
1362,0.12866657972335815,0.9302322870507874
1363,0.1227230355143547,0.948487955526003
1364,0.13980180025100708,0.940017533182799
1365,0.11681132018566132,0.8846402961508673
1366,0.11947678029537201,0.8652595805942564
1367,0.10152912139892578,0.9338537125957939
1368,0.12172842025756836,0.9144931716428962
1369,0.1064889058470726,0.8867236308585432
1370,0.12682799994945526,0.9527335528443033
1371,0.11999879777431488,0.9041637751392853
1372,0.1482904851436615,0.8721010980749488
1373,0.11922244727611542,0.934423655943763
1374,0.10390733182430267,0.9298492348881293
1375,0.11220274865627289,0.8648875700800043
1376,0.104496531188488,0.9067700986276593
1377,0.09612898528575897,0.8976004913934789
1378,0.10478375852108002,0.883719421568371
1379,0.09967043250799179,0.9122253275455389
1380,0.09740310907363892,0.8706506048527577
1381,0.0968928188085556,0.9246588570432257
1382,0.08934836089611053,0.9473987858098253
1383,0.09872888773679733,0.8956847573282725
1384,0.09878182411193848,0.9468667032127094
1385,0.10269629955291748,0.9264038808662491
1386,0.09472379088401794,0.9609546084750565
1387,0.09744197130203247,0.9459510778723504
1388,0.09452240914106369,0.9221877551317813
1389,0.1424841284751892,0.9525307584227177
1390,0.10128675401210785,0.9771370693555751
1391,0.12496286630630493,0.9296654691373495
1392,0.14236599206924438,0.9470794601249217
1393,0.11868296563625336,0.9564198437788731
1394,0.1371879279613495,0.9473280120911753
1395,0.1143789291381836,1.0078978738689184
1396,0.11910369247198105,1.046473933640578
1397,0.14810170233249664,0.9030422997056392
1398,0.1590108573436737,0.90793428205906
1399,0.16465751826763153,0.8875379541464019
1400,0.1887340545654297,0.8679073469381882
1401,0.16031193733215332,0.864613716016736
1402,0.1444128453731537,0.8972537702785099
1403,0.15607810020446777,0.9086818225999225
1404,0.13893239200115204,0.886262804045713
1405,0.14053797721862793,0.9030513700686003
1406,0.18692180514335632,0.92848010887777
1407,0.14353744685649872,0.9121411318767041
1408,0.126974418759346,0.9363352418842172
1409,0.16532795131206512,0.9668125634205371
1410,0.13431182503700256,0.93480230214303
1411,0.11740785092115402,0.9086795913844479
1412,0.12380395829677582,0.9690682191896558
1413,0.13822999596595764,0.912848885196791
1414,0.11477573215961456,0.8996123050089767
1415,0.12122680991888046,0.9582118913344572
1416,0.13057583570480347,0.8673264690509117
1417,0.12514710426330566,0.8886672612419702
1418,0.11737233400344849,0.9162829409267071
1419,0.16905829310417175,0.8659212024588334
1420,0.1080942377448082,0.8774073186673617
1421,0.11062656342983246,0.9399886597368053
1422,0.11500100791454315,0.9206577387071193
1423,0.11093863844871521,0.9130942618338984
1424,0.10767649114131927,0.9487845309097367
1425,0.09703336656093597,0.9336518252403814
1426,0.11347551643848419,0.9276520853353324
1427,0.09889636933803558,0.9382224880663076
1428,0.10626566410064697,0.9086786135097494
1429,0.14759328961372375,0.9365581536950324
1430,0.10844163596630096,0.94195720784945
1431,0.10639192909002304,0.9343267174292925
1432,0.10467454046010971,0.9352494774008155
1433,0.107874795794487,0.9737493863380643
1434,0.11902295053005219,0.9939923728617809
1435,0.11559313535690308,0.9447015240078881
1436,0.10089834779500961,0.9289127621136811
1437,0.1261444389820099,0.9081046996558818
1438,0.12386412918567657,0.9803261138442764
1439,0.1138872355222702,0.9680368526836386
1440,0.1237386092543602,0.9620183840730137
1441,0.10594701021909714,0.9851363798729459
1442,0.1086336001753807,0.9787032759578007
1443,0.13684283196926117,1.0874278440810086
1444,0.12032113969326019,0.9242768389240542
1445,0.13376621901988983,0.9291465249575469
1446,0.11812764406204224,0.9706940716669374
1447,0.11184625327587128,0.8590812473966364
1448,0.11997040361166,0.8929915135366875
1449,0.10849922895431519,0.9638933173397131
1450,0.11481885612010956,0.9163725011629569
1451,0.10142891108989716,0.8748228015158708
1452,0.11431674659252167,0.9499504826122657
1453,0.1024646982550621,0.9398639291748965
1454,0.09925385564565659,0.8973041751928497
1455,0.10982337594032288,0.92946573964934
1456,0.09696078300476074,0.9831543189839911
1457,0.13862009346485138,0.9501797125154271
1458,0.10341687500476837,0.9383356792287421
1459,0.08854727447032928,0.9473155784726441
1460,0.09820301830768585,0.935456837627822
1461,0.08574967086315155,0.968562260307465
1462,0.0914662778377533,1.0011337672857414
1463,0.10102108120918274,0.926148836176497
1464,0.08984261006116867,0.95723048995312
1465,0.08682461827993393,0.9757600117446785
1466,0.09171707928180695,0.9312829305056044
1467,0.0920117124915123,0.908103561042843
1468,0.08851027488708496,0.9721662057073492
1469,0.12719623744487762,0.9673735542703691
1470,0.08314869552850723,0.8975434201701841
1471,0.09762632846832275,0.9749808771568432
1472,0.08951791375875473,1.0182175203074788
1473,0.08955904841423035,0.9112679735759744
1474,0.10244312882423401,0.9343103493066659
1475,0.09500950574874878,0.9870120717170543
1476,0.09439052641391754,0.9264178087836817
1477,0.09182783216238022,0.9496845242971167
1478,0.10680252313613892,0.9444767505602729
1479,0.08305278420448303,0.954974105184837
1480,0.1040530651807785,0.9688991750392101
1481,0.08200715482234955,0.976603985430304
1482,0.09553983062505722,0.9493385619089418
1483,0.08852623403072357,0.9395953879918072
1484,0.08795304596424103,0.9236042610087192
1485,0.07165879011154175,0.9190312543309721
1486,0.08393892645835876,0.9817138408359728
1487,0.10771095752716064,0.9923137402474731
1488,0.11043461412191391,0.9821283706746304
1489,0.11364497989416122,1.0208224380823006
1490,0.07785056531429291,0.9402658090854349
1491,0.08884219825267792,0.9748224659372392
1492,0.07822760939598083,0.9605869180277774
1493,0.08711205422878265,0.9627000281685277
1494,0.0728844478726387,0.9837008968630531
1495,0.07711395621299744,0.9770779615655579
1496,0.0737893283367157,0.9711472874596006
1497,0.07590030133724213,0.9870515150533882
1498,0.08395250141620636,1.0146283063673436
1499,0.0769055113196373,0.9928115830385595
1500,0.11433549970388412,1.0633405082506644
1501,0.0888826996088028,1.0266753366417753
1502,0.08314406871795654,0.9453467008165249
1503,0.07711323350667953,0.9617987387162402
1504,0.08133251965045929,0.9860150888748934
1505,0.11309966444969177,0.982409934352215
1506,0.11195220798254013,1.0112411551606983
1507,0.07954078912734985,1.0144507571270591
1508,0.07836990058422089,0.956828911202892
1509,0.07859747111797333,0.9719315537235194
1510,0.07868324220180511,0.9673772467706436
1511,0.0764017403125763,0.9726015792454693
1512,0.07640600204467773,0.9785300224347222
1513,0.0770585685968399,0.9959111177831664
1514,0.08256922662258148,0.9922251283076772
1515,0.072820745408535,1.008515881416493
1516,0.08088401705026627,0.9850220990957772
1517,0.07626856863498688,0.9668757548009542
1518,0.07872334122657776,0.9916423230541679
1519,0.08204152435064316,0.9941815753329667
1520,0.08437186479568481,0.9673045795961729
1521,0.07512730360031128,0.9543414653692031
1522,0.07538395375013351,1.0236975719456685
1523,0.07676348090171814,1.0298299595228113
1524,0.07688845694065094,1.0033140322917087
1525,0.0783071517944336,1.0270160562113713
1526,0.07760096341371536,1.0080127013954603
1527,0.0692603588104248,1.0350838815956784
1528,0.07447032630443573,1.0176867912885241
1529,0.07193554192781448,0.9893705205511031
1530,0.07245422899723053,1.0171267941482085
1531,0.08472331613302231,1.048249874198646
1532,0.06662674248218536,1.0059925383493715
1533,0.07365011423826218,0.9992468425803316
1534,0.07774411141872406,1.024973602223217
1535,0.07239353656768799,0.9973587568541219
1536,0.08899643272161484,1.0563724453287913
1537,0.0778273195028305,0.9983448115805337
1538,0.06998518109321594,0.9377732898358414
1539,0.117581807076931,0.9984602235014874
1540,0.10040436685085297,1.0337641343735813
1541,0.08170156925916672,0.9321263577406269
1542,0.08996810764074326,0.9669573157652279
1543,0.09714110195636749,1.0235603043907566
1544,0.07600225508213043,0.9637383643845866
1545,0.08319820463657379,0.9758397753077342
1546,0.07972797751426697,0.9994610834838753
1547,0.07327169179916382,0.9307955458648223
1548,0.07349713146686554,0.9394569698730507
1549,0.07764413952827454,1.0029071506701017
1550,0.07895247638225555,0.9345223306115708
1551,0.07824116945266724,0.9157480180711675
1552,0.06878851354122162,0.9758474256161759
1553,0.08686342090368271,0.9367655309519374
1554,0.06499894708395004,0.9340232129682574
1555,0.06745073199272156,0.9685466794441816
1556,0.07470017671585083,0.9492129711877733
1557,0.06561191380023956,0.9318910753517821
1558,0.06838981807231903,0.9757759547173828
1559,0.06343518197536469,0.9596025994547029
1560,0.06926170736551285,0.9335394195446693
1561,0.06420235335826874,0.9780738255135099
1562,0.06567755341529846,0.9485288667200801
1563,0.05713832005858421,0.9490159418349876
1564,0.09696955978870392,0.9680481426100385
1565,0.06295380741357803,0.9534429386444857
1566,0.06115202233195305,0.9427394191722822
1567,0.06335338950157166,0.9655287991789051
1568,0.063413605093956,0.9478224928217723
1569,0.059978894889354706,0.950168762589457
1570,0.06366034597158432,0.9606640312008392
1571,0.06452977657318115,0.9509328113761462
1572,0.06500555574893951,0.9536571194952294
1573,0.06339315325021744,0.9761846818422016
1574,0.07545657455921173,0.9470252258735791
1575,0.05896005034446716,0.9869532304300103
1576,0.07012143731117249,0.9801054207005895
1577,0.06705168634653091,0.9575079813935703
1578,0.06814906001091003,1.0001184357736344
1579,0.05659213662147522,0.9994286346555055
1580,0.05800240486860275,0.9614545124814027
1581,0.05834747478365898,0.9902478976357252
1582,0.08936004340648651,1.0194600151296247
1583,0.06099703907966614,0.9969513906273328
1584,0.06413286179304123,0.9985919025607575
1585,0.05543309450149536,1.0031580246779555
1586,0.06026267632842064,0.9707553069991874
1587,0.05474647134542465,0.9845080952297774
1588,0.057649463415145874,0.9969505319619238
1589,0.056800417602062225,0.9810888773217835
1590,0.058420464396476746,1.0096828596932548
1591,0.0547458752989769,1.027327985990615
1592,0.05612163990736008,1.0056169812840627
1593,0.05915367603302002,0.9834563929335516
1594,0.05871902033686638,0.9511922176619222
1595,0.056694380939006805,0.963766008092646
1596,0.05070465803146362,0.9872460768635112
1597,0.05458801984786987,0.9590743272226855
1598,0.05651799961924553,0.9987212586821171
1599,0.054490119218826294,1.01990899137387
1600,0.051924824714660645,0.9926611585425853
1601,0.09583532065153122,1.0027664607031304
1602,0.05600252375006676,0.9811458725080753
1603,0.054731063544750214,1.015780258596989
1604,0.09323283284902573,1.0102999909479815
1605,0.08611319959163666,0.9443403757305671
1606,0.07238388806581497,0.9630456723664936
1607,0.07407450675964355,1.04664098857937
1608,0.08387669920921326,0.9946264572310866
1609,0.06470897048711777,0.9465999510652738
1610,0.09085650742053986,0.9865364084267676
1611,0.059598103165626526,1.0465348292711683
1612,0.07597189396619797,0.9779960819354332
1613,0.05779973790049553,0.9327255015385181
1614,0.08328353613615036,0.9790897456028109
1615,0.05981440469622612,1.0113412643733777
1616,0.07319431006908417,0.9657664923440843
1617,0.07348520308732986,0.959162049424977
1618,0.07501855492591858,1.0063568240120297
1619,0.10737738013267517,0.9841244749556807
1620,0.07790727913379669,0.9494169556108633
1621,0.07545210421085358,0.9610025102930858
1622,0.07169187813997269,0.9947835057600399
1623,0.06925240159034729,0.9955136247147295
1624,0.06899146735668182,0.9532852262482607
1625,0.06941814720630646,0.9898202744940469
1626,0.07185539603233337,1.0236328311432572
1627,0.06727452576160431,0.9880917786356799
1628,0.06834693998098373,0.9695707685069034
1629,0.0681302547454834,0.9895847387481154
1630,0.06470070779323578,1.0212061381280273
1631,0.08236336708068848,1.0126300452645858
1632,0.06671006977558136,0.9656895288548673
1633,0.06571680307388306,0.9771618586136285
1634,0.06255878508090973,1.010411877381174
1635,0.06131575256586075,1.0024848178514563
1636,0.05055202543735504,0.9773226035268683
1637,0.07124058902263641,1.0026118253406726
1638,0.09404705464839935,1.0285873693929877
1639,0.0897480845451355,0.9958885453996205
1640,0.05387149006128311,0.9535340483027294
1641,0.06754038482904434,0.9808969121230277
1642,0.056148990988731384,0.9936990818582979
1643,0.05678921937942505,1.0000671112447752
1644,0.05243348330259323,1.0187096308944816
1645,0.0836772471666336,1.0234112395977317
1646,0.0545518696308136,1.0220770919532107
1647,0.05096764490008354,1.034261613262626
1648,0.05745065212249756,1.0188401065075905
1649,0.05331326648592949,1.0258695191906808
1650,0.0600428581237793,1.0195192017949612
1651,0.05248809605836868,1.0302898573098624
1652,0.06235808879137039,1.060192860756303
1653,0.08825139701366425,1.0460733094609769
1654,0.059871088713407516,0.9926719062011642
1655,0.05345556139945984,1.0022141377728684
1656,0.0505799762904644,1.034228842061265
1657,0.05648293346166611,1.068192682469399
1658,0.05413219332695007,1.0265943143600809
1659,0.07698007673025131,1.0361423163784476
1660,0.053495120257139206,1.0502149126583473
1661,0.053401440382003784,0.988479933643102
1662,0.04878505319356918,0.9826037626816216
1663,0.04730815440416336,0.9731473130988597
1664,0.047023456543684006,1.0062622423458816
1665,0.05300813913345337,1.026579953972857
1666,0.04688916355371475,0.9998972780423654
1667,0.05535116046667099,1.031905694712971
1668,0.043970923870801926,1.0331691679799169
1669,0.05047520995140076,0.9884235434663624
1670,0.05287110432982445,1.0107518634700536
1671,0.047915320843458176,1.025058902893449
1672,0.054441243410110474,0.9972710415235438
1673,0.05251958966255188,0.9928613826445768
1674,0.06152881309390068,0.9927791201679927
1675,0.04890065640211105,0.9881256642496974
1676,0.07020825147628784,0.9899366723564932
1677,0.051759205758571625,0.9843754813187104
1678,0.09335269778966904,0.9635991306233227
1679,0.052080512046813965,0.9763023252774002
1680,0.05281612277030945,0.9905500334307066
1681,0.05027945339679718,0.9937665390789061
1682,0.05046195536851883,0.9927172902831458
1683,0.05028586834669113,0.9888367189799335
1684,0.044845640659332275,0.967776394129397
1685,0.05219949036836624,1.002528407221151
1686,0.04799462854862213,1.022554310043354
1687,0.05375966057181358,0.9922849875046197
1688,0.08256262540817261,0.9715332148367899
1689,0.0503004752099514,0.9705764440665567
1690,0.07883220911026001,0.99077426281788
1691,0.04825028032064438,1.012260501247301
1692,0.04944036528468132,0.982085581112625
1693,0.04631354659795761,0.9451401989561573
1694,0.048316001892089844,0.9835191400427568
1695,0.0497017502784729,0.9817449096450233
1696,0.04270556569099426,0.9894072746573236
1697,0.045227400958538055,1.0140140761707659
1698,0.04726231098175049,0.9973706269921515
1699,0.04478093236684799,0.9564963740513737
1700,0.04997021704912186,0.983300957464634
1701,0.07842490077018738,0.9998931188631177
1702,0.07558363676071167,0.9696026613240254
1703,0.049142077565193176,0.971762119976799
1704,0.04566282778978348,0.9578880203098881
1705,0.04591333121061325,0.9693360758903331
1706,0.04662325978279114,0.9942068539765245
1707,0.04486043378710747,0.974446411718402
1708,0.07613852620124817,0.9535703336385856
1709,0.04498905688524246,0.973443603455871
1710,0.04435407370328903,0.9808493045935953
1711,0.040660466998815536,0.9645496804015081
1712,0.044220682233572006,0.975902961907829
1713,0.042684949934482574,0.969284661132889
1714,0.06933814287185669,0.9653445288053432
1715,0.04522019624710083,0.9831898941432026
1716,0.04563821479678154,0.9820118192443275
1717,0.07155491411685944,0.9721163326038753
1718,0.0398903489112854,0.9941371153470567
1719,0.038962557911872864,1.001065510854984
1720,0.042081527411937714,1.0050401992367624
1721,0.04051870480179787,0.9914549469649044
1722,0.0702185332775116,0.984119505213018
1723,0.042398568242788315,0.9854621140281659
1724,0.04222646355628967,0.9827624604217988
1725,0.04498336836695671,1.00812896600642
1726,0.04125054180622101,1.0030577538306253
1727,0.04159644991159439,0.9722581701469899
1728,0.04492221772670746,0.9817820294459063
1729,0.04812053591012955,0.9918849516034425
1730,0.04454076290130615,0.9956642475940829
1731,0.04575180262327194,0.9966505296845782
1732,0.04349617287516594,0.955267337928141
1733,0.05100666731595993,0.9915033480278531
1734,0.04311557859182358,1.0079383569253717
1735,0.04554790258407593,0.9788753771244135
1736,0.04307211562991142,0.9849530566007572
1737,0.03884752094745636,0.9820652910342491
1738,0.04522673413157463,0.965826642244382
1739,0.04333442449569702,0.9802590462199429
1740,0.04381246492266655,0.9875678756183252
1741,0.04545208811759949,0.965629876406868
1742,0.04701567813754082,0.9879083119538195
1743,0.04667114466428757,1.0246950187778712
1744,0.04211984574794769,0.9989281199629743
1745,0.04125777631998062,0.9530227623487774
1746,0.04226967319846153,0.9839210486352294
1747,0.04175633192062378,1.0084164531009836
1748,0.04506377503275871,0.9744112784402412
1749,0.040531910955905914,0.9595727475364704
1750,0.04170851409435272,0.9820753294124938
1751,0.07246944308280945,1.0125811479444193
1752,0.042856767773628235,1.0090986379704678
1753,0.07007397711277008,0.9973189738161283
1754,0.04477308318018913,0.986924998443527
1755,0.043649822473526,0.9976549052953122
1756,0.03879307955503464,0.9842638159754282
1757,0.03821966424584389,0.9818286393818102
1758,0.045052748173475266,0.9818556039853203
1759,0.06924691796302795,1.0015437946582497
1760,0.046501871198415756,0.9752766016431919
1761,0.03614778816699982,0.9806238167865533
1762,0.04138058051466942,1.0023465488190042
1763,0.038414761424064636,1.0044133220997669
1764,0.03812674432992935,0.9787802376543968
1765,0.043182797729969025,0.9882449915534571
1766,0.0488334596157074,0.9703293175326851
1767,0.04963143169879913,0.9971823949264106
1768,0.04745274409651756,0.9967395993402428
1769,0.046700604259967804,0.9484756181114599
1770,0.07501272857189178,0.9531975664889305
1771,0.043385542929172516,0.9939996529940077
1772,0.03991899639368057,0.9884976253174899
1773,0.04155319556593895,0.9485877468472436
1774,0.039955105632543564,0.9577317960877765
1775,0.03731523081660271,0.986188843136742
1776,0.04502446949481964,1.0031015621988397
1777,0.03900300711393356,0.9931590431614926
1778,0.04862801730632782,0.9843896454139461
1779,0.04700571298599243,0.9853293319095048
1780,0.053401850163936615,0.9855325562613351
1781,0.04605066031217575,0.987351692111271
1782,0.0475088432431221,1.010688246939714
1783,0.03878737613558769,0.9986943161875981
1784,0.04611346125602722,0.9414083829200955
1785,0.04857008159160614,0.9543542951569521
1786,0.04301578924059868,1.0039994074288465
1787,0.04542379826307297,0.9947251114331391
1788,0.041059043258428574,0.9718207548136699
1789,0.04043910652399063,0.9802822059856022
1790,0.04025699198246002,0.967090698411889
1791,0.041418131440877914,0.9600600544970137
1792,0.036058209836483,0.9851493178154891
1793,0.038994889706373215,1.000491738319397
1794,0.04321209713816643,0.9885908099344201
1795,0.03724149614572525,0.9780478611924595
1796,0.04465289041399956,0.9910495750288617
1797,0.03767181560397148,1.0013304431934404
1798,0.039459869265556335,0.9753458048765522
1799,0.040585003793239594,0.9611221288977411
1800,0.0451575331389904,0.9715308904050287
1801,0.0374528244137764,0.9867051842816192
1802,0.041251059621572495,0.9650378923368335
1803,0.03679059445858002,0.9695077904483729
1804,0.039663173258304596,1.003667481859824
1805,0.03864273056387901,0.9859007585018799
1806,0.03940775245428085,0.9758272165045104
1807,0.03914492949843407,0.9856447659638292
1808,0.03846834599971771,0.9997267140481705
1809,0.03950189799070358,0.982971121195265
1810,0.03494200110435486,0.9780277052618805
1811,0.04099683091044426,0.9859104786899155
1812,0.03707917779684067,0.9753218736863674
1813,0.040952425450086594,0.9741255854604238
1814,0.043131958693265915,0.9787850496464205
1815,0.04103372246026993,1.0119305998460393
1816,0.0421861931681633,1.0045302021772342
1817,0.036072082817554474,0.9612595515143603
1818,0.042271994054317474,0.9709206694050839
1819,0.04006637632846832,1.0162494642692699
1820,0.03909341245889664,1.017266745555371
1821,0.03786235675215721,0.9751703556916469
1822,0.03991987183690071,0.9758821866267307
1823,0.033567823469638824,0.9979453074902221
1824,0.07579376548528671,1.0028837073715706
1825,0.03957842290401459,0.9868058172383702
1826,0.046893160790205,0.9689097754041055
1827,0.03707103431224823,0.9626873976604682
1828,0.0361129455268383,0.9617690756207421
1829,0.03747120499610901,0.9838373523606991
1830,0.03687801584601402,1.0119088472877829
1831,0.035037558525800705,0.9997451048447076
1832,0.03515294939279556,0.9736978443045365
1833,0.06320613622665405,0.9772985997355372
1834,0.04071681573987007,0.9953566816516388
1835,0.0367746502161026,0.9822080054677519
1836,0.036864545196294785,0.9749505651325809
1837,0.03705392777919769,0.9763521541628921
1838,0.03820562735199928,0.9729549995341098
1839,0.03509737551212311,0.9733069683973652
1840,0.03448907285928726,0.9955689748725796
1841,0.033628545701503754,0.9819649873222026
1842,0.06082642078399658,0.9624316035057967
1843,0.030825667083263397,0.9685920847388437
1844,0.03377298265695572,0.9865280288203916
1845,0.06361839920282364,0.9853092844324901
1846,0.03718298673629761,0.979693137015914
1847,0.033104222267866135,0.9752304344846491
1848,0.034092098474502563,0.9757258787489774
1849,0.039762839674949646,0.9727528438831033
1850,0.051115021109580994,0.966873602460799
1851,0.04653630778193474,0.9643897451553727
1852,0.04454921931028366,0.9916124012237205
1853,0.040208399295806885,0.9903894286406668
1854,0.044170450419187546,0.9702285746285192
1855,0.041826989501714706,0.9576396371487687
1856,0.043332334607839584,0.9789919148112897
1857,0.0404960960149765,0.9855050410244399
1858,0.0391770601272583,0.975627208712107
1859,0.044187769293785095,0.9764110898613033
1860,0.0655323788523674,0.9631737174844384
1861,0.04054173454642296,0.9566164987726617
1862,0.03588072210550308,0.9714516735913461
1863,0.03705251216888428,0.995361244170588
1864,0.03830733895301819,0.995828708610439
1865,0.039784058928489685,0.9702291112197073
1866,0.03653866797685623,0.9761230115006143
1867,0.041532061994075775,0.9953753129581461
1868,0.03705256059765816,1.0168465402789582
1869,0.04091525450348854,1.0031354902382184
1870,0.03718537837266922,0.9744140671608144
1871,0.036376334726810455,0.9657778838523349
1872,0.04327385872602463,0.9781280035960644
1873,0.03570137545466423,1.0003276797464318
1874,0.0333513543009758,0.987293971809827
1875,0.04588901251554489,0.9774249203521805
1876,0.03319782763719559,0.9718215465545654
1877,0.03530440106987953,0.9734962554205031
1878,0.035627007484436035,0.980242469555752
1879,0.03166830539703369,0.9921745647463882
1880,0.0387306809425354,0.9904517864523675
1881,0.03061170130968094,0.9807480421281398
1882,0.03370043635368347,0.9790367590156115
1883,0.035889267921447754,0.9875890629034592
1884,0.06030627340078354,0.9826816314443908
1885,0.03365320339798927,0.9729905755896318
1886,0.02996557578444481,0.969480576073018
1887,0.03311942517757416,0.9759768830206161
1888,0.030812380835413933,0.9766869565896821
1889,0.029464004561305046,0.9894491380318663
1890,0.032439954578876495,0.9919828275092563
1891,0.03014523908495903,0.9858688877937489
1892,0.03360318765044212,0.9844522087795095
1893,0.03134789317846298,0.9977937933795136
1894,0.030821001157164574,0.9954235257959008
1895,0.0600176565349102,0.9906221317468131
1896,0.05710119754076004,0.9850373713294964
1897,0.03290899842977524,0.9984782220128187
1898,0.058521658182144165,0.9996061136848048
1899,0.05904984474182129,0.9919415040123731
1900,0.03161730617284775,0.9976707323451987
1901,0.054681506007909775,1.004047667472285
1902,0.029993969947099686,1.0052600286359477
1903,0.03199787437915802,1.0025476035020107
1904,0.027873700484633446,1.003593405386559
1905,0.03075101599097252,0.9940923610725498
1906,0.0316736176609993,0.9990370644065073
1907,0.03277913108468056,0.9924340098722836
1908,0.0324726440012455,0.9796024393617061
1909,0.03615603595972061,0.9857983275463706
1910,0.029972178861498833,0.9998316740929931
1911,0.029086947441101074,1.0037404866445632
1912,0.032836105674505234,0.9944632982550409
1913,0.05722697824239731,0.9970467487970988
1914,0.031045323237776756,1.0069343213150674
1915,0.03136392682790756,1.008371651322023
1916,0.028224367648363113,1.0004973701367104
1917,0.03142654150724411,1.003148763400869
1918,0.029205119237303734,1.0083559043425367
1919,0.028955798596143723,0.9910256094801098
1920,0.03507378324866295,0.987788702909809
1921,0.031193558126688004,1.0078330078818147
1922,0.03471021354198456,1.0118732727261115
1923,0.030739564448595047,0.9988105784083966
1924,0.058146219700574875,0.9942652698148761
1925,0.032606031745672226,1.0036285084889347
1926,0.03164633736014366,0.9997852897285519
1927,0.054980747401714325,1.0027200464616741
1928,0.03252258896827698,1.0055736192784512
1929,0.029093293473124504,1.000152099401431
1930,0.03152991831302643,0.9944594829602349
1931,0.03135772794485092,1.0014775498469073
1932,0.03268048167228699,1.0068554579464715
1933,0.03207002580165863,1.005567677337723
1934,0.03169725090265274,1.0002204556214183
1935,0.030514314770698547,0.99910078729902
1936,0.03332281857728958,1.0002543788804745
1937,0.029807155951857567,0.9957702369020697
1938,0.0332048237323761,1.0045202298271925
1939,0.027858372777700424,1.0134589134302354
1940,0.03023923560976982,0.9940921095080841
1941,0.032338425517082214,0.9824479788467101
1942,0.026859622448682785,0.9920175036690887
1943,0.02909163199365139,1.0098839254307568
1944,0.029161017388105392,0.9993727036884853
1945,0.03152678161859512,0.9993703153199122
1946,0.029484860599040985,1.0018592496264846
1947,0.03090006858110428,1.0158872009817521
1948,0.05650973320007324,1.0237005390320206
1949,0.032766010612249374,1.0245066477840108
1950,0.03081192634999752,1.0138739780674602
1951,0.03467555344104767,1.0176133234100533
1952,0.0302220918238163,1.0142216990167336
1953,0.030682865530252457,0.9993885083306104
1954,0.056629620492458344,0.9833529966516901
1955,0.031076136976480484,0.994486643855733
1956,0.03074374608695507,0.9963522671458117
1957,0.03004169464111328,1.0003728824749327
1958,0.029501264914870262,1.0020656373566554
1959,0.029465418308973312,1.0108415659208942
1960,0.028170457109808922,1.0127764402475572
1961,0.02805304527282715,1.009659955376073
1962,0.05673510953783989,1.0129537044611192
1963,0.028820108622312546,1.009778288372776
1964,0.028221068903803825,1.0086470695964076
1965,0.027700956910848618,0.9998140457578769
1966,0.027867866680026054,1.0032942764143598
1967,0.031041612848639488,1.0063427674740477
1968,0.027576960623264313,1.0012049053545882
1969,0.029714565724134445,1.0059134972125368
1970,0.0291591864079237,1.0087827214023524
1971,0.029130209237337112,1.0018153552124673
1972,0.02795625478029251,0.9968616412695787
1973,0.028600871562957764,0.996087528410412
1974,0.028484851121902466,0.9975574632037553
1975,0.033317580819129944,1.0084768094514545
1976,0.02961234375834465,1.0130312161935602
1977,0.027696754783391953,1.0165901052623165
1978,0.02942737005650997,1.0182655813699977
1979,0.05557389184832573,1.0142897125473596
1980,0.027192603796720505,1.0084765689414845
1981,0.028729422017931938,1.0100176110303491
1982,0.030696820467710495,1.002869623047965
1983,0.03041117638349533,0.982559084892273
1984,0.030241115018725395,0.9886596525522103
1985,0.02872728370130062,1.01003278646254
1986,0.028496067970991135,1.0159178807920681
1987,0.027634022757411003,1.0084273698634671
1988,0.028209149837493896,1.0100748069901813
1989,0.02735203504562378,1.0147114836781246
1990,0.025131721049547195,1.0030777361757475
1991,0.03025195002555847,0.9900735921429512
1992,0.026060154661536217,1.001119655774052
1993,0.025577809661626816,1.0115998376879776
1994,0.025629695504903793,1.0111604931958038
1995,0.05591943487524986,1.0189285239480192
1996,0.028629012405872345,1.0242868694745209
1997,0.025474777445197105,1.026151020126534
1998,0.028109466657042503,1.0214586783770032
1999,0.02886456623673439,1.0035941648602784
2000,0.026593517512083054,0.9953603493539911
2001,0.025755852460861206,1.002108803667819
2002,0.026475708931684494,1.005396558527361
2003,0.02478315308690071,1.0172790276974364
2004,0.029025038704276085,1.0261727903122293
2005,0.023781970143318176,1.0154743771206467
2006,0.028211742639541626,1.0003601417206882
2007,0.02536272630095482,0.9931741663089073
2008,0.027523037046194077,1.0035673902745832
2009,0.05439448356628418,1.0073980810050678
2010,0.02786744199693203,1.0067882815698035
2011,0.02603635936975479,1.00398710287902
2012,0.025513967499136925,1.0073674095603158
2013,0.05163709819316864,1.0161189698336417
2014,0.026106243953108788,1.0204982763543762
2015,0.026172829791903496,1.0145155128679777
2016,0.02676445245742798,1.0137787600208943
2017,0.02753657102584839,1.0083887711503452
2018,0.02883354388177395,1.005644172654116
2019,0.02726585976779461,1.008078422462731
2020,0.027021143585443497,1.0206883327106486
2021,0.026814918965101242,1.0234402489841432
2022,0.02582583948969841,1.0157307807664226
2023,0.02566252462565899,1.0076233456308084
2024,0.026632903143763542,0.9968455752035729
2025,0.029059570282697678,0.9901799142808843
2026,0.024280250072479248,0.9993941900425387
2027,0.02887411043047905,1.012609803288204
2028,0.02867129072546959,1.0176235252155696
2029,0.02762080729007721,1.0093313210590142
2030,0.026912828907370567,1.0004095860889979
2031,0.024949437007308006,1.0001042973726315
2032,0.026774218305945396,1.0163108779672991
2033,0.027346614748239517,1.0185348327297317
2034,0.02581694722175598,1.0096686071620549
2035,0.024658333510160446,1.0024899737279218
2036,0.024949729442596436,1.0093448323414738
2037,0.023933816701173782,1.01536682673863
2038,0.026103433221578598,1.0148277282714844
2039,0.026828501373529434,1.0153379783893288
2040,0.02588178962469101,1.007495861603204
2041,0.02718695066869259,1.001872073737601
2042,0.024729352444410324,1.0065344114948933
2043,0.026000872254371643,1.016713471639724
2044,0.02621820941567421,1.026328824815296
2045,0.02591921202838421,1.023061053794727
2046,0.025961365550756454,1.0132557640697126
2047,0.02222444675862789,1.014045764927876
2048,0.024265650659799576,1.007141035601011
2049,0.024301979690790176,1.008350193649904
2050,0.025489818304777145,1.001276975885071
2051,0.02327314019203186,0.9995355080243639
2052,0.0258856862783432,1.0061943871634347
2053,0.027446769177913666,1.008982649721896
2054,0.055154066532850266,1.009271690421236
2055,0.031049568206071854,1.0058731596571462
2056,0.0267233457416296,1.0084959558376991
2057,0.02638770267367363,1.0125137693003605
2058,0.029924217611551285,1.0111332865884728
2059,0.05428152531385422,1.0152110201971871
2060,0.027552898973226547,1.0190308954482687
2061,0.025720929726958275,1.0176429130080948
2062,0.03046368807554245,1.0185557529143523
2063,0.026490632444620132,1.0202998675798114
2064,0.02927563153207302,1.0195574467642265
2065,0.02676849626004696,1.0222883633802409
2066,0.028229203075170517,1.018440260026688
2067,0.027096666395664215,1.0230330279596467
2068,0.02457447722554207,1.0290697654685879
2069,0.02530791610479355,1.0193339744606114
2070,0.026401489973068237,1.0076306666945456
2071,0.023935671895742416,1.0029629468917847
2072,0.02331683598458767,1.004764413773864
2073,0.024344082921743393,1.020173066241998
2074,0.05341695249080658,1.022983665753128
2075,0.02592555247247219,1.014950848761059
2076,0.023572731763124466,1.0064388815322913
2077,0.024942567571997643,1.0099294323072696
2078,0.02684660255908966,1.0140650840032668
2079,0.02586968056857586,1.0177811975765945
2080,0.023435484617948532,1.0123100976896167
2081,0.025366267189383507,1.0144680137921096
2082,0.05212770029902458,1.0204981786565375
2083,0.027780838310718536,1.0301536823573865
2084,0.024877330288290977,1.0221158167473356
2085,0.02816922217607498,1.0199000444029807
2086,0.025017868727445602,1.0144374239116085
2087,0.02523970603942871,1.0187809231287257
2088,0.022815978154540062,1.0183162728049104
2089,0.024753626435995102,1.0163795550664265
2090,0.023755010217428207,1.007023497332905
2091,0.026610052213072777,1.0076868519149627
2092,0.02686968445777893,1.0176783788174315
2093,0.025393536314368248,1.0209229347998636
2094,0.02717186138033867,1.0213592171967776
2095,0.024450648576021194,1.0207718323944206
2096,0.03129196912050247,1.0182637678351916
2097,0.022997237741947174,1.0158616023553644
2098,0.025235196575522423,1.0150074833317806
2099,0.02559833601117134,1.0240409180036463
2100,0.024236828088760376,1.0255944244843676
2101,0.02721714973449707,1.0200451131452595
2102,0.02480970323085785,1.0112389992353015
2103,0.02565678581595421,1.0079162174597718
2104,0.027136914432048798,1.0134674806642652
2105,0.02681279182434082,1.0299224034885417
2106,0.025721406564116478,1.0278141985561018
2107,0.02469795010983944,1.0201780571973413
2108,0.0242315586656332,1.0140127457472914
2109,0.026057235896587372,1.0159290840751247
2110,0.025440527126193047,1.0136391268039406
2111,0.026203375309705734,1.0117442825981848
2112,0.024160631000995636,1.0104095663940698
2113,0.053314387798309326,1.0102575820191462
2114,0.02389436960220337,1.0161164774930567
2115,0.025608226656913757,1.0169099160005575
2116,0.02519083581864834,1.0182472300111203
2117,0.02499101124703884,1.021592829161718
2118,0.026547348126769066,1.0203293281091486
2119,0.024521470069885254,1.0221397335965532
2120,0.024151168763637543,1.0151425614990388
2121,0.02838916890323162,1.013077647763685
2122,0.05019848793745041,1.0100636527054292
2123,0.025274887681007385,1.0163936534322293
2124,0.025367069989442825,1.0191827779425715
2125,0.026966582983732224,1.0258693360445792
2126,0.023332402110099792,1.0229645220558148
2127,0.026620592921972275,1.012725922099331
2128,0.05031704902648926,1.0063532605804597
2129,0.024205317720770836,1.0215147216815996
2130,0.022832032293081284,1.0257102944199603
2131,0.022505179047584534,1.0309671094841826
2132,0.02499184012413025,1.0255518255377174
2133,0.023949068039655685,1.0232123247065341
2134,0.025042444467544556,1.018730332379353
2135,0.02279025688767433,1.0215249294625188
2136,0.0233943909406662,1.0211119391864403
2137,0.021356862038373947,1.0185096595520364
2138,0.02260538935661316,1.0176144396153308
2139,0.04653453826904297,1.0175854959583521
2140,0.02380470186471939,1.024076325552804
2141,0.024426456540822983,1.0259013379128057
2142,0.026486454531550407,1.0229353868871702
2143,0.024478528648614883,1.0187064716989236
2144,0.022925762459635735,1.021770387663877
2145,0.04834996163845062,1.024117380754093
2146,0.024790529161691666,1.0305713038695485
2147,0.022161714732646942,1.0271007097454596
2148,0.04752260446548462,1.0262677427521325
2149,0.02261265739798546,1.0268734666637909
2150,0.022778701037168503,1.0217791359526174
2151,0.04895346984267235,1.0241772516030716
2152,0.025070518255233765,1.0234221390315466
2153,0.02239234559237957,1.0302182131243827
2154,0.022489212453365326,1.0298201927266324
2155,0.022456567734479904,1.0280883192717283
2156,0.023800432682037354,1.0241679840518119
2157,0.02284349501132965,1.0226680781309467
2158,0.025307854637503624,1.0234374913356656
2159,0.021543007344007492,1.0222128767118717
2160,0.023571424186229706,1.022252695303513
2161,0.02401726506650448,1.0211817569899977
2162,0.02442755177617073,1.0182563472809947
2163,0.024492494761943817,1.0158100698824812
2164,0.021255411207675934,1.0215359158384472
2165,0.024289608001708984,1.0263686971855641
2166,0.025003988295793533,1.029289776520024
2167,0.02265879511833191,1.0323154077792824
2168,0.023116333410143852,1.0226361189868516
2169,0.023371189832687378,1.018073446469797
2170,0.022568803280591965,1.020597369449778
2171,0.020830785855650902,1.0247112724715306
2172,0.022277427837252617,1.023539330128739
2173,0.022247590124607086,1.0245297382349956
2174,0.02388504520058632,1.021792717744832
2175,0.021625712513923645,1.0221492559987502
2176,0.022294795140624046,1.0205251641739579
2177,0.022148914635181427,1.0269424287896407
2178,0.024135340005159378,1.0258423747275407
2179,0.02006405219435692,1.0264166291793786
2180,0.02430349588394165,1.0293666874256946
2181,0.022268882021307945,1.0269870142590134
2182,0.02428182028234005,1.0286008029952085
2183,0.02349340170621872,1.0269061634713845
2184,0.02120905928313732,1.0194523062622338
2185,0.022443201392889023,1.0226564024922842
2186,0.02305571734905243,1.0260618518767202
2187,0.02130850963294506,1.0303017146007758
2188,0.023096945136785507,1.0326603633120544
2189,0.05123501271009445,1.0324065147485948
2190,0.024143900722265244,1.0283963868492527
2191,0.02288743481040001,1.0270486645830006
2192,0.02194223925471306,1.0301805746585206
2193,0.021064959466457367,1.0293653417649424
2194,0.020963139832019806,1.0328625924605177
2195,0.04651448130607605,1.02844444432653
2196,0.02098357491195202,1.0268781860370684
2197,0.04854763671755791,1.0264392048493962
2198,0.021430468186736107,1.0278302368364836
2199,0.022240420803427696,1.029996853424493
2200,0.02314763329923153,1.0272064833413987
2201,0.020676635205745697,1.029574771871543
2202,0.020099520683288574,1.0329553354951673
2203,0.04693680256605148,1.0337110372414267
2204,0.021810568869113922,1.0308479363458198
2205,0.024300456047058105,1.0270137873508578
2206,0.02215794287621975,1.0352407873125005
2207,0.023384030908346176,1.0274101421050261
2208,0.023845117539167404,1.026548514987592
2209,0.022577013820409775,1.0267743371184308
2210,0.02190456911921501,1.0243861006017316
2211,0.02155466005206108,1.0284292999664344
2212,0.021438922733068466,1.021914349462753
2213,0.02128816768527031,1.0299833143564094
2214,0.020265165716409683,1.0310831996133751
2215,0.0207595806568861,1.0300218649675374
2216,0.02155374549329281,1.0230102314984888
2217,0.0230269655585289,1.0248883568254628
2218,0.020804326981306076,1.0218975313922816
2219,0.022246237844228745,1.029747708399493
2220,0.021388571709394455,1.0316289152417863
2221,0.022850602865219116,1.0333028538782794
2222,0.04479089006781578,1.0272437130896968
2223,0.050251346081495285,1.0263676323687523
2224,0.02301572822034359,1.0290062230332453
2225,0.022796645760536194,1.0297979388320655
2226,0.020494846627116203,1.0298524906760769
2227,0.02384861931204796,1.0316760321906335
2228,0.02294674888253212,1.02950700482629
2229,0.019841765984892845,1.028025029894702
2230,0.020705964416265488,1.0264849235539448
2231,0.0490059033036232,1.025250412168957
2232,0.023583248257637024,1.028346031829528
2233,0.022805877029895782,1.027580119613418
2234,0.021179601550102234,1.0267202677882106
2235,0.02072250470519066,1.0279187504809004
2236,0.024434199556708336,1.0361037517251228
2237,0.04662167280912399,1.0309580247802543
2238,0.021733706817030907,1.0324304946383138
2239,0.02309383451938629,1.0331933435640837
2240,0.021796200424432755,1.026960409673533
2241,0.022090930491685867,1.0250289637343328
2242,0.021016700193285942,1.0291501928989153
2243,0.021182458847761154,1.0324832362339909
2244,0.021313544362783432,1.0292452675358097
2245,0.023761218413710594,1.028910457938536
2246,0.02068733051419258,1.0326367341784906
2247,0.047305524349212646,1.0346515755306809
2248,0.023204047232866287,1.0337563517099635
2249,0.022737156599760056,1.0328591846881952
2250,0.023029159754514694,1.0275613508726422
2251,0.02216351591050625,1.0281506917231662
2252,0.02140197530388832,1.0265249276818489
2253,0.043715886771678925,1.0335323912159244
2254,0.046033572405576706,1.0298249189716233
2255,0.02238655835390091,1.0410639794548053
2256,0.02174605429172516,1.0357007293175335
2257,0.02140912413597107,1.032949527702236
2258,0.019824128597974777,1.0300990761372082
2259,0.022508129477500916,1.0267886511962814
2260,0.02104528620839119,1.0352326482160945
2261,0.020322393625974655,1.0298982610678613
2262,0.022282492369413376,1.0363467665842003
2263,0.021177686750888824,1.0371903545575631
2264,0.020888090133666992,1.0340280640394168
2265,0.046362947672605515,1.0349892578029394
2266,0.021160250529646873,1.0408086283762652
2267,0.019891759380698204,1.0355054459775002
2268,0.020660730078816414,1.033260870995677
2269,0.021261822432279587,1.0321481054588069
2270,0.022278543561697006,1.0320515477268917
2271,0.020473426207900047,1.0336498918389916
2272,0.02178531512618065,1.0279039679314559
2273,0.022507868707180023,1.0302682923792597
2274,0.020800651982426643,1.0285821421104564
2275,0.023411056026816368,1.0285681375584805
2276,0.043068915605545044,1.02830908232763
2277,0.022629162296652794,1.0251935490390711
2278,0.022819196805357933,1.02912441889445
2279,0.02221301570534706,1.0314422648652155
2280,0.02083216793835163,1.0353370498595083
2281,0.0204872228205204,1.0320161990354533
2282,0.022004928439855576,1.0312207662372064
2283,0.021023351699113846,1.030116847881996
2284,0.022654935717582703,1.028818252690155
2285,0.022394662722945213,1.0340073240131962
2286,0.022566508501768112,1.0293917635030914
2287,0.022359397262334824,1.0308023036870742
2288,0.02066856063902378,1.030125725836981
2289,0.022349823266267776,1.0378196819085526
2290,0.021122969686985016,1.035369965068081
2291,0.021274056285619736,1.0354101045388626
2292,0.01974794827401638,1.032707246921415
2293,0.023786520585417747,1.0354925355218108
2294,0.021713417023420334,1.035807860525031
2295,0.0195547454059124,1.0303081522011817
2296,0.021305516362190247,1.0278619859451639
2297,0.021119140088558197,1.032542191651232
2298,0.020209647715091705,1.0309062966129237
2299,0.01954900473356247,1.0308591010875272
2300,0.01991281472146511,1.0290992546798592
2301,0.020228251814842224,1.0314302913527142
2302,0.025880251079797745,1.033344947007067
2303,0.020204097032546997,1.0350728961160607
2304,0.020922482013702393,1.0358101207212098
2305,0.021689817309379578,1.0386645674406736
2306,0.02085145190358162,1.0374627331444495
2307,0.04703357070684433,1.0381096371433192
2308,0.044143714010715485,1.035308971739652
2309,0.022518064826726913,1.0374667166468494
2310,0.02400507591664791,1.0330676754614465
2311,0.019931215792894363,1.0369206562376858
2312,0.021853744983673096,1.0352572606022197
2313,0.02354608103632927,1.0350907772107232
2314,0.021324416622519493,1.0317376711613553
2315,0.022285189479589462,1.032718471118382
2316,0.043474145233631134,1.0293303085747816
2317,0.020286956802010536,1.0339057983312392
2318,0.020718466490507126,1.0277977088340242
2319,0.021068856120109558,1.035699395010047
2320,0.022303728386759758,1.032833346746918
2321,0.0209724809974432,1.0376812231570558
2322,0.022563783451914787,1.0366089672671823
2323,0.021922841668128967,1.0314573736716632
2324,0.023892279714345932,1.034264908697372
2325,0.022075872868299484,1.0350731662042756
2326,0.022054340690374374,1.0346204191819768
2327,0.020449716597795486,1.0340428268700315
2328,0.022148292511701584,1.0359303066903787
2329,0.02228664979338646,1.033483626549704
2330,0.022512685507535934,1.038527868744126
2331,0.04356630891561508,1.0382802095030783
2332,0.04458114504814148,1.0358645154121227
2333,0.022682812064886093,1.0398585727639067
2334,0.023388095200061798,1.0346483013086152
2335,0.02273334190249443,1.0368337726832033
2336,0.019721604883670807,1.0328331319311805
2337,0.0226457342505455,1.0389270256635241
2338,0.019655106589198112,1.0380631016011823
2339,0.022175809368491173,1.0340086762468916
2340,0.019551094621419907,1.0395180306637795
2341,0.022153034806251526,1.038715978911646
2342,0.021182436496019363,1.0392028176993655
2343,0.02071538008749485,1.0322038912235345
2344,0.02147451788187027,1.0352423651176585
2345,0.023697666823863983,1.0344512298292385
2346,0.021144352853298187,1.0392406572375381
2347,0.01891757920384407,1.0405033608725793
2348,0.021111436188220978,1.0363570144003196
2349,0.019639581441879272,1.0378832255389756
2350,0.021779518574476242,1.0368827073496385
2351,0.023509692400693893,1.0388257312296625
2352,0.021960750222206116,1.032754275434298
2353,0.022448968142271042,1.0361564386458624
2354,0.02034509927034378,1.038797922899251
2355,0.02259666845202446,1.0362231940553899
2356,0.021097561344504356,1.0372804343551023
2357,0.020452585071325302,1.031965328338451
2358,0.020762309432029724,1.0366735258198023
2359,0.02229924127459526,1.0348444755812336
2360,0.020618196576833725,1.035913384050355
2361,0.019893361255526543,1.0403233100298352
2362,0.04875948652625084,1.0434106137220722
2363,0.021633267402648926,1.03835646191934
2364,0.04390664026141167,1.0385576755480659
2365,0.02035374566912651,1.037280285567568
2366,0.020652450621128082,1.036870232799597
2367,0.01905570924282074,1.0370893902647167
2368,0.020346160978078842,1.0421626564852875
2369,0.021433815360069275,1.0366052962783585
2370,0.02003200724720955,1.0353875336491674
2371,0.021219272166490555,1.0401628098093478
2372,0.021009277552366257,1.0386697206282078
2373,0.02156873419880867,1.0325893310078404
2374,0.022015443071722984,1.036406247836904
2375,0.019356923177838326,1.0358456432968752
2376,0.045793116092681885,1.0316382177491534
2377,0.022616993635892868,1.0359026390807073
2378,0.019709933549165726,1.0364379536239128
2379,0.022130947560071945,1.033042221738581
2380,0.022282365709543228,1.0393215214698237
2381,0.02058832161128521,1.041081896999426
2382,0.020343337208032608,1.0406851251621294
2383,0.020963318645954132,1.0405374861002565
2384,0.02087162807583809,1.0458953273027463
2385,0.020734507590532303,1.0437095069646238
2386,0.0458102822303772,1.0409379761320607
2387,0.022383462637662888,1.0372775903620517
2388,0.02217496745288372,1.0381156809646683
2389,0.021090339869260788,1.0377366593607087
2390,0.021852776408195496,1.0376240854574026
2391,0.0441196970641613,1.0413087693073397
2392,0.019871406257152557,1.0416368314795625
2393,0.0221044160425663,1.0394575793044012
2394,0.02098846435546875,1.0366796515041725
2395,0.020489085465669632,1.0375720782387525
2396,0.02274974249303341,1.0430899120512462
2397,0.020369121804833412,1.0362338168280465
2398,0.020315635949373245,1.0344777104251068
2399,0.021818524226546288,1.035153909733421
2400,0.022176295518875122,1.038321436497203
2401,0.020158452913165092,1.0397169921631204
2402,0.022763893008232117,1.0397289486457233
2403,0.02184358239173889,1.0383238876075076
2404,0.019917014986276627,1.0380374548728006
2405,0.019735021516680717,1.0355831286064665
2406,0.020771784707903862,1.0356628604998863
2407,0.01954065077006817,1.0358466071293766
2408,0.020802395418286324,1.0345339670515896
2409,0.021141137927770615,1.0356784867762323
2410,0.02065241150557995,1.0366867102477186
2411,0.02119278721511364,1.0351615295673073
2412,0.02344764769077301,1.0341067397803592
2413,0.02075359597802162,1.0379903274669982
2414,0.021244101226329803,1.0372739728530846
2415,0.022600769996643066,1.0364673783008318
2416,0.020734701305627823,1.0399870600616723
2417,0.021063588559627533,1.03629083531841
2418,0.02021428942680359,1.0379954949954997
2419,0.020409829914569855,1.035730712993402
2420,0.043067704886198044,1.0360135380785567
2421,0.02257177047431469,1.0358805294921225
2422,0.0206441693007946,1.0335876962594819
2423,0.022735729813575745,1.0360087915171956
2424,0.020391806960105896,1.035591425453511
2425,0.022175079211592674,1.033997410819644
2426,0.019810687750577927,1.0391796193923568
2427,0.020775310695171356,1.0363484833174779
2428,0.020378826186060905,1.0342380149023873
2429,0.021488528698682785,1.0377846505110127
2430,0.023540494963526726,1.0365236668957205
2431,0.01908240094780922,1.0446258021476573
2432,0.020289432257413864,1.0362452809374434
2433,0.02036091685295105,1.0345436597527717
2434,0.020255308598279953,1.0368688987908805
2435,0.021768933162093163,1.0374380472608675
2436,0.018976693972945213,1.0364020850724147
2437,0.021683363243937492,1.036447703091423
2438,0.023841988295316696,1.0354852231224079
2439,0.021637922152876854,1.036553078127983
2440,0.021818114444613457,1.0411296512250017
2441,0.021342642605304718,1.034966072044277
2442,0.024659208953380585,1.0349689121533157
2443,0.019894327968358994,1.0364413948584918
2444,0.019449278712272644,1.03485854078355
2445,0.01977110281586647,1.0426008901500463
2446,0.019435536116361618,1.0425936784361838
2447,0.020653946325182915,1.0410157089544119
2448,0.021158304065465927,1.036362644425012
2449,0.02343427762389183,1.0404087953400194
2450,0.02391773834824562,1.0367821383296996
2451,0.02180398255586624,1.0401719178173476
2452,0.019968166947364807,1.0381615132018738
2453,0.02019796520471573,1.0360966547389974
2454,0.020541450008749962,1.0379133591974588
2455,0.02052217721939087,1.0365663010972483
2456,0.02312076836824417,1.035371868831472
2457,0.02060054987668991,1.0352757989912105
2458,0.02141210436820984,1.0385808451731402
2459,0.02088376134634018,1.0360525141383772
2460,0.023057138547301292,1.0390905476453012
2461,0.020681612193584442,1.036557090013547
2462,0.019511189311742783,1.0359123338732803
2463,0.020571496337652206,1.0342886671984106
2464,0.021375535055994987,1.0383623805559967
2465,0.0201505646109581,1.0368356686785705
2466,0.020600847899913788,1.0337165776350743
2467,0.020784180611371994,1.0375071435345145
2468,0.02073502726852894,1.035343304911353
2469,0.022071337327361107,1.0351305716019823
2470,0.02078898437321186,1.0365077911462999
2471,0.018960481509566307,1.037562372092914
2472,0.022380506619811058,1.0358924208428328
2473,0.01998228393495083,1.040327399296868
2474,0.021353181451559067,1.0344427617868983
2475,0.020699426531791687,1.0363810851161641
2476,0.022200411185622215,1.0397509653167916
2477,0.02167338691651821,1.0382004976272583
2478,0.020462607964873314,1.0373827490890235
2479,0.023404797539114952,1.0388539721792502
2480,0.019647974520921707,1.0331326636455411
2481,0.019855186343193054,1.0360525123457562
2482,0.020555637776851654,1.0378520246735192
2483,0.02027413249015808,1.0345167085939182
2484,0.019505422562360764,1.040924928839643
2485,0.02247648499906063,1.038019267239965
2486,0.018923860043287277,1.0367152179990495
2487,0.02366045117378235,1.039099147146507
2488,0.020464111119508743,1.0360819208890872
2489,0.022242002189159393,1.0366337684760416
2490,0.02104494534432888,1.0353907591716986
2491,0.019419901072978973,1.0367565612147625
2492,0.020053233951330185,1.0397672632284332
2493,0.0194162018597126,1.035548678615637
2494,0.020814215764403343,1.035970964228599
2495,0.0219272430986166,1.038977026640622
2496,0.020040247589349747,1.039396245676772
2497,0.044395603239536285,1.0391605781732047
2498,0.018949901685118675,1.0396607797546196
2499,0.01986917108297348,1.0328444774288283
2500,0.02161100134253502,1.0381681951962616
