epoch,train_loss,val_loss
1,0.5779418059459007,0.44042664822331046
2,0.39387344641793043,0.3520784537146862
3,0.37391821027997146,0.3461474231759408
4,0.3532107852231291,0.336500732410223
5,0.3470612547003237,0.3213243179004593
6,0.342582680154265,0.3087271575939685
7,0.32290684616655335,0.30264671262643095
8,0.32511401299695325,0.3072903932709443
9,0.3109034737922195,0.3137487362799489
10,0.29926166468694393,0.30460575663655026
11,0.2765324395476726,0.2844303398204029
12,0.2639128416403194,0.24735096388293387
13,0.2516385582007262,0.25262595978297087
14,0.25176349767766204,0.2505047826614595
15,0.2447582086674253,0.22773880573143637
16,0.24472085235262275,0.2490938450384857
17,0.23065873472612902,0.2413247750889986
18,0.23160785009015472,0.23753147234295244
19,0.23395761881107674,0.2498050744932397
20,0.2351870515516826,0.24667749791067645
21,0.23389885746372074,0.23144771632992833
22,0.236518824104229,0.2224573080514308
23,0.22436322611674928,0.22547408930938645
24,0.22399730138237914,0.2195987583028344
25,0.21569236104649708,0.23765939332190014
26,0.21572802480973097,0.22726037063843624
27,0.2549308350958621,0.2410835871346911
28,0.22207121607056238,0.22239920362494045
29,0.21064852260258562,0.22895161355647228
30,0.21125421794434837,0.22960758323134636
31,0.20959967813620292,0.22054858993094667
32,0.2072344580688572,0.23026545513841443
33,0.20671106367033526,0.2450234718191295
34,0.2135620563101948,0.23530536225266324
35,0.20588542569550058,0.2242936815384934
36,0.19970494994244778,0.20801361312244768
37,0.2051423220407395,0.22045006421873145
38,0.20377339075382492,0.24603232823517687
39,0.20217384890954299,0.2378917743164794
40,0.19799215202791648,0.2499766734085585
41,0.19589194550848843,0.23173548703205615
42,0.20107865580042503,0.20926811764562936
43,0.19712632733927035,0.21490518595640523
44,0.19742472753638313,0.21432190296942727
45,0.1978530324341958,0.22562615838564726
46,0.19202172733787307,0.22879583933822492
47,0.19228578935888477,0.22414718926849223
48,0.19151946857459562,0.21992348018744237
49,0.1946883664506121,0.24116624402521847
50,0.19417023725975724,0.22583178778115967
51,0.19908809900881355,0.23460401153952853
52,0.1972697405027865,0.22395109002452745
53,0.18221383323346763,0.2329750351962589
54,0.18775522721964016,0.2206119505273071
55,0.1920691141135113,0.2056858016920269
56,0.18075196097667953,0.2146738293699752
57,0.17793856736711391,0.23505858914520508
58,0.17879328471526765,0.219571126545581
59,0.18321501431907328,0.2319849338522531
60,0.17836938884324,0.2367583916412858
61,0.18054042554887614,0.2172123861305397
62,0.1770392111257503,0.21871203673363926
63,0.17733488455974966,0.25104638866912155
64,0.17818844090577654,0.22126368780557373
65,0.18017299977460302,0.23630478621500178
66,0.18138621127545684,0.21024038472719359
67,0.17276924431211965,0.21649681078386784
68,0.17082822031544564,0.2214105626694242
69,0.1719323333380814,0.22089565952394838
70,0.16979485522386126,0.22173838293119183
71,0.17016760037656417,0.22960640432168367
72,0.1734122262338648,0.22284931314170808
73,0.1716863404315217,0.21483521736728817
74,0.16935241186902636,0.2268052951509791
75,0.16877597247374088,0.22887090539424343
76,0.16166902546371734,0.20296404365086018
77,0.16709743445753156,0.23167702223274642
78,0.1629618568191851,0.20773563128814362
79,0.16551204038816586,0.2265911252987116
80,0.16842616088034815,0.21256627876283532
81,0.16417554485842697,0.21169167781309375
82,0.16948208072803972,0.21734795924789624
83,0.16603041976167446,0.2156756453794943
84,0.16441289789246438,0.2142369634376134
85,0.15828968186799744,0.23158482172734157
86,0.15995150725158833,0.2082529770103015
87,0.16218173475866032,0.24719577770035966
88,0.1624438969936586,0.2063704807880827
89,0.16421683986010707,0.21623841824388146
90,0.151854067518,0.21895705805834673
91,0.15378068725492125,0.21969585025444963
92,0.1569435069696945,0.2436110507650184
93,0.1575927052245403,0.2258883899913396
94,0.155901303659555,0.21978915098092908
95,0.1540334590320898,0.21162195070494985
96,0.15899436287862018,0.23121629111972966
97,0.1519910873177655,0.2247420629873909
98,0.15196357981154793,0.22989106230568468
99,0.14961625082899155,0.21629541537217928
100,0.15089249250509387,0.2104806677440653
101,0.14928254401101207,0.22502386035925165
102,0.15034760686015725,0.207739803762663
103,0.14888020356496176,0.21779870402469373
104,0.15179038708819484,0.20483124440998063
105,0.14763975767115303,0.21124820592334695
106,0.14712871943500108,0.22227116752611964
107,0.14760090232380949,0.23743521877772228
108,0.15109258018116603,0.20168612051503101
109,0.150104072570502,0.21465892796603062
110,0.14804107074002573,0.211267447187787
111,0.14570408144540953,0.2082954594365935
112,0.14324049988672846,0.21457394145261077
113,0.1456609562151414,0.23940574501017878
114,0.1500582229859548,0.21730325305671022
115,0.14509623107456027,0.21113822545697516
116,0.14626790493502653,0.2213838472775648
117,0.15121365542101084,0.2377512220825468
118,0.14033783539980277,0.20431885009346748
119,0.14594947757726923,0.22106031300430012
120,0.14815587892120047,0.23657545945922234
121,0.14137470130260127,0.2483298048787846
122,0.14172094100549407,0.23076847169482917
123,0.14648969674991785,0.20591733552384794
124,0.14184259283438064,0.215197545693333
125,0.14686848676966546,0.21757989427200833
126,0.14004318825060263,0.2057107863270848
127,0.14620842080666008,0.2083522581815122
128,0.13955188645306685,0.21069115071667166
129,0.13729068151392734,0.22030083836992284
130,0.143504062485426,0.216574883886746
131,0.13903166810260678,0.21345369545812892
132,0.13520206177705213,0.20687538445145265
133,0.13722663886266245,0.2151094895407072
134,0.13908762230834268,0.20003973068972877
135,0.14083000892460495,0.22011054930905052
136,0.1396286017203092,0.22416920888991582
137,0.13884853743446202,0.2143271458253526
138,0.14443819073582054,0.21140911954835542
139,0.14712029506912208,0.20931518380355119
140,0.13720710192781344,0.21326864107434912
141,0.133792230565297,0.21480264017979303
142,0.1386353628882639,0.20475576683542782
143,0.13381961012319812,0.20936384657047746
144,0.13384813609950824,0.21025766344521576
145,0.13408630184437098,0.20095037237594002
146,0.14548913131755098,0.204521579308468
147,0.13808094413208782,0.23179466647088975
148,0.13238696425331564,0.20695986503497102
149,0.13536052059447556,0.22590391436839163
150,0.13848172979695456,0.20859028972255855
151,0.13730903361039354,0.20888266096213706
152,0.13226316591962836,0.21618324445378512
153,0.1336377187442959,0.21739640576125385
154,0.13711747667171004,0.2118097504316117
155,0.13280736326349707,0.21503300145081708
156,0.13912491749664,0.22054442083626463
157,0.13163988162438972,0.21855350088953673
158,0.13071940617080322,0.21289390211640144
159,0.13196062253680743,0.21567978467185395
160,0.13744173077562996,0.21948247150819106
161,0.13819493708156405,0.23043564679031087
162,0.13473915445494622,0.2311376554513336
163,0.13138254675874136,0.21648979145930825
164,0.13633599703697333,0.21148497019345897
165,0.12930591826450855,0.2206930525432852
166,0.131690589809104,0.20565779931040337
167,0.1323786795438083,0.23034802023181342
168,0.1283375601235189,0.21012934894863525
169,0.13753772043345266,0.20733904166329176
170,0.12745166073242822,0.2227478050685168
171,0.12783121587451837,0.2110496132370822
172,0.13298632493966206,0.20869596931793935
173,0.12662426384170553,0.2230539625898041
174,0.12861655394833788,0.21700639191800192
175,0.12930107516304293,0.2393712338461613
176,0.12452672853281624,0.20836990085759557
177,0.1324058566662602,0.21114738251929893
178,0.1275304435731325,0.21938757430341907
179,0.13087858959920423,0.21307995624112008
180,0.12741019673888246,0.2059882748171799
181,0.12840014190079277,0.21357263878622748
182,0.12576750755534136,0.20521310328466252
183,0.13162777126582345,0.21272211900928564
184,0.1285682424790877,0.21259409463719317
185,0.12969060776227698,0.21216836297198347
186,0.1278505285170144,0.2060545548834
187,0.1318589630898527,0.22490176707879642
188,0.12852519649760166,0.21543127236733758
189,0.12655831912630483,0.2209906857227323
190,0.1307198770138853,0.20242675513327868
191,0.12768472851555152,0.22784511153037684
192,0.12421258800385292,0.23320252409106806
193,0.12704211923487504,0.20331111309447683
194,0.13197346418199682,0.22370000650410665
195,0.12453467169669188,0.2114224055954687
196,0.13112137151093112,0.207535866470564
197,0.13041609186763153,0.23335953807472287
198,0.1311232394032311,0.21151927946354812
199,0.12812017968722753,0.21350683344710142
200,0.12567255728152163,0.21439956655179648
201,0.12227790843798104,0.1982481949274104
202,0.12638349360541293,0.2179910369534839
203,0.12157531232948889,0.21415993517129345
204,0.1266346353486666,0.2174439661783682
205,0.12580251131664244,0.22511828812142662
206,0.13047446777348531,0.2142699963429518
207,0.12382988342291729,0.22441707738210684
208,0.12787115982824698,0.2073333417450575
209,0.12018191370935667,0.2238476692995332
210,0.12141942428915124,0.20886515370362385
211,0.12244500152131818,0.20098201568264112
212,0.12997191608474964,0.21024043753481747
213,0.12543045060900518,0.21414300416570559
214,0.12039357642258021,0.22850937104987024
215,0.12523511888688071,0.2100500970294601
216,0.12378535591495365,0.2102905645182258
217,0.12071437999270015,0.2117499475528423
218,0.12400840073450466,0.20678175350926573
219,0.12610260757587308,0.20910644557392388
220,0.12201122103963878,0.2373525750330815
221,0.12374550524286758,0.219648748673592
222,0.12092206583248642,0.21822283340426615
223,0.12381736059348684,0.20504351839759297
224,0.127377427946356,0.2322872864796703
225,0.12709167339187816,0.19609306812435762
226,0.12522964896564198,0.20380546102174243
227,0.12299516225667824,0.21862926399498656
228,0.12278236396480025,0.21292381350856676
229,0.11815931245609931,0.21975098415873104
230,0.12335218055953358,0.2083309760555289
231,0.12204430123468987,0.2109238920653972
232,0.12115698129424177,0.21647731858984867
233,0.1221733231629644,0.21035419787305937
234,0.12120719944922846,0.2281301419873883
235,0.12202178301257,0.21526414387506948
236,0.12408583204175595,0.21611073867121436
237,0.12280591897535742,0.20863470941184456
238,0.12041696398647357,0.20431059552239894
239,0.11873486097481914,0.20646663402256213
240,0.12143538419838835,0.22318549338438756
241,0.11866695536557295,0.2117240450398665
242,0.1180266985917151,0.2230681229130666
243,0.1212885511063394,0.20801198945607158
244,0.12302525453549579,0.21153072658039274
245,0.12537197545544246,0.21335088646501527
246,0.11920005361313808,0.2185114877191104
247,0.12148249753398405,0.2132181884874975
248,0.12132271437119123,0.2055338821688989
249,0.12530031952922954,0.2282605333099688
250,0.11745827545162131,0.2248069136438513
251,0.12241064096079733,0.2201447818512307
252,0.12011099880313814,0.24004500803717396
253,0.12398987691055861,0.20070392212697438
254,0.12018375789611262,0.2214910742222217
255,0.12842820033916555,0.21428952181249633
256,0.11970087368610807,0.21082535109723122
257,0.1256480851493085,0.23265026466813601
258,0.12084740531959928,0.20504209025760642
259,0.11830959847210941,0.20489480949583508
260,0.1173424002875511,0.20194556928218754
261,0.11909076871168345,0.2084862659113449
262,0.12029156706909787,0.21817268632856526
263,0.11711126739593376,0.21623088335408305
264,0.11723640147493895,0.20432284476240178
265,0.12102211150982625,0.20818916058405898
266,0.11314455860464794,0.19689806076443583
267,0.11852282218467024,0.21212765839613767
268,0.11787966312957288,0.21242418704101615
269,0.11655559933237862,0.21286515043791673
270,0.11777992287001814,0.19750762038063585
271,0.11857618212251735,0.22570109569040456
272,0.11538458504903137,0.20694836109577863
273,0.1193192536501508,0.20683620388346508
274,0.11806792323302506,0.21696502315744123
275,0.12164693859809622,0.20831129647660673
276,0.12067698728395883,0.21342124313788308
277,0.11822565195890597,0.21957229329903322
278,0.11324666458226386,0.2119949225121572
279,0.11692843180999421,0.21509772630637153
280,0.11720869622489713,0.20497223299771622
281,0.11672024300933481,0.22758688376212777
282,0.11428268031592954,0.2136164077914747
283,0.11929370276163097,0.21030982720075095
284,0.11991891751350615,0.23259586878214264
285,0.11675097769532437,0.20433222898340464
286,0.11756892363193042,0.21695113740394587
287,0.11801903229907043,0.2211597587044974
288,0.11924567370486439,0.21747237595176339
289,0.11666523187157504,0.24023839172190592
290,0.11882752602112323,0.2123381504812336
291,0.11855860205745339,0.20636049917616642
292,0.11779016880948741,0.21072505244560408
293,0.11329601940355803,0.2077060934333574
294,0.11638751344984039,0.22398561898404196
295,0.1135863875946903,0.21116681094456435
296,0.1167777120357468,0.22318694359601887
297,0.11512375575371254,0.20209796829405882
298,0.11376308164276873,0.20543310160102105
299,0.11795270313184363,0.21181136365970574
300,0.11599001580181725,0.21462078680071914
301,0.11315826982502501,0.21156155084607595
302,0.1147671777260184,0.2013337453056995
303,0.1121752057831389,0.21292710472318463
304,0.11316796826819579,0.23471541573902718
305,0.11442937711277104,0.20272465548793175
306,0.11281634082919673,0.20811042727384352
307,0.11522703997342658,0.2218870008387661
308,0.11405737500142932,0.19382289406799136
309,0.12169311038757626,0.21099490582718886
310,0.11884662409996927,0.19812293035120593
311,0.11250025915789574,0.22239394540102558
312,0.11425252699463588,0.2136485217171803
313,0.11226713022492583,0.2234237704211309
314,0.11447712978847642,0.25955717906094433
315,0.12046573790056365,0.21977870989786952
316,0.11310446675969545,0.20278492390661312
317,0.1133256230064502,0.22745226402031749
318,0.11504013102529641,0.214239281259085
319,0.1168262058388171,0.2061746250044433
320,0.11482451971909755,0.20770711629163652
321,0.11394489062646576,0.2071327271878271
322,0.11607449111484346,0.21590954506008847
323,0.11249008704733132,0.21869626234199172
324,0.11236431354418733,0.2275992627804142
325,0.10909403778407209,0.2036644850196994
326,0.10973198967694041,0.2146121759835939
327,0.11137275600381065,0.20295893292603337
328,0.11037130349486095,0.2145267196914606
329,0.11334034671684853,0.21196244531929642
330,0.11392858623991485,0.22632694939025363
331,0.11239382290377055,0.20388918678115184
332,0.1157445536090766,0.21676808881356305
333,0.11583599450538182,0.20003512714590346
334,0.11709643562410708,0.21525658902369046
335,0.11268634899965205,0.23391868943409214
336,0.11178589236915559,0.20352585247734137
337,0.11336403564178854,0.2415462932864526
338,0.11630234622716307,0.23796489054248446
339,0.11006304571279009,0.20263551629351495
340,0.1101057850440642,0.20240153628109692
341,0.11303559423688062,0.20837321548832388
342,0.10599799373917711,0.22480857736410054
343,0.11764570084729589,0.21863248152541637
344,0.11465401621185299,0.256379603704713
345,0.11284978836214632,0.2190601770628365
346,0.11428917748363394,0.24536944078024767
347,0.10993457721420248,0.23680723124279415
348,0.11002692141404427,0.20675228763941236
349,0.11061651956168632,0.20481334507166593
350,0.10707475691286843,0.2557295958574553
351,0.11479297516526733,0.19902821331469336
352,0.11196419505173699,0.20004614173693763
353,0.11603801632136629,0.2195849748407689
354,0.10562525853925481,0.21340645276439518
355,0.11526482654058545,0.22715308784243457
356,0.11026978905413085,0.21577649795097814
357,0.11328526216566115,0.26218167320827496
358,0.11279552497137758,0.24767354056052396
359,0.11013729451107501,0.2002191016809982
360,0.11667449295726187,0.19989013511286044
361,0.10734775759522479,0.24088637491590098
362,0.10648457727448683,0.20585083143603533
363,0.1091329912680731,0.2710935340676093
364,0.1107466211985974,0.20669831526010557
365,0.1094178241819965,0.21387939705959239
366,0.11091834512121397,0.21267381993899667
367,0.11303927409544326,0.20221575357038574
368,0.11185636352700996,0.20593807170340292
369,0.10909813931001756,0.2385764790320755
370,0.11287725974518553,0.22727585021863905
371,0.10806014898576234,0.2066726070784387
372,0.1066523746570997,0.19262096481887916
373,0.11394140459970574,0.2135772653353543
374,0.1073188056473744,0.21092317286962853
375,0.10887039919619572,0.21205903477686688
376,0.11065796256662909,0.23167042886105396
377,0.11219976340096098,0.2033621843409419
378,0.11310468820439544,0.2040394868580321
379,0.10765891171114188,0.20328845774619503
380,0.10363558552841794,0.22765020947707326
381,0.10460395982166878,0.25675355166869057
382,0.11396695433515952,0.21170812792945326
383,0.1117023392522096,0.20572459604357718
384,0.1117647489938969,0.20194829119028604
385,0.11017657221670736,0.21691730187127464
386,0.11510463004796427,0.22276668519453896
387,0.1052239538266097,0.19963761751439638
388,0.10208184258979663,0.24502003021108776
389,0.10777661510577477,0.2433786995354153
390,0.10674395639085232,0.20957815469730467
391,0.10550451288489919,0.2511769252686871
392,0.10880566815983382,0.218515688726179
393,0.10233576265268755,0.24039077557119212
394,0.10985564356459711,0.224141124589252
395,0.10513611588823168,0.22727462821138233
396,0.10590310375157155,0.1972110933789932
397,0.10957899466063593,0.2122691018614255
398,0.10994903801620604,0.24802766180128083
399,0.11055810274299524,0.19872753400551646
400,0.1132321030667103,0.2057458259408038
401,0.10817854136303254,0.23909330282145574
402,0.10389427454175806,0.20214502317340752
403,0.10967338245763515,0.2534771106558336
404,0.11090565562472307,0.2201881534735063
405,0.109869449322385,0.216241932247665
406,0.10127867713458556,0.2327806934116777
407,0.1027108754934673,0.24361391141450495
408,0.11140818450889342,0.22638987316598272
409,0.10268482892659672,0.26252138448463647
410,0.10603086365606253,0.23796606723004415
411,0.10049168725397653,0.21627257790481835
412,0.10159323266462277,0.29940276126141535
413,0.11501713886035415,0.23169442901112383
414,0.10835057929774425,0.2278817791426391
415,0.10612076853301591,0.2170247408867181
416,0.11249392810172605,0.194169916249905
417,0.10506848734161608,0.22181234269736702
418,0.09846915198223931,0.21406011246051407
419,0.09757502722486219,0.25246942924676385
420,0.1121988695180207,0.23411269820199573
421,0.10187425167488873,0.21383998324548392
422,0.09757541605553831,0.23234830191709044
423,0.11011844331907449,0.20712822963271224
424,0.10508648216500319,0.2526237455413754
425,0.10972939800461731,0.21182720333263091
426,0.10305932084831379,0.2051296565205531
427,0.1071530461059253,0.21981394281587505
428,0.10320176380245309,0.2535833110822771
429,0.10933634226110048,0.254290694226149
430,0.10542136963858341,0.21673898473568728
431,0.10818196975983176,0.23309733621533354
432,0.10570631983846351,0.20093639290198348
433,0.10677666469176013,0.24284311510939946
434,0.10473712054746491,0.21179587110167458
435,0.10555657384949818,0.23699216669738143
436,0.1097924889982643,0.21746834093018583
437,0.10871659036268268,0.20491798306094075
438,0.10560331834167391,0.21560436569359667
439,0.10321477734318055,0.20776224857135525
440,0.10497502182472619,0.2143277103515496
441,0.1014752965280436,0.26832954264374304
442,0.10304180287142146,0.23304595086807595
443,0.10474796233731404,0.2540502574546893
444,0.10037031843978211,0.23569770930404949
445,0.11210925934514157,0.20935725997713275
446,0.09829185154279671,0.21025314066269643
447,0.09939533564493172,0.21127433298076304
448,0.10679193924561628,0.21307829881371712
449,0.10014059587864947,0.22116124622505112
450,0.09545059015689637,0.22469420736669599
451,0.10255453625418488,0.20206885431942187
452,0.10012201451344,0.2576654115154928
453,0.10943457068768062,0.21280309554180107
454,0.09801557612486352,0.23991483778583078
455,0.09867742906947781,0.24761308130240978
456,0.09156736673175692,0.2218714854061454
457,0.11031093620193333,0.1988507722852224
458,0.1081667706127603,0.21460065734864475
459,0.10205683598112791,0.23379322473790712
460,0.09522763766665805,0.2517975216409318
461,0.10365347551149234,0.2624529147506657
462,0.11276138476317837,0.21163086766811243
463,0.10471079392092568,0.20628275539268526
464,0.09691407638870385,0.21002633040560817
465,0.10111347860411594,0.23043393127078698
466,0.09744975773762342,0.20536523936012932
467,0.1096685698493979,0.22445039695740343
468,0.09932128297991323,0.24970589596824838
469,0.10904851896142152,0.19973459981736683
470,0.1110289000012074,0.21241767019182817
471,0.09894435290704694,0.23355762746399805
472,0.09665134089781825,0.21151637534300485
473,0.09470793525489948,0.22110840493350997
474,0.09347826681265556,0.2556997528463079
475,0.09389803437212654,0.20615947883305394
476,0.10072806471944752,0.20893364642422302
477,0.11375443952947033,0.22900110059289405
478,0.10582432450544565,0.21245423383207848
479,0.0995351783744524,0.2586170180810424
480,0.10234622229684266,0.20892827057823501
481,0.10637639664617696,0.2165095286448498
482,0.1014014939429766,0.20990151880229624
483,0.0964899234156262,0.21274850315841518
484,0.09763317261087268,0.23698488634107703
485,0.09340260126733017,0.20783563363447524
486,0.1021552158048129,0.21648524591423815
487,0.09803715937381101,0.2698217464008726
488,0.10014591550916657,0.21572315804940417
489,0.0989361962298851,0.21698859894186034
490,0.09639510305080198,0.2220241785945749
491,0.11368259163876823,0.2035526327956888
492,0.10087749449755613,0.21002404255451715
493,0.09722559720529873,0.21334325893779746
494,0.09629107553763945,0.24828252209383145
495,0.10150074782806978,0.2218592658750993
496,0.11165209339562814,0.23289380202018528
497,0.09583716615474314,0.216207072232152
498,0.09795350024481315,0.21652512900288542
499,0.09602177029190805,0.2405753895864451
500,0.09440328172387037,0.2430826500058174
501,0.0985898949149856,0.22011656280522957
502,0.10549228754184001,0.21933352278736898
503,0.0951656187069894,0.23043313558986014
504,0.09470270193160925,0.25258942368559373
505,0.09319908771299779,0.2133840435093507
506,0.10080243170466788,0.22769963255800998
507,0.09635702493532858,0.2608369952791317
508,0.09494082716510709,0.27974813521132436
509,0.09731386018389449,0.2619084256857559
510,0.09510405578260732,0.21528492225590803
511,0.095181162830881,0.286075767661844
512,0.10571177929807875,0.2877980969043304
513,0.10223920070064396,0.25661521197709825
514,0.09770872958359264,0.21829961979747714
515,0.10047173043269486,0.19914380838174867
516,0.1106689955507006,0.21158618110239058
517,0.09980942702905875,0.23351307515811204
518,0.09536369833021534,0.21368406348882762
519,0.09770964180355084,0.27798399101373245
520,0.1032733646289149,0.23935190909413764
521,0.09801046149735164,0.21721812292821424
522,0.09942625922367986,0.21408511065226749
523,0.0983126789312763,0.24130144978600337
524,0.09995614389018308,0.22056773837123597
525,0.10044763979961849,0.21521875221179543
526,0.08944203645775192,0.2171057016777813
527,0.09847579102841834,0.21094699299201033
528,0.09215410511221803,0.2841488463164571
529,0.09852459658880282,0.2528916606142706
530,0.10599043887846153,0.2220730200633967
531,0.09234577877666418,0.25327727680367634
532,0.0942798471428398,0.33259328706820207
533,0.1258349717690383,0.21063299725453058
534,0.10083082268822163,0.22156835552818493
535,0.09249175753547136,0.24417941785769953
536,0.09215740316120305,0.2414728943491938
537,0.09208527559363155,0.22638386542112904
538,0.09059750072116542,0.23194975331238935
539,0.09146238055388282,0.2411027413263058
540,0.08976404373078867,0.22704836145454182
541,0.09400104820018723,0.22258273616694568
542,0.09197905599921569,0.23823391328703492
543,0.09096382744143482,0.24148915827573092
544,0.09265372701885558,0.20831155855404704
545,0.09874105137915241,0.2225408272673014
546,0.09564652657579809,0.22041871363208407
547,0.0992092233160534,0.2586298055741422
548,0.10189561407667652,0.22778610087800444
549,0.0990492115940964,0.23680504614996134
550,0.10894138142840008,0.2157654457895977
551,0.09360158351018913,0.217339700269968
552,0.0924130227174003,0.23686126699871884
553,0.09061737447267487,0.24662507730617858
554,0.09581248977578673,0.2134302353164307
555,0.08964595826982256,0.263344619768604
556,0.0897236782263843,0.23938529746126114
557,0.09479581772870288,0.23304593159740133
558,0.09100758033176712,0.239156456687546
559,0.08709101213660456,0.229109296449145
560,0.0909959821679389,0.24031892988391987
561,0.0881283161111344,0.23247439817602472
562,0.08808104689221334,0.2361683091872318
563,0.08959731468954182,0.24256439131677598
564,0.09300218502941884,0.2215318930403033
565,0.09009540123038721,0.23727046976561533
566,0.09035835083676759,0.21860684988492712
567,0.09122655723701444,0.22806346224140106
568,0.1077755035827856,0.2521471652508081
569,0.10806806680552643,0.22841917215508029
570,0.09620015810530885,0.249310171338998
571,0.0918731307867625,0.22397328198030778
572,0.09237751888489365,0.3058441515293038
573,0.10913101388585,0.2340601304158531
574,0.10328007575339243,0.24205241171190314
575,0.09296591883352526,0.22550829275882334
576,0.09549369573369063,0.22440792278463678
577,0.08729591666905205,0.25358359360679944
578,0.08920840975037195,0.23358817376140364
579,0.09093238544045833,0.2312308352132489
580,0.08873711261235383,0.24722886389882343
581,0.08814931179590542,0.24649871676637417
582,0.09370892718994528,0.23782512993740856
583,0.08583680728455086,0.24381787565193677
584,0.09161065878780712,0.2185001010658747
585,0.09532411539819755,0.22266558132001332
586,0.10760275576086271,0.23019732084862868
587,0.1058074066364078,0.24155766121053457
588,0.09070178082114772,0.2251621782966425
589,0.10102206837376557,0.23998742109925525
590,0.09712488309744008,0.2505754473850243
591,0.08903457199160318,0.28025458402054054
592,0.09288109789478749,0.2208362688732924
593,0.09501483615366439,0.24473625061132556
594,0.0895971962645239,0.2646175841975929
595,0.09197455795859932,0.23130849218532853
596,0.08771321352076411,0.2417223378829191
597,0.09106677531598505,0.233893870186985
598,0.08739614952589038,0.24133337277891045
599,0.08525156437706455,0.23748772996559478
600,0.09183615608546968,0.2560576317752513
601,0.08405728473381739,0.2517752030626276
602,0.08998835437877435,0.23112354470524274
603,0.0872090983211546,0.22749337352308116
604,0.08646822483150433,0.23043028074771837
605,0.08636213932886608,0.23535441711806415
606,0.08959104937680981,0.2619256272277139
607,0.08664924812906966,0.218314591300368
608,0.0937897169444346,0.2147416298588117
609,0.10080154146298878,0.23189895364798999
610,0.09391663756156177,0.23388167592068962
611,0.09468995336265791,0.22909209111654072
612,0.08986109673491396,0.24801904685739287
613,0.08762443850848609,0.21527793598279618
614,0.1177261276707464,0.21794451048649044
615,0.08794020914605685,0.23127535611092298
616,0.09240691095852015,0.21960583248906268
617,0.08895348346696462,0.2434807006540454
618,0.0868657457835991,0.22247567011001415
619,0.08677486118330692,0.21965924738194412
620,0.08434581200132393,0.2230360285568058
621,0.08428324786082544,0.23269264398138026
622,0.08880645045100298,0.22770089234101742
623,0.0956614883920005,0.23447396518443162
624,0.09432384266721126,0.21275989279935234
625,0.08844586650381112,0.23609802845800132
626,0.08153625024963441,0.22654952407630166
627,0.09133554537568175,0.23967399780538148
628,0.09030904400542863,0.3764655571197507
629,0.09420312464909446,0.2225252741896419
630,0.09123175929214124,0.21995744624532254
631,0.10013564496317454,0.20346178697016007
632,0.10668873513131437,0.21816341967361613
633,0.10312177311806452,0.22223391811501114
634,0.10278252101407613,0.22154193853301213
635,0.09817720895497721,0.21391337714099645
636,0.09638798077191625,0.2190114487345356
637,0.08999598007602501,0.24365730154185666
638,0.09237577917899255,0.23966536282522038
639,0.09992026899448761,0.2321465657207004
640,0.09882111452930703,0.2157514305005695
641,0.08957445890383613,0.23111483422959955
642,0.090235546810137,0.23418388788338593
643,0.09083068453447711,0.23511868958037002
644,0.08748878337872357,0.22299377205676602
645,0.09073371893462531,0.2643026254492296
646,0.08950285737713178,0.2451459080503698
647,0.084355059460291,0.2122465115703437
648,0.0912067712539046,0.26904311098326417
649,0.10564869859799705,0.2462897092514767
650,0.09151665409816835,0.2882570224186233
651,0.09478611390766942,0.22928698986469953
652,0.10906334614432545,0.23615952568096027
653,0.09922224131499167,0.23832166497420548
654,0.09292838253771751,0.21965961169479484
655,0.10705398873689778,0.22278313200575367
656,0.09058345368780886,0.23608737041179398
657,0.08245979164981454,0.23963942009031325
658,0.08047691642080333,0.23156000589741801
659,0.08446499383669898,0.23239977284332267
660,0.08247289590929684,0.2586655054325448
661,0.08629368066339564,0.24062156679113408
662,0.08436157090360658,0.22411082619637773
663,0.09298181228040901,0.23119204366266877
664,0.08641846970956128,0.2241150766312329
665,0.08646586297878198,0.23707341434513418
666,0.08437373284670643,0.25243834144713584
667,0.08669902004749704,0.23972163509978986
668,0.08137889976676245,0.23681610835748806
669,0.07915104554037104,0.2246237199445416
670,0.08667237740150072,0.24762548971220963
671,0.08466378318374618,0.2347052608217512
672,0.09396480147103618,0.2346963116100856
673,0.08357565190390985,0.2356269429799608
674,0.08176328962608088,0.23586989022361904
675,0.08285159494419743,0.24678879774602733
676,0.0884515803802133,0.23137237611495165
677,0.08456079947545116,0.24435550762447797
678,0.08890154926026973,0.21708196134570248
679,0.08290946493882284,0.25373818999842596
680,0.0925497367072449,0.29324947947398167
681,0.09286858372969137,0.22111455642415168
682,0.10300133621931673,0.228293190997346
683,0.09730060372436256,0.21425608829373405
684,0.10040745941133129,0.22026673114314713
685,0.09077995790070609,0.24822784816486793
686,0.09175981410585325,0.2294204397533173
687,0.08672941014880226,0.22774574752514226
688,0.0839877331391313,0.2422183820403608
689,0.0856206855342203,0.2276759832948073
690,0.0783531685408793,0.24523388977188215
691,0.08154253506645523,0.24124245343725184
692,0.08277916448905055,0.23786160723308572
693,0.09299659809531798,0.22391415387392044
694,0.0854020480528698,0.23788114836938998
695,0.08666762225516607,0.22895940706918114
696,0.08309855520314441,0.2567970880813766
697,0.08041342677441157,0.23101016796919935
698,0.08428477058023737,0.25556620891978565
699,0.08941442757508808,0.22036992805195332
700,0.0841608424122471,0.23682705402598345
701,0.10273611493277968,0.23381896358086052
702,0.08454893195166026,0.2515877104903522
703,0.09040671189252596,0.45439027298363227
704,0.0927075742508161,0.227293277649503
705,0.09992812049661513,0.21478737235293352
706,0.09805417694804962,0.2902522086910437
707,0.09516912463931064,0.21743615703624591
708,0.09071884799123109,0.21922801924229862
709,0.08707172704164994,0.24712331307337695
710,0.0871604001312925,0.2448141371322455
711,0.08797057042537924,0.2556481717672563
712,0.08601005483222635,0.25919869573866217
713,0.08338508251027431,0.22772173533090076
714,0.08230043232515641,0.24622144522075368
715,0.09137538542742268,0.24302838806221658
716,0.0807863625704794,0.22625304332801274
717,0.08145846654299208,0.23353392858627744
718,0.08122266173586809,0.23827438095682546
719,0.08571870669367768,0.22432039073087218
720,0.08370168318500495,0.24130406187739886
721,0.08441201673078358,0.24131363774077935
722,0.08280642693605564,0.2442193555092453
723,0.07906399862864114,0.22842076654198176
724,0.08266022370049828,0.24469760794164544
725,0.08016963328297873,0.25618666367497955
726,0.08463170149253872,0.22953424425352187
727,0.08565250129665349,0.2531582065542838
728,0.08620490774250868,0.24415634852602966
729,0.07980676836574585,0.24004656354660975
730,0.08718062897112436,0.2389815591817213
731,0.1005212596914075,0.22661063267398895
732,0.09696089667279768,0.24168670775000015
733,0.09536337409924744,0.23450715042519987
734,0.09509938562470943,0.2674685043089073
735,0.0833870025869823,0.26274797195255906
736,0.08929148374736906,0.24272655772236654
737,0.08090088737750412,0.2609212456229038
738,0.07849235456427536,0.2353111151465796
739,0.07625851370300864,0.34039474851953655
740,0.11342054342192814,0.252174877153154
741,0.09820522230239888,0.23791755028162384
742,0.09854537323303987,0.2527588312712528
743,0.09654580783519082,0.2441163537160197
744,0.09323786580024805,0.221862594323947
745,0.09270959672399033,0.28990435792614044
746,0.08469526120986705,0.2327851962512896
747,0.08623330681619787,0.27606348054749624
748,0.08525033392721698,0.25088166258762357
749,0.08441538688607682,0.23555657736266167
750,0.08964466489384647,0.25792543928052547
751,0.08690026195201658,0.25109411733117615
752,0.08675998944630449,0.2593609905967438
753,0.0835512483301094,0.2422904647457271
754,0.08352123158412021,0.24165901799399153
755,0.08064316689295876,0.24932956357572908
756,0.07972304920728941,0.2543146566751607
757,0.08751965598448326,0.40129020399318305
758,0.12978255476121017,0.20069522279919239
759,0.09200000263899938,0.25426721602752994
760,0.09133639238905489,0.22978739737343967
761,0.09369514856422156,0.23105489499960327
762,0.09295589971661866,0.24886931512588845
763,0.08784492117793936,0.2484187853889059
764,0.08324719332672077,0.34644070482418354
765,0.09665160425903654,0.46540532606586177
766,0.10386879389690128,0.2172639194063674
767,0.09090081482826916,0.2320903788943936
768,0.08604497952680838,0.2512064486704673
769,0.08794096269572438,0.25031329474801706
770,0.07938763493658009,0.26496364824231106
771,0.0828961869304939,0.2917265701002644
772,0.08354851532550085,0.28586596381246
773,0.07727714413240142,0.28708069717376156
774,0.07650119999428291,0.2712383312278224
775,0.084844339055413,0.2624074741264334
776,0.07692584002339153,0.2694332041126445
777,0.0764629530526679,0.2434642985276411
778,0.07790045353366916,0.28249188970055494
779,0.08445164697585548,0.2543849769914359
780,0.08694928510109882,0.23248094098086944
781,0.07911631865030094,0.27077428174945045
782,0.08064772363257289,0.272585540318997
783,0.07816443206709728,0.2604057891364384
784,0.08038562036733281,0.27463344055085553
785,0.07887394420036994,0.25854898714705515
786,0.08300088446372583,0.23047770163917303
787,0.07973066572669454,0.28455007726088505
788,0.0832201719405433,0.26618579463253644
789,0.08736558172403645,0.24229195891391664
790,0.08544760270693098,0.2547704546635312
791,0.08731413612090855,0.24455451315506957
792,0.08367666766458287,0.2334579771996142
793,0.08238361849633973,0.22573694642773248
794,0.08281683933951502,0.24894357590298904
795,0.08231783964505471,0.2423110526605955
796,0.08497968690474529,0.2640339440122284
797,0.08643781535682224,0.2359298966208795
798,0.08160350396108806,0.26126682026344433
799,0.08232324599827591,0.2530836290434787
800,0.08388459899072957,0.27002392888517307
801,0.07891402217118364,0.2751366298711091
802,0.07818258586421348,0.2813083651221187
803,0.08295795054438718,0.252323868261991
804,0.0771427719123232,0.2941045137612443
805,0.07990738856874612,0.2721499465312575
806,0.08809448264184452,0.27363629646617965
807,0.08108871201412719,0.24216821627285248
808,0.07960413242305132,0.2764733550243808
809,0.11013004979244749,0.21709361666799487
810,0.09917186859080143,0.6240631058476025
811,0.12996558108388034,0.22275278984305255
812,0.09185719644104627,0.23621150731741636
813,0.09427674761728237,0.24984063482598254
814,0.09271955862641335,0.25043657293221105
815,0.08860689551011662,0.23093803204540023
816,0.09066843023911156,0.22446684016470322
817,0.09283593491205297,0.24964133381171333
818,0.08168446810397886,0.23775568036806016
819,0.07766305581482132,0.229472304010451
820,0.0834177087684323,0.23587927974779205
821,0.07733403261106714,0.255106396823748
822,0.08325072502096494,0.24058814944330612
823,0.07681029002394593,0.2512467272747728
824,0.07877291446752417,0.22833759182676636
825,0.09147753156628226,0.23804756203540287
826,0.08375779690599083,0.23495409363194517
827,0.07908792503850352,0.23964564814080572
828,0.08682983756102715,0.24369335379965024
829,0.08024367379178678,0.24389543040727912
830,0.07629889020122084,0.23763319668838553
831,0.07944784974469278,0.2360188639664411
832,0.07613369469579898,0.23693640741115823
833,0.08107249308984381,0.23418699675484708
834,0.08925296794763185,0.24488541851739837
835,0.08433841212762329,0.2427390606182261
836,0.0757493942434477,0.24389171415477767
837,0.07847364202963379,0.24575914296888768
838,0.08158889882042444,0.24807690446239367
839,0.08382604643702507,0.22630104355345992
840,0.07660591249403201,0.2334655765864186
841,0.08457716496516589,0.23605645625364213
842,0.0847209718937339,0.23331407969233983
843,0.07832256654618229,0.23697989577786965
844,0.07817296327598262,0.25746985121553106
845,0.08347563505322114,0.24896281177089327
846,0.07973628510770045,0.2438870684283419
847,0.08213191305317526,0.2460630073732601
848,0.09148161400828445,0.24427953730325652
849,0.08119710222969677,0.2384847033404766
850,0.08755440580749646,0.22610615233057424
851,0.09909387414149921,0.2546935337864068
852,0.09352577819411916,0.24579476087090366
853,0.1000773273408413,0.24187935248278736
854,0.10642743879989873,0.2190405739317263
855,0.09998998045921326,0.2330172698860778
856,0.08812119412635054,0.24463747120590737
857,0.08246086127029027,0.24358271428367548
858,0.0819674252408713,0.2568136681440779
859,0.0794394467268746,0.24665314046885436
860,0.07627102070695774,0.24471200470413482
861,0.07966674566922481,0.2513371693124448
862,0.08104119816780987,0.2594923696721108
863,0.08509542324339836,0.24975335734305823
864,0.08489410507779821,0.2449975006637119
865,0.07491006443561767,0.25871824288278594
866,0.07938355390439954,0.25268201218138364
867,0.09187442642218786,0.2533433328483039
868,0.07402712440953817,0.2658880591616595
869,0.07666683899131335,0.25027552508471307
870,0.07620656563151151,0.26265927645048703
871,0.07188782854038372,0.2559133049912919
872,0.0764554080490331,0.2524023106447736
873,0.08248085795637958,0.24568341216796025
874,0.07770422269079022,0.2599498501098843
875,0.09071858860272214,0.2642862982767865
876,0.07554962325439717,0.24094452294415997
877,0.07788162848872499,0.25276950166040196
878,0.08273086810769294,0.23784841910788887
879,0.08212061696930935,0.2674053813281812
880,0.07736217087708917,0.25856942104591163
881,0.07401070262966,0.25725557162125307
882,0.08081841483749543,0.25258567716394154
883,0.07374535444050205,0.26360814198664856
884,0.07472690845603931,0.23866260916293414
885,0.07908043579051369,0.24367272648446842
886,0.08333185412699268,0.24984487883727952
887,0.07544452086893987,0.24203393458946607
888,0.0747736238181255,0.2482320690588246
889,0.0901261159454596,0.24470608464831994
890,0.08254461355021872,0.2591700978707849
891,0.07847167575092319,0.2644444312106697
892,0.09053823314980607,0.23420882867392442
893,0.07308360649959038,0.27020335021921266
894,0.08630299371874944,0.224532487547786
895,0.0794339118791478,0.25102731249386206
896,0.07935202191758872,0.25117955679881543
897,0.07965575022282158,0.24489990175517282
898,0.07575587815322672,0.252438814381609
899,0.07641739217578468,0.25693834711211666
900,0.08757696677475496,0.2500650192748634
901,0.0762835978425311,0.2622751983298096
902,0.07679142038755697,0.25739995668406473
903,0.10268111362642512,0.23736390036374405
904,0.09505949926126123,0.2675958307912774
905,0.09131824741032638,0.2335712258939755
906,0.10121109219907519,0.22302051069667764
907,0.0825343167871461,0.2414911363208503
908,0.07797662010019585,0.26383666785662635
909,0.07465109730461486,0.2623212088020822
910,0.07257131342414327,0.2603561789693689
911,0.07919102545388809,0.2678413136038266
912,0.08784480263154608,0.26642217081889774
913,0.07485255020154748,0.26351693421975714
914,0.07393382324890833,0.25665520161465
915,0.07842113936604712,0.27486395460546464
916,0.07471903172183904,0.269707508049065
917,0.08501708320806499,0.24964888589946846
918,0.07437528020009063,0.2567935914996274
919,0.07179054701444051,0.2479663553057159
920,0.07302624854564965,0.2573410846610416
921,0.07138792975317865,0.2703253708798485
922,0.06976558969713244,0.25005544229109483
923,0.07960516705007332,0.2709150829149368
924,0.08127522085767641,0.24815246365721663
925,0.07479989091471248,0.2522082382201551
926,0.07962426976452495,0.25785872381283226
927,0.08030741363016884,0.24388744693277473
928,0.07533009072070133,0.24204884484447634
929,0.07151250639710958,0.25334134111577705
930,0.08573568594597634,0.24197221130954294
931,0.08323161907139279,0.2569086227127185
932,0.07770105403262123,0.23354920778507576
933,0.07683431816037585,0.26555252881874714
934,0.07663596897878519,0.22740351348965987
935,0.07652508283038635,0.2572251087740848
936,0.07359519444947553,0.24301477112716302
937,0.07904130437955223,0.25084141539153
938,0.08142174197767015,0.2676790891247883
939,0.07246400943413414,0.24406773563390388
940,0.08456050256794706,0.23984351087557643
941,0.08441505096105854,0.25484049062531694
942,0.10946031322791464,0.23113870923232316
943,0.08470307791460875,0.26190805967364994
944,0.08276365810356344,0.23097657804426394
945,0.07970026927185536,0.2604451399473917
946,0.08546625689269606,0.24211998677866203
947,0.08164590789019165,0.23086043507010118
948,0.07829216348105356,0.23843844595334882
949,0.0782263746022954,0.2304924016160176
950,0.0760876047506667,0.2530862861371279
951,0.07317038263219938,0.23834598015872457
952,0.08933375589082714,0.22001443823850841
953,0.09972607504977916,0.22961187416822987
954,0.09454232819826532,0.24659326618401928
955,0.08883247507460658,0.2325692925424803
956,0.09061095708593689,0.2225883055039516
957,0.09334309909838184,0.2411250962425294
958,0.0768128211673041,0.2695685687818025
959,0.07267802606633209,0.2638134414465505
960,0.07472899906281241,0.23138409294654852
961,0.07169400401562825,0.23567009384844237
962,0.07325222078514726,0.24382053733917705
963,0.07965403250920444,0.25331220699282814
964,0.09375855474637117,0.22911111213136137
965,0.07598798493282836,0.2587255154337202
966,0.07083683994535665,0.25046455781710775
967,0.07407121911159434,0.26347267571696664
968,0.0717204922301354,0.2563289597929271
969,0.07155568889321241,0.2646623783018954
970,0.06851800587168314,0.2654165993993145
971,0.0667568895741737,0.26025103742168065
972,0.0681912992849834,0.262637887607541
973,0.07088386480764189,0.24890051319037465
974,0.07159329948008508,0.2497961814503622
975,0.07170724316049638,0.2508119757200841
976,0.07045943458286817,0.24037968324389972
977,0.0743394212185739,0.26959617854210366
978,0.07601219809200979,0.24324114982944384
979,0.0740178712972797,0.254067123664501
980,0.07177172952277917,0.24239610228920938
981,0.06993529118392103,0.2529570046896325
982,0.06909030666084666,0.24882868204947403
983,0.07762049077391475,0.24835721993431412
984,0.0673693442871248,0.2656175394852956
985,0.06606295978403032,0.26000871701646866
986,0.0741971517378525,0.2520078365179829
987,0.07018299128645494,0.25146405579975073
988,0.06988535910368637,0.24567215202520964
989,0.07213497571740533,0.23675236102184258
990,0.08249426229779881,0.25610837603646114
991,0.09112559218790597,0.21796233294751113
992,0.092649037079106,0.2410046674852682
993,0.0950140729826644,0.2312028255117567
994,0.08319828429149655,0.2389264131025563
995,0.08050282017554257,0.23432631023172149
996,0.0782556844487749,0.23732422676899081
997,0.07664111519423791,0.22924308012003886
998,0.07605972085008048,0.2404270287145648
999,0.07958171496116428,0.2220741678822907
1000,0.07768421733103002,0.251676605160075
1001,0.1193688875694472,0.21548079322080566
1002,0.09290672824683047,0.23573057930496402
1003,0.08640976547074497,0.2538635808983841
1004,0.08633587033228766,0.2274423608542385
1005,0.08426252264240033,0.26411840750982885
1006,0.08262602219773564,0.27847511222338617
1007,0.08019184373449861,0.26314536665092436
1008,0.07450944838816659,0.2541191190630571
1009,0.07601610490151291,0.2991901774678314
1010,0.07498098395410038,0.25669379061774206
1011,0.08762747567744557,0.22618384750788673
1012,0.08275905847642805,0.2512770062662605
1013,0.07950779980277284,0.24531030064836182
1014,0.07903129179824266,0.25678154167002604
1015,0.07397787309342757,0.26139181813127116
1016,0.07092920361194097,0.2520269997100483
1017,0.06898902804779827,0.2408424087970478
1018,0.07226159252263699,0.244499183500321
1019,0.0686394686444212,0.266768268942086
1020,0.06971835237659309,0.26628957137950976
1021,0.08624656030670144,0.25799160988483216
1022,0.07774819165729639,0.23766781626862094
1023,0.07168216050315396,0.2559935237866894
1024,0.07046946768828652,0.25855048138993725
1025,0.07375498691148925,0.36120444963823883
1026,0.09977321588156517,0.23290106620555534
1027,0.09135122338594649,0.24286407616951114
1028,0.09226507281786517,0.2446571036725116
1029,0.08685685561638429,0.2506031668126434
1030,0.08745932092605378,0.2553023690717262
1031,0.0960574491383662,0.27242312561673926
1032,0.08402100004218425,0.243723853134123
1033,0.07892692499889765,0.2532172067683741
1034,0.07631379280024603,0.24278599122786582
1035,0.07210864587441872,0.26209931383679685
1036,0.0775746121433071,0.306399821208085
1037,0.09550504460183899,0.23493151514228425
1038,0.07688176453599058,0.27768754021715103
1039,0.07409329176005117,0.2535537731901446
1040,0.0729011459192051,0.278265015448544
1041,0.07289869329871092,0.2622974344662258
1042,0.07377128623995491,0.2755065594512717
1043,0.06782801276572366,0.2538896154490927
1044,0.07191519291235839,0.25806289577021035
1045,0.07272198923716419,0.25745807730016257
1046,0.0720348595816614,0.25498917909866586
1047,0.0675352856302097,0.27455498321089233
1048,0.06483597133336659,0.23662342286124863
1049,0.0677629236206599,0.2607550544472864
1050,0.08058654088386916,0.2554561463289691
1051,0.07589173221722581,0.25769765310941783
1052,0.07436793154212915,0.25217270617721077
1053,0.07558647451693551,0.25466161858019676
1054,0.07778976673264999,0.29786015987246856
1055,0.082179757526009,0.25182662594288513
1056,0.07232540091943174,0.24382860422657246
1057,0.06904135358736928,0.24552576073951887
1058,0.08323994292912626,0.2611517677069607
1059,0.07878800587527883,0.24820872799570398
1060,0.08331541117411434,0.24902702716732383
1061,0.07485247007979635,0.24963480999744625
1062,0.07735098185797308,0.2465116592838352
1063,0.0816144640312383,0.25719005763904196
1064,0.07854956862771123,0.2371283167025499
1065,0.07489786493150812,0.26114303480488316
1066,0.07082033034105946,0.2520295874703498
1067,0.07679776359526884,0.26440490685160595
1068,0.07488836227615077,0.24324689116469003
1069,0.07687108416605115,0.2516845795034167
1070,0.07455565491901305,0.24451712502124615
1071,0.07894823129258509,0.2414058178551215
1072,0.07881600894080591,0.24230743492755077
1073,0.0756441939314057,0.25494523477136044
1074,0.07339917874444547,0.25311784590022607
1075,0.07671879140664835,0.24701310923897235
1076,0.07392308742442824,0.23701407767850952
1077,0.07330925331303947,0.27005100535943094
1078,0.07690358933126717,0.25513009023024025
1079,0.07140953756663435,0.24363476538419127
1080,0.07220578301501901,0.24166739091538547
1081,0.07654946636324539,0.259676672051425
1082,0.07851689686545901,0.2639433645402877
1083,0.0788691234273047,0.26121968284884195
1084,0.07385181548788135,0.24436340324188532
1085,0.07478484001132031,0.26083065089501234
1086,0.07491455035736985,0.2533017573761462
1087,0.07212341020355248,0.2440754670024217
1088,0.07228449492115424,0.24745877494190568
1089,0.07715820888510175,0.24286327949890815
1090,0.08197582659678053,0.24953963323718026
1091,0.07818057817082506,0.24270904331204288
1092,0.0779038107811583,0.2476558902658018
1093,0.07585122792008228,0.2434613838194307
1094,0.07946010460997734,0.2594304317445086
1095,0.08414063088707906,0.2400491015243351
1096,0.07625872448534894,0.2474433344258999
1097,0.07481078098161627,0.23940028679699527
1098,0.07333515531250409,0.2659811466222718
1099,0.07175141656047718,0.24202095954340502
1100,0.0732713590719198,0.23999430818067757
1101,0.07779313502529808,0.24834606899205305
1102,0.07502912567989121,0.2520666652193344
1103,0.07258262311605583,0.26252711347694085
1104,0.07705247848012244,0.2390671255333083
1105,0.07481679464585352,0.25995511440256786
1106,0.07010381533192438,0.24313251218550785
1107,0.0671417302636425,0.24596032128671655
1108,0.08693842354573701,0.24107781706149117
1109,0.07404360067762229,0.24887790687774358
1110,0.07390463190213929,0.2597341441869138
1111,0.07101418991061978,0.25220430422023427
1112,0.07005980461929227,0.2628541765431115
1113,0.06872129085984893,0.24068451013630793
1114,0.0714387582535657,0.24228224358089587
1115,0.06866717967846639,0.24472531734179137
1116,0.07011279685978304,0.25666894604986473
1117,0.07033758891050827,0.24383285503489033
1118,0.06933776140539792,0.24766430329708827
1119,0.06759970979461619,0.23610531422951467
1120,0.06864307092544727,0.24610078499131932
1121,0.06643558751539629,0.24243354199822983
1122,0.07166766389308118,0.24868446588516235
1123,0.070589907430019,0.2566307800492846
1124,0.06765661777970486,0.26173491092552814
1125,0.06701481330178137,0.2583317595503683
1126,0.064210668948472,0.2645349324235044
1127,0.06878299925261572,0.26480925553723383
1128,0.06572645665018033,0.2372121512889862
1129,0.0662431345370255,0.2484031420266419
1130,0.07104517578761231,0.24364763554325677
1131,0.06912436888536863,0.23500981174390717
1132,0.06942994815103691,0.2332257608273872
1133,0.06572915816721611,0.2377535352170617
1134,0.07455882466255796,0.23479750593727394
1135,0.06967029055781233,0.2312411301043398
1136,0.06923596854590085,0.24947440532738702
1137,0.06573490755991977,0.24239284358451837
1138,0.06428907699136059,0.23969591610637822
1139,0.06300477164431025,0.25134012317821797
1140,0.06523955022370008,0.23214101270401388
1141,0.06680936112831858,0.26777842816404235
1142,0.06983676394517709,0.24810302401320977
1143,0.07041884974149384,0.23118624307756735
1144,0.06431415523250673,0.24821133289794275
1145,0.08125913198243705,0.23090402884665587
1146,0.08136407922682606,0.2568798074522114
1147,0.07446429926089775,0.24215780476803767
1148,0.0705902609778078,0.23654803172463462
1149,0.0734044281312995,0.24970604150665732
1150,0.07216171129492291,0.24871601011221273
1151,0.07119714657316231,0.25144061306141374
1152,0.07215187222437751,0.25088571607693094
1153,0.07050700171064016,0.24041854601381416
1154,0.07523613226107487,0.2606308563311297
1155,0.07913428695783728,0.2461285952077175
1156,0.07320532184981164,0.23856744427878157
1157,0.08490542110923986,0.26414761272140014
1158,0.07680794491168849,0.23330068935577133
1159,0.07705317903543475,0.24856673042875782
1160,0.07378232934719936,0.2519354311408554
1161,0.07627986965322853,0.2455795341939257
1162,0.0773320165101,0.25135586896262374
1163,0.07000572965912204,0.24583664530874194
1164,0.06827331135483612,0.2404379933736378
1165,0.0679653472988341,0.23826213046572262
1166,0.06705747541964502,0.240682913601996
1167,0.06658765802482017,0.25004174515492933
1168,0.07091779200206126,0.2611090728924388
1169,0.07146938665674295,0.24330878844087883
1170,0.06801678423762769,0.2637520252463214
1171,0.07116245150211312,0.2489515822707561
1172,0.07087698681770187,0.2677438894198054
1173,0.06620536636990637,0.24628837923881106
1174,0.0686355007667664,0.24220170935891325
1175,0.06755646313995795,0.23947571475703017
1176,0.06618184743351058,0.24218821422871492
1177,0.06976255959362015,0.24407708657938137
1178,0.06759114062091462,0.25538404594014463
1179,0.07121430724896584,0.22935637570264047
1180,0.06522124782578091,0.24739825805849897
1181,0.0676640867696781,0.25074620671887743
1182,0.07808672933650196,0.2542358632561258
1183,0.07136328105247558,0.2502131680012646
1184,0.06837261462570134,0.2532346954657918
1185,0.06944200060421363,0.25092418672969763
1186,0.07381141250182811,0.22139015668690354
1187,0.0812664850729338,0.257994323782156
1188,0.07384902358353886,0.23336454070077503
1189,0.0727317306938999,0.2447953378235487
1190,0.0720943155742827,0.2510070063939369
1191,0.07831813918337935,0.25222912180543244
1192,0.07128956598838918,0.24069733140910776
1193,0.06996540376043558,0.2477000160959729
1194,0.07973192795588259,0.24417956875529803
1195,0.07995005271731313,0.23546749771687023
1196,0.07810117955550663,0.2434486315065159
1197,0.07724908745863981,0.22716542701225234
1198,0.07463157322155055,0.24286105138317385
1199,0.07721785448939729,0.2604554223648289
1200,0.06955454556882978,0.24131356286151068
1201,0.07625815269530267,0.2472281386716324
1202,0.06975835502931946,0.2640209688167823
1203,0.07871567346809204,0.2506555047325024
1204,0.07725357686293155,0.26854848519975977
1205,0.07080949249590997,0.24802058246126749
1206,0.06927406679101307,0.25250484187501415
1207,0.07726114411794004,0.24997939074173905
1208,0.0680039723900924,0.25158491275065525
1209,0.07963442482184946,0.24929058269824
1210,0.07393863616058402,0.25355818352304904
1211,0.07615505791920468,0.24218405536691048
1212,0.07543995734630969,0.26024299101871357
1213,0.06989620724006702,0.23337657777662563
1214,0.06950986392347884,0.2533774897269438
1215,0.06812388107255288,0.24896178900597984
1216,0.07785522074609023,0.2519522369430776
1217,0.06990114657819868,0.2512084337366852
1218,0.06952932980238345,0.2376537938277823
1219,0.06833065106045633,0.2486850507090564
1220,0.06949551582784581,0.2642903737070268
1221,0.07547879042360642,0.24383535801916195
1222,0.07528456071751159,0.25276395848445726
1223,0.0722665509820582,0.2358653266403012
1224,0.06708960758433455,0.25363541840760034
1225,0.06823354544010676,0.2638473030842635
1226,0.07611677964640441,0.23926497995853424
1227,0.07600555076896397,0.24984113619963927
1228,0.07410258425161578,0.27001848889696867
1229,0.07429152163198419,0.2647286841370408
1230,0.07283541016784825,0.2564270674696841
1231,0.08001806303149178,0.238352574221323
1232,0.07333887601854808,0.25565533498698906
1233,0.07155891942014371,0.2437610009260345
1234,0.07800439914646454,0.25887044929994973
1235,0.06804470482858874,0.25377430378419713
1236,0.06514149401943785,0.2538369223475456
1237,0.06837271724391103,0.25330440593617304
1238,0.07232074663136388,0.23155864651191205
1239,0.06709185861200467,0.24816685580744183
1240,0.06556353168585397,0.2507414806792909
1241,0.07674482604372024,0.23211355499904557
1242,0.08164188114314674,0.24587240667644897
1243,0.07636785613172185,0.25817735616425824
1244,0.07678051256483659,0.2472608453012947
1245,0.07497905227437354,0.2428067947053969
1246,0.07414948419996895,0.2513611588561744
1247,0.07531218603720193,0.24994388032228426
1248,0.07035899991846473,0.25380416586061466
1249,0.07910725702636671,0.23110170600781763
1250,0.07929834693128752,0.2368939075068125
1251,0.07245946255860322,0.24023352546575374
1252,0.07048969615465567,0.25760053845127123
1253,0.06452848391612072,0.2364251087408018
1254,0.07725388443279535,0.24208138595547593
1255,0.07280928419347395,0.24313691271501675
1256,0.06835244143414393,0.24816849792287463
1257,0.07125102439638517,0.24222795095733532
1258,0.0720937623593368,0.24800399871995873
1259,0.0692125907573933,0.24833603429241588
1260,0.07854118034299604,0.23305418474931167
1261,0.07360666085566793,0.2578961782176094
1262,0.06777637710976869,0.23958235939866618
1263,0.07159635989943094,0.2446821457461307
1264,0.06921791277807159,0.2581837570906283
1265,0.06850063840959006,0.24472489282675555
1266,0.06394114607202828,0.23695093301827447
1267,0.06480330486494795,0.2436288476625182
1268,0.06125518267876223,0.23882334733517246
1269,0.06481595577340676,0.26295750627392217
1270,0.06237690001819516,0.24794121359225205
1271,0.06961463423525181,0.2902163093475471
1272,0.06604726532273424,0.23891886426392653
1273,0.06931676293599576,0.23544885686839134
1274,0.08010676207212278,0.24362780708343462
1275,0.10220678506377048,0.20706469629118615
1276,0.08704423341890774,0.23308578790877396
1277,0.0776959831515948,0.23887926722902403
1278,0.07942401177079457,0.2380255982466509
1279,0.06990496930491208,0.26386909016914534
1280,0.07276436412487562,0.23660944092243835
1281,0.0697789987651888,0.2789073945921764
1282,0.06972397616912697,0.24370388438304266
1283,0.06975392191052288,0.2980796231661823
1284,0.06814383748535972,0.25923996949031536
1285,0.07234204391759813,0.24350410834290928
1286,0.06572573735170945,0.25792251271487476
1287,0.06600369096157097,0.25436459763680486
1288,0.05969793778052904,0.25877690332052405
1289,0.06280474853760243,0.2642372524305095
1290,0.06183167487700332,0.2746352054234734
1291,0.060976035211394004,0.2472735746275811
1292,0.0631577771712552,0.2635862883133697
1293,0.0664010574203218,0.24743916493908205
1294,0.0955283725003999,0.21634780154341743
1295,0.08342168143107778,0.23806776997066081
1296,0.0799147458396908,0.2554443843270603
1297,0.07531248341620267,0.23953796316283688
1298,0.07549275448055644,0.23481980216383636
1299,0.07484376464589945,0.23289023431246741
1300,0.07683142934246619,0.25051008032303407
1301,0.07200190881477263,0.24611192351594605
1302,0.0749167994990534,0.2446246194772254
1303,0.07348429693147204,0.24323269207600065
1304,0.06892759431816432,0.24297931851973212
1305,0.07092385084127872,0.2403678945954282
1306,0.0691178413878258,0.2541805585486847
1307,0.06868165608187367,0.2469627183294834
1308,0.07484660695369978,0.24221058813551613
1309,0.0681742341689448,0.26784614103853255
1310,0.08332030157229506,0.24683875398229538
1311,0.07447911831165167,0.25891185286723284
1312,0.07418437322653026,0.25077968425021735
1313,0.06811312062287689,0.25133055286075834
1314,0.07387171438393325,0.26514764118911627
1315,0.06623555351058044,0.24351882966314642
1316,0.06379303169952598,0.2619392423328003
1317,0.06886397504987649,0.27527901832770585
1318,0.06689627770157087,0.26475419888370916
1319,0.06974653136405282,0.2585062894568706
1320,0.0736958234661952,0.25713381395304113
1321,0.0745891463898477,0.2687440196187574
1322,0.07316587758448936,0.24285617347498586
1323,0.0806031221229779,0.2427242412453606
1324,0.07698473840120965,0.2503822978613968
1325,0.08290139848557779,0.2551752832673845
1326,0.07258252130545918,0.260894288432628
1327,0.0734866292432959,0.2530504914938955
1328,0.0702013271606357,0.25911659995714825
1329,0.0718873288192994,0.2659854676042284
1330,0.06832821464357444,0.2604704499431421
1331,0.07098295002764926,0.2445839221652289
1332,0.0698044001169148,0.2509477159619929
1333,0.07817769628064823,0.25864533430203457
1334,0.07219379249596058,0.2651890917006591
1335,0.07347871039184113,0.2562772561620949
1336,0.07289366047820053,0.2608116395528753
1337,0.06916783026006437,0.24965893381968476
1338,0.07420485184754345,0.24820703837581745
1339,0.06784411789125816,0.24244820952116697
1340,0.07076652566517207,0.2450241743958086
1341,0.07843931544954914,0.24224603118230226
1342,0.07219508170315944,0.24572846558607908
1343,0.0761694848668157,0.24743338467035078
1344,0.06900374622628055,0.24465205972281315
1345,0.07063874223720011,0.24562171581469683
1346,0.07609206981452785,0.2511916083836914
1347,0.06761483099535667,0.24536212909042387
1348,0.07215787340095617,0.25770910293386695
1349,0.07934261948094332,0.24550978874876386
1350,0.07026058364015325,0.25608368671702264
1351,0.06607248883386303,0.2532578156444064
1352,0.06576746337601266,0.25195925742537156
1353,0.06373686556305204,0.2471067295374727
1354,0.07297874983857598,0.2634890520184261
1355,0.06830173742520929,0.24068788263507954
1356,0.0665978065652208,0.2587159786345367
1357,0.06694110038977369,0.26456397486136374
1358,0.06555088151965224,0.24455401232293375
1359,0.06512476784412873,0.27197554561876713
1360,0.06372048808518507,0.23970943952637508
1361,0.06339703203134593,0.24582789597430624
1362,0.06477265439946252,0.24136189692525337
1363,0.0657353626382082,0.24517011775035308
1364,0.06618477849471838,0.26332076327095655
1365,0.0633437365181464,0.2636043297355635
1366,0.06191225193982435,0.24929983753309512
1367,0.06441175024069491,0.2722807425380052
1368,0.06362320161086127,0.24370060502586507
1369,0.07441794908696547,0.25418642702930255
1370,0.06771365686653551,0.25261711611186055
1371,0.06495221089898494,0.24868348543357133
1372,0.0653392789479261,0.262400787071626
1373,0.07198327160755494,0.26301372611433044
1374,0.06682757435735305,0.24716865801646895
1375,0.06285605927401766,0.23447624476332413
1376,0.0654110959626006,0.25565485969970103
1377,0.0667894980438371,0.24809888907169042
1378,0.06648650511931208,0.26362368173169015
1379,0.06648627126631432,0.255625072483879
1380,0.06442220227087948,0.249478168916284
1381,0.06362818028861866,0.2417586715821933
1382,0.0685318577847908,0.2627022374318656
1383,0.06799636840269455,0.2490150698817762
1384,0.06906911551971036,0.24135598107089376
1385,0.06390370569544329,0.2497234859114004
1386,0.0650888793497232,0.24549395555541628
1387,0.06291192899315727,0.2601112450722764
1388,0.06485880369829354,0.24236031875649192
1389,0.06024944565648722,0.23959805883635255
1390,0.06875421692684927,0.24551463304531007
1391,0.06768766387522146,0.2682487281006679
1392,0.062118768397914734,0.2519445959712031
1393,0.06581933665693852,0.2658726838148925
1394,0.06788209196936368,0.2396576966446145
1395,0.06677955260645028,0.2409288825322512
1396,0.06970865803684358,0.2522315303783369
1397,0.07042547277546019,0.23632908625560894
1398,0.06761539390399343,0.25745505430644616
1399,0.06904221365793158,0.25022582806889576
1400,0.06649222871974896,0.2533800497763139
1401,0.06787803113918033,0.24786130019596644
1402,0.06795980592718101,0.24601720617080391
1403,0.06533277491784484,0.24229076133111963
1404,0.0688512639835813,0.24416810910878026
1405,0.08030963824935873,0.23913069159016573
1406,0.07906869391824368,0.24637205166774884
1407,0.0702326195898062,0.24274980403800359
1408,0.07276217383624319,0.25234909092349217
1409,0.0687865062376349,0.25462584091084345
1410,0.0677024453439584,0.246461050925697
1411,0.06477389310983787,0.2517581267800546
1412,0.06640084085514522,0.24794523686842812
1413,0.06813858002237509,0.25290006569080187
1414,0.0649692908975116,0.2577120210966072
1415,0.06419583677517292,0.2622285857423206
1416,0.06347753240127013,0.24660532658261464
1417,0.06759787451027703,0.27195454164779276
1418,0.06927682956876724,0.24688704113912463
1419,0.06873428454169803,0.2567503130749652
1420,0.0717260010895275,0.2557993801614097
1421,0.0657591807158818,0.24566101441556648
1422,0.062321511484719906,0.2648953058217701
1423,0.06535756883484528,0.252597236581016
1424,0.0619977022985692,0.23907415770498433
1425,0.06169865699368237,0.2591988432377502
1426,0.05992543321093521,0.2425726740469311
1427,0.06590766718559771,0.24271609759270996
1428,0.06008444777818252,0.25069324326769155
1429,0.06286378811232578,0.2395308250024504
1430,0.06680199944701298,0.2454976425284431
1431,0.06740212965672626,0.23909492133404678
1432,0.06835896476991195,0.2523923106771663
1433,0.07252640262675614,0.254318449916995
1434,0.07220442720541828,0.23369959807186796
1435,0.06841036152178631,0.2516750569331616
1436,0.0673182822651881,0.2683261811061013
1437,0.06872817738107721,0.24272694171670087
1438,0.06578064238171753,0.26296835256399664
1439,0.08218137935308137,0.26150288445907727
1440,0.07089325593303618,0.2590217020427972
1441,0.06259717950527381,0.2462053189338897
1442,0.063524174338258,0.24590140392532325
1443,0.06626086891687155,0.27841767065581824
1444,0.06160897017458925,0.2436895163024876
1445,0.0637162571030676,0.25998872417704505
1446,0.06120317692128489,0.2497456713315837
1447,0.06195788371159618,0.2512485721057519
1448,0.06649186601745605,0.25076730170270856
1449,0.06746533802502735,0.2445785142761424
1450,0.07245071803483374,0.2505546305001828
1451,0.06449734484473416,0.25358576398520244
1452,0.06772464308374208,0.2521741904673122
1453,0.0649064958695425,0.2469826649715727
1454,0.06116580569131631,0.27306309945526575
1455,0.06365886395493695,0.2649264356546235
1456,0.06521124237294036,0.2540984599662006
1457,0.06422661519831135,0.2456932356371019
1458,0.06724963231212962,0.24899131998905263
1459,0.06400702336807747,0.27940730242651507
1460,0.06466709127775709,0.24416794756749519
1461,0.06105844338977695,0.24754079984020172
1462,0.06383882154871647,0.2502914333440606
1463,0.06782711270197592,0.2434419888750951
1464,0.06253231795303953,0.2409961375414877
1465,0.0608717969590728,0.2646145314575736
1466,0.061586499811712665,0.2515862270965612
1467,0.0674403662837687,0.24451548804092527
1468,0.06108034585128751,0.2454494303629213
1469,0.06303119369523418,0.25689979855503353
1470,0.06358227798981327,0.26377297995756743
1471,0.06199962849773112,0.24926075432682993
1472,0.06017316511848517,0.25319175806858185
1473,0.06337900259497023,0.25197881180092807
1474,0.061976075130409765,0.25448994224606303
1475,0.06506573024642348,0.260333326768905
1476,0.06216517751359551,0.2713342048321153
1477,0.06335118242112317,0.25137261512285486
1478,0.0630505278958638,0.2640353293533911
1479,0.06182460400525639,0.24162432138707704
1480,0.06647176226895106,0.24447985161516003
1481,0.061787519249178115,0.25926048766102705
1482,0.06151202343927141,0.24920732363647685
1483,0.057531765389039105,0.23475892933314307
1484,0.06274343140068508,0.2538511677456081
1485,0.061279985362799244,0.24334525432727092
1486,0.06576152741768979,0.2396998116583155
1487,0.0655261407020434,0.25307777045962204
1488,0.05987891968909212,0.24400814919543445
1489,0.06069041768504414,0.27743936679267645
1490,0.06253041342871829,0.2453325962026914
1491,0.06130222195670718,0.25572869762367473
1492,0.05875892732712559,0.25939827347010896
1493,0.061262914304035646,0.24723392084502338
1494,0.06195919738760344,0.24529569668877393
1495,0.06450998950236124,0.25786945401203065
1496,0.06316208265217624,0.24152456660916036
1497,0.060235656415086644,0.2561887565038557
1498,0.06058017257367609,0.23786014699398128
1499,0.0639326009983407,0.23569330100651673
1500,0.061211848482116124,0.24818493259655205
1501,0.06155144182596365,0.2518627548912414
1502,0.060458393612255655,0.23618380475163758
1503,0.06224611904332064,0.23923881004627487
1504,0.05959798968898922,0.22844561822432324
1505,0.06595334506834061,0.24931394140747257
1506,0.06201926195867976,0.23868850200322636
1507,0.0640638889418098,0.2512410768403445
1508,0.05913150358599678,0.2371545008063914
1509,0.06565818454799496,0.2383033029529684
1510,0.06162132896520291,0.24661678561291897
1511,0.06571661179563157,0.2528370088689907
1512,0.058733609497995304,0.2462213786136835
1513,0.05961851225255575,0.25606728651395116
1514,0.05761808156967163,0.24579760077453794
1515,0.06387108774916421,0.2435744171565338
1516,0.0603645081890929,0.24098585008230425
1517,0.0637000403962189,0.24224530151090526
1518,0.06577237436365813,0.24889226888952995
1519,0.0622207348078564,0.2404554495424555
1520,0.06440949037596397,0.23914561418811778
1521,0.06423604599944781,0.251510863876283
1522,0.06542008337949899,0.2440424159281236
1523,0.06195944999543049,0.2515836499799463
1524,0.063708890220127,0.24854315453229991
1525,0.060895919377325025,0.23827175676523893
1526,0.06011979112443619,0.2570804675532164
1527,0.06351300502630104,0.2563305576343584
1528,0.06247176873710072,0.2414504214374344
1529,0.06085482230153224,0.2522674667319857
1530,0.060403057847890934,0.25858748306457263
1531,0.06249452140975865,0.2652938390398085
1532,0.05920239964868864,0.25369963494309206
1533,0.0585040170419261,0.2406098389797342
1534,0.062061472121336704,0.26114587709867865
1535,0.06282950666520679,0.25660942881403115
1536,0.0601720295398307,0.2513578904041073
1537,0.0615066413704614,0.2684855109505486
1538,0.06280514112391268,0.25499109477551657
1539,0.060135290876292345,0.250616748866282
1540,0.05992261263399495,0.2401882439179528
1541,0.06210099512192988,0.25304993671507464
1542,0.06034951095462294,0.23845867334601276
1543,0.06112996573772347,0.2519362243942748
1544,0.0652266285641301,0.2537661303292241
1545,0.06399776658187982,0.2467120974546387
1546,0.06774689595828902,0.2630765461981446
1547,0.05894484705662817,0.247240958936083
1548,0.06771001182403182,0.2553672112879299
1549,0.06495862716066658,0.253152285116657
1550,0.06423105909617473,0.2399152473623591
1551,0.06461478688084242,0.2578141178590313
1552,0.06044870610804038,0.2290489870989532
1553,0.0641127025853273,0.2707761022306624
1554,0.06464436706762415,0.26770162468491343
1555,0.0629545759951187,0.25744712608574627
1556,0.060661377002459424,0.25146015548616424
1557,0.057660679965464395,0.2569720808201864
1558,0.06004275273260915,0.25747841163386676
1559,0.060602626471516485,0.2659059797686742
1560,0.06508582456499562,0.2482666578097152
1561,0.06379428348342951,0.2564449212268779
1562,0.0642369398777198,0.23796949487058142
1563,0.06274242250991047,0.24783316691567128
1564,0.06468584786232252,0.24397362848944532
1565,0.06345320519825495,0.24445822571677372
1566,0.06466262156895378,0.26639144776160256
1567,0.06369987078113738,0.2563791448497832
1568,0.061130567624193985,0.2411207794807011
1569,0.06250206248503282,0.25068442034243343
1570,0.06221407814357514,0.2504935469431686
1571,0.06285791735358555,0.2661906028899334
1572,0.06167974514900742,0.24877297220971054
1573,0.0607162752844636,0.26652355826364127
1574,0.06221266011042254,0.2453628663431134
1575,0.06467175433052737,0.2680421481865988
1576,0.06149160672903509,0.25318850136191623
1577,0.05799833109560318,0.2522458737543352
1578,0.061499174198784624,0.24197186341037727
1579,0.060769887370311824,0.2560924325969285
1580,0.06185428195056461,0.26817694735855685
1581,0.06026655571409186,0.25798563823514714
1582,0.059902138270456394,0.26417994510410425
1583,0.059728841042907016,0.26232935378052535
1584,0.06131328999958839,0.26636993576933565
1585,0.06151748835611015,0.24997673148200625
1586,0.05918793671094535,0.2324522848154668
1587,0.06269700837818752,0.24493237782764554
1588,0.059470971350681814,0.2553366189799213
1589,0.05926759462140706,0.2877299111887327
1590,0.058660972214544325,0.2615779552207256
1591,0.05981696178823859,0.24581360852434522
1592,0.06412106759398055,0.2589288349625162
1593,0.0633817359917146,0.23301468989380023
1594,0.0587429275460784,0.25287217465707834
1595,0.06574197304913573,0.2517647346234262
1596,0.07012398402325641,0.2508406411473614
1597,0.06984771505689114,0.2515221680876306
1598,0.06570839759237822,0.2462431299955325
1599,0.06586512887761706,0.2658607166512568
1600,0.06338184006409463,0.249647783474964
1601,0.06352184515185001,0.2475363432165973
1602,0.06429305457437695,0.2636177194745917
1603,0.06155863710980218,0.24598419938918045
1604,0.05828973975378021,0.25843492286620584
1605,0.061756552248390245,0.2648871095295538
1606,0.06017260105444823,0.2507779747994621
1607,0.06280963542056561,0.25308127708751754
1608,0.06600238572348628,0.2431234767039617
1609,0.07222270679877217,0.25206137465355094
1610,0.06829603981310711,0.26307161072068347
1611,0.06659408553706524,0.2515879087990388
1612,0.06562657064797922,0.2699880424821586
1613,0.06331091036641956,0.26898784218426036
1614,0.057060439821173974,0.24678825775632882
1615,0.061358679674173654,0.2452375893866209
1616,0.059048642504745556,0.2620526687020347
1617,0.060984623914859946,0.2624184046883631
1618,0.05881979531564173,0.2397173265354675
1619,0.06070500344649555,0.26735233093488187
1620,0.057114461973720325,0.2577089631654565
1621,0.06027923118705887,0.2583633106304589
1622,0.058033418115741926,0.2410585889616108
1623,0.07187393839403353,0.26150858417190703
1624,0.06367855012080723,0.23943305846518442
1625,0.06461489269916053,0.22903638954897573
1626,0.05953525686006349,0.24084504366966716
1627,0.05786958069570904,0.25113598556073385
1628,0.05694242758690415,0.26374196787749915
1629,0.058299272057406586,0.2622690031066873
1630,0.06427616301345124,0.26644894286504667
1631,0.0650283425280773,0.2499550035162677
1632,0.06099819707191715,0.23954911137882032
1633,0.060706208109911675,0.23770176204747723
1634,0.060231345759373264,0.2545246647152686
1635,0.06081215411723407,0.24789378474604218
1636,0.05880579725141289,0.25881355894463404
1637,0.06051500656532315,0.2530103470000408
1638,0.05932443402007334,0.24624999849718615
1639,0.05720997276134733,0.25407328544403973
1640,0.06079260583845595,0.2697092614190322
1641,0.06106831115626153,0.24965925040400416
1642,0.05924429273919055,0.2538000128995207
1643,0.05944442959563027,0.2531817682591596
1644,0.06602011851961713,0.2641308617061541
1645,0.0699654558771535,0.24227835273458845
1646,0.07009321823249336,0.25568437391429916
1647,0.05976016976798238,0.25551961735824597
1648,0.057017649428214044,0.25070205821952124
1649,0.058571445195466504,0.25675693880719946
1650,0.05787203633191442,0.2522536324603217
1651,0.05967880190259084,0.24462414334964633
1652,0.062358902078728774,0.25666204227466033
1653,0.06129415296158172,0.2537017233090891
1654,0.06490900834793584,0.2563075372263005
1655,0.061844166153505034,0.2568957018000739
1656,0.061571494468434115,0.2374186133569046
1657,0.06074781035700986,0.27478093019030747
1658,0.05821116721691718,0.25306267739462673
1659,0.06074588499580484,0.23768451501776403
1660,0.06539070102173769,0.26148764421243714
1661,0.06188432327973514,0.24367066080632963
1662,0.06200042640542924,0.24436182887258387
1663,0.057305760448215004,0.24815063247629873
1664,0.05600057496341473,0.24688398149004556
1665,0.059230492550664975,0.258680148362964
1666,0.06216707412517609,0.26839271802128406
1667,0.057698528023254606,0.25437981965846584
1668,0.05702363385032293,0.23864743615825074
1669,0.05833587164810875,0.2597306730193004
1670,0.05653175701128137,0.2421508850646497
1671,0.06011093088558742,0.25900160737877204
1672,0.061653810667625646,0.24743751135834477
1673,0.06218432775117401,0.24989126167052372
1674,0.0586903550706449,0.2433072168725475
1675,0.05928515719908072,0.256414219046147
1676,0.055832139769555034,0.23534484820108964
1677,0.06353388674893326,0.2613352455740286
1678,0.060230295685000886,0.2461453925510098
1679,0.05771390749911841,0.24682033433576575
1680,0.05495540875203926,0.23956234411413507
1681,0.057764095510998016,0.23709113139631158
1682,0.05983387419305051,0.2741008089822635
1683,0.05687395782025536,0.24125381534858456
1684,0.06098317037007414,0.24494590251741552
1685,0.05786769360042455,0.261825544773636
1686,0.05711033923976254,0.24341968788688345
1687,0.05705354243218152,0.25515992453970704
1688,0.06152905731048799,0.24602203302664266
1689,0.05554601418223223,0.24299030429812005
1690,0.05889132725340979,0.24841019180708362
1691,0.055210327843955735,0.24084038391970752
1692,0.06066135941703517,0.25674646782845184
1693,0.059107136049011445,0.24904482352330273
1694,0.05725177820949327,0.2550971078357302
1695,0.05701541886163086,0.25571389027630775
1696,0.057652811312063,0.24248685680311127
1697,0.057639115193583314,0.25403833682450433
1698,0.05849376814276503,0.2431379372912242
1699,0.062286478686694964,0.26746360053842827
1700,0.058861842033520975,0.25717284733938395
1701,0.06060346300459297,0.26539568877533865
1702,0.05586069008629573,0.24412819646056136
1703,0.05572489408173956,0.24748320069005317
1704,0.061864145758344716,0.25468234064286216
1705,0.05770344225068887,0.24588446093158314
1706,0.05805841554656513,0.2342061923074543
1707,0.06071681432183225,0.27089248995359677
1708,0.05938693876366567,0.2450956861700928
1709,0.05676874770715198,0.24528524630649345
1710,0.05568736729055718,0.2370064232806514
1711,0.054833490284799336,0.2693951153814942
1712,0.05721132659392996,0.26511060313921525
1713,0.058977463562741764,0.24557676143888243
1714,0.057537999965792015,0.24195455042715358
1715,0.05796016903505439,0.2719910902561699
1716,0.05580502516942514,0.23727131001931384
1717,0.05751958374111425,0.2483323315779368
1718,0.05786203482844178,0.24521613940783313
1719,0.05657247797046837,0.25104591242950364
1720,0.0567038144570843,0.24707449296662085
1721,0.0605784368731623,0.2588149987366564
1722,0.059491793979846296,0.2453196130151438
1723,0.05937468320747515,0.24879512842511176
1724,0.057312056884393656,0.23976242710325055
1725,0.056786706269646346,0.23877288991197906
1726,0.05686539427416964,0.2536291169156705
1727,0.058116651684008445,0.23665232330859454
1728,0.05754854343598125,0.2411266839071025
1729,0.05770679353677988,0.2592349975442229
1730,0.0589719531861575,0.2429510824251593
1731,0.059811891502418314,0.27987436948339445
1732,0.06218735285262043,0.2567246296912208
1733,0.05856171011794032,0.24337621828667202
1734,0.057020324625467,0.24787304485053346
1735,0.05671297896532038,0.24725810460802308
1736,0.055971649865197357,0.2568763419425577
1737,0.057689817304860676,0.24948417397220632
1738,0.0635565635246367,0.2298360338485928
1739,0.07143005122778409,0.2321663657786852
1740,0.06923878477433495,0.2653771577248896
1741,0.0610840287792466,0.2542211342238842
1742,0.060313674324848,0.23446011530202732
1743,0.06657450677906361,0.24778314255980918
1744,0.06874411449975387,0.27019595782410233
1745,0.06764347513526081,0.23235445101757096
1746,0.0670798144496996,0.2470978996097892
1747,0.06773620458987348,0.25280634999125823
1748,0.06275140297106632,0.24453263565487132
1749,0.06385416709316105,0.2526023156922264
1750,0.0614615736347168,0.25197347395476843
1751,0.06346595666854453,0.27954688474050443
1752,0.06831958083748668,0.2572037359900343
1753,0.06386435501520198,0.24188959704978125
1754,0.06059344503141585,0.24468292273525008
1755,0.06758000514934535,0.2506928455672766
1756,0.062413190358451436,0.27093104605462615
1757,0.06318895020440482,0.2315154367483648
1758,0.06293212924442046,0.24244566065700432
1759,0.058667035425609367,0.24713809870388873
1760,0.06031456963161478,0.26441653104578344
1761,0.06231075642457731,0.24373078082961247
1762,0.06205795277703675,0.23680103984766437
1763,0.06236250153310914,0.2304052827987157
1764,0.06165624942098345,0.27431152643341766
1765,0.06316673135230864,0.24875872714776442
1766,0.057628062121887556,0.2510986405805239
1767,0.05587732734947575,0.23968384424247838
1768,0.05907815891577113,0.22629218208685256
1769,0.05900951273235163,0.26773845391315326
1770,0.06025359077719892,0.2602655478288655
1771,0.05586525993445015,0.23614177615720228
1772,0.05880944298949083,0.2394021529153475
1773,0.058558393141399497,0.2451816882219231
1774,0.06671808778604768,0.2600436866432802
1775,0.06832244658940717,0.23493849375941103
1776,0.06715539748077853,0.26416785783486857
1777,0.06652137672383908,0.2554152553765696
1778,0.06549205236080893,0.23300121085984365
1779,0.06956191316601776,0.2532695289841272
1780,0.06419580956841621,0.24323652966652898
1781,0.0672028057398578,0.24481904995919468
1782,0.06661786101198286,0.2511929370145451
1783,0.0640016644352809,0.24862634876094067
1784,0.0676187401343333,0.2464455129172569
1785,0.06565223299993907,0.23765704196347928
1786,0.06481434407417562,0.2440612809102338
1787,0.064731280242366,0.2520190181962231
1788,0.06344621646028936,0.2625802035133044
1789,0.06416802801994752,0.25213697252043504
1790,0.0645432661574586,0.2446230999695926
1791,0.06296465649762026,0.2605614313542992
1792,0.060089077753829476,0.23333483090376794
1793,0.06570901061620629,0.25662611131754737
1794,0.06320348022071491,0.2512256577797701
1795,0.05842218416413866,0.25060215558772697
1796,0.059697850474289486,0.23500801023459972
1797,0.07662640101647467,0.24722732558734434
1798,0.071059542775789,0.25586683316188946
1799,0.06628733363590743,0.23748662354503958
1800,0.0614625408307166,0.24654853052662729
1801,0.0611087876514422,0.24793044156523278
1802,0.06031475775877485,0.25383648941092624
1803,0.05711002391121142,0.25805747471656415
1804,0.05665631271796044,0.253326013852331
1805,0.056531158763737904,0.24077647537889338
1806,0.058593587842501495,0.25930091828331914
1807,0.061964252160717374,0.24879418862493416
1808,0.05841387040390257,0.25665091237702164
1809,0.056689081599184295,0.23518367369372145
1810,0.0592469392615116,0.254254096563448
1811,0.05807593290024159,0.24764493070449448
1812,0.06012902987238608,0.2572929681206407
1813,0.05904196995896355,0.2572199418244505
1814,0.06102080579454962,0.2731586374286422
1815,0.060652391961717365,0.25143961892241523
1816,0.056488897065564356,0.24863164110067196
1817,0.05624488243053581,0.26406726551085785
1818,0.0556382876272339,0.26417758328872815
1819,0.05846906982287578,0.2453247973868124
1820,0.062291738409128855,0.2660227014045966
1821,0.06430950416788869,0.27081344500744253
1822,0.06225137975076237,0.25638689423787564
1823,0.0565642304695153,0.25054172954911874
1824,0.0666396102464214,0.2621941598958539
1825,0.0732955745932527,0.26184352158678503
1826,0.06538102140925582,0.26980662691339213
1827,0.06185805663597165,0.25684475484199093
1828,0.06484924712426082,0.23425830198559247
1829,0.06624510657639805,0.23926439982159695
1830,0.05847273958394103,0.26080786858809024
1831,0.053977738995861294,0.26289228590807523
1832,0.05899522186520703,0.2742887970835045
1833,0.05949585831357647,0.23688994467557223
1834,0.059581140313008076,0.2787063273608236
1835,0.061005967757886366,0.26194260753037635
1836,0.05288818868852797,0.25226786204223944
1837,0.058680731602442596,0.24738183641866932
1838,0.05529404126742579,0.27241252909850955
1839,0.05371068282178918,0.2487637695289196
1840,0.055033724460946884,0.2580786179331012
1841,0.05524523890948385,0.24204356064623161
1842,0.05536619056585737,0.29255467750374836
1843,0.06058780602961405,0.26083956543066744
1844,0.05606360109359549,0.2729059999673289
1845,0.054585365228410954,0.25293700383943424
1846,0.056969149967184045,0.2510924355913523
1847,0.05768773258946145,0.2787115711877519
1848,0.055691559999751714,0.23734820367100842
1849,0.05640080118467821,0.2941626895938003
1850,0.05698375360932864,0.2755329731973192
1851,0.05507596558132641,0.274404875934124
1852,0.05680896748875018,0.23984149436380034
1853,0.057110816361686044,0.25790466246823024
1854,0.05354133833965338,0.2565777630995688
1855,0.05703069800440978,0.24511925164694176
1856,0.0554723222238154,0.28777559329393815
1857,0.056476550816294546,0.24350495255531224
1858,0.05836226578269686,0.28431420058086704
1859,0.057109169783374124,0.2509237817280872
1860,0.05514053068588252,0.2472122358274938
1861,0.05575283950096682,0.23290617528714633
1862,0.05951454986194919,0.24969230984386645
1863,0.05610858850218449,0.26286435265439495
1864,0.058719657454873085,0.24904504263386093
1865,0.060316382671582666,0.2501868575363231
1866,0.05949589323934009,0.2623535608289236
1867,0.05822959160642292,0.25570183435926463
1868,0.06019762649964121,0.27263188864428894
1869,0.05835694109176036,0.2579690283701235
1870,0.05708779609134248,0.26128192920060384
1871,0.057197977027816135,0.23833204436122923
1872,0.05551902699473321,0.2589082721443403
1873,0.055626793431916406,0.2631167642641486
1874,0.05547946333455711,0.2668164136042272
1875,0.056226667483572974,0.23460449360516436
1876,0.056402968886987606,0.2784529197074118
1877,0.0547198843547052,0.2537825042405224
1878,0.05944653984654069,0.2554154356470084
1879,0.05896757311773554,0.2704932063556554
1880,0.05591412612416765,0.2903698256477377
1881,0.057492439198613465,0.289033928573281
1882,0.05875244394252847,0.26022261018890486
1883,0.05537225186992857,0.26151855747427855
1884,0.05329175593849635,0.24464027802074761
1885,0.059381363549290744,0.25773484192620544
1886,0.062204035003681234,0.2805830605869604
1887,0.06263342852188382,0.2665036156736221
1888,0.05623533961626895,0.24039798424133382
1889,0.053816534886906915,0.2365703582763672
1890,0.055082962157340126,0.2517254610445565
1891,0.05470860923143258,0.24629796225400197
1892,0.05714509650635391,0.26222593820931617
1893,0.05638470479233522,0.2546063554204795
1894,0.05533912784669707,0.24257744251187882
1895,0.058454663119276516,0.2488506766302245
1896,0.05569269519327279,0.2675957440172222
1897,0.05512573517028028,0.251639190809171
1898,0.057570495346285645,0.25244345848348204
1899,0.05284616461765945,0.26461531023931384
1900,0.05832968870257226,0.24361647101571984
1901,0.05787005163682508,0.2643643070507169
1902,0.056271777551313094,0.25268329560457914
1903,0.055991027971034064,0.2505570799859245
1904,0.05567405950091312,0.2496067410274257
1905,0.05635635980071131,0.24774143874719926
1906,0.05789754443561523,0.2467301817316758
1907,0.05658495095663501,0.2448228480000245
1908,0.05882156925056513,0.2460733837539092
1909,0.05273801069543289,0.2540724100848487
1910,0.06279585165506169,0.24942902098398162
1911,0.05907049386955816,0.25967631546925185
1912,0.05804374520398471,0.24562191625212068
1913,0.05511554863705372,0.25448081913149745
1914,0.05601449648529889,0.2616074082808088
1915,0.0570270962812436,0.25326047839601534
1916,0.05544303961560354,0.26211788331655633
1917,0.05330470563811168,0.25492478193794577
1918,0.05382044880854008,0.24209046498277134
1919,0.0546315263228533,0.25001726383553413
1920,0.05235508337784979,0.2616917844815063
1921,0.05283540134834018,0.23159231202569522
1922,0.06345491459649197,0.24363035874856742
1923,0.06027740480046822,0.24899293247022128
1924,0.05977101853224717,0.25463686134656865
1925,0.061101409107129225,0.2625078832483232
1926,0.05585706719012936,0.2465079322942815
1927,0.054920558527083996,0.2668364192907673
1928,0.055898160101813185,0.244675259859789
1929,0.0551899814404043,0.24990522900694295
1930,0.05781030795189148,0.2531741214239209
1931,0.06089097344524281,0.2630318746082765
1932,0.057787967318281494,0.2590101623818988
1933,0.055195166762068607,0.23076236453420834
1934,0.06042717956239941,0.2645042473100182
1935,0.06213970196417026,0.2877378561592341
1936,0.0600602569824136,0.24969759932660818
1937,0.05757846451483499,0.24882552406766958
1938,0.05868659912139401,0.2652930137059444
1939,0.058184522565893064,0.24982345856744842
1940,0.05697868157523617,0.2600974906095885
1941,0.06109077050198887,0.23660907195997716
1942,0.06007273489361942,0.2653916899049491
1943,0.05450222206612428,0.2410552103007049
1944,0.05844529326258222,0.2587638847100406
1945,0.057097683303562324,0.24788818949072583
1946,0.055174721568300014,0.23904824221418017
1947,0.057973791833472135,0.26077102111619815
1948,0.05772669856345519,0.2460286452021814
1949,0.060222690122057325,0.2603115116183023
1950,0.05732708026008461,0.26439752136555533
1951,0.05965515121789579,0.26907885563851597
1952,0.05597784086352303,0.278299251725351
1953,0.049198785591357035,0.25140032487779035
1954,0.0627312115591981,0.24154085077737508
1955,0.05230958125831788,0.2508346108640346
1956,0.05397707537367454,0.2727504183624621
1957,0.05663696260081796,0.27100078197648947
1958,0.0531881345403299,0.25391666598636703
1959,0.05156577469776373,0.2866118670742315
1960,0.05270089467702653,0.24028498100532325
1961,0.055658265372929644,0.25723806951652495
1962,0.053704695152889066,0.25516031660083544
1963,0.057182000823935174,0.3004917633862125
1964,0.05200991905609468,0.24485336072313457
1965,0.0546238197149116,0.2588222667126727
1966,0.05645919913299998,0.2690155936736511
1967,0.05484112847904514,0.24893116306765636
1968,0.05704000727611974,0.2894551987411982
1969,0.04990971479845002,0.26434098090743063
1970,0.05909371567904053,0.27736615051601765
1971,0.06100237660838249,0.28574932682185544
1972,0.05899520678665106,0.2800014326745705
1973,0.05625488771064987,0.24353172019460148
1974,0.057214292195767985,0.2883698045833965
1975,0.05503137795053852,0.27397640443460686
1976,0.05357079574124033,0.2468829531605381
1977,0.0539689185121155,0.3002738236335286
1978,0.06879795579832598,0.26065873664647415
1979,0.05775677771272516,0.25625741388415335
1980,0.05426732558327585,0.2640309768698568
1981,0.05594266002488913,0.2655968121007869
1982,0.057201559036820754,0.2512093074152942
1983,0.05752728589551341,0.26368049070948646
1984,0.055998449630447124,0.2945191603443378
1985,0.0542939885619813,0.2731368481776768
1986,0.0538331370445944,0.2693647479727155
1987,0.054380513244497594,0.2860587360640815
1988,0.05386788602731655,0.24318111566523262
1989,0.05314824493009046,0.2822177471373613
1990,0.054653462937526535,0.23861762403246753
1991,0.05849605890219672,0.24840635190108665
1992,0.05331533186062984,0.2775447644797483
1993,0.055785670871834704,0.24113615452869794
1994,0.05531184271883621,0.246212447757709
1995,0.05433025586892638,0.2776036398639356
1996,0.05343143074985659,0.274072570702934
1997,0.05538848385140113,0.25310150149248
1998,0.05820433165467249,0.27146568401415544
1999,0.053213017159386686,0.269237435476523
2000,0.053547362110724576,0.2944136409271032
2001,0.04936887826163667,0.2523324987232536
2002,0.06144397402354948,0.2484151398142179
2003,0.053363465662009286,0.309635693846938
2004,0.053092553614076214,0.2492443442269973
2005,0.05401711047330596,0.24398716066714218
2006,0.05457351245172789,0.2917533774386373
2007,0.053022623048128936,0.25245500311143415
2008,0.05283234192567287,0.2932596579007338
2009,0.056906746389965214,0.2799027746631986
2010,0.05346847416361546,0.2839604756026937
2011,0.054625560158401504,0.24271152032198465
2012,0.05837500102019736,0.24610171594043126
2013,0.05670527756718317,0.2538260972701517
2014,0.05202679899999671,0.23943062163982773
2015,0.0550070077141182,0.24679797443381526
2016,0.05456706544473058,0.2744205246369044
2017,0.054237709574420055,0.2630259177103676
2018,0.05435135812477622,0.23803889314482982
2019,0.054357268343350494,0.2501383437063162
2020,0.057563852756879384,0.2528412084195548
2021,0.05330372826291953,0.2602870984745205
2022,0.052896718566952494,0.283489326841401
2023,0.05299100612189835,0.252653910253281
2024,0.05589064059167503,0.24120389881140009
2025,0.05234103859227179,0.26549840526174484
2026,0.05369542472363265,0.2355925751322493
2027,0.05823924970395284,0.30590148787375976
2028,0.05479396354024273,0.24549477975021927
2029,0.0519331875618986,0.26805138498320613
2030,0.05448706064345245,0.2696401946115912
2031,0.057204165772527904,0.25971795523301106
2032,0.06254725497131958,0.2745316522125911
2033,0.05502387093739551,0.24737952203305444
2034,0.059893282326428515,0.2750371203087924
2035,0.056841468825973664,0.27254201727627514
2036,0.054420598710240575,0.2769551685355361
2037,0.05362106213360129,0.28504757723189833
2038,0.05164297644683816,0.23748393974880824
2039,0.05316119028586792,0.2941372607435499
2040,0.05493506623016563,0.2997004459787132
2041,0.0517633892595768,0.2436861063827548
2042,0.052986377448702514,0.26970531737296505
2043,0.05445534376226795,0.27951007108565856
2044,0.0579851452006788,0.2917212279032645
2045,0.04937184105316798,0.25688859039828893
2046,0.05251971090487893,0.291258067322106
2047,0.050043363170814995,0.24432423623059327
2048,0.05673026882886961,0.2473337364600117
2049,0.05435940324046409,0.2573760083332695
2050,0.05713868492229242,0.26771797424644456
2051,0.05385039666000016,0.28317914018057344
2052,0.0539629979171139,0.25824027958519774
2053,0.05101931825709671,0.31571112279978614
2054,0.05270294057564777,0.2366295882633754
2055,0.05378244507282898,0.2975236165120189
2056,0.051064395570992155,0.2467023255793672
2057,0.05282845145749642,0.2840297606430556
2058,0.05260470728471614,0.24231682727136708
2059,0.05726686844084048,0.26745866545310293
2060,0.04971567065429344,0.2717393279112969
2061,0.05538509850784725,0.2607494922434178
2062,0.0556437281732982,0.233748149042739
2063,0.06043151755791559,0.22694123700671925
2064,0.06110369951760672,0.22692060259574637
2065,0.05820026227219362,0.23891549503295345
2066,0.05659816000974716,0.22929453564093524
2067,0.055446825734804146,0.23921776809414527
2068,0.05672169460641934,0.2375546060035701
2069,0.05778725412592553,0.24098437159954755
2070,0.054115351812358485,0.24019574881869749
2071,0.055534343996124905,0.25019805363022296
2072,0.05199840856029799,0.23506928883250197
2073,0.059902294090759936,0.23223211414607844
2074,0.06283310428495172,0.2561063871609238
2075,0.0629316327047714,0.23101360365785753
2076,0.05818141671131017,0.23154915945795843
2077,0.057451980779026836,0.22771863254688138
2078,0.05892511180609016,0.23164349723429906
2079,0.05748117018612405,0.24324476832808709
2080,0.05395184287143157,0.2395080243211641
2081,0.059801064749110615,0.24726487505704836
2082,0.05286558448479401,0.2597075667148246
2083,0.05520043497144205,0.23520508270365253
2084,0.05691136628445378,0.24846260946122625
2085,0.05718076867483239,0.24969082775719484
2086,0.0568684482372793,0.2569584626713791
2087,0.05179389779640357,0.26647917926311493
2088,0.05461713144635049,0.25889813855178373
2089,0.05613571732424032,0.25620722970493454
2090,0.05636790579180222,0.3175677575339052
2091,0.06366615720970888,0.27084448644167797
2092,0.05395835644581862,0.2647982645116952
2093,0.057014069956421554,0.24480536595024263
2094,0.05435251957389122,0.25365740871220305
2095,0.05660107884238612,0.24404212938887732
2096,0.054707598134893974,0.25021555439048543
2097,0.05333978724770976,0.25184988090418337
2098,0.05282163083492627,0.28194917874751535
2099,0.05660221381649786,0.27295776531287
2100,0.052909807635840016,0.2497811727132415
2101,0.051397881645681265,0.24169555134641796
2102,0.058589808579842396,0.24928661478790723
2103,0.055246782584820776,0.2678511846147683
2104,0.05109141660704835,0.24772440451652483
2105,0.05223588019441393,0.27458746680863816
2106,0.05391690441008125,0.28074308122533903
2107,0.052267499865595264,0.2806683851961504
2108,0.053697760068673765,0.24068004568866022
2109,0.05411966013859836,0.2575356053715959
2110,0.05247614169516659,0.2827104724066001
2111,0.05397938690463403,0.25876839152703013
2112,0.0553861145831103,0.2905396587941282
2113,0.05199007816930164,0.24733198856127292
2114,0.05154366110145747,0.24915888261302074
2115,0.05292550135254486,0.26994326490358006
2116,0.05603047677626213,0.2528358743640414
2117,0.05542270633576433,0.2575557663812673
2118,0.05079793956662927,0.25239365213646325
2119,0.052781536306877784,0.2699058962458357
2120,0.052802100068046934,0.24971737596848256
2121,0.055015578595244495,0.25224244844793975
2122,0.05160071875055071,0.26731222171457786
2123,0.05300417203540193,0.2641982168780831
2124,0.05358174681794225,0.2890663858979268
2125,0.053179099523277956,0.2788298442063475
2126,0.049417305889453055,0.241361989730731
2127,0.052240841970650626,0.2537316419464305
2128,0.05400619785625833,0.26204917970157804
2129,0.056304281829555235,0.2527523294165917
2130,0.053000214378954025,0.2873740623469341
2131,0.052369422211608195,0.29119783227231566
2132,0.05145328266448096,0.24539204003443396
2133,0.05238098496183716,0.28061037404196604
2134,0.05327675813916408,0.2568088386553272
2135,0.05067642749448244,0.2537232563086321
2136,0.052132066437288335,0.23878075100276105
2137,0.05858240381494762,0.2998347860156444
2138,0.05281647639512493,0.26393865728587435
2139,0.050868751565204526,0.31651516705004495
2140,0.051313877698584906,0.242902816387645
2141,0.05962345399018517,0.23528218889296204
2142,0.05852511986380532,0.25966304226925496
2143,0.05401388136553286,0.2646756825739877
2144,0.051786674478355055,0.27846897681031313
2145,0.04953167337065278,0.27619066574893203
2146,0.05059020749916483,0.26329668471239565
2147,0.051817123605437894,0.29955073673847626
2148,0.05094173944375494,0.3171815926157741
2149,0.0518216453189203,0.24167817362343758
2150,0.05587911919310203,0.2749346852825399
2151,0.05488227741480023,0.27482974956881134
2152,0.05297550127227653,0.3102804444226107
2153,0.05644457658897516,0.24695516741813572
2154,0.05285161182069614,0.24955297319363234
2155,0.05111878650743785,0.2801313462450092
2156,0.05499388914751379,0.2902767905465941
2157,0.050086132691879025,0.24284584082681732
2158,0.05411584180007154,0.285622579412054
2159,0.05017437771042076,0.2752520836759032
2160,0.051712632739454284,0.2974042525528965
2161,0.053339993807587555,0.3073783296354134
2162,0.061462930606720145,0.2388810325684703
2163,0.05757438425758952,0.24163682176206344
2164,0.054533928007186205,0.24935117785942584
2165,0.05434622406436686,0.2514128570904708
2166,0.053091693191058505,0.2570357055480319
2167,0.05927575013383215,0.2386925027409293
2168,0.061027174477084986,0.2377301571811351
2169,0.0570362635916169,0.23816777552877152
2170,0.05526552597214853,0.2429860397463753
2171,0.06385284746509223,0.25246810507878925
2172,0.055133612910495663,0.2521718413683406
2173,0.052547511824390346,0.25430884916232643
2174,0.05032568166433906,0.2399653935044033
2175,0.05528830387221094,0.26112191108309835
2176,0.05093918946387251,0.2386653123978983
2177,0.06128096881609662,0.28243542266519445
2178,0.053840004306818755,0.2518137064307256
2179,0.053749008678404014,0.2465077917976188
2180,0.05239127546240736,0.2622605869383143
2181,0.0507247516871395,0.2490918881873738
2182,0.053036812569171116,0.23899478463451365
2183,0.05430508294098434,0.2637061665119384
2184,0.05139518591498298,0.24513366777347145
2185,0.05502531568713505,0.2749207233613296
2186,0.05573317752847621,0.2630223253727856
2187,0.04884971626672455,0.25915087613844334
2188,0.05217215558163878,0.2911778606829189
2189,0.049147625330060646,0.25458396099190367
2190,0.05049018710291475,0.24664623635753355
2191,0.04917589779056254,0.3185461891399589
2192,0.06339705228936254,0.2636348091831482
2193,0.052757938733245045,0.253495077927011
2194,0.05272966637311125,0.2933043386591108
2195,0.052621163329795786,0.2790667016553998
2196,0.051493306410846706,0.2550541598135069
2197,0.05360844191677289,0.30148993505347044
2198,0.05296772892556543,0.2617022239960226
2199,0.05029915441714582,0.26124390916791473
2200,0.051612039873922676,0.27684093871735094
2201,0.051302469629598293,0.28444063065942365
2202,0.04888730024438081,0.2738850871684557
2203,0.05014974918020399,0.25196100424106854
2204,0.05240983933030644,0.3261100810049172
2205,0.05637142144815814,0.268541190894624
2206,0.0484672972423615,0.25086386139530287
2207,0.052903130673861744,0.33375757159595204
2208,0.0578038536016841,0.2821415170541682
2209,0.05363836216117095,0.29108444028032154
2210,0.054660585263095106,0.26309576619388464
2211,0.050079279369149445,0.26678586142478433
2212,0.04963157502210753,0.2791458264292033
2213,0.053669951933163,0.258605296730547
2214,0.05486761391825769,0.29987196321774245
2215,0.05085497528762746,0.2383918991513121
2216,0.061282619259747345,0.2409286401362945
2217,0.05738712611717912,0.24755708316812539
2218,0.051850854449515656,0.2571070697485355
2219,0.05352350598303858,0.30219521892623497
2220,0.05444597366982534,0.320372487705453
2221,0.06729537819542532,0.23604314611818558
2222,0.05575548571109641,0.24190113784974082
2223,0.052626655696141986,0.2633022666350941
2224,0.05561363366070696,0.2379832345814932
2225,0.05991481808492713,0.24227056504789748
2226,0.05791315688450534,0.2405805801762674
2227,0.06015421084144659,0.24219815539462225
2228,0.05604170003373708,0.24137648221170693
2229,0.056107227998624616,0.23779819405317904
2230,0.057637354424386694,0.24603643225398578
2231,0.05733221057653053,0.2361485610965798
2232,0.057151915003687964,0.28467139344018205
2233,0.05056398837385993,0.2759709619452481
2234,0.05191634999667493,0.2976720459703216
2235,0.04790497395935886,0.24621770876392088
2236,0.07019238066124289,0.29841704498556326
2237,0.057472722651553634,0.27739053914197404
2238,0.050654758486831396,0.2532286257448053
2239,0.05094556446726385,0.24077899117293514
2240,0.05050158249050902,0.29178295333059806
2241,0.049886922256316156,0.25095051125550927
2242,0.05203239816966884,0.25834923754808
2243,0.05498627019126463,0.274416966863294
2244,0.052045802527427076,0.24376264995052702
2245,0.05302237148132913,0.30191716917774136
2246,0.04869517240262495,0.2647389638282004
2247,0.048341058110608195,0.2936207863471861
2248,0.05743731826282384,0.3280989187291093
2249,0.06339023097705349,0.27412518455569906
2250,0.0500586809296357,0.2722911349028573
2251,0.04985743597439282,0.2517976370969213
2252,0.05063538907567287,0.28644695216999916
2253,0.04858290104610953,0.24326960962816588
2254,0.05423885112614336,0.236996957663456
2255,0.05448215494380522,0.2524861144392114
2256,0.052210789783052484,0.2833608221029279
2257,0.05348407901720818,0.2538901938307554
2258,0.050234864153117315,0.27630734667742163
2259,0.04914564134688455,0.2659835350468643
2260,0.04690017139441088,0.27914820506907345
2261,0.04819016059846582,0.2712678263584773
2262,0.049769308302495485,0.25444794039155605
2263,0.04768520938162517,0.3166484739771463
2264,0.04937010399651781,0.23661913409044869
2265,0.060513493411224285,0.2390528838885458
2266,0.05183630100309027,0.27907526474399375
2267,0.04937799782130428,0.26573156085528227
2268,0.04869720158645682,0.30815810179874714
2269,0.04998921276651379,0.2382111751980949
2270,0.05509851664248714,0.25483828840921996
2271,0.059487497750296256,0.2365591220725748
2272,0.05468276086587804,0.24376553683576727
2273,0.05135929810914928,0.24878037198070893
2274,0.05119843595196729,0.2684540218839371
2275,0.050146189553285,0.3131543266071114
2276,0.06205446471023679,0.23399904514091058
2277,0.0578129245411782,0.23826960616168522
2278,0.05590416262285751,0.236978846011604
2279,0.05737028571830731,0.23664966993089906
2280,0.05525263611759458,0.23591264604327075
2281,0.05456983011197252,0.24489164053646842
2282,0.049569531971761456,0.23802912584447622
2283,0.05021987332586657,0.31879501539588273
2284,0.04843843388452865,0.24586375761674462
2285,0.05475882990670888,0.23761482195074396
2286,0.054527266760984607,0.24025307821674755
2287,0.05401004784107955,0.2495587791939427
2288,0.049237976315195546,0.2694588853863248
2289,0.05111620833579087,0.28768904212124663
2290,0.04842434806006968,0.2544529327660575
2291,0.05086495679684151,0.3275441663680519
2292,0.052574051932704854,0.2767384488854492
2293,0.04932214203465702,0.28312277412952336
2294,0.04800038567900583,0.27946772867052777
2295,0.04774544567551305,0.30084501190069024
2296,0.050452115525372494,0.2830019945600875
2297,0.0480546276073408,0.3045652757461806
2298,0.048697495221494136,0.28043138592464284
2299,0.05020892377335923,0.28611005792268235
2300,0.048373240074212835,0.2965718952934246
2301,0.049122686705605725,0.2829845263097519
2302,0.048719752579927444,0.27850802582606937
2303,0.04940706155120505,0.2860454735077712
2304,0.04881484004993337,0.30020719990694433
2305,0.04600483679999236,0.278121067673192
2306,0.049274770994635675,0.25688926560015307
2307,0.05170459688972579,0.32771463920000504
2308,0.04605096169656381,0.2818142137767976
2309,0.04938741559792954,0.28470360360722197
2310,0.04845386207626577,0.2924807839711806
2311,0.04798076814390663,0.29232221317097057
2312,0.04811158087653082,0.28812307354651
2313,0.05092229937345611,0.30079597776246847
2314,0.04922023921607431,0.2859077542870863
2315,0.04908283374606069,0.2948354640438742
2316,0.046521040818707685,0.2790642431505342
2317,0.045497410637758355,0.3021542134141563
2318,0.04982865645951664,0.28937715372271405
2319,0.046261512563519534,0.2831558667888916
2320,0.04787245570660982,0.30654141486139225
2321,0.049777030496669,0.2876537795503038
2322,0.04835844251623653,0.2981129255435222
2323,0.04882127129447117,0.28112711890000747
2324,0.04874848410076366,0.29508569674160245
2325,0.047922346495876185,0.29462117388060216
2326,0.04863105459666267,0.29451297240373786
2327,0.047389019453398566,0.2834607402894431
2328,0.0485520824313836,0.2890540407153598
2329,0.04987263030379562,0.28813240897461284
2330,0.048232662202066796,0.27141331726297696
2331,0.04781727166729687,0.2573042653108898
2332,0.05762940914461151,0.2309947478629294
2333,0.05735118026357321,0.24802724634271517
2334,0.05243995305113401,0.2621579568711737
2335,0.05381725872761773,0.3016693230559653
2336,0.06073949075208272,0.2498103815287277
2337,0.053128070103466735,0.2390452846697996
2338,0.052163710880716495,0.2568085569337496
2339,0.04858396938280728,0.2825117177682413
2340,0.05503084475085849,0.3313399073586129
2341,0.056860456135786865,0.24613353441980548
2342,0.051309360504001006,0.28082632415351416
2343,0.0490104261561668,0.27381285711338643
2344,0.050426573375879524,0.3044622677534744
2345,0.05700385679880666,0.2637955318006657
2346,0.050236987755318784,0.2527835082290764
2347,0.04792183692237936,0.28640553429909515
2348,0.04784070078124827,0.24910426963316767
2349,0.048635628433865416,0.3089278801566079
2350,0.051761637600535586,0.2541854007538399
2351,0.04964647322477665,0.29728535742015766
2352,0.05529027408044925,0.24439434561514317
2353,0.05141489746697938,0.25940766943651333
2354,0.05099927331262588,0.2515175272722292
2355,0.05110306651296472,0.25466778403834295
2356,0.047412575866774956,0.29516374415024776
2357,0.048780837329688076,0.25042904015247686
2358,0.05114913906173823,0.2398162150480096
2359,0.05039086938137772,0.270337655934923
2360,0.04787385311761969,0.2758832355788477
2361,0.04659479064983608,0.26573355236373153
2362,0.047608041750701297,0.28897981694841146
2363,0.048206692848606666,0.27704697608350215
2364,0.046327937828530945,0.29091882117484746
2365,0.04853152402706986,0.28999799011942734
2366,0.04658596813538693,0.27722420791784924
2367,0.04948160673998166,0.28864205512860064
2368,0.04868909210097371,0.28041959107669073
2369,0.045544188621367575,0.2757869494476713
2370,0.048581008708342574,0.286583771569687
2371,0.048470601557350175,0.28389898788436013
2372,0.04541576680561579,0.28828624901093336
2373,0.04758245346106047,0.28388783109740806
2374,0.047465764261539416,0.2831919030624822
2375,0.046606887159939096,0.27868137058608217
2376,0.05028287993328538,0.28390964335367497
2377,0.04707778267151581,0.28186469848144025
2378,0.046720906097750016,0.2802336487853736
2379,0.04841349527407858,0.2819281250686574
2380,0.046066637602599714,0.2905814237799262
2381,0.046200204262495936,0.2760077895675984
2382,0.04806956709222518,0.26411155760661703
2383,0.05156083165534905,0.22802838666322536
2384,0.05950020434320869,0.2334783680942423
2385,0.05816944073045388,0.24274756346728868
2386,0.05509961409526959,0.2811399607506013
2387,0.059783572835245526,0.24314333976510175
2388,0.061610625286523564,0.23386031734689436
2389,0.05799343307528243,0.24338108472955555
2390,0.05624098369949743,0.24708627145690726
2391,0.0564607881968911,0.254458655241438
2392,0.05249385644254604,0.24676463618538433
2393,0.053854254317145446,0.24287603422065726
2394,0.05060083124515855,0.2573111286400852
2395,0.055279970568205626,0.24542702211622605
2396,0.05223165536976249,0.28643190406991126
2397,0.053514929159187284,0.2688972469335212
2398,0.05002193095017794,0.2750403067297804
2399,0.05005569756964693,0.2429048014165166
2400,0.05002815640743887,0.29611904527011673
2401,0.04944067760919195,0.2395079691607253
2402,0.054482812122593545,0.3071755302841203
2403,0.05477571159246422,0.2586868753409326
2404,0.046624091983700454,0.23928790713163248
2405,0.05093972595235832,0.3066940333572844
2406,0.053108138373042256,0.24116614897896474
2407,0.04951294033057558,0.2640126680483794
2408,0.05295677751741538,0.27791070178113786
2409,0.050005727351869554,0.30081708253102196
2410,0.05784617307453526,0.255622703180576
2411,0.04958888803396309,0.2758863913012029
2412,0.04742258770349331,0.24263212841032142
2413,0.06307330650317117,0.2842773389173928
2414,0.05256844636865128,0.26024769588296576
2415,0.048040382533723995,0.26770168961140145
2416,0.045793971587159206,0.28045432028689776
2417,0.053872519879973026,0.30683620860403343
2418,0.050916938631699646,0.26233655711015064
2419,0.05083558498356575,0.2626768663562928
2420,0.047536044446914866,0.271637070765322
2421,0.05014775432459543,0.28133096508588407
2422,0.04725085568140473,0.265597963822366
2423,0.047241345918585635,0.26922408694910227
2424,0.047480283052961626,0.27474316271176014
2425,0.049093986373572124,0.2886320335561769
2426,0.04745683753933001,0.2779383662723957
2427,0.04360321820375129,0.28286694727819367
2428,0.04893242321175553,0.28904582373331067
2429,0.04965483098942086,0.278431392160424
2430,0.044835374272780906,0.27399168531398727
2431,0.046244381224377115,0.2816855957670917
2432,0.04598133578046895,0.2848001729724999
2433,0.04749395848160848,0.28171459023366896
2434,0.04601845639946878,0.2840984076037443
2435,0.04670183306307833,0.2960583195463757
2436,0.0455964636711175,0.27390617244225696
2437,0.0499980375900127,0.2870918041407913
2438,0.04720143720806392,0.28747137180321797
2439,0.04713566978240297,0.3135081198542638
2440,0.049391571366996095,0.28370422066975953
2441,0.045903643292087806,0.28301579070121125
2442,0.04997822273765366,0.27983553797230687
2443,0.04711195678079039,0.296100088883014
2444,0.046715281387898405,0.27800214791058897
2445,0.04849044960178902,0.28056974077882024
2446,0.04674548634040849,0.28638209174748946
2447,0.04618686209444452,0.2942885756119152
2448,0.04939107807413826,0.27108619212730783
2449,0.047903125197685005,0.2837342639502726
2450,0.04569860128102297,0.2877275462736163
2451,0.047850060667655896,0.28770129767276886
2452,0.046572987816499586,0.2736431939485378
2453,0.048433704889918626,0.28257746370812703
2454,0.04876084580555334,0.2908074992118324
2455,0.04762887470377492,0.28146270367510634
2456,0.047560131735166065,0.27839271797049314
2457,0.05013374078617359,0.27276102249933065
2458,0.04726254159962773,0.3002615990607362
2459,0.04439580026211072,0.2760267906208385
2460,0.0481286395392509,0.28090936037009223
2461,0.04722375307176122,0.29178968014050843
2462,0.04700157170494398,0.2862889625150757
2463,0.047357654929590556,0.25776032386417674
2464,0.052558992184082366,0.232952383451892
2465,0.05930279035886801,0.24510996010070457
2466,0.057720677558342016,0.2778461315391356
2467,0.052241081548131126,0.2766410940161026
2468,0.050597109514426315,0.30399265659408164
2469,0.04894250621295588,0.2848237364139772
2470,0.047733517954205364,0.2659195162411919
2471,0.04725381642822783,0.3113923330317464
2472,0.059587588715822176,0.2350293527681726
2473,0.05638282738257209,0.24363075047357938
2474,0.062266534322728044,0.23666113499262578
2475,0.060408135869057106,0.24059450363082097
2476,0.05444890407280516,0.2594948034350735
2477,0.04770077026932311,0.32353393789520835
2478,0.0567288394401172,0.25492964808205915
2479,0.04844497117496336,0.3002019817555757
2480,0.047379290383953346,0.2934094663886797
2481,0.046204074846118465,0.28898870597656506
2482,0.04853671865729162,0.2861727643244547
2483,0.044299313429752386,0.2846935207495713
2484,0.04682605284007084,0.2898721603447931
2485,0.04468325263398109,0.2916154158219956
2486,0.04712040762809154,0.2846567995080673
2487,0.04788079545051233,0.2944828974162427
2488,0.04818905115052871,0.2851690889375849
2489,0.04534112983021446,0.28581221183215766
2490,0.046366521605479535,0.287626672508125
2491,0.04510924921728166,0.28502170246720016
2492,0.0486258115306646,0.27597476217083466
2493,0.04815094929916742,0.28193029081612303
2494,0.04387554085409656,0.28188613051534595
2495,0.04788954952325588,0.282733858135858
2496,0.047497701609418505,0.284290311479927
2497,0.04687668667536668,0.28146126076467054
2498,0.0470537009571952,0.2929708519040194
2499,0.046313683196603506,0.2853325910511471
2500,0.04701175877969142,0.2842161895562533
2501,0.046722419926415855,0.29985580057428596
2502,0.04745648334731808,0.28840048220895587
2503,0.046583206766287334,0.28980335165608795
2504,0.04682998319756342,0.2880928685939999
2505,0.04374050344095418,0.2916220117892538
2506,0.048163560655593574,0.27558966886653635
2507,0.04686621048798164,0.2933329643686314
2508,0.04825113303866004,0.28363820251292154
2509,0.046667920745311675,0.29807340312646446
2510,0.048567895966589,0.2845063516146557
2511,0.0470982784904857,0.29600149927133307
2512,0.05056930455101425,0.2854220686214311
2513,0.04911733177352818,0.30115087474124475
2514,0.046358480433324224,0.2914992996251075
2515,0.045506336119371396,0.28765649492280526
2516,0.0490868588732112,0.28679845821962024
2517,0.04731980154762292,0.2900497335987282
2518,0.04888482222142151,0.2853501024737693
2519,0.04712399291598184,0.2941059744111577
2520,0.046981357546864,0.29596067451519475
2521,0.048392112770661674,0.28949664844979617
2522,0.05178206781728338,0.3434020135374296
2523,0.0487402088386952,0.28504439185660585
2524,0.05568726892281968,0.2509515048156406
2525,0.047673703829540795,0.2877800321033724
2526,0.048886826801064764,0.2987630302670008
2527,0.04782053010939693,0.2876504847877904
2528,0.04944832250592591,0.3017160996309199
2529,0.047261035447954236,0.2920352380190577
2530,0.04730680330486076,0.2977965573096335
2531,0.04658551676838395,0.28235290673815816
2532,0.04522397024627019,0.29830797636568696
2533,0.04831638603114096,0.28162218550019397
2534,0.04747833428381566,0.28984213196544123
2535,0.04814507613567762,0.2924071077752233
2536,0.04723770074537,0.2908944579817
2537,0.049873201816079016,0.28999097858156475
2538,0.04801423194232329,0.2823831778122369
2539,0.048863236192511136,0.29080669299925777
2540,0.04391264621714564,0.29962424304625745
2541,0.04365825711429717,0.2896116654152858
2542,0.04748241723232662,0.3005816107405756
2543,0.04634379433762086,0.2912334067406212
2544,0.04839731365521637,0.2867079300614527
2545,0.04700441787574898,0.2889427961338134
2546,0.046001806142121404,0.2882008787832762
2547,0.046116855783261974,0.2897489471244334
2548,0.04708287407898514,0.2961905055812427
2549,0.0466138297029045,0.2753564935915153
2550,0.04437176045497184,0.2867589472305207
2551,0.0461827907127732,0.2928291013777107
2552,0.0460178304398269,0.29415268415496465
2553,0.04566373968296183,0.2911525428631252
2554,0.048144251254053416,0.28451223451093327
2555,0.046739651401408185,0.294088579266143
2556,0.047308298829186676,0.2992418740962382
2557,0.047398485480235855,0.28997269698551725
2558,0.04377371148628773,0.2841741778610045
2559,0.047827819182553834,0.2936949230973284
2560,0.046973727335383124,0.27723816085728187
2561,0.043957019130230174,0.29791578409591113
2562,0.046266815811862476,0.29724722434031337
2563,0.04562417142219225,0.2842176447536115
2564,0.046389428915031124,0.30234279849550183
2565,0.04481031800757972,0.29081504455858603
2566,0.04769150964346222,0.29582962363883664
2567,0.04678416813497331,0.29065328913000893
2568,0.046563892604264995,0.29642836549751145
2569,0.04711278274837405,0.2915316523988743
2570,0.048648068648681306,0.302027191191837
2571,0.04793104425511489,0.29197117495805697
2572,0.044873543219047976,0.28304509568333924
2573,0.047386164528978314,0.2911794382453264
2574,0.04613046768707291,0.3020131719254312
2575,0.04620597486087777,0.3008846869706211
2576,0.04598184127388592,0.2931104868202281
2577,0.046591105296703655,0.2782936894094436
2578,0.047446475910457,0.2959675697007574
2579,0.0474030852135747,0.2823288985959868
2580,0.045783715369296554,0.2722515478020623
2581,0.047849238079909547,0.3104860537071575
2582,0.04715127806484998,0.28619079812800974
2583,0.04584104784141134,0.29127248354200136
2584,0.045607792178547026,0.298659462117611
2585,0.043967707236682564,0.28435748682957246
2586,0.044995144357377274,0.28095889541514235
2587,0.04856450678337188,0.2938213438953373
2588,0.04445550172942175,0.28018936430825325
2589,0.047533178772021054,0.28509496975886195
2590,0.0478156020019885,0.2848161452060057
2591,0.047831323630360884,0.29561581907042284
2592,0.045789961182608044,0.2767146276800256
2593,0.0487961823396142,0.2958515434523573
2594,0.046028565869253496,0.301607074986275
2595,0.04591022946645405,0.29521234664029644
2596,0.045216958587032216,0.28734207974938225
2597,0.04743664821651869,0.29319286062603905
2598,0.04616127055684539,0.29203140251992044
2599,0.0466242516296624,0.29524322981971846
2600,0.04772873063522734,0.3014600378902335
2601,0.046923193365176745,0.2901502639466061
2602,0.046106779537067974,0.29157701696743044
2603,0.04948837857665424,0.3033320168803509
2604,0.04623456391970391,0.29681805470832306
2605,0.044529035676942955,0.2962448213221435
2606,0.04772170059578983,0.2912131533736274
2607,0.04648595816341408,0.2966646852163145
2608,0.04531148267340354,0.28844973743708807
2609,0.045365471448889354,0.29478684556962254
2610,0.047762659835841575,0.29438406888180807
2611,0.04795189822246706,0.28895132043830735
2612,0.04527080893040376,0.2922998090883843
2613,0.04561038991963878,0.29072400729608416
2614,0.04513144135279091,0.287017770690428
2615,0.04603472190505281,0.2978890119750697
2616,0.04630036169270936,0.2933785686255398
2617,0.04484948388214473,0.2984155474562095
2618,0.04716540816564458,0.2946129138196321
2619,0.046667458928355894,0.288258011590568
2620,0.04541609077282567,0.2951414928512466
2621,0.04511607893483531,0.2859050427425774
2622,0.04647749972139908,0.2898120638496595
2623,0.04812391000311999,0.2969851132697031
2624,0.04563620126103623,0.286217208512893
2625,0.04869154834405596,0.29088447678059265
2626,0.046319830896598954,0.28758883254047024
2627,0.04554920247230763,0.2869587721195735
2628,0.04682238396189472,0.2951064693337694
2629,0.04659869347262502,0.2984462445951942
2630,0.04532466407043668,0.29450052128847976
2631,0.045247835146828105,0.28398810786412176
2632,0.0461952797204891,0.2897796529090793
2633,0.04616730494242638,0.29452898269309136
2634,0.04511326719320526,0.28984343822588
2635,0.046716674624295684,0.28316085372951094
2636,0.0490814494926081,0.2909345523008428
2637,0.04727711423619984,0.29056877945374726
2638,0.047206000065463674,0.2874552297188823
2639,0.04936282306893222,0.28825619895207255
2640,0.04516400910918612,0.29284125312527914
2641,0.04633738026069594,0.29839392775730383
2642,0.046568545508186766,0.2963523352355288
2643,0.04426177512424856,0.2861522825850281
2644,0.0460629353957965,0.297038646382198
2645,0.045399031779241,0.2819231827755022
2646,0.04605389791155668,0.2766903757040662
2647,0.04689589044998836,0.30081539772880406
2648,0.04519905255439885,0.2841383042117408
2649,0.04518421033495351,0.2909792595377243
2650,0.0452345867704292,0.28962676299917967
2651,0.04751668908962406,0.2910719206906799
2652,0.04532375560144434,0.29074059738625857
2653,0.043992831731182444,0.2951815895792237
2654,0.045944612832707274,0.2903089605663952
2655,0.04407942492542859,0.298783067529811
2656,0.04613938316688838,0.28778840720952303
2657,0.04568588784557387,0.2935146686427276
2658,0.046335796830256036,0.2848719939552154
2659,0.04598688770477709,0.2978519510505791
2660,0.04420977107186178,0.2874502516666749
2661,0.046417708202897756,0.2876192004347505
2662,0.04654319128511768,0.29155810608675603
2663,0.04523406100790845,0.29344714862436877
2664,0.04659077916691141,0.2818040660300052
2665,0.044330730371382604,0.2962320243617646
2666,0.04436404550364031,0.2883581873729713
2667,0.044829378184631355,0.29349066791379064
2668,0.04531488772995191,0.2885160940071395
2669,0.049357531773145856,0.29320310713503894
2670,0.04558800369323719,0.2934101715795976
2671,0.04530343334925802,0.2932473157805608
2672,0.046548396254420504,0.28498020069790364
2673,0.04666613799083352,0.28848240804627423
2674,0.04607914239728361,0.27561112179567937
2675,0.045638202785287886,0.2866816833465918
2676,0.04773003841869365,0.2945573351399642
2677,0.04754052270684662,0.289083073125746
2678,0.04676032525704319,0.29101692965454923
2679,0.04643604084429212,0.2902630060014868
2680,0.05008224418904996,0.2817772055292189
2681,0.045475250811439785,0.2939800115157488
2682,0.04567635470632473,0.2973004350984903
2683,0.04441994883909,0.2880986188923506
2684,0.04401129983332858,0.2901534700117314
2685,0.04488592044704764,0.300042549955815
2686,0.04430844029294966,0.28317680361127495
2687,0.04607940964251383,0.30794172775103035
2688,0.0446137036255241,0.2946164502871963
2689,0.0461422560671181,0.29760870832324327
2690,0.04779666863652623,0.2878698392358041
2691,0.044941336799991835,0.2969523000537901
2692,0.04725829550044093,0.2852696563889807
2693,0.046177596402328866,0.28767678871713487
2694,0.04904476929582039,0.291236014705254
2695,0.046461612485666624,0.2934932184585354
2696,0.0460282044017216,0.2951487025110644
2697,0.04403185319472898,0.2851743619692953
2698,0.047033036904955715,0.3036353876790905
2699,0.045892045625431796,0.2914421696561321
2700,0.045984679057535935,0.290093787238562
2701,0.046077942774446684,0.28955302006544026
2702,0.0457021682161399,0.28616830342470256
2703,0.04670218350995976,0.28475995462639886
2704,0.04702809936411324,0.3016392726796612
2705,0.046181305100380404,0.2999213099815792
2706,0.045023380841751746,0.28312847753963377
2707,0.04546918355647409,0.3023247241712453
2708,0.045021481617099436,0.29632454380430373
2709,0.04499277702875828,0.2906407170128404
2710,0.04585396337385913,0.30426338208573206
2711,0.04950315848268326,0.2914264021735442
2712,0.046633436715692506,0.2892208317840906
2713,0.04497738582966732,0.2969501067447782
2714,0.044274452718950454,0.30327581580644264
2715,0.04450116311911877,0.28596979306828707
2716,0.046399795822565794,0.2960304590618999
2717,0.04646468477412349,0.3009508864249203
2718,0.04573025825412426,0.2910166100451821
2719,0.04456312919880513,0.2917077036429766
2720,0.04686803763550251,0.2925746621083197
2721,0.04577845374161942,0.28404948613921505
2722,0.04463715089443035,0.2849420254354489
2723,0.047407716197570914,0.30088289744946595
2724,0.04370245270029569,0.2993226600133984
2725,0.04495125934995132,0.2852081247701083
2726,0.046751070034720545,0.2838781427657395
2727,0.04518392936963784,0.29298679091801916
2728,0.046969909036536715,0.2883456744496386
2729,0.04614470480360035,0.2980503032268737
2730,0.044565837032028606,0.29354860043540637
2731,0.047289058667628614,0.2921218310755895
2732,0.044271346084764206,0.2952843613754538
2733,0.044132900148872896,0.3074960521513358
2734,0.045447727578941895,0.2869954831281999
2735,0.0438025967500413,0.2896041433539307
2736,0.0454070466584561,0.2928760763733907
2737,0.04449201297285712,0.28566293986070723
2738,0.04518367180876191,0.29366860409876455
2739,0.04456846163675824,0.288045698445393
2740,0.04497078764614157,0.28961502101487085
2741,0.04677005910914494,0.29439421393966914
2742,0.0446158052039307,0.2937835853238751
2743,0.04448310379989277,0.2895271654303809
2744,0.04275741036934661,0.2944200929991882
2745,0.04672040573594378,0.2930085706083398
2746,0.044187424872490694,0.3034599596321732
2747,0.04249295064325171,0.2991575464830363
2748,0.04501013892975853,0.28638030129267755
2749,0.04461610501218951,0.29989211300486013
2750,0.04608300615937676,0.2940931502626952
2751,0.04545416431921653,0.29108988024985283
2752,0.046606440608270634,0.29666104048191755
2753,0.04680040885926572,0.29085750347540196
2754,0.046705452100908325,0.2893122963625984
2755,0.0441214909921762,0.29088633528030605
2756,0.04423665208158487,0.2909405054454517
2757,0.04741627606971745,0.28218753333378555
2758,0.04512522366822214,0.29771641102201657
2759,0.044068257222862395,0.29242656755268126
2760,0.04451867168475138,0.29500392221269156
2761,0.0482156143446726,0.3001129179072559
2762,0.04289733198352326,0.2906993502064755
2763,0.04415190412562555,0.3019542093750528
2764,0.04431097522461997,0.29875110224225465
2765,0.04466789761525497,0.29103040060303864
2766,0.04324331810641894,0.2963182841028486
2767,0.04416200121803989,0.29211389006379257
2768,0.044737381207054124,0.296302098790207
2769,0.04448296837648727,0.30066808165613573
2770,0.04827537295644295,0.28948450054889335
2771,0.043915169979947474,0.30048502563384544
2772,0.04595965200703694,0.3078679115065656
2773,0.04514322868947472,0.29119351125301274
2774,0.044353585222264506,0.31106340179317876
2775,0.045566038312016985,0.2946422368773542
2776,0.04419165328705221,0.303377354055419
2777,0.04545620194213806,0.29950011049147535
2778,0.04400238308373997,0.2982566286821413
2779,0.043592508361770546,0.2979070764772575
2780,0.04485008387562625,0.29261566196243866
2781,0.04645669964004429,0.2980140303273249
2782,0.044377492171219717,0.2930550457989064
2783,0.04446013140163027,0.2917444235586881
2784,0.044095386767335105,0.29785165338214475
2785,0.046251919201078046,0.3042217141068669
2786,0.04518342159576434,0.2939632805367759
2787,0.04468857923657972,0.30012872632135423
2788,0.04418208686877649,0.2959839581584273
2789,0.04452461547411997,0.29604674238982354
2790,0.04517885531767979,0.2979128805168888
2791,0.04501870186955091,0.29757168702314374
2792,0.04871482337197116,0.29061161588531986
2793,0.043408037142309924,0.30569833954025927
2794,0.04855206465222558,0.29811715622220125
2795,0.04603691259749178,0.30415655872352737
2796,0.04537715520452997,0.3100868477521086
2797,0.04491924971370097,0.2932144381983537
2798,0.043582288772427945,0.302328264055993
2799,0.047486527345579746,0.2992560410858097
2800,0.044242923803870245,0.2965116647065134
2801,0.045010248621584925,0.2972361876776344
2802,0.045490801144148545,0.29605723026775776
2803,0.046461433230579496,0.2993113678462225
2804,0.0452374936195842,0.29123118728922126
2805,0.046392644421760006,0.3011074667063572
2806,0.045060000277327414,0.2905336810570014
2807,0.04453437270265175,0.29998841876150073
2808,0.049097950949583365,0.2966770411172606
2809,0.047490871261646576,0.2936391032167843
2810,0.047311201071912855,0.2972390711643642
2811,0.04628008410315914,0.28433605287233393
2812,0.04273956096182603,0.2998016322764538
2813,0.04520515516344318,0.2970976287260988
2814,0.04393522040848445,0.28239052940654874
2815,0.04472314057764329,0.3035825273782986
2816,0.04222332810595594,0.29808903898212846
2817,0.043917799346326364,0.30263462306039973
2818,0.04231457322961966,0.3041493974831469
2819,0.04565832971648913,0.3072263280065137
2820,0.047133749887174496,0.29098657010716006
2821,0.04471148325849259,0.29370726333151487
2822,0.045882869818782375,0.311491775165375
2823,0.04454729454078359,0.29833353977454335
2824,0.04666072988583891,0.2945271007585944
2825,0.04436727352136919,0.3025628166053827
2826,0.04521207819998563,0.29539477384478824
2827,0.044436992037537176,0.2929073353309679
2828,0.04670414992988595,0.2996785579655403
2829,0.04702138767944168,0.30757973591486615
2830,0.04640777777871093,0.2859850248746705
2831,0.04775822287738174,0.28840822868403937
2832,0.045647441815668925,0.2974805476372702
2833,0.0479618429852869,0.2909262248858772
2834,0.043226486211992744,0.2961391212049881
2835,0.044834428236943516,0.2937307257700086
2836,0.04508328627337489,0.2934283389520824
2837,0.04485177802141373,0.3044620441800371
2838,0.04250806598529631,0.29565392617593733
2839,0.044729543700440785,0.29999782916223794
2840,0.04558859269407795,0.28908110053318187
2841,0.04315450540358635,0.2958390329565321
2842,0.04541891925550418,0.2995996181491324
2843,0.04416335462114043,0.30103274929642976
2844,0.04533529801896416,0.29088392308481353
2845,0.04204420194982138,0.3007970076044998
2846,0.04374588549225813,0.29861051458538623
2847,0.0429053264389977,0.291641984274961
2848,0.04706784368336275,0.303494570230631
2849,0.04431242999716435,0.28542265656373855
2850,0.04351750640595393,0.3154941391115798
2851,0.045252175128698946,0.2974836730531284
2852,0.04490781903388282,0.3033200738797511
2853,0.04429903400263616,0.28872894742211
2854,0.04605054578750877,0.2994290730521494
2855,0.044907651139063795,0.29935213880506073
2856,0.04426011402290641,0.2993551237802756
2857,0.04527956762358098,0.3028808512857982
2858,0.044281654665013194,0.3072009624955349
2859,0.04456813530272858,0.29584098459783953
2860,0.04523403354731381,0.2935672638410315
2861,0.04477629313866297,0.30387522170044723
2862,0.044478558319011575,0.29833921594055074
2863,0.04493041758782657,0.2915770383294961
2864,0.04333104264401926,0.3000019302120185
2865,0.044901603550409765,0.29827214308773964
2866,0.043504045435920694,0.3060853700702053
2867,0.04280767667301018,0.2938490405417325
2868,0.046495377321851286,0.2972050323559527
2869,0.04446170741066635,0.30079375554744464
2870,0.04466095297156196,0.3027329505386209
2871,0.042956365066998285,0.3018227377743052
2872,0.04362156407389426,0.3019796398685391
2873,0.04324344181710093,0.298265422215886
2874,0.04545889898695817,0.3088696512550041
2875,0.045062008185456866,0.3044686999760176
2876,0.04343258161657959,0.29910696036460105
2877,0.04524272967382033,0.30922217149856995
2878,0.044158456080306066,0.2967437107424091
2879,0.04274013790449029,0.29957522507896994
2880,0.04409926970090185,0.2979991868847892
2881,0.04447616098033157,0.29900968887079926
2882,0.046216990340052916,0.3050238527450944
2883,0.04507504110539654,0.29794083911001235
2884,0.04544484895656357,0.3043735287803456
2885,0.04579162332847864,0.2951177176937722
2886,0.04456021162543567,0.3016684449518235
2887,0.044228536576350085,0.30126632021782096
2888,0.04398492561013702,0.2991631684035884
2889,0.04262830667783574,0.28827136168653206
2890,0.044079984964238,0.29702392705998626
2891,0.044406751614241374,0.3048238693398043
2892,0.04463840003958658,0.3049190023115703
2893,0.044382291309124695,0.29397968087055926
2894,0.044110826874866074,0.3001952368887445
2895,0.04396618175831504,0.3013051351471652
2896,0.044464794522090664,0.2985487128222795
2897,0.0432787651177449,0.29613802699666275
2898,0.04523007378663709,0.30248727907139555
2899,0.04370508263853932,0.2884942427987144
2900,0.04484806809443654,0.29456774567377597
2901,0.042889768017320556,0.29566934790676996
2902,0.042812790628872756,0.296941737259241
2903,0.0423306805550828,0.3020156259860909
2904,0.04556009098817419,0.300859177956605
2905,0.044793227992083566,0.30452078681691247
2906,0.046359190667155464,0.30255122861841266
2907,0.045348004192898146,0.29559460689400074
2908,0.04313189432347067,0.2981964087575898
2909,0.043094862464880736,0.29866995925741985
2910,0.04302604226418829,0.29519924915449364
2911,0.044796655156455915,0.2906844786048533
2912,0.04400755332918245,0.3122811819377698
2913,0.043957215255327094,0.3007006154099204
2914,0.0431240312708425,0.3038084644982988
2915,0.04380454379075527,0.3004103726462314
2916,0.042482942140854914,0.30478536851125254
2917,0.04465837033820294,0.3041166710599622
2918,0.04361288322434576,0.2963273853138276
2919,0.0428544209049291,0.3046899045768537
2920,0.04599430023069333,0.2943353629239221
2921,0.04881633805428494,0.3000773709258041
2922,0.04393642802108873,0.2962299716241079
2923,0.04426893817008774,0.29264112806559206
2924,0.04417283462831998,0.29228289544881136
2925,0.044758035531757695,0.3012419309009585
2926,0.042809963389708286,0.30135623373109893
2927,0.04267919170821931,0.29524279152390953
2928,0.043403293762384054,0.2966876904617874
2929,0.044693064427745524,0.29515713664299265
2930,0.0447967091148117,0.30079706840422515
2931,0.04497652163817769,0.29985637380216357
2932,0.04415464774007561,0.3054008739708659
2933,0.04714084086230114,0.2964141661660713
2934,0.04546649937977767,0.29478244227648975
2935,0.04370127311489897,0.3002820551992957
2936,0.04476260674305092,0.3056899815013534
2937,0.04399916197390372,0.3019672262302616
2938,0.041835346234668246,0.2984729118663864
2939,0.0446062494270074,0.29863409552359044
2940,0.043289969940168,0.29474526871565293
2941,0.04513402737882502,0.3036762711809094
2942,0.04473805734490915,0.29319715882677183
2943,0.045202589253043025,0.303927592522369
2944,0.042696552635882436,0.3013266470460665
2945,0.04507553643946137,0.29418732147467763
2946,0.045361413538717386,0.302814630002605
2947,0.04357137803086325,0.30395653743044776
2948,0.04165101913095716,0.28981759027580273
2949,0.041717603496908395,0.2949471988138698
2950,0.045860872557270047,0.2912533446063374
2951,0.044821443943012705,0.2981736572613393
2952,0.04497667175967405,0.286802380530159
2953,0.04377027518199967,0.30024516332269013
2954,0.043783126897260286,0.30335802625967445
2955,0.044761437446551214,0.2944603519780295
2956,0.04530214010982921,0.29741215541548
2957,0.04330123879393577,0.3131536356451219
2958,0.04260375041906771,0.29935437073011445
2959,0.04508957767714385,0.2957726289753926
2960,0.04508092590633378,0.3001553689813554
2961,0.04366203614354208,0.2902507099292631
2962,0.0444625053778851,0.29322940445409384
2963,0.04273320156567378,0.2962153263222006
2964,0.043577425942795914,0.28975729901987807
2965,0.043854086358744396,0.2975402559926337
2966,0.04294266939667383,0.3100557173403881
2967,0.04627804908630693,0.29631989555699484
2968,0.04394850419964968,0.2995614473308836
2969,0.04304995451514658,0.30069240707353245
2970,0.04228394141626127,0.30019335601861613
2971,0.042892665783162774,0.2941166076407695
2972,0.04352029440411014,0.2943253741975416
2973,0.043035513733077166,0.3009854541125154
2974,0.04272417334564273,0.299971357940283
2975,0.04370079751250178,0.2918029413523531
2976,0.04455760619509732,0.3003559413373022
2977,0.0451882830167418,0.2919196035330158
2978,0.04415131722551241,0.2965925005929811
2979,0.04415216705852881,0.3068242305913067
2980,0.042320553900762684,0.29538557923079134
2981,0.04519974759880239,0.2950486376657522
2982,0.04383486395183587,0.30006345361471176
2983,0.043451043750325165,0.29770348471283614
2984,0.04361899868050651,0.29520754504920843
2985,0.04276841770353398,0.2998134693070163
2986,0.04335624132921597,0.2954142187024119
2987,0.0424585905343873,0.29497668201239186
2988,0.04202699456550648,0.28977148503737343
2989,0.04284563241409777,0.30180651300533073
2990,0.042245461049088204,0.2909348173473114
2991,0.04508028629196243,0.2947344988920635
2992,0.04297730007458637,0.29855982203008535
2993,0.044685389738025744,0.295343704372271
2994,0.0428276797663187,0.29568542816435783
2995,0.04451655743837375,0.30079225045547153
2996,0.043677614845410176,0.29748442511361345
2997,0.04420240126307447,0.2937222753737803
2998,0.043799493472350945,0.29785413028004776
2999,0.041753834575638735,0.29348323645448327
3000,0.04160778984348091,0.300561995191831
3001,0.04364161193137405,0.30416373126115415
3002,0.04365252221544696,0.29789602082400096
3003,0.042818319139988126,0.2947876869997285
3004,0.04220024813526779,0.29384628397629675
3005,0.0426543160192295,0.2948566659127262
3006,0.039765760423919015,0.30443508809147624
3007,0.04427590142681093,0.2956613346112701
3008,0.044088221460879595,0.3018025432650308
3009,0.04520244635104722,0.2903944692740166
3010,0.043196853761442174,0.294745714816832
3011,0.042809922534057444,0.3084993941480653
3012,0.043175535634239405,0.3083634341233655
3013,0.04321951942312949,0.29365997552348855
3014,0.04184974671194428,0.2966897259267948
3015,0.044725721008739526,0.3040578178781316
3016,0.04339972735011488,0.30061803873917814
3017,0.0436162277764377,0.29927396253311545
3018,0.04332901379980501,0.30063971199263306
3019,0.044642631644919925,0.29896390105698045
3020,0.04296631533722568,0.29437521294244845
3021,0.041749193546809206,0.2976976851547571
3022,0.043044369416848235,0.29424603600848587
3023,0.043937882347812034,0.29729961678572464
3024,0.04421738407254817,0.2952621799513212
3025,0.04377668948066806,0.3033076204490243
3026,0.0422779222994688,0.3034882354258296
3027,0.042522416760524116,0.29450349754334093
3028,0.04256191129975936,0.2973360844273914
3029,0.0422548266678563,0.30304193683435443
3030,0.043662719587844456,0.3026155927837044
3031,0.04377670749615794,0.3006122895612155
3032,0.04219567070348669,0.2931221286231713
3033,0.04424583889954819,0.2995838352985549
3034,0.04178308117971347,0.2931937301965584
3035,0.04297840452162469,0.2940909892208594
3036,0.04455753383320058,0.29667487068283827
3037,0.04472677508149679,0.29476798081158995
3038,0.04185057672459567,0.2949724948047695
3039,0.04339662471081231,0.3026782501871723
3040,0.041079067461715454,0.2978455981328374
3041,0.04297608176577734,0.2918503645966226
3042,0.04392754777164238,0.29193771807920366
3043,0.04118968633220608,0.30264346096151157
3044,0.04366134019932689,0.29684356870806605
3045,0.041901347848276295,0.29970622553786536
3046,0.042586984621701685,0.30267911916015144
3047,0.041892519672366235,0.29364317939394996
3048,0.044194451875209734,0.29921841994861614
3049,0.045223591366040525,0.29844681059656886
3050,0.04189559563884703,0.2972325838374016
3051,0.042608880370220446,0.30052932152025086
3052,0.04094844365511136,0.293154118017744
3053,0.04281386534419648,0.297023221962434
3054,0.04223816820249932,0.2935713638264434
3055,0.04393070049112415,0.29925523780491714
3056,0.042528229942988785,0.2980102938331458
3057,0.042628146850394275,0.30219181460844247
3058,0.04246355385465879,0.2955239253459419
3059,0.042324476686299295,0.29939736692902436
3060,0.044977393828771244,0.30369846044775833
3061,0.043017630974171606,0.29581884093078453
3062,0.04170783631326187,0.2868479299814181
3063,0.04240722437377524,0.3000830735142966
3064,0.04536669369772973,0.2964999862108613
3065,0.04390441779896878,0.30154931352924286
3066,0.0431287421175001,0.29446447797511754
3067,0.043384253506065534,0.29667267985735324
3068,0.04241218277134169,0.2959271779932773
3069,0.04259939373524528,0.2958081990928578
3070,0.04197395792847177,0.29999701921503646
3071,0.04311438508093693,0.2975354766785949
3072,0.03999298401200271,0.2997082692003788
3073,0.04252999761424268,0.302026459298337
3074,0.043644128506186236,0.30403842536130343
3075,0.042035181543329976,0.29815340439852017
3076,0.04245892518321356,0.29673165973640026
3077,0.044216053556874954,0.29302401302900527
3078,0.042556481250330694,0.2996330954377215
3079,0.04339946295954007,0.29702319061024146
3080,0.042399957652360126,0.2970182814245535
3081,0.04499155022600727,0.29150471401244477
3082,0.04423824932664297,0.29832381452608825
3083,0.041650645593578055,0.293050100686108
3084,0.041949703050590585,0.29726920842676235
3085,0.04600644046744159,0.29982189428910877
3086,0.04191795412222283,0.29783067301401217
3087,0.04165424463948361,0.2930579289495198
3088,0.04216525005876906,0.2962962768803862
3089,0.044035613746907475,0.302913678226465
3090,0.04198555066892154,0.2976150943857984
3091,0.043884202357110824,0.2951211043654528
3092,0.04620530328626994,0.29751540184543845
3093,0.043240734880187905,0.29662950237965524
3094,0.043468511918965815,0.29253140808944417
3095,0.04095967531753914,0.3043837798829365
3096,0.04409489416421618,0.30130172995173543
3097,0.041137729123710914,0.2917442494877299
3098,0.04566535325884296,0.2950153963308884
3099,0.04336193187937215,0.29225372127198934
3100,0.044026229843931425,0.2977427748734491
3101,0.043133279005821826,0.297407564700098
3102,0.04374691151096521,0.29528157792070453
3103,0.04121135957165619,0.3073378596688273
3104,0.04325262166181565,0.30260452788724634
3105,0.038426920408639764,0.3067639399515955
3106,0.04210437724674891,0.30263558119759526
3107,0.0426160895597087,0.3026905263164886
3108,0.041224222526393066,0.29435653568135767
3109,0.04076647862936732,0.2967194906041437
3110,0.04151754456112409,0.28942991501854776
3111,0.04172920502890322,0.29469381821782964
3112,0.04437173069583107,0.2973373522771929
3113,0.041651937720204764,0.2964793131838466
3114,0.039524726737710764,0.29568704240080107
3115,0.04046923454902263,0.29275809807287423
3116,0.04218900034946382,0.2950606411859804
3117,0.04208939308113883,0.29201354209641767
3118,0.04147326333779739,0.29544500698496523
3119,0.042575145980581305,0.2977820211148501
3120,0.04028393179621725,0.2965753244278126
3121,0.040754949829230704,0.3018452576303243
3122,0.04248084061846772,0.30043602277312365
3123,0.04258593855271662,0.3004139228198761
3124,0.0419753178502468,0.29886978313812335
3125,0.04515025511566073,0.3003019683978014
3126,0.04202810426202969,0.2975638020494229
3127,0.042870725710458475,0.29019587236762345
3128,0.04133855468035678,0.3044726425842534
3129,0.04495823537326304,0.30087271545614513
3130,0.04249867282102916,0.2970910256630496
3131,0.04278349723575875,0.305638165103463
3132,0.04287117937659112,0.2932387484158191
3133,0.04239258155422775,0.30221887739529285
3134,0.045776534964444865,0.29069516934771883
3135,0.04266780506198605,0.30081438448718917
3136,0.04660904167668152,0.2945900953241757
3137,0.04152055443229532,0.3031400572275159
3138,0.03923681169342166,0.30623481226594823
3139,0.04123861031002251,0.29876097364533216
3140,0.04240495106088637,0.30423181849464137
3141,0.043405237401961665,0.2962205322613393
3142,0.041970446147958286,0.30069282658416824
3143,0.04142996121225949,0.2934636927973059
3144,0.0422279580535932,0.29740149475503386
3145,0.043767692995045265,0.29703700452818904
3146,0.04205517799717218,0.2918564365397121
3147,0.043644668499385954,0.3032439268920057
3148,0.04222633062107932,0.2897501774785811
3149,0.045691416136696375,0.2982109961727807
3150,0.042012021016740335,0.29728812985775765
3151,0.04285865781868441,0.2961226884733167
3152,0.040819994696791755,0.3032002487689033
3153,0.04377912281006388,0.29312993563655626
3154,0.041729131852390994,0.3026591513614009
3155,0.04240166872534387,0.29950486702429024
3156,0.04614137359346289,0.29558861627241123
3157,0.043693876733074434,0.3037269338965416
3158,0.04244518474229894,0.2970962756894585
3159,0.04177227838637125,0.29766492726734106
3160,0.04215429866812507,0.2977678647316189
3161,0.040798361227616556,0.2869529441783303
3162,0.042969230026762964,0.3037318329613908
3163,0.04409243400210986,0.2989145349664497
3164,0.04067703139359005,0.30174855579783144
3165,0.04029243659312116,0.29731067570677977
3166,0.04185331130883467,0.2980567593510288
3167,0.044388183134661655,0.29751490261919217
3168,0.04227036328164669,0.3039597991601865
3169,0.04252492578438761,0.30879248527431846
3170,0.04171822686915409,0.3039815849752952
3171,0.042143441477608415,0.29869162541508376
3172,0.04156945767651375,0.295321490643616
3173,0.04137135241624145,0.297605763196497
3174,0.04207200601925714,0.30471877626757277
3175,0.042236699233704565,0.2985852781431119
3176,0.04256668638900146,0.3008397375058411
3177,0.04091607872513415,0.29636832033482413
3178,0.04054883324347418,0.2982481078135041
3179,0.04373405111211359,0.3088297736749314
3180,0.04238381548166126,0.3027382611593507
3181,0.0434581627088942,0.2955940200534082
3182,0.044260983656447636,0.29849342858059363
3183,0.0440787412272883,0.29343139531468987
3184,0.04280478351768153,0.30121760257055286
3185,0.04215370590581482,0.3008180546357219
3186,0.04387723710527994,0.29966391074030024
3187,0.042614479283720516,0.2976334886555385
3188,0.041935286535134536,0.30294878500744815
3189,0.04111592908901043,0.3006767878929774
3190,0.043129691842448595,0.29354696397793323
3191,0.043220224266260265,0.30229765809792325
3192,0.0424676533942496,0.30134865396975874
3193,0.04116901004381179,0.3000328504015927
3194,0.041357453023188544,0.29966994126637775
3195,0.04157457138028901,0.29583483383545
3196,0.04195484407316137,0.2954138037106746
3197,0.039768603104306736,0.3013397262321976
3198,0.04227973818358846,0.29601048405531954
3199,0.04446813696528549,0.2972780876328473
3200,0.04274428375345424,0.30244182554402743
3201,0.04329175480237618,0.3017283862918839
3202,0.042396659193733206,0.3000045709293289
3203,0.04255640522733256,0.29374358198024275
3204,0.04464789060408945,0.29986291802616644
3205,0.04113065464454785,0.3057052170236905
3206,0.042766584186140155,0.3013993741612984
3207,0.04128152196106494,0.3004077572870374
3208,0.042604823386702774,0.29753382550669194
3209,0.04284618861324394,0.29752419269025177
3210,0.04048167374148442,0.29975036010706335
3211,0.04065471556490488,0.29683861076682433
3212,0.04227698574374829,0.2932947886206751
3213,0.03950105787005117,0.3008527257164618
3214,0.04084590537109433,0.3024362699317753
3215,0.04307847057485528,0.3012803571863581
3216,0.04241590781071991,0.30000675469636917
3217,0.04125535046042207,0.3017859676091892
3218,0.04089605370314703,0.2981878258754735
3219,0.04104793453145595,0.2941280502387157
3220,0.039788109192013144,0.300541870930888
3221,0.04526981738346972,0.3000181743263601
3222,0.03970541802578067,0.294038647641066
3223,0.04100752499054903,0.2977872893662381
3224,0.03961367678261341,0.2962769301314103
3225,0.04447204140213348,0.2925887247337435
3226,0.04244045659031411,0.2922197511060196
3227,0.04121225689833092,0.3062151509680246
3228,0.04086409548862387,0.2960775121112814
3229,0.04331344904560119,0.2952392355989394
3230,0.04040989920819052,0.29580848876919064
3231,0.040770481151521654,0.2933794041549353
3232,0.04169793264417533,0.2999087590957644
3233,0.0402921102789317,0.29389112870346634
3234,0.0418495826305294,0.29728751091804717
3235,0.04379361454353091,0.2952644449464958
3236,0.04148686723783612,0.2947134012566473
3237,0.042756078164921815,0.2954314519700251
3238,0.04167632702481291,0.3007001135134159
3239,0.041925339828849884,0.29466081729957033
3240,0.04091627708400476,0.2991199764728845
3241,0.04155874885455297,0.2969185429669562
3242,0.042959426453845914,0.3018518769203272
3243,0.042408950154186414,0.3034746527373044
3244,0.04057449158304429,0.2978908025605935
3245,0.04286107784930738,0.2997917954746942
3246,0.041485952534351056,0.2994314814196493
3247,0.041205494524560925,0.2999920564374529
3248,0.04188503727975084,0.30285603894775076
3249,0.04091805554366201,0.30273839950860293
3250,0.04199382880081733,0.29804730114706773
3251,0.0414603202449704,0.2938542204878683
3252,0.04145907640415139,0.30040730995343146
3253,0.042071616443989795,0.3058503105452186
3254,0.040538391642235126,0.29998115668619485
3255,0.04163136950490954,0.29578594869016706
3256,0.04098309774563314,0.3037602612025158
3257,0.04082944072236804,0.3006118170748976
3258,0.04162443987441653,0.2945916303118369
3259,0.04187566266782619,0.2974498323293258
3260,0.0400631354927998,0.29885435446088476
3261,0.040824919569079667,0.298062310238978
3262,0.040652403974424774,0.2954796729679394
3263,0.04103753882061158,0.295021908399754
3264,0.04060652051622837,0.3014623808830902
3265,0.04225920715058843,0.3005822314355606
3266,0.04233174950682691,0.2962963968926205
3267,0.04162774139427041,0.30168244134363975
3268,0.04072147271978695,0.30115273471613574
3269,0.03966507563638246,0.3022211993622003
3270,0.0386527367169621,0.29725559451675654
3271,0.042290266253110165,0.2965822127603349
3272,0.04311209908665571,0.3002433413849737
3273,0.04199289418710279,0.3060134395882301
3274,0.042167530531637874,0.3023712991136955
3275,0.043176284664424885,0.29471992499622185
3276,0.04057665622179259,0.29497457741944116
3277,0.03993305598938823,0.2994270712734763
3278,0.04213627376523625,0.296500838452712
3279,0.042737768196213735,0.2988798822787471
3280,0.04123709978941912,0.3026805284402723
3281,0.043089429127813356,0.30247106472203006
3282,0.040346966066717505,0.302573566952893
3283,0.0407300876094061,0.30033180703943535
3284,0.041853021592237895,0.301946641900635
3285,0.04175040734707749,0.3021344833057327
3286,0.04154452581056639,0.30067811622506097
3287,0.042591274767311144,0.3013940562953925
3288,0.04409237474233454,0.2986567424129424
3289,0.041540765854761116,0.29741822752662767
3290,0.03991106163504951,0.29982439546208633
3291,0.042104990379114575,0.293218712422782
3292,0.04285136212006604,0.29711052934104637
3293,0.04250764409908768,0.30458322471768634
3294,0.04274978185828803,0.2986697005037975
3295,0.04040712234622479,0.30822806762424027
3296,0.04356871832997765,0.300900906380406
3297,0.042857260077977015,0.2952253931110963
3298,0.04220600449946945,0.29534116706677843
3299,0.04081452673156384,0.30311378248428045
3300,0.041877431408700566,0.29645520669027675
3301,0.04105220495006606,0.29838694473331734
3302,0.0409972094545575,0.30068397434208927
3303,0.041470405225522984,0.3052037207405071
3304,0.04210398173867667,0.2952949542337492
3305,0.043719029543048384,0.29612010872378985
3306,0.041697126390169696,0.3001748727900641
3307,0.040852649079024195,0.2954870911879946
3308,0.04255841138135446,0.29565406575761644
3309,0.04231160738211321,0.2974850637534806
3310,0.042013571342047216,0.30375179123684276
3311,0.041898053420128714,0.2935944647904028
3312,0.04320263081489313,0.303327362377542
3313,0.03981307396235734,0.29538015180960636
3314,0.04273761978447624,0.29746665307005543
3315,0.04152970256185845,0.30078159052327763
3316,0.040743767324120814,0.2976975413716228
3317,0.04145568095493063,0.2995777043670341
3318,0.04200192481480109,0.29863925857053963
3319,0.04090360699882054,0.2991147066342801
3320,0.04157633125259165,0.3020670761664708
3321,0.04160466223703067,0.3027186616881748
3322,0.04250770757665722,0.29718928541381257
3323,0.03871555706220014,0.3031907253210108
3324,0.04263030589828944,0.3006569485280448
3325,0.04091436283681588,0.2974521033559228
3326,0.04130160863882393,0.297625471942855
3327,0.04118136320389191,0.298799369250772
3328,0.04022323716149425,0.2981557632261948
3329,0.042015784968596356,0.29570187105421436
3330,0.03840505628890935,0.29239832594953385
3331,0.04151409383125622,0.2987186771661118
3332,0.042180972840207484,0.29722920588607477
3333,0.04261644410534311,0.2993041255831121
3334,0.040616320498651805,0.3002676733006212
3335,0.045927601244375296,0.2967014779945962
3336,0.04289277097709794,0.2994600397938475
3337,0.04325472490679949,0.2967640589502521
3338,0.04161961647660885,0.3006626563450149
3339,0.04579938857589748,0.30182014627937687
3340,0.04267228398598114,0.2949166868003389
3341,0.044623220161439145,0.2959503116538949
3342,0.041548560609816945,0.30047880352140965
3343,0.04288677860256798,0.2983687272421399
3344,0.03953695281835875,0.303345798344391
3345,0.040061009773531726,0.29418430019888964
3346,0.041169909707254225,0.29953878322490174
3347,0.042435560507331056,0.29791051181112616
3348,0.03947309318481755,0.2967347014405972
3349,0.04272057761188438,0.30075028004652277
3350,0.040704711637970875,0.29659467100873027
3351,0.04193970966934784,0.30539917902913605
3352,0.040924818796528165,0.29648522239057046
3353,0.04170178927079702,0.2927205326189672
3354,0.04074929184151958,0.29805993624871835
3355,0.040629972089875614,0.30216665433388307
3356,0.040635104154010206,0.2970074980816148
3357,0.04168336792151096,0.2982606951119308
3358,0.04076052152371982,0.29764039767789363
3359,0.03913723716347765,0.3022819889107145
3360,0.04000220204561127,0.2988661399162503
3361,0.04118152662065991,0.3013005930752981
3362,0.04067942795149963,0.2964654624424781
3363,0.04376370729621789,0.2915336731867981
3364,0.03941230147955636,0.2972024045044318
3365,0.04372063550029071,0.2980994078748507
3366,0.04411887828515081,0.29716792833386807
3367,0.03872111969088253,0.3003868454493078
3368,0.04245467179275134,0.3058882848660749
3369,0.03901153356758854,0.30370026475803596
3370,0.0394491011668977,0.29696254654411686
3371,0.04118303735308666,0.29453790968372706
3372,0.040079435303265736,0.2982625829658114
3373,0.0400507440510437,0.2993397879085146
3374,0.042502806199840586,0.2911657702765967
3375,0.04081881790652983,0.30243041216953653
3376,0.03918961749848604,0.2975432951572844
3377,0.040884527485154774,0.2996507809873213
3378,0.040564487111710366,0.29626041269840153
3379,0.04149748511579737,0.3036567808355305
3380,0.04016682730502166,0.30043004716473415
3381,0.03895900429536899,0.2951185212734349
3382,0.041044304989987894,0.30594687507415474
3383,0.04197733876596492,0.2956359986598629
3384,0.04280559388736268,0.2988568661281638
3385,0.04134645479798952,0.3002194188777964
3386,0.041166007940080906,0.30702724882908033
3387,0.039387201300978586,0.29403803738436307
3388,0.04287480219689788,0.298618691196119
3389,0.043211986125215776,0.2948380780025831
3390,0.0390550996991514,0.3003158728991236
3391,0.04134956204255385,0.2997782069788242
3392,0.039673955394491964,0.29709915348088234
3393,0.041925721499546056,0.3004147328977896
3394,0.03907215043687656,0.2986367213023934
3395,0.041747223209463676,0.2954225916051327
3396,0.04170106414514115,0.29951040640958865
3397,0.04105377052140359,0.2993597319550383
3398,0.03984163549931762,0.29477057854334515
3399,0.04174978440781509,0.29871830129459087
3400,0.0405634225691601,0.299681095289706
3401,0.041185005056207306,0.2978208130388929
3402,0.04157685940469006,0.301074531554877
3403,0.041531668245362904,0.29794992179724206
3404,0.039857063260405584,0.29864168594729035
3405,0.041750007778182066,0.2963159428092471
3406,0.04063048484422416,0.29640851459258183
3407,0.04008321278847586,0.2961083670569243
3408,0.03748311113477463,0.3005114322094093
3409,0.0428977233315713,0.29834032139010297
3410,0.041212131389484444,0.29690251990517874
3411,0.04220288385518063,0.296779345730343
3412,0.04140611525705518,0.2948767803702737
3413,0.04047843931653632,0.2986133623877564
3414,0.039675938084553504,0.31230688126837103
3415,0.043367041676377595,0.29957989024413856
3416,0.04017317725431856,0.29689174143592817
3417,0.039542125731725296,0.29614468891743134
3418,0.04006238077256016,0.29673078977374506
3419,0.03862450326405428,0.2982903801670349
3420,0.04166191246449238,0.3009728702499454
3421,0.04091477102569694,0.2988839708922202
3422,0.038920240679214284,0.29849367233968915
3423,0.03977644571773054,0.2964175723885235
3424,0.041041457684789985,0.29368237628225696
3425,0.04099965163560253,0.3061511435903105
3426,0.03857252464972829,0.30360075198394015
3427,0.040031306333559794,0.2992809571344452
3428,0.04150660994945836,0.30589060050278977
3429,0.04024094333615443,0.29586509473267053
3430,0.041108712235951146,0.29784104984281656
3431,0.04163918932222931,0.2949962180882767
3432,0.039516866734055314,0.3001357269167601
3433,0.04024665966282195,0.3032971421130618
3434,0.03903603094529575,0.2930410722816797
3435,0.043400107397415434,0.300267528004963
3436,0.04180559553240979,0.29695745365213333
3437,0.0405603938678835,0.3038065072737242
3438,0.04143113211814996,0.30232994465675567
3439,0.04075344120044924,0.3011252437356421
3440,0.040992985144584326,0.29883413681559695
3441,0.04001148418175584,0.29847994885573115
3442,0.03952792931796241,0.2952095860227905
3443,0.04157097900361009,0.29999056245599476
3444,0.039467429781897476,0.29770918397751067
3445,0.04113031614088643,0.29928211959307655
3446,0.040053752728884943,0.2996248924791962
3447,0.04231215574787953,0.2986355408241874
3448,0.039305852319961206,0.2991326325257918
3449,0.04093825871960487,0.3026214244222282
3450,0.039420947831072715,0.3001844022320327
3451,0.04199398486270455,0.296048777854831
3452,0.042227361029140036,0.2992409938633591
3453,0.04114819079973644,0.2975957617163658
3454,0.04060139552921169,0.2955919388018754
3455,0.038381736049834726,0.29707881580468704
3456,0.03972930639846843,0.29705835049761864
3457,0.04361598414688705,0.3004535844451503
3458,0.041139086429496534,0.2971384251550923
3459,0.03984184771131976,0.3023478025033659
3460,0.04054858749452278,0.30065201777488665
3461,0.04250936952879405,0.29949492479401424
3462,0.039335421008176934,0.30120398576621127
3463,0.03994428127990069,0.3028342470265271
3464,0.04036548922660021,0.2957859088043521
3465,0.041462085786319915,0.29564500506733893
3466,0.04237253877467343,0.2981135487220341
3467,0.03898266927201422,0.2969986415820612
3468,0.03943531381265076,0.29466068147119123
3469,0.04113777338429109,0.30000361137297515
3470,0.03991819735275661,0.2974505079980183
3471,0.04035714746541565,0.30027347580905545
3472,0.04022233518433377,0.297992463846852
3473,0.03958774603002315,0.29949492176896647
3474,0.040791612033869946,0.29564682881634935
3475,0.03899415162564687,0.30257470233547956
3476,0.04184756507714253,0.2981552621886545
3477,0.042264320978073214,0.3033162769032899
3478,0.04256804248220042,0.2976136122991268
3479,0.03854810771530023,0.2947692242182586
3480,0.03874635846029622,0.29738707425899075
3481,0.0395686836040259,0.2976011829754165
3482,0.03992108991813092,0.2948491535240546
3483,0.039115385242263996,0.29586992595802275
3484,0.0392347484322867,0.3015542560838219
3485,0.04214341853649582,0.2969971157068895
3486,0.04215808241000226,0.2996862458443283
3487,0.03959888792515062,0.29901344250691564
3488,0.04051289580678357,0.2959923255899197
3489,0.04071801568598563,0.29536769115237665
3490,0.039785462351665274,0.3049410748900029
3491,0.039474392277106904,0.29316618678190354
3492,0.038671331711809025,0.29778552363465605
3493,0.04149505109491205,0.298798505431578
3494,0.040470804326483666,0.30318754649998847
3495,0.04091859737266425,0.2977535931164758
3496,0.04096330106544325,0.29952848827779144
3497,0.041265131032705904,0.29604676337842656
3498,0.04066814576394688,0.2989578664601596
3499,0.040443667252653075,0.2978156863672094
3500,0.04027778991523728,0.3010080945783092
3501,0.041992293855170705,0.2969430209251872
3502,0.04175888816942753,0.30288917629192946
3503,0.04322300321203108,0.29867841997989136
3504,0.04132094091670424,0.30037136573839307
3505,0.04088681695730727,0.29499743548326923
3506,0.03892709132059848,0.2929898720225296
3507,0.0429520907556232,0.29653455219920116
3508,0.04158677763532016,0.3004763801220366
3509,0.04163856783421958,0.30736190467176583
3510,0.03988752812485591,0.29734984888020616
3511,0.03977738948740803,0.30463715254289464
3512,0.04145907647417564,0.30190613120794296
3513,0.03817412748064538,0.300385161767478
3514,0.04278855883448681,0.2960485647383489
3515,0.041744535920189174,0.2963393431969155
3516,0.039149408875252666,0.29646922625545274
3517,0.04137555926333282,0.3022410888831717
3518,0.03967041868184294,0.29762694616813706
3519,0.03829209564573465,0.3031121270922491
3520,0.04094336037687434,0.2973424777164495
3521,0.0402077033089936,0.2980105957777279
3522,0.04039404354639407,0.29810336607515364
3523,0.04260303407095205,0.30113163216968525
3524,0.039780563405127894,0.3030590699392751
3525,0.039125476083846616,0.2981261333502026
3526,0.040122265367883075,0.30011600005746186
3527,0.03876956826412028,0.29651709851391034
3528,0.039439336744540913,0.3000347562003554
3529,0.038697151850003345,0.2948091230110118
3530,0.04037363161181186,0.3000430710483016
3531,0.04084237070898887,0.294974233348268
3532,0.039289149001735565,0.29608024378542913
3533,0.0392921975648082,0.2979908320763356
3534,0.03972946777753065,0.30046692697849486
3535,0.04061471962050201,0.2951621242558448
3536,0.03821871380256325,0.30006475539359834
3537,0.04124189595712867,0.3012052332062769
3538,0.040883600575275215,0.3001338413970214
3539,0.03852356675041275,0.2986768296637332
3540,0.03839761650838649,0.2974643077990764
3541,0.03977281321015181,0.30028502603894786
3542,0.04125878336911736,0.29499590088774386
3543,0.040060247639766,0.3006820391704863
3544,0.039301310981014616,0.29968533108482387
3545,0.041234650500328804,0.2961893364376293
3546,0.0387406391803558,0.29313601030592334
3547,0.03964287937294347,0.3010585587985235
3548,0.04012788439234882,0.30144344479368446
3549,0.03781185859118712,0.30294819411478546
3550,0.03821160076746255,0.3014024401218969
3551,0.04081844595213652,0.29929689715679425
3552,0.04088695255635694,0.2947258575070173
3553,0.03964313278488236,0.3028037017561439
3554,0.040778705528132,0.29603405526482074
3555,0.04079202378873613,0.2977401421482402
3556,0.040875946961105206,0.2973097089986156
3557,0.041157853331552224,0.297409911913083
3558,0.038171010988211275,0.30181748418132764
3559,0.04010682360019376,0.29643890289659786
3560,0.03865919581131268,0.29068305052088617
3561,0.041239182472947916,0.3078896695733967
3562,0.0391219430801489,0.29616194285620423
3563,0.0387043413545068,0.30078999744844914
3564,0.03886279375654153,0.30020558053538915
3565,0.039251612746191766,0.30077778871047467
3566,0.03818365351710105,0.2965968945682198
3567,0.040785291735176234,0.29619395660054415
3568,0.038581150993564746,0.299178840615845
3569,0.03986900837982265,0.2977700365665264
3570,0.038580837733063256,0.2961192341862167
3571,0.040278927737002014,0.2972781455195637
3572,0.03888581189756424,0.29971962827339504
3573,0.040642600296471355,0.29873359298571606
3574,0.040828877940942025,0.30019257538823557
3575,0.03886091009011133,0.298957112102879
3576,0.041835692624811245,0.2978160509975034
3577,0.038365357575289215,0.29342907868829887
3578,0.04090802898376079,0.30078875448993575
3579,0.03909191655585622,0.29683530319454077
3580,0.03879988695294095,0.29787086441478033
3581,0.03883027636217313,0.2998014409888657
3582,0.03855262522703564,0.29661148435489876
3583,0.0393731141857392,0.29790299139300686
3584,0.03981592873564191,0.3019269575787367
3585,0.04281221997497001,0.30166020546864747
3586,0.04006107734693658,0.30097806485449163
3587,0.038718263400405795,0.2944908490717262
3588,0.040690275812451555,0.29753856372116205
3589,0.03970554834675221,0.30337213879838626
3590,0.04244473663900972,0.29829196325669016
3591,0.03995327271969247,0.29685267880745697
3592,0.03803825898698174,0.29989128533685416
3593,0.040143880013955344,0.2989273391906779
3594,0.040186079115697874,0.29522905242921116
3595,0.03904407231818726,0.30088517114632113
3596,0.0408887707040106,0.2988248960042657
3597,0.04066363564881503,0.2964368621844397
3598,0.04008365792215319,0.2986106619724355
3599,0.04025748705510097,0.2935898861191924
3600,0.03814165256007161,0.29915418899746465
3601,0.03932868350964777,0.30103232119615214
3602,0.040388852830528094,0.29643632006600384
3603,0.03824262889533918,0.2959444833018427
3604,0.03946440661837228,0.3003561149601052
3605,0.04145157611975563,0.2942092951041714
3606,0.04051888889949979,0.29642251020012644
3607,0.03842159644245429,0.2996662781576166
3608,0.03771771627821421,0.2994884663357173
3609,0.0371579053218857,0.29492246423075374
3610,0.039598462191692795,0.2963458169111632
3611,0.04064683804001407,0.3013418448673454
3612,0.040229250472692546,0.2997931729544673
3613,0.04163100141425031,0.2968168118058291
3614,0.038892354997677875,0.29933824563833106
3615,0.03884948824793754,0.30010862627946644
3616,0.03992492280711413,0.2949689807449666
3617,0.03873115953905298,0.3009244316353236
3618,0.04002044233785275,0.29848300809400125
3619,0.04158085829842098,0.2993178187979194
3620,0.03790555005066825,0.29401943264972596
3621,0.03762950141094905,0.30326786633571584
3622,0.04052320471322887,0.3019046940301594
3623,0.03882419188124102,0.29590190790201487
3624,0.0384972843771595,0.2978643702907969
3625,0.03926530835932975,0.2975155136041474
3626,0.03709242177746704,0.2984837725907938
3627,0.037632929056154604,0.3005371388785522
3628,0.03934754885880178,0.2978827368682787
3629,0.03934899323566217,0.2960987535298319
3630,0.040583355083856215,0.2970363137342577
3631,0.03962385693079509,0.3020586331648038
3632,0.04086404391517746,0.30580589149081916
3633,0.040129234007137235,0.2968691355154329
3634,0.03947969784325264,0.2973206260598692
3635,0.04048544426394958,0.29531300667309224
3636,0.038848612490191795,0.2999124089092539
3637,0.0383893833355628,0.3014731349278811
3638,0.040272741229565145,0.2968445185357168
3639,0.03866026844049718,0.3002976767700119
3640,0.042019492640209044,0.30271677579497336
3641,0.039581160383464715,0.2970778714295915
3642,0.038171181307036554,0.2981823825634512
3643,0.0406918640652284,0.29654156011447574
3644,0.04052073477048492,0.2999694822986323
3645,0.039057245778554774,0.29709737605991815
3646,0.03953724560143431,0.2961058046360661
3647,0.03734507485243835,0.3009470913157726
3648,0.03745244107942067,0.2988605175475429
3649,0.03902400091388508,0.2942987904886255
3650,0.04244260722362812,0.2991905452165389
3651,0.03901992158037622,0.2976747795864753
3652,0.040120191609528955,0.30046232939139944
3653,0.03980597407022552,0.2977672812148443
3654,0.03942904509498941,0.2985248521978694
3655,0.03762597578722414,0.2991308163020545
3656,0.04031633009450197,0.29415533493709445
3657,0.03935145288250668,0.29682857728094086
3658,0.04036007792149719,0.2962966537042369
3659,0.039808673766630706,0.29563004095900924
3660,0.038028423445658724,0.2973047961716664
3661,0.0400670641171921,0.2958427890201559
3662,0.03864941434563607,0.29911627844536215
3663,0.03735642979869194,0.30035193912442165
3664,0.040831745099182935,0.2952699591043898
3665,0.039861510701496204,0.3004456884542802
3666,0.03857096799597947,0.29527646478704345
3667,0.040722288955166414,0.2999082444455092
3668,0.036750345515381345,0.30120166581600233
3669,0.040598748500965405,0.30331629141231525
3670,0.039171597509549225,0.3000267616526824
3671,0.03882890631897576,0.29523566649073646
3672,0.03812707330708282,0.29835875547096546
3673,0.03858478941644231,0.2967512595250194
3674,0.040274497468192554,0.29840530595160963
3675,0.03851831322921006,0.2983402582935821
3676,0.0400139892294088,0.29471202375820105
3677,0.03944984543134918,0.29767661334428575
3678,0.03915927391545964,0.29517413922270436
3679,0.04079481999023367,0.2977675009976354
3680,0.039259378169254774,0.2995886506890892
3681,0.039073914536309984,0.3006827649952176
3682,0.04084623943113332,0.2986641225024572
3683,0.03981422600488092,0.29627885452861474
3684,0.04052547466437003,0.3013086639587443
3685,0.0396343317281987,0.29811724040069076
3686,0.04179332195372697,0.2967671069846416
3687,0.04009205789099865,0.29657989803860363
3688,0.03997061404406576,0.2985972246355879
3689,0.03791944478652475,0.30108667734571565
3690,0.040777808880400765,0.30100269229116294
3691,0.03751778111263251,0.29841007746027826
3692,0.040438807969749496,0.3006376132817197
3693,0.03855939441591613,0.2982183908460134
3694,0.03818336862225767,0.2991112899735458
3695,0.040686791730615166,0.3004031011970121
3696,0.03929761492000673,0.3011221418105869
3697,0.03964839517640739,0.29896668079577593
3698,0.041684321637841915,0.30074152115144226
3699,0.03769927413639307,0.2995436132925196
3700,0.038247568732977175,0.29830232042268406
3701,0.037655924617856704,0.29952598111073775
3702,0.03776757817313934,0.2993139833548015
3703,0.04096999969613507,0.2986527146552141
3704,0.0399709758447964,0.30285958241774025
3705,0.04050399598322416,0.2986792580675063
3706,0.04100346418779185,0.29721546772503316
3707,0.039374376333232285,0.29951413872098565
3708,0.040199281796894706,0.2988345877904641
3709,0.03881084527773666,0.2982665019338591
3710,0.03770861140379967,0.30303439167433216
3711,0.03925867478729676,0.29863905744220975
3712,0.04074401179921433,0.3023153282982066
3713,0.03993333891655008,0.2992772429733348
3714,0.03877852372253281,0.2974813056918314
3715,0.038692752502737265,0.2973224987511647
3716,0.037467195416676966,0.2996363730396244
3717,0.040725794651155785,0.3023635232284254
3718,0.038167510912251804,0.2943209863844372
3719,0.037320962042097276,0.2950502339946596
3720,0.04073283775595196,0.29973446803732323
3721,0.04066362209270304,0.3036168593175728
3722,0.03876625912212638,0.29606297208850546
3723,0.04038688583348535,0.3028227369065273
3724,0.03967596183678037,0.297903382595171
3725,0.038672853711721744,0.29839230928205907
3726,0.03824209601485303,0.29992905737164627
3727,0.0385399314010035,0.29995391547754596
3728,0.038635838807170704,0.3014514640459142
3729,0.038979891247062345,0.3031919895668974
3730,0.03862075241782088,0.30374603856700405
3731,0.03686916883474678,0.298701776336309
3732,0.03926167897074798,0.30284209836993303
3733,0.040665497432082406,0.29814721770902025
3734,0.03949470821660675,0.2987548552248113
3735,0.03845663927320419,0.29722823066296133
3736,0.03921535076284058,0.2977412471122909
3737,0.03876007427076312,0.2962068640311858
3738,0.037428635323389824,0.29832906466453596
3739,0.0363433640035929,0.2976978935095899
3740,0.03968260357655902,0.2933381766753089
3741,0.03874272358181296,0.29884986956615495
3742,0.039028334497289735,0.3008779226090376
3743,0.039581889463448545,0.297353915776824
3744,0.03735057896768726,0.30227324415119666
3745,0.04045365685200258,0.3001713016838358
3746,0.04018560473755805,0.2959350202428667
3747,0.03804219459629335,0.30317167943357526
3748,0.03803537142425682,0.2998744882549857
3749,0.03852394949656475,0.29745971066013616
3750,0.03822923432638808,0.29903039786227065
3751,0.04019494135315556,0.296894621729552
3752,0.037375089295213125,0.2978505228359
3753,0.036798667673833836,0.2980988845602612
3754,0.039770905292571934,0.29599369494687944
3755,0.038239507708362395,0.2994160828248301
3756,0.040321657778975326,0.29670451725261254
3757,0.03772067458994388,0.30228493170331894
3758,0.040679097331985645,0.29817100713276923
3759,0.040616723164953385,0.3057613629184869
3760,0.038273841310712625,0.2952903199539447
3761,0.039738753353033146,0.2961045143411572
3762,0.03918504254556352,0.30342561331458556
3763,0.03731063104299992,0.29998379200696945
3764,0.03976916112087406,0.3002377500510156
3765,0.03962380739622154,0.29721778661087345
3766,0.036755441920248266,0.29990309508596746
3767,0.03699214623938723,0.29825950684702784
3768,0.03733670814219573,0.29466114949463007
3769,0.038197266656840055,0.29864078269043665
3770,0.03742935577871973,0.29770365695382717
3771,0.03879819070584232,0.30154372895495934
3772,0.03833425522637192,0.29986645105787385
3773,0.0363978873459823,0.2963731204507345
3774,0.0392474444807136,0.29811216870271473
3775,0.03778092412541814,0.2980055553385787
3776,0.03772428817696925,0.3005838314057293
3777,0.03588132884348731,0.2993080909538986
3778,0.04149995779590611,0.300294233201291
3779,0.041832762058441504,0.29853355178707525
3780,0.03733410103944478,0.2979983156523609
3781,0.0380275733497596,0.2993675520396173
3782,0.038288937513961604,0.30139978482086854
3783,0.03867702727103349,0.2986657845047781
3784,0.0404692915855279,0.30015766587024345
3785,0.03969438456904545,0.29871103419621187
3786,0.03787844838576863,0.2978344187700659
3787,0.039924516962294966,0.29588099675519125
3788,0.03681450248940995,0.2991994474839447
3789,0.03764903897484928,0.2976457840181831
3790,0.04072214216740807,0.3042493757971546
3791,0.03810500209091376,0.3014554973869097
3792,0.03745799436511701,0.29903143214850797
3793,0.03855568631132014,0.2979950916236803
3794,0.0401807556367645,0.29603014703382524
3795,0.03701027264739188,0.29778747942139927
3796,0.03859640880228769,0.29860216184965055
3797,0.03990528082946563,0.296253516131027
3798,0.037807131759743005,0.29887414992527855
3799,0.03801942675463146,0.29749893966623414
3800,0.03896498803124018,0.29994017782067894
3801,0.039167791239702536,0.3005410613011298
3802,0.03917411843928646,0.29862774170953826
3803,0.03988880044395538,0.3020438554890473
3804,0.03582744474900901,0.29520432865783985
3805,0.038712933075434545,0.3032800290630874
3806,0.03839056647060565,0.2977693370522413
3807,0.037896514354964585,0.29898939199540253
3808,0.038429331511753914,0.3021834981359336
3809,0.036121257307138624,0.29697196854087043
3810,0.03801861422761976,0.3000157437191571
3811,0.03812170125144933,0.30100948417694645
3812,0.03886994352169746,0.3008210601513846
3813,0.0369667869363503,0.3003913021662779
3814,0.037275285050996525,0.30231154799685445
3815,0.03808666599965783,0.3004398070891997
3816,0.03609267287574858,0.2983971957425426
3817,0.03858872016607072,0.30203441328796227
3818,0.041059727034762614,0.305492042766926
3819,0.04182014739687057,0.2924660472829539
3820,0.04102257526897473,0.300848098887238
3821,0.036365766277219304,0.2968928551950252
3822,0.036012045383210615,0.29859874057665203
3823,0.03934449597742096,0.30107257244431584
3824,0.03875161370292848,0.30210505257871817
3825,0.038310299610560365,0.3020679820002171
3826,0.036495715834872614,0.29922923305653093
3827,0.03768627765795034,0.301925270012895
3828,0.03888788236652905,0.29704430187704567
3829,0.04009390634514933,0.29917369825872864
3830,0.038955001848490725,0.30006696575118186
3831,0.03810595596888404,0.298419522966508
3832,0.03881339252083784,0.29635671649436307
3833,0.0391753179109877,0.29725326390418794
3834,0.03789504934370723,0.2973582062655523
3835,0.03908855684234628,0.30019100845084157
3836,0.03871278195375843,0.2958105911773847
3837,0.03902066471335247,0.3023538623089181
3838,0.03714152130258636,0.2996739099049628
3839,0.03876779663007716,0.30169738788055
3840,0.039007454223576044,0.29983505573039665
3841,0.03660303890940857,0.30082553410365764
3842,0.037589115010723845,0.2989481365994403
3843,0.039895430304702925,0.29893735155724643
3844,0.03805855672892865,0.30240393566308466
3845,0.03594337883907228,0.29628542160853405
3846,0.038075888674720226,0.29884686912958486
3847,0.039105882041301006,0.29745214283092875
3848,0.03770297265641933,0.2978311826598674
3849,0.03933429236484127,0.2984239174272482
3850,0.03623428167355128,0.29677184254752664
3851,0.037626778149048336,0.29950074289451567
3852,0.0383842818475186,0.29664910806898487
3853,0.03753671124180718,0.30067219331225653
3854,0.03976010776738774,0.2979388887011318
3855,0.03954903565272502,0.2996424629462692
3856,0.03778668647202521,0.2994822261850338
3857,0.03704205352374187,0.2978929460683562
3858,0.038075986092462016,0.29850267956878307
3859,0.03676120139177618,0.2987660467998127
3860,0.03635572838972796,0.29495015783342804
3861,0.0382319630455123,0.2949472385502997
3862,0.03730965226382148,0.29882114121041503
3863,0.037064597981615474,0.2966511812910699
3864,0.036867437859119515,0.29830778677735414
3865,0.037728434949815697,0.30261595974814026
3866,0.03885413292284243,0.30196074185365424
3867,0.03722863982053459,0.3021651848142308
3868,0.03863343839304006,0.3003438481860292
3869,0.03922269662683433,0.2963855049215761
3870,0.03830368143160895,0.2989480291168791
3871,0.03739018134310618,0.30182914245397524
3872,0.0388470936232809,0.29900117870186804
3873,0.03924311490853161,0.29792425802028866
3874,0.03729217309728825,0.30021112746463385
3875,0.03847649516094299,0.2975519911239022
3876,0.03803942977966633,0.29790911300663364
3877,0.037849674732506014,0.297582149337557
3878,0.03661612789660113,0.2980637960602765
3879,0.04019082227388028,0.3000448102640329
3880,0.039554036335604156,0.29797237502751794
3881,0.03774711494229006,0.3011051171218841
3882,0.03679254738308191,0.29967449698830606
3883,0.03638391483593779,0.2981661573089753
3884,0.035729274803184365,0.3009748668001409
3885,0.039299463832232734,0.30329286198792305
3886,0.04015522451025613,0.2974122408824158
3887,0.03540056228012145,0.2982694966937964
3888,0.039476856512290645,0.29997961732902023
3889,0.04059561432799077,0.29762971643965347
3890,0.03879844015207431,0.30143919460158003
3891,0.03718966227970121,0.30123725981640637
3892,0.03535534106463399,0.3009138125412745
3893,0.03830945174755963,0.3004123933034433
3894,0.0376363392886624,0.2990841132992491
3895,0.03842434954402366,0.2956683815720685
3896,0.036731628440834004,0.30052383361678375
3897,0.038738832412226906,0.3019564211144483
3898,0.04018269878996531,0.29768706800271394
3899,0.037198528917599706,0.3001437789590138
3900,0.03740045548717778,0.29735381385885684
3901,0.03892876128584408,0.2980762818702182
3902,0.03485906179784272,0.304082135471485
3903,0.03606489066496715,0.2969249649566218
3904,0.03589608700815262,0.2988593384138026
3905,0.03783598725210156,0.29776608288512196
3906,0.036360281039342135,0.29712866676182376
3907,0.03522353860774873,0.299118588517483
3908,0.03810552855192644,0.3000322867903793
3909,0.03954358296270452,0.3024706975708629
3910,0.03922379935419369,0.29769105495964376
3911,0.03710366156941891,0.30226763078294006
3912,0.03590022837673139,0.30142675426072046
3913,0.03823038877832953,0.29911976572789045
3914,0.039100023397340214,0.2982960735496722
3915,0.03598927040024191,0.3034206048811886
3916,0.03839207103039444,0.3025117332773997
3917,0.0386614335469206,0.2976552053427039
3918,0.0389821729996244,0.30009343189404425
3919,0.039327676679920355,0.3002244536589859
3920,0.03772589222663421,0.29891326332600193
3921,0.03790316901771926,0.2989340941410017
3922,0.03850423099232702,0.2976169278448387
3923,0.03827255804011164,0.30204892334035766
3924,0.038064743301137946,0.3037111227001463
3925,0.03760719519892806,0.30227990950782196
3926,0.037214327375999744,0.29725459907063867
3927,0.0373350584804825,0.30067282782536103
3928,0.03699338788523766,0.2984759555125894
3929,0.04013849047472453,0.3009614693864545
3930,0.03705058722082236,0.30002211230365855
3931,0.038173486581328964,0.2979218431732111
3932,0.03508066809689509,0.2989525502748358
3933,0.03766402781049354,0.30045855866936516
3934,0.03628668905221822,0.2968431216545571
3935,0.035806733650391116,0.29916543991568695
3936,0.03683383321975425,0.3000494124447194
3937,0.03586896546220029,0.3045502603614241
3938,0.03712751690232963,0.3008697097724243
3939,0.03914944351508392,0.2981979013759092
3940,0.03717859756880741,0.2982075318582076
3941,0.03803249660477901,0.29891018487307663
3942,0.03794376290330948,0.29634651875959006
3943,0.03777440307652554,0.2970220556011176
3944,0.037443491001788495,0.2998113291417447
3945,0.03684830782062054,0.30086900374121534
3946,0.03711993416787632,0.29706935646166477
3947,0.04204514102583149,0.3047105042371236
3948,0.03783750607466377,0.2985312239381305
3949,0.03482425217645098,0.30093741962186676
3950,0.03804151512236617,0.2987283825650251
3951,0.0370054083600883,0.29986127467830676
3952,0.039157986999804474,0.3031788916329393
3953,0.03557538124382552,0.2992747720881811
3954,0.037205321990294304,0.2989136328673303
3955,0.03735882538559854,0.29880745770563755
3956,0.037051420501272254,0.3008284680451964
3957,0.03905403656992398,0.2995615058338134
3958,0.03776229048768679,0.300239862804126
3959,0.0365895703680029,0.30039559056361514
3960,0.03678369437715501,0.3002824483247927
3961,0.03774425983697381,0.30087492562699736
3962,0.03734621233283484,0.29840484162545144
3963,0.03722350899116101,0.3049401788969984
3964,0.03829715831291612,0.29813397580519657
3965,0.037046506738623974,0.2978850345787847
3966,0.03793813543741995,0.2994402306233731
3967,0.03785687982324128,0.30118229520276074
3968,0.03590286095372231,0.2999439666929998
3969,0.03954587257840673,0.30608972191885303
3970,0.03708700747590951,0.30244345479367074
3971,0.03669396117516329,0.3035612079060466
3972,0.03715093047789912,0.30010919885378434
3973,0.03710914237534436,0.297628015709252
3974,0.03615498510632841,0.29765743164714414
3975,0.036410434538601225,0.30128407276662666
3976,0.037674405718254936,0.2996080802347427
3977,0.037430922067805864,0.2976894420676662
3978,0.03517167067288288,0.3004580906459263
3979,0.03638874699728083,0.29869338761744346
3980,0.03714859752972986,0.3009330499590489
3981,0.03570190737931931,0.30157387316376344
3982,0.03682345056318139,0.29850537727649945
3983,0.036414032315317174,0.30071422171996054
3984,0.037182233184295935,0.29903498997813777
3985,0.03696102303228712,0.2972709665770519
3986,0.03789225061958595,0.3005862561122218
3987,0.03625964045111454,0.3015198358392954
3988,0.03510319319831436,0.29812543165116084
3989,0.03706325673122417,0.2988474157295729
3990,0.03693726555943806,0.29841357286562
3991,0.03749824679552351,0.3013897943578866
3992,0.0385815520872383,0.2980284919416098
3993,0.036732059952751604,0.29903766249579594
3994,0.03868511329722453,0.30139717702429397
3995,0.03749553395148115,0.30023692055304246
3996,0.03859256558997888,0.3020571062626098
3997,0.036599965873442795,0.2999593238894802
3998,0.03656414451712467,0.2981195450762758
3999,0.03793758889111716,0.29724052537204626
4000,0.039536556558109316,0.302172171684883
4001,0.035917611514920726,0.30051149375606
4002,0.03726545118967207,0.2964408498322755
4003,0.0365353747397045,0.29835626182326097
4004,0.038448652872853074,0.29893973107475386
4005,0.03732577825133178,0.30146793117349907
4006,0.03695211464767916,0.2994889582420949
4007,0.03647731619835703,0.30094926780029047
4008,0.03504936200074086,0.2975754412568004
4009,0.03479889515474588,0.29953640973881673
4010,0.035825047200256234,0.30082770080345317
4011,0.03904231426534815,0.30233143787261535
4012,0.03686322273457782,0.29617098866399366
4013,0.0376536867220683,0.3018791286606239
4014,0.03597165722712725,0.29932720176782224
4015,0.038196662639298086,0.3007472668935482
4016,0.036920101932695785,0.29907292260188506
4017,0.038152235301029416,0.29945600243812814
4018,0.03877082540196154,0.30291781107659327
4019,0.037460874766111374,0.29776168420425336
4020,0.03657021339198476,0.29961509627283067
4021,0.035696077616861964,0.30151580722260296
4022,0.036335013532558254,0.30141243596274153
4023,0.035241371756221135,0.3026860603189707
4024,0.036884395081787966,0.29769613675978546
4025,0.038363036204171475,0.30155125839220254
4026,0.037064484832925085,0.30045159853864134
4027,0.0369888300783372,0.29817414692694083
4028,0.035711168572376654,0.30114297417545677
4029,0.0388714328535452,0.30037103923863934
4030,0.03772674705938233,0.29931469861053883
4031,0.03476658864075173,0.3021149605624658
4032,0.03408857045244696,0.2983832495814577
4033,0.03664971180995436,0.2994855248689054
4034,0.03625338894599829,0.3001591873198822
4035,0.03819571832255612,0.29792300131834837
4036,0.037521022190760006,0.3014965092291808
4037,0.03682634918682072,0.3000125690435706
4038,0.03817123190947998,0.2994605580106714
4039,0.03754083416599752,0.3015721604265366
4040,0.03432054771985719,0.3002803293535285
4041,0.03805433805999264,0.2989975805569412
4042,0.0366442505209555,0.3016339989570448
4043,0.035868037696274224,0.29917725758220914
4044,0.03674002542372858,0.2994962256018978
4045,0.03722975672795122,0.29914769868280056
4046,0.03546885077936113,0.29525034060529004
4047,0.04120601442721871,0.30249213938949104
4048,0.036211812087360365,0.2989284755255943
4049,0.03614695972814353,0.30019839722336383
4050,0.036904567271415,0.3013366198629365
4051,0.03594495994208105,0.2940610397355001
4052,0.03549167670701679,0.299489565455077
4053,0.03895149296348013,0.30126268091730607
4054,0.03805914003621404,0.3024207800626755
4055,0.03874747855133636,0.29799251680386096
4056,0.03742386861225791,0.30253081115191444
4057,0.035937192514865546,0.29943259159350455
4058,0.036521444639265724,0.30098165532476023
4059,0.034439605333373174,0.30123791473924666
4060,0.03730195409672003,0.2987179157877327
4061,0.036814371817733595,0.30035187361906646
4062,0.03981509430329304,0.29939624484170946
4063,0.03766109858917301,0.30103970186453416
4064,0.03500519587161174,0.3021871956406082
4065,0.03657173983843759,0.3023320509863079
4066,0.03567583164851412,0.29965493465799437
4067,0.0368314663833474,0.3002648433871138
4068,0.03513718796263736,0.29871073641573875
4069,0.03551723932693327,0.3008272554305263
4070,0.038505792921236286,0.29968252440069554
4071,0.03541312633924896,0.2999607349808951
4072,0.03648440071841454,0.2989642630356894
4073,0.038475263015049645,0.3026128806229821
4074,0.03626717421293894,0.30318601689019
4075,0.03790255761787034,0.2976997254374332
4076,0.03693684306460197,0.299906998742045
4077,0.03682968541536303,0.30171550405130054
4078,0.03580004857318537,0.29918297128121657
4079,0.03475212642075704,0.3010688425044069
4080,0.0380098927640041,0.29895879147121485
4081,0.035128782740805796,0.29919222701238213
4082,0.035275128211961465,0.29737535479448196
4083,0.03394044874081934,0.300444589951134
4084,0.037235752788528725,0.3010581456554265
4085,0.03698740222253241,0.3019603413896154
4086,0.037242556567348185,0.304313504979724
4087,0.037972195603812396,0.30068251854719075
4088,0.03619039810103899,0.2989113971889766
4089,0.036973445865916166,0.2990513334148808
4090,0.03606109321525876,0.2997038277206863
4091,0.036709003676812076,0.3007458983208601
4092,0.036923727782718595,0.3004307551566222
4093,0.0378803853552443,0.3048852421996886
4094,0.0370907979135642,0.30271766626073005
4095,0.03547319047967611,0.3008592293077244
4096,0.03549703459528492,0.3002751979948883
4097,0.035529192496805376,0.3036430790684277
4098,0.039121806898147315,0.3018742571199747
4099,0.03596317420951686,0.2987906190573721
4100,0.03475851841845123,0.30084602680421413
4101,0.03902635470506523,0.30031039774940727
4102,0.03419325855953904,0.3021842344362933
4103,0.03648537720021393,0.2954676271157157
4104,0.03640399015109454,0.2995383206540182
4105,0.03662740644055855,0.30092617389477583
4106,0.03507540662502193,0.29744226814137964
4107,0.03530220715632489,0.29805763844484673
4108,0.03635198069283538,0.29848749648060713
4109,0.03443540844256362,0.3005667638435101
4110,0.03582665937623583,0.29989579558970036
4111,0.036361351688007325,0.30203830209889804
4112,0.03410228908372422,0.29930680118183745
4113,0.03668498957557674,0.29894349503711354
4114,0.03754947642926453,0.2990525161338629
4115,0.035987814223127704,0.29865859956819013
4116,0.03527601083441822,0.30126764776563286
4117,0.035816234964200465,0.295723711637626
4118,0.03452021017831687,0.2995334655830735
4119,0.0366002435091052,0.30005486012625515
4120,0.03741215166512102,0.3017816078804788
4121,0.03519904328671221,0.30057055951285183
4122,0.03496232769104248,0.2989003954637319
4123,0.036959469209268764,0.3026637936333068
4124,0.0358279221358576,0.298860839789822
4125,0.03604034504288327,0.30034730301465007
4126,0.03627780556006539,0.297895125316498
4127,0.03225710877523125,0.30195581597418414
4128,0.035210859713221625,0.3065871858693902
4129,0.03626063971647194,0.30163999088575366
4130,0.03351210085803498,0.3028328885746779
4131,0.03645451359840619,0.30261875255812976
4132,0.037452372767843474,0.3023779745538133
4133,0.036596056737967377,0.2970789202061811
4134,0.03466106738071226,0.3012224928216827
4135,0.037394572264703926,0.30263294456970125
4136,0.03647295084173901,0.3001222874511752
4137,0.03415764967577163,0.2990638820225732
4138,0.034971150399225395,0.3008396554374157
4139,0.0361220086913061,0.29915359552790943
4140,0.03609728476588141,0.30083867115783214
4141,0.035037451486142915,0.29938661439675734
4142,0.03528234088048806,0.30147855060366463
4143,0.03810271015390754,0.30225311761213125
4144,0.03763766145394335,0.3041532718037304
4145,0.035486617725445216,0.3007267153726186
4146,0.03441920946994073,0.2997595502021618
4147,0.03553179674490091,0.29847144985333424
4148,0.0360274677862761,0.30378452544672446
4149,0.03723794614013873,0.3002957094432716
4150,0.034872684770737565,0.30249296453662383
4151,0.03670610374021799,0.29840279971821265
4152,0.0329658700308452,0.3017430124725017
4153,0.034855466101430636,0.2983836882694024
4154,0.034561554008492625,0.3001896794091789
4155,0.035358879998218934,0.3012336333443348
4156,0.03677284204398742,0.30257202470138256
4157,0.03427608855206398,0.3001210246804663
4158,0.035942241868102236,0.29920658037850734
4159,0.03591308780049527,0.2989407946404658
4160,0.03379819715421245,0.3008267428903353
4161,0.033655251306890135,0.2989249852927108
4162,0.03296715447931249,0.30299677813710424
4163,0.035115745955527314,0.3022155017594347
4164,0.03430889637552594,0.298603792518452
4165,0.03522955518236902,0.3017369750373644
4166,0.036670900429634,0.3037600394963919
4167,0.036664143422931283,0.3005682390024489
4168,0.03490208977784373,0.30164137441562233
4169,0.032995710253276696,0.30101909839494484
4170,0.034946967394821775,0.30229507537936806
4171,0.03383964375315005,0.2951657330257851
4172,0.04020852470165936,0.29877883037155434
4173,0.03365634939689329,0.3006773600191401
4174,0.03594127641570635,0.29795532602639424
4175,0.03310729417469082,0.3013663691722958
4176,0.03546810173254488,0.3033623620867729
4177,0.035202289899965204,0.3007335355295275
4178,0.03367465292278649,0.296250087556833
4179,0.03677971485329974,0.3021237899673015
4180,0.03408785996594487,0.30066253877896115
4181,0.034972733181940954,0.29982654716735496
4182,0.03531780207756076,0.3004965746686572
4183,0.03855444476262836,0.2989231197532257
4184,0.032910706376759594,0.3026243957847282
4185,0.032318550328908485,0.30167097320084585
4186,0.03455743137840415,0.29883823668897
4187,0.035207266477578526,0.30365868243283795
4188,0.03631780781131938,0.30071680178693067
4189,0.03482947879025064,0.3011714972761042
4190,0.03570080577701629,0.29789048065443086
4191,0.03550583482218117,0.30285559088589253
4192,0.03502321568081963,0.3016139513119719
4193,0.03464809617022972,0.30293988402848854
4194,0.034812987280220614,0.30030502819626553
4195,0.03559786282400402,0.2995050082865514
4196,0.0328474061167974,0.2996713191382867
4197,0.033632294636075026,0.301835866537608
4198,0.03519628945076348,0.3012291019161542
4199,0.0332185280623666,0.30230036897019935
4200,0.03400567994758785,0.2988312106047358
4201,0.03340460205530015,0.2994999130604261
4202,0.033353090323601155,0.2978429251856971
4203,0.03364235585739831,0.30062479382021384
4204,0.03386533115307724,0.3015589935326935
4205,0.037738832065667534,0.29502855295450764
4206,0.03674122998560954,0.30206848751930965
4207,0.03419953046009449,0.30220536521652286
4208,0.032902049347419846,0.3025441870168038
4209,0.03505251459359544,0.3018584081665018
4210,0.04152358914807178,0.2983058459851377
4211,0.034980134548908824,0.3003577899215813
4212,0.03607873138061311,0.29884230347354906
4213,0.03418782254433572,0.3016316275623508
4214,0.035537070952435225,0.30264954765637714
4215,0.0353204946402451,0.30125505225102706
4216,0.03416705158256685,0.3024201649696307
4217,0.03446800335903272,0.30004979255504177
4218,0.035309050170317255,0.300429566163467
4219,0.031871245124781115,0.3002905210942254
4220,0.03278342081948107,0.3032263640435716
4221,0.03327326177920502,0.30094311602955176
4222,0.03254965297004819,0.3020574275899053
4223,0.03663291615483008,0.3009103848447178
4224,0.03306057195314545,0.30311976072558183
4225,0.033489976129622984,0.30038171877762426
4226,0.03207522011589595,0.3000706015411475
4227,0.03521611039581613,0.29972859974343674
4228,0.036721553341870695,0.30241324031786215
4229,0.03559225653053114,0.29946356804523255
4230,0.0348621928001775,0.29833822686197164
4231,0.03423871372868412,0.30210342267551515
4232,0.0322777269510809,0.3011731897343071
4233,0.03341525948179284,0.3003142235011684
4234,0.032694333250153536,0.2987522891253457
4235,0.03268345820024274,0.30408609763049244
4236,0.03256208084600704,0.3000997158145546
4237,0.04007157220803948,0.3008519832913141
4238,0.03515137546931517,0.3028775863816266
4239,0.0328411269812777,0.30193550296519933
4240,0.0347538044714698,0.30413417176420526
4241,0.03280318115795858,0.29907355171845373
4242,0.03371638745926717,0.30265262358842937
4243,0.03335569454602113,0.3002093886783846
4244,0.0319801512481248,0.29960632501613527
4245,0.036564241266718374,0.302193273054926
4246,0.03614335193270747,0.30103210307527006
4247,0.03495301910090193,0.299761996140008
4248,0.03366595935216524,0.30019371480421914
4249,0.034795937743994934,0.3025403474655964
4250,0.03430956319723755,0.29853937063450203
4251,0.03443419980818877,0.3004317454116088
4252,0.036179277811311465,0.2991166674814427
4253,0.036031768326402494,0.3031919494383317
4254,0.033739092470354455,0.3023065840241903
4255,0.03606781635473116,0.3015843469808275
4256,0.03297755901029516,0.3017407055561405
4257,0.03430848731250878,0.30249470097005815
4258,0.034953790258168055,0.299165011348581
4259,0.0354468566546436,0.2991632909180228
4260,0.03392705368286554,0.3035748091930136
4261,0.03306939480662869,0.30392296545039443
4262,0.03291878321868622,0.29895103205564927
4263,0.032196479292240995,0.29964953218411683
4264,0.033078083296990336,0.3007180246718247
4265,0.03141033252932243,0.30106645773974877
4266,0.03362868650685669,0.3003985283518196
4267,0.03173197647626687,0.30460591479799803
4268,0.03455869770050982,0.2990315823365274
4269,0.034738190012008306,0.30010421400455606
4270,0.03247266561364788,0.3007453869384034
4271,0.0319275382782489,0.3016487881167789
4272,0.035032870369335466,0.30275078838630426
4273,0.03171027114470128,0.30176947430187
4274,0.03066562200408606,0.3014305081395876
4275,0.03389037482645876,0.2998665054713873
4276,0.03264356864193795,0.30274262206446856
4277,0.03473084218529308,0.2989370871269912
4278,0.03581792116398575,0.30227591271015036
4279,0.03670800827562641,0.3028521694448359
4280,0.03610152373659917,0.30375923178996656
4281,0.03181488155375671,0.30063029014526454
4282,0.04219856227043185,0.30213714290158195
4283,0.039866305908706406,0.30160803411314663
4284,0.03289536042792494,0.30293605144236024
4285,0.03269650417620452,0.30192641904554274
4286,0.03320077766155483,0.300566427148225
4287,0.03309102825771429,0.30237881947579537
4288,0.03211613273817607,0.3016111413226988
4289,0.032246732975783426,0.3018856595520089
4290,0.03246765693312366,0.30601530077687483
4291,0.03505274576933256,0.30341765986648117
4292,0.03141938621308981,0.2992795660046109
4293,0.03232075328609549,0.3015104978903194
4294,0.03149768006275956,0.30080592083303553
4295,0.030940554190525098,0.3027120977640152
4296,0.031241558610057847,0.3001851929645789
4297,0.03062420685479142,0.3003592363612395
4298,0.0315575385466218,0.30275335146072213
4299,0.04001441504076861,0.2996783357925881
4300,0.03392162161039242,0.3046192934825307
4301,0.0314235207863983,0.3011210856581093
4302,0.03122676049772286,0.30019642634872806
4303,0.03165257510140931,0.2996956526411506
4304,0.03075123605444411,0.30301890800471293
4305,0.0333061369385729,0.30244428559876324
4306,0.032901014859571046,0.3021209738905866
4307,0.031261990671361185,0.30141150139104156
4308,0.033012833844235444,0.30573173731864245
4309,0.032696211484744025,0.3007483148485198
4310,0.03253104140512869,0.30093363192595335
4311,0.03858052407750827,0.30086175559606765
4312,0.03347567691383673,0.30229244808804123
4313,0.03208839917616139,0.3011414272369896
4314,0.03129515462709045,0.3013189913971083
4315,0.03271934349103866,0.3012617866795762
4316,0.03246660675167253,0.3035683419956898
4317,0.031405485174466945,0.3038470053247043
4318,0.032265937764006186,0.2999501960879579
4319,0.03195851609924281,0.3023147124582365
4320,0.03271579921752084,0.298593305779579
4321,0.03207063778095825,0.30267182722650376
4322,0.03125874622827653,0.3015208970895387
4323,0.031054385960508222,0.30148868059230627
4324,0.03054996053536509,0.30393000370951223
4325,0.030513723214264297,0.30197487362569436
4326,0.03163214920107322,0.2996523594460392
4327,0.03015485266340257,0.3026405598846892
4328,0.03057869060844986,0.29992891573592234
4329,0.03344719627239557,0.30360556595531624
4330,0.03201676778644697,0.3023613579851344
4331,0.0327158644947137,0.3016713476905548
4332,0.031574379992356204,0.30342020536947967
4333,0.03177487666864254,0.30374282654514884
4334,0.03366232763294289,0.30464021069812297
4335,0.03545799099532117,0.30539991820515844
4336,0.031106220711755537,0.3011305385962465
4337,0.034850113903800196,0.3026822354075006
4338,0.034179264038829205,0.3019964751556404
4339,0.03180012397729514,0.3033539714819208
4340,0.03159028402398945,0.3006831237808206
4341,0.03187345147420557,0.3027035096347481
4342,0.03146452173873091,0.30183170700357076
4343,0.032423414326714056,0.30154418904231606
4344,0.03193825164916027,0.30347891656079684
4345,0.03205949223348241,0.3032790216288172
4346,0.030236127053417806,0.3015724301039426
4347,0.034215723069846854,0.30355267732737956
4348,0.030795018696914752,0.30302156302564426
4349,0.03226362332178835,0.2994564121266953
4350,0.031739402546040844,0.30424818209836957
4351,0.03253578824717038,0.30159971605342134
4352,0.03133120732370269,0.301674194671307
4353,0.031044165113063196,0.30204368337876814
4354,0.03222468777683407,0.3031208150667654
4355,0.032012421952882654,0.3028444055850643
4356,0.03269749899093706,0.3031947129128272
4357,0.03161671842310699,0.30086094008427217
4358,0.033327682218035885,0.30418562304630015
4359,0.031174634640334983,0.3004114918018642
4360,0.03795103617491,0.2986333202150531
4361,0.03157737460582608,0.3023261893400572
4362,0.029772697455998986,0.30458378868368935
4363,0.03085421068059341,0.302879010189446
4364,0.03202857617533913,0.3043932070521484
4365,0.029654895050572536,0.30151198268459556
4366,0.031445967305432955,0.3033135919866705
4367,0.030116326752454882,0.3045130797047962
4368,0.03205772298901694,0.2999782885674546
4369,0.03377676210342848,0.30083958883034556
4370,0.030954712033178424,0.3021634902459637
4371,0.029983937062257736,0.3024571185796183
4372,0.030185364495454014,0.301106490680299
4373,0.030837421880260035,0.30068069797261315
4374,0.03007324829401173,0.2991250861146695
4375,0.03154601381868731,0.3020869197702049
4376,0.03198066410167437,0.300163638845721
4377,0.031793912381335235,0.30290944224461575
4378,0.030342878510633994,0.3008806146961406
4379,0.031408699651255756,0.3012182141903947
4380,0.030533480649361185,0.30306039237064825
4381,0.033256360256745665,0.30051323487645104
4382,0.03211021155263659,0.30179584229873835
4383,0.03033394036921941,0.3011290363052435
4384,0.030476626306935622,0.3028939856510413
4385,0.0296660385340835,0.3006485720027359
4386,0.03105274116139588,0.3039039010018633
4387,0.030405297046200486,0.3012228165578125
4388,0.03442300496509714,0.3026289452324834
4389,0.0332500776071755,0.3016042588161944
4390,0.03537444064199906,0.29972298975501743
4391,0.030674987552829908,0.3028764164350684
4392,0.03031678275172517,0.3021741686085412
4393,0.029879667663732006,0.3002820673181598
4394,0.031227851082293086,0.3071294427478224
4395,0.031177434394104562,0.2997779540512197
4396,0.030638875712857658,0.302722120736924
4397,0.030751824240085848,0.3009633349446127
4398,0.030776282250741145,0.3004876196496469
4399,0.030618674874557814,0.3034122510624111
4400,0.03047827144624913,0.30451016757347826
4401,0.030674079067790343,0.30367478773109896
4402,0.030262827858641594,0.3035103597848636
4403,0.030281715095043182,0.3028511785362896
4404,0.02961537686122913,0.30031213989682065
4405,0.03170359469448358,0.30149178642004654
4406,0.031292137791423646,0.3005095431044287
4407,0.02924147957059459,0.3015099894208717
4408,0.03275935533911662,0.30174261613522557
4409,0.029094404393321553,0.3024184727728516
4410,0.029585087570340785,0.30201193863960135
4411,0.03138008481358414,0.3014740955112572
4412,0.030992668066033742,0.3037313526510296
4413,0.02961862978250031,0.29941519855855403
4414,0.02957992356756053,0.3020764050589767
4415,0.030177978672703405,0.3011445306558956
4416,0.030256341198368238,0.30113837376871805
4417,0.0314322915505898,0.30373279274182213
4418,0.0311721116047642,0.3012652377735702
4419,0.031116012314026404,0.30452811193271984
4420,0.030651103946751447,0.30038119348368253
4421,0.030586408062564924,0.304135192624459
4422,0.030424330358738944,0.30402071073763354
4423,0.029022695462833297,0.29994256669342667
4424,0.030079245712622105,0.30208586337497656
4425,0.030610994509372273,0.30106006626198467
4426,0.03075354352049567,0.3028221326625736
4427,0.03156566048300076,0.30145882943967234
4428,0.029286242513228814,0.30355318462041986
4429,0.029677490483768713,0.30070103464045916
4430,0.031378644519721284,0.30369584884186435
4431,0.029436264705277028,0.30480456964712693
4432,0.02878801898626998,0.29941919048253757
4433,0.03105907887045322,0.30072906021411555
4434,0.03081190157658362,0.30428867785255415
4435,0.030227082095255976,0.30123919756490186
4436,0.0330083518291072,0.3044673333826818
4437,0.03610188999145588,0.3040581098325868
4438,0.029598944917330543,0.3040982031620535
4439,0.030169785888118663,0.3025805882381317
4440,0.030320288112181657,0.3028597714085328
4441,0.03012036572427566,0.30224492044227763
4442,0.029574521435634757,0.30163789863574475
4443,0.03187714754790535,0.30291063926721873
4444,0.031288124206020757,0.30383235432749106
4445,0.02980727506311316,0.30164095688433873
4446,0.03164965431100892,0.3014230655697653
4447,0.029904254952581005,0.303334620438124
4448,0.0301790328726714,0.3024756793576972
4449,0.029332206243436718,0.3017436823338494
4450,0.02979581687426694,0.3013691066351152
4451,0.02885489387351338,0.3027537713074744
4452,0.030074080342326528,0.2997967000854643
4453,0.030381114971368833,0.3015460071893862
4454,0.03116414006414326,0.30199331820085834
4455,0.030289501677685064,0.3013956754055238
4456,0.030555836639290016,0.30456701014424326
4457,0.02965377943991756,0.304857839916583
4458,0.029988780801527594,0.30309765141709405
4459,0.029691148468206887,0.3026164434009925
4460,0.030397483997600137,0.30358614583959553
4461,0.028751153218499234,0.30236212767305826
4462,0.029353641865210126,0.3032422715186475
4463,0.03108576788826096,0.302770230611016
4464,0.0308383821394822,0.3019510349235439
4465,0.030132910028394116,0.29998825875141266
4466,0.029220879707254357,0.3026541949700293
4467,0.030076847992018145,0.3020580238604307
4468,0.031800172620810065,0.3008819488168958
4469,0.029113333670534473,0.3025155053625728
4470,0.030170352034210077,0.3046648298999421
4471,0.030254852130570282,0.3032623649689189
4472,0.031441494964884784,0.3011899657155338
4473,0.03006659550061286,0.30443741403576124
4474,0.0290992677516367,0.30149842694140316
4475,0.030885897967194143,0.301990314123027
4476,0.02931607972403386,0.30497787683679345
4477,0.030551296210512845,0.304073317980109
4478,0.02967574401294117,0.3043586782606921
4479,0.03151334288418013,0.3030214258154532
4480,0.04036108591479429,0.3041705829756601
4481,0.03031158447382332,0.3032426832799326
4482,0.029426828924978485,0.30058773804950834
4483,0.03072882896548319,0.30349523536767575
4484,0.029448860848350522,0.3028912723699309
4485,0.029729513405357722,0.30259890464090167
4486,0.030480085382527465,0.3026446400765787
4487,0.030137357466567056,0.3044628057824938
4488,0.02841755974177682,0.30354661438474084
4489,0.029472426691659746,0.3068231287269963
4490,0.03005581161644506,0.3033011693479423
4491,0.02933086592757743,0.30409282735341175
4492,0.029441712632481205,0.303658642547023
4493,0.030184042429957623,0.3020419267223294
4494,0.0303455140012174,0.30127123674205075
4495,0.029614232348063423,0.3013500147184035
4496,0.02978602503770659,0.30314047109886516
4497,0.029714380136228874,0.302786038427574
4498,0.029571045937021274,0.3047427101093426
4499,0.02889556493254187,0.3043584834252085
4500,0.02863818917477172,0.30025946195785863
4501,0.03039459526576195,0.3007567105511376
4502,0.03081709209317225,0.30322541442132533
4503,0.0296203312359022,0.30138735979197917
4504,0.029302358811133,0.30368964323647935
4505,0.031012999343762834,0.30301274506743986
4506,0.029926776923916133,0.3003785026103333
4507,0.03025051424942705,0.30022882718714256
4508,0.029423568991215943,0.30169223698981124
4509,0.02923634871496191,0.30384351217881184
4510,0.028588489723277457,0.30139579801332383
4511,0.028431981017131517,0.30450254415435
4512,0.02892025899174705,0.3018095917383531
4513,0.03009749558943331,0.3018688265990494
4514,0.029188888724589895,0.3039620934535089
4515,0.030331279748681942,0.30455754885921504
4516,0.029117130363397394,0.30204082491403833
4517,0.030642908736993383,0.30386712637386826
4518,0.030739238169417718,0.30422996372955485
4519,0.02916591431196303,0.3032239123730731
4520,0.0281261619980468,0.3051386642874333
4521,0.030819877520563047,0.3041476408640544
4522,0.03017369824762743,0.30302382215745466
4523,0.03039014008290655,0.30184805738671977
4524,0.028913573670331715,0.30298826526056855
4525,0.029630396606746063,0.3014244852321489
4526,0.02939241631586749,0.30185911303997637
4527,0.03127142635493873,0.3010513773724848
4528,0.0294865213517207,0.30341435621555585
4529,0.03021543310724087,0.3016429481313641
4530,0.02864172170901517,0.3000377361151509
4531,0.030225490885705017,0.30269750177785565
4532,0.02964810396831735,0.30383231914730596
4533,0.029387116400679026,0.3037155496708134
4534,0.030236652499662342,0.3048235919317207
4535,0.02917964350289775,0.3001321824010751
4536,0.030850191648470655,0.3043498812724176
4537,0.02966142442389006,0.30485895343292924
4538,0.029267285053004372,0.3040476438582392
4539,0.030623158475005983,0.30451537138387974
4540,0.028940799013527117,0.3031996820952958
4541,0.029391037075567925,0.3052195747357263
4542,0.030532778926977987,0.3015218739932342
4543,0.029364887167487228,0.3020511654235964
4544,0.02950319762687131,0.30346301039284035
4545,0.0291530942205307,0.3005294422233911
4546,0.029363088047757446,0.3036602140219887
4547,0.028110279276836337,0.3031144961901476
4548,0.028929630865139843,0.3054318049908581
4549,0.030301198181824612,0.30467453124678523
4550,0.029275794508855296,0.30169518941775303
4551,0.028787973354527385,0.3038767575470726
4552,0.027886892164436478,0.30322183386649104
4553,0.029184972887209858,0.30275271653680874
4554,0.03007560322075186,0.3037374676356937
4555,0.029871841807549766,0.30232363220369607
4556,0.02934210943402419,0.30135039301743183
4557,0.03004946507266104,0.302936161091005
4558,0.029035299496473113,0.3028805021728788
4559,0.03042705699522515,0.30476943995420797
4560,0.02939181722453177,0.3044713450815146
4561,0.02858680332742426,0.3037777632698977
4562,0.029580158746642594,0.30078203630701345
4563,0.02959783955064035,0.30294943619566156
4564,0.02962814445197722,0.3027590774279788
4565,0.028881832231349665,0.30301992796865623
4566,0.029438727224283014,0.30494236389646556
4567,0.029266993439333856,0.3029301579957618
4568,0.02982645280680206,0.30277319274898756
4569,0.029652493736265523,0.3051400166705139
4570,0.029489763190486656,0.3022288036413659
4571,0.030388215420193466,0.3014562857292947
4572,0.028719024292723203,0.30288211771644147
4573,0.029861760986583743,0.30068994382569064
4574,0.028605003987105193,0.30163803545379997
4575,0.028953447895075538,0.29849631819211153
4576,0.02760588740731559,0.3033644798816296
4577,0.02754979227601847,0.30392770428107796
4578,0.029586302290406815,0.30307728464815553
4579,0.02900776433942835,0.30165132749498935
4580,0.029045751129853584,0.3020200369165356
4581,0.029236649215585532,0.3004202018293522
4582,0.029965082205071075,0.30215842357106076
4583,0.028962576258834218,0.3058234742448145
4584,0.029514435528168327,0.3042870461380571
4585,0.029161100610180346,0.3020552271664292
4586,0.029774112522457364,0.30455392317141505
4587,0.02918300548811119,0.3016732098875488
4588,0.029026145684733558,0.30228088054815333
4589,0.02936045841995468,0.3014713533054617
4590,0.029630007845510665,0.30459818759358914
4591,0.028597956354073938,0.30705842480324863
4592,0.029543492180951182,0.3027251906749001
4593,0.030230869261902712,0.30406374271426884
4594,0.030202773952550888,0.3035970161619939
4595,0.029328044132798686,0.3015164830967
4596,0.029154067248091997,0.3028356343283689
4597,0.029875289095579682,0.30256735059178264
4598,0.03060891409988111,0.3020479890487547
4599,0.029433399957621044,0.30245373543716014
4600,0.0301114654356385,0.30420336581038354
4601,0.029051449168520167,0.3039736741766296
4602,0.027910523060569188,0.3041016217647937
4603,0.028605666060005325,0.30319093862422425
4604,0.02951459118975023,0.3029568653395003
4605,0.029262662795780783,0.30109530220503794
4606,0.028797299202582928,0.30565914892612545
4607,0.02996327221699358,0.3026425039820504
4608,0.02897381907816799,0.30235596600555836
4609,0.029518712813240058,0.30381796423131063
4610,0.029552829261042905,0.3008622690512423
4611,0.02841583911019067,0.30495089096458333
4612,0.02929189959616823,0.3013467956381035
4613,0.02967640421444312,0.3016497793614416
4614,0.0301454130450455,0.3003299267108279
4615,0.02855410260912194,0.2999001135466093
4616,0.02953758043905762,0.3026760773252425
4617,0.030022575602257497,0.3030256190918442
4618,0.031086236387864688,0.30541111775358815
4619,0.028447402355828343,0.30162157024954794
4620,0.03075044547361707,0.30282253637573775
4621,0.030576207440458518,0.3042265860023056
4622,0.028451389038204718,0.3050760878880221
4623,0.02863890130334256,0.30361463122051163
4624,0.029393859087859506,0.3053955792223003
4625,0.02949873571701927,0.30280518089246033
4626,0.028992212267200414,0.3031455847180278
4627,0.0286215446996771,0.30152109235450436
4628,0.029402320265051043,0.3014008079592447
4629,0.029221949909223163,0.3053336682773772
4630,0.028938295423545708,0.30347738525174317
4631,0.030215198934611567,0.30482001653067153
4632,0.029460589701944685,0.30349306784626234
4633,0.028463938005646706,0.30611553280275866
4634,0.028442764749871872,0.3066727256864533
4635,0.0286202347664662,0.3022377379705434
4636,0.028760210401145157,0.30280672650513496
4637,0.0286495818250012,0.30429626332787346
4638,0.0292473717500458,0.3053224510641624
4639,0.029593670954881118,0.30138820079260303
4640,0.02917074920950378,0.3045465931819196
4641,0.029635627318715167,0.3018430321288288
4642,0.030192399798964795,0.3020109471895342
4643,0.028857589251756258,0.30449584822980386
4644,0.028334697389877157,0.3029877185485417
4645,0.029882935152382106,0.3040630132482763
4646,0.028263812346668693,0.30315961690624255
4647,0.028632732657342216,0.30456788324398504
4648,0.02908502079436747,0.3029714130182613
4649,0.02905817102421458,0.30256010750705437
4650,0.030315810591005778,0.301194324025086
4651,0.029569712336050265,0.3033028503968602
4652,0.030509871872431392,0.3027340964528552
4653,0.028964154883276177,0.305356558552362
4654,0.028712963635209286,0.3044110923856123
4655,0.029790008845003813,0.3017282501834078
4656,0.02812321685700395,0.3038040098353735
4657,0.028986239528054732,0.3013547683568825
4658,0.029949770601965804,0.3024826576573807
4659,0.028568650553245704,0.30497109678977713
4660,0.028956205033251366,0.30210667129671365
4661,0.030043652174086367,0.30186659482338074
4662,0.028895933975239183,0.30456337020884183
4663,0.027958919639339705,0.3023385779563347
4664,0.030493216407321916,0.3018494798874198
4665,0.029057692283563745,0.3038002460784183
4666,0.028419173870266025,0.3041691833868959
4667,0.029811099587115728,0.30478645239333463
4668,0.028541189408044152,0.30258738299957794
4669,0.028668529907810995,0.3024527244363214
4670,0.02881669993208894,0.3041998962486597
4671,0.028624721688398143,0.30300313953244895
4672,0.02880984732098084,0.3054113399825598
4673,0.029055227112972683,0.30380481515163765
4674,0.0278692924461904,0.30387915612985017
4675,0.028826279221406032,0.3028786317036863
4676,0.03029404278321747,0.3014046875643252
4677,0.029642157624522342,0.30439668331752745
4678,0.029410944521581207,0.302340058605175
4679,0.02918118261090272,0.30509506791531293
4680,0.0304077018100773,0.3010651947823085
4681,0.029284475783217596,0.30380812595437345
4682,0.029429835189754765,0.30456693778584776
4683,0.028589560937972033,0.302282921335004
4684,0.029115027861837717,0.3032932130241753
4685,0.029578056238955798,0.30233891584670036
4686,0.027255939043134003,0.30357585033229123
4687,0.029352418549666952,0.3029334340477946
4688,0.029310190130811754,0.3055349278233404
4689,0.030793757285843406,0.30453662256847946
4690,0.028850625544251936,0.30363252043798755
4691,0.028167124513774774,0.304656482952878
4692,0.028180646423581885,0.30410062682285044
4693,0.028601891008721556,0.30485544592739644
4694,0.02826181044778728,0.302990875820767
4695,0.029298260104830814,0.30312731574501905
4696,0.029184062395683656,0.3009345993810429
4697,0.027405400084446006,0.30307081203562275
4698,0.02932413198102854,0.3039652227160327
4699,0.028486185351195268,0.30422034573958334
4700,0.028873248231179434,0.30153695764696986
4701,0.030592836996302344,0.30324445155106095
4702,0.02907985257262593,0.30248647924503286
4703,0.028485882353331698,0.30352974880981565
4704,0.02978750501081282,0.30503399573023754
4705,0.030406496556998605,0.3042469972693233
4706,0.02948220317919545,0.3028226406091735
4707,0.028776849706991015,0.30548161964742165
4708,0.029777111278445387,0.3016128038665406
4709,0.028359188657384692,0.305109670100953
4710,0.02890789313860387,0.30257165697134825
4711,0.028194031073013905,0.30088999912254794
4712,0.027784566563042932,0.3038144692741241
4713,0.028412794940556426,0.30533009724584137
4714,0.02762577679757505,0.3030873991380957
4715,0.02858979095189008,0.30298681211725514
4716,0.02837598620024615,0.3043964049384409
4717,0.02844481656379195,0.3035717601316017
4718,0.02859868279443517,0.3022005352422707
4719,0.028145052771256736,0.3023186228926618
4720,0.02902494610420295,0.30187598171464186
4721,0.02940092679990787,0.30130734466445774
4722,0.02947496572266657,0.30413099311124114
4723,0.02845457542797359,0.30517941162475665
4724,0.028648977719345374,0.30368832134662715
4725,0.030270471709971793,0.30268147595245437
4726,0.03034458940563943,0.3050965404600129
4727,0.029696222059755473,0.30345909252650755
4728,0.02890459445064752,0.3021041100896092
4729,0.02915721763985087,0.3048347877455236
4730,0.028882205167687254,0.305411631096724
4731,0.02876639212738433,0.30403473863102737
4732,0.028625616140869028,0.3044897630101159
4733,0.030430711967459785,0.3035905121225761
4734,0.028793199827549115,0.3039334838402301
4735,0.02909140847944293,0.30259146401308534
4736,0.029134470877239953,0.3047091530864699
4737,0.029201959564413568,0.30227955636150555
4738,0.02851247079238613,0.30245190408818406
4739,0.029951702688125085,0.30378075067262006
4740,0.029220056436625647,0.30181136850575757
4741,0.02935063598892257,0.3031779457079737
4742,0.02949601995179845,0.3029531511410436
4743,0.029448519498203183,0.3060786928561397
4744,0.027940463652264765,0.30101195750828075
4745,0.031194353693241913,0.3006246437629064
4746,0.02727953734676958,0.30119156725424573
4747,0.02906084911346921,0.30603890117248495
4748,0.028347520299785697,0.3035728181327196
4749,0.02951376338986526,0.3026476341269369
4750,0.02973971817931884,0.3044777222743309
4751,0.029880363338062058,0.30167620388188754
4752,0.029120886346785103,0.30462474295668734
4753,0.028347150218978823,0.30273723555612086
4754,0.0288832510216395,0.3033305262600569
4755,0.02998844646664341,0.3021212332417493
4756,0.02788484802021456,0.3030324605361262
4757,0.029319781335630922,0.30102398295076865
4758,0.028317089847004262,0.30104020568437145
4759,0.029068746753410438,0.304085734475376
4760,0.029154301958595096,0.3009355999809459
4761,0.028572359993554335,0.3044441667266358
4762,0.027728807216132044,0.3029997842129609
4763,0.028204290971526394,0.30387121571559356
4764,0.02880474655331115,0.3034126769219126
4765,0.028277918804357562,0.30291009068787844
4766,0.03018203546044494,0.30286420769709393
4767,0.02886451010645967,0.30317016155050514
4768,0.028914295892023427,0.3040649156298554
4769,0.027677467577789622,0.30451406392836033
4770,0.028625780150509046,0.3049383770889208
4771,0.028784376832850296,0.30537923106125425
4772,0.028663610666348392,0.3030934440238135
4773,0.028170482384188,0.30197640633523315
4774,0.029886016682581625,0.30305308013930354
4775,0.02908744796571371,0.3060714714135741
4776,0.028964412220074495,0.3045695737415089
4777,0.029588120631794248,0.30139807462318796
4778,0.028540316731073802,0.3017210275831079
4779,0.028766811994560305,0.30242674997575897
4780,0.0286152708903772,0.3053209005964729
4781,0.030647865334936512,0.30071282603388144
4782,0.02892548350365202,0.302500633256776
4783,0.029152258533288847,0.3039718640776804
4784,0.029356726971023102,0.3051827029887596
4785,0.027839714811500955,0.3034447015340167
4786,0.028373889971108998,0.3016065773659183
4787,0.029002579716839512,0.30436494264910396
4788,0.028554770748894242,0.30101282642524047
4789,0.02894682624934003,0.30275832187561763
4790,0.029146810672899478,0.3020776885755379
4791,0.02946555960478779,0.30217739067654265
4792,0.029279862139268982,0.3022539490334372
4793,0.027894391790312483,0.3032621613944085
4794,0.028964763564725212,0.3051589858860599
4795,0.02968010055671509,0.3015176444349432
4796,0.030429941976243362,0.3029954289658028
4797,0.02964602198444755,0.29972648183654127
4798,0.0291080222985028,0.30244458754334536
4799,0.029486480170748848,0.30204076084651443
4800,0.02821725105836446,0.3032399710445177
4801,0.027681586694994702,0.3070164244799387
4802,0.028514319093066984,0.3040791381533283
4803,0.028209876106879243,0.30437818488904406
4804,0.028386730914305252,0.30381322035888086
4805,0.028591966637839705,0.29932063659256264
4806,0.027694000465151174,0.3044138439839944
4807,0.029052246179324306,0.30370064275829417
4808,0.02951501060001795,0.303342391169609
4809,0.02877890905552079,0.3021135428981076
4810,0.027964343857790407,0.3034166260657454
4811,0.027504260729961004,0.3017245008794586
4812,0.030238499090584337,0.30354357432377965
4813,0.027836073212731714,0.30401769282300967
4814,0.02768259219251069,0.30468561306110303
4815,0.028238815985757736,0.30458925587865043
4816,0.02928882736810728,0.3031523487808412
4817,0.02869947965754042,0.3022984465523471
4818,0.028853116809381147,0.30327771183915603
4819,0.028776560321258835,0.3028518357932717
4820,0.029023282083432963,0.3028169537061139
4821,0.028664032811938522,0.3049323268813597
4822,0.027800072084314058,0.3020605643590291
4823,0.02809070539368984,0.30222536149180323
4824,0.02766873432442378,0.3024766261976464
4825,0.029746602969780975,0.3059893449707736
4826,0.028734711669898945,0.3037245637529476
4827,0.029152891596891266,0.30440114503889754
4828,0.0291346779202851,0.3010384645826536
4829,0.028012103095935437,0.30466395844343613
4830,0.028096593635735616,0.3025033071562461
4831,0.02933951959837891,0.3018342618057901
4832,0.029189939399420245,0.3057418587363155
4833,0.029005700899731545,0.30426968499682006
4834,0.027562356078973914,0.3054126406970777
4835,0.029812776980184037,0.30378714022705133
4836,0.028908446410736234,0.30238711983338934
4837,0.030175727551084077,0.3025333817329323
4838,0.029176184382957212,0.3030629203209005
4839,0.028702700595817247,0.30398787427366825
4840,0.02833016829343132,0.30502618318960484
4841,0.028681551843862934,0.3030999573811254
4842,0.027858498358029993,0.3056221737860139
4843,0.028861502392035453,0.3035921229231626
4844,0.02910265431507143,0.3042757458107215
4845,0.027948254886851237,0.30181511401906047
4846,0.028474488611307396,0.30363300676109795
4847,0.029212516212292053,0.3028977148253517
4848,0.028618651117784038,0.30349436034460114
4849,0.0284161326501117,0.3036609751015976
4850,0.029703859820726205,0.30285105327690454
4851,0.029015672516269155,0.3030308623772516
4852,0.030461885340227035,0.30086467719466464
4853,0.029321581869267095,0.3045401740118973
4854,0.029626250557045927,0.30370809630791945
4855,0.028193643450256167,0.30355745667876455
4856,0.028055394922656223,0.3051868148129387
4857,0.029189008393705376,0.3014735831951438
4858,0.028715901877404304,0.3046862706728746
4859,0.027624694988210883,0.304019930947544
4860,0.027611134578777303,0.3027144503922092
4861,0.02877145664787438,0.30354844705950945
4862,0.02786999180408797,0.3044005159783483
4863,0.02829496241828198,0.3016895595424456
4864,0.028493406165293174,0.3027006757065168
4865,0.027827490886432913,0.30293832833232137
4866,0.03052858567276134,0.30458158191134754
4867,0.028295126973819407,0.30413409152574705
4868,0.028496476882580845,0.30500182434729767
4869,0.02847922466027744,0.30362045987133396
4870,0.02924185085815277,0.30525692542991545
4871,0.02960692414661454,0.3021476913364908
4872,0.028165097946151133,0.3044233076965301
4873,0.028997605621294213,0.3000759891885564
4874,0.027864599901684477,0.3019945553893732
4875,0.027654957156371614,0.3021227872199881
4876,0.028390163142598214,0.30139721672337755
4877,0.028437965813870158,0.30285151398047466
4878,0.028514058250387695,0.30118450106011896
4879,0.028568999632611815,0.3014329180009383
4880,0.027973669407805216,0.302642235779822
4881,0.030058222816426092,0.30517767315595073
4882,0.029511396567755026,0.30359723575805364
4883,0.029551888998413465,0.3038273140750732
4884,0.02751314766438944,0.3033034036444841
4885,0.028681096319753425,0.3035983422533014
4886,0.028696681522498175,0.3032588391076951
4887,0.027793435600439186,0.30549166753029167
4888,0.02821596437845762,0.30257157621004227
4889,0.027532824149990177,0.30225972525009837
4890,0.029014110945650658,0.29991719995002103
4891,0.029860033277296145,0.3025626620291767
4892,0.028502602358336997,0.3020460277160905
4893,0.027657328302187745,0.3015332876664953
4894,0.028041716570496783,0.3025779243474616
4895,0.030268234760969653,0.3039937431464219
4896,0.028731286108498472,0.3055386566241881
4897,0.028914854411306538,0.3026811345141932
4898,0.028050848532043267,0.3041576965896408
4899,0.028608800969401698,0.3046326496659365
4900,0.029425634493127018,0.3045723502685253
4901,0.030343831756051844,0.30417233696184065
4902,0.028541264192488296,0.30239354520289224
4903,0.0287403258959527,0.3013568950028049
4904,0.028616895390625455,0.3046126492638935
4905,0.029074479996187046,0.30468066322400156
4906,0.028645076872407457,0.3012343648830452
4907,0.029606491587542576,0.29944535552110885
4908,0.028748493541246818,0.30225028504703877
4909,0.02828030837238778,0.30430451069111214
4910,0.02854257306512352,0.3033858002688652
4911,0.02809920157877761,0.30094050987621296
4912,0.02824077668149295,0.30421417152373714
4913,0.028620879224181772,0.3021348014212491
4914,0.029106833777136,0.30292311544182304
4915,0.028599556729216175,0.306463634777338
4916,0.029484748682193924,0.3037701485897963
4917,0.02811217579125826,0.30435976128381
4918,0.028236532911487894,0.30450160610944704
4919,0.028437418146012233,0.30393708932369873
4920,0.028134001766151766,0.30526555365040187
4921,0.0287991979484444,0.30349142111856536
4922,0.028115202121338563,0.3012187265251812
4923,0.028782000955436985,0.30167966558222187
4924,0.02835546226887252,0.30138120684483294
4925,0.028476782482150093,0.3054827339853858
4926,0.027828127054152146,0.3022454260920821
4927,0.028558222493530253,0.3011322074329345
4928,0.028013454070944983,0.3027946412712709
4929,0.029809947591858513,0.3015576410375741
4930,0.028424407705900382,0.3027308546660239
4931,0.029214704618147368,0.30416075698564526
4932,0.02876423354631752,0.30510101721325616
4933,0.02828176347462969,0.3023423534773645
4934,0.027650021142349636,0.30509196918336373
4935,0.027995290325424707,0.3017788690171744
4936,0.02859849421153391,0.30310203017372833
4937,0.029849641672790722,0.306308489078119
4938,0.02855875525147395,0.30493601402244475
4939,0.02917471805407682,0.2995261323071064
4940,0.02915259632824647,0.3045343651545974
4941,0.028729785598153926,0.3067836837847729
4942,0.028750226571502394,0.30425996594784555
4943,0.02843149675098353,0.3040455215631571
4944,0.0281164986898371,0.30561423904839013
4945,0.029806786047570165,0.30192438709108455
4946,0.02777789360236722,0.30297677499011044
4947,0.029875001203698247,0.3032711995835591
4948,0.02744804918946918,0.3029723162004225
4949,0.02921608391213219,0.3011745161430579
4950,0.02811949085362517,0.30079462547275354
4951,0.027980286304729252,0.3026430177733414
4952,0.028492235676630548,0.30129764499819667
4953,0.027818022036159358,0.3000592322725999
4954,0.028398539957340648,0.3051083882276277
4955,0.029869152823834212,0.3054645795347099
4956,0.02867824751370234,0.30355069078598407
4957,0.028271967725464163,0.30378357950308565
4958,0.027578992802383646,0.30398694429555934
4959,0.029252322764721766,0.3015009011130285
4960,0.029340886254153008,0.30623135551399455
4961,0.02923956915519123,0.3050419919211464
4962,0.029514116012750377,0.30294882532274514
4963,0.02941512568435984,0.3037795465915723
4964,0.029095825742560213,0.30262464641553716
4965,0.02843710005500431,0.30049060761256324
4966,0.029146028880991583,0.3015533179828995
4967,0.02998670920050402,0.30326482961724577
4968,0.030006176731397483,0.30304510540382606
4969,0.028556893346247666,0.3050611634040835
4970,0.028259939595795515,0.30184928613497797
4971,0.027425412169452244,0.3011012618665707
4972,0.028277133234932944,0.3041148587575831
4973,0.027989661936236213,0.30379573371550794
4974,0.029062103724601985,0.3056372660293914
4975,0.027587067317170904,0.304070644099312
4976,0.0284446713399086,0.30530663333217006
4977,0.028218172786449242,0.3038196109776808
4978,0.028620450753650925,0.3028839490280713
4979,0.029631017458993932,0.3037159680797343
4980,0.028426700463357445,0.30306731909513474
4981,0.029519262635510853,0.3043377724170386
4982,0.028892530084886403,0.30417603779033314
4983,0.027845460186271292,0.3039107714081767
4984,0.028368262917195495,0.3025095971455251
4985,0.029292695357331207,0.302004151867894
4986,0.029763767437397837,0.30526278483539
4987,0.027929174654853336,0.30381881684662404
4988,0.028166774418765216,0.30262430015960734
4989,0.02921257898699315,0.3008445545769574
4990,0.02875564649542397,0.3023012180749635
4991,0.027847500382875905,0.3056034541742545
4992,0.027685264567786215,0.30113474128389717
4993,0.028583145424966375,0.30326455949168457
4994,0.02766087281641394,0.30367901568350036
4995,0.027600039515578954,0.3078630557820612
4996,0.028121005914717875,0.30420688920675365
4997,0.028941786316407838,0.3029840542820462
4998,0.027761106116155673,0.30455616084779413
4999,0.028619233683979416,0.30303003990037697
5000,0.02898138413237254,0.3040546156036525
