epoch,train_loss,val_loss
1,0.6465855669557002,0.4339224788778109
2,0.4016467919923309,0.38901440885132715
3,0.37087993282722054,0.3659520802043733
4,0.3604865419237237,0.33815502814182963
5,0.331475087425165,0.3372798388763179
6,0.31221805531578256,0.2921883070976812
7,0.29603865294528187,0.27085002524810925
8,0.28524821503718095,0.2708311682954468
9,0.24192561407137037,0.2713132936105991
10,0.2036430170586832,0.16441610235170015
11,0.16041643002576994,0.14360525345145012
12,0.13638543813748466,0.14274167204112337
13,0.12191788280816902,0.11178223275227056
14,0.10659612771263696,0.10331538876047111
15,0.10325084824609876,0.1039148187988384
16,0.09933733902778243,0.09601341040436188
17,0.08898950948900447,0.09863216357123583
18,0.08679955213664468,0.0801119486005384
19,0.08411362386287603,0.07360282835356872
20,0.08476243804869496,0.07489615622767828
21,0.07978842002257966,0.07633390927449205
22,0.07753849533715643,0.08511305551854591
23,0.07570014309539531,0.07539111734332896
24,0.07674665179542431,0.06900452579696077
25,0.07331066419904991,0.07398306423410736
26,0.07056028119528801,0.08264969044684767
27,0.07191084301038493,0.07520043889158651
28,0.0720672007454069,0.08471704420066417
29,0.06928715848347597,0.06474415788002182
30,0.07120971783136665,0.0828625445713973
31,0.06983302109746407,0.06965254904482897
32,0.07134472334145903,0.07020409857121326
33,0.07031294062995073,0.06269689298288565
34,0.06570668638051304,0.06722633331491236
35,0.0647555803856754,0.060851403393019414
36,0.06332288485459217,0.0734960369410969
37,0.06814532710197277,0.07559022938547875
38,0.0643926310845485,0.06621285542883072
39,0.060629918293696,0.06532921450665422
40,0.06242160726908155,0.07964284055140383
41,0.06438676060590529,0.0712825885056553
42,0.06728561963876686,0.056173986584919136
43,0.06281599173681778,0.059415387237131745
44,0.06073712882466782,0.06379207575642376
45,0.05935222618188476,0.06305388632909696
46,0.062339877555693,0.0618108241797838
47,0.06546954168263533,0.08021106961227599
48,0.060643270294319714,0.07042436249423445
49,0.059183308112442046,0.06193524124777706
50,0.05930841409771664,0.057297642349748684
51,0.060541402800638876,0.06987605942296504
52,0.059619812532923276,0.06647146790099323
53,0.059060263799918924,0.05455395784742551
54,0.057234742662362885,0.06328393541332475
55,0.05695957600846326,0.05952070358403046
56,0.06035419551650982,0.05542835530668572
57,0.05740101454326682,0.05844840471793834
58,0.060678931275256594,0.06284268998673984
59,0.056108805927492324,0.06508118893605724
60,0.06074330318989909,0.07366789672010225
61,0.055712676399333735,0.05843389927780718
62,0.0603838736438811,0.05711633530923896
63,0.057907309476519585,0.05562980667242132
64,0.05798937100216858,0.05397078548009533
65,0.05368791439367416,0.05842363127602969
66,0.05371350134001639,0.06329637527801937
67,0.0583613536094215,0.06599514610262443
68,0.05313917630373087,0.057833763768424966
69,0.05205661110710679,0.05925881752468888
70,0.057305191365773216,0.06365781940314405
71,0.05859105734336645,0.06481651170062541
72,0.05533337916123837,0.06000371699345142
73,0.05715670660698324,0.058199887334329445
74,0.05102029352222469,0.05278230258695464
75,0.0520648766393052,0.060026317050582485
76,0.05461462385448298,0.059736747584097964
77,0.050455360941794286,0.06219139486028437
78,0.05032428641591156,0.0585136537190368
79,0.05485236009858306,0.05618625502090406
80,0.055025907648834665,0.0586260833723802
81,0.053064787727698945,0.0594027366834625
82,0.050932493396943675,0.06192027389965858
83,0.05597335825625219,0.05702283174583787
84,0.050652389426279185,0.0747856659100468
85,0.05091598791474089,0.05683330994538197
86,0.04871626211362973,0.05518909892006626
87,0.049891920578210874,0.056519038004235814
88,0.049609432804554626,0.06104524349583719
89,0.05444814618630218,0.06753941897050779
90,0.046518298710946156,0.05658477213336412
91,0.04815642111806344,0.05663497587269111
92,0.04801725833338305,0.05812114725510279
93,0.04940067390376763,0.053237471458756534
94,0.047465782668581584,0.05725545446414099
95,0.048745009758717435,0.061038056654589515
96,0.050789066667395424,0.06090482605392473
97,0.049384869989894685,0.05954079993797424
98,0.045855760789081865,0.0610524247538177
99,0.04925953230836935,0.060869630640909486
100,0.046974308144553265,0.058505323419071976
101,0.04749476481089018,0.06132397421619348
102,0.05056350508279968,0.05502346807852723
103,0.04866234530557068,0.055675172389375235
104,0.04501455845801454,0.05606810348972043
105,0.04686556512812026,0.06135696135367965
106,0.045934996219879405,0.05310802172897454
107,0.04608794202780664,0.05461082923083676
108,0.04568194914469145,0.05631968670321586
109,0.049935786384986455,0.05645317602015677
110,0.04780377601658491,0.06323650034896114
111,0.04742243056906793,0.057638703189547495
112,0.04803051295361124,0.05628249713950289
113,0.04770444677138986,0.062185143561739674
114,0.04545447621541215,0.05548384491550295
115,0.044609146962936656,0.057185787016661244
116,0.04311466411241613,0.059972198516653294
117,0.04400490813498808,0.05612081022265561
118,0.04537133811821316,0.059759167884301426
119,0.043228027814611755,0.057095142384818325
120,0.05166257977635042,0.05903270386887672
121,0.044835101430278676,0.059056075275840614
122,0.04306079873950559,0.05512911170945132
123,0.04376865936475888,0.05570895156652706
124,0.04149869954526275,0.05620859554947767
125,0.041552154379978515,0.059104457441577336
126,0.04466855365381504,0.05626405895055087
127,0.04486091807484627,0.05753756908321739
128,0.04612685958469721,0.05479855025023745
129,0.04572598386864017,0.05741186583774131
130,0.040690639460071884,0.05560004421717541
131,0.041459289316396065,0.05625872250487631
132,0.042253331320925167,0.05579963601882894
133,0.042489996763473765,0.05619768300712258
134,0.043486682161278,0.055850573668354435
135,0.041212985110014005,0.056412033185848316
136,0.042490232810564806,0.05607585992692109
137,0.044674627314832877,0.05556195209685125
138,0.04569235951978162,0.058790247784670735
139,0.04200588342241177,0.054760760298572984
140,0.04210346850349491,0.05761535783160599
141,0.044107594660350254,0.059910511005118974
142,0.03896904465063174,0.05133814649437006
143,0.04049289581321534,0.057699029373569896
144,0.04046684664144253,0.053349966860205905
145,0.040984572838048884,0.05209471907158543
146,0.046899148059966866,0.057637630623384825
147,0.041193805859053044,0.05819614770306382
148,0.043546814013991436,0.05359687841028199
149,0.03970362265643321,0.056575283034702294
150,0.04247080945505534,0.0597213418374683
151,0.04113182773752918,0.05906979687381209
152,0.038796457823804746,0.05533511645363686
153,0.043641032394311184,0.05402234566390963
154,0.04208237909359442,0.058924584619159386
155,0.04062670874491073,0.0561528317910388
156,0.04155700023573144,0.05743515371977536
157,0.04110037762307583,0.055106945149133675
158,0.03929651085109938,0.05733251763988557
159,0.03930352682383138,0.05389854171894547
160,0.04135258302540708,0.053259521956207756
161,0.04305290469997808,0.062114636794218143
162,0.039042657460634574,0.053951863834358994
163,0.0384400062412397,0.05844525048009734
164,0.03994393498078922,0.05434978142716831
165,0.042523759788364396,0.06316844992022168
166,0.039579072262260845,0.05166129292663476
167,0.03723281127094924,0.05839113162872486
168,0.03896008979967961,0.05727408620946688
169,0.03971897180479272,0.05448056963788238
170,0.03907663857839759,0.05742347051849341
171,0.04238801894891531,0.054963874432227965
172,0.03893747801582018,0.058306266145225154
173,0.03982995963074211,0.055291642577277686
174,0.0403424581713545,0.05614999784413436
175,0.03774057302558631,0.054693651005140224
176,0.038601643020721305,0.0551398001368482
177,0.03803351787584169,0.056936707300948616
178,0.038896616305549046,0.05442552849239574
179,0.04083971191841857,0.059411597076364626
180,0.03923034759467108,0.05341567199929316
181,0.036750818535050654,0.05331649672342721
182,0.038432516941898746,0.05457831443028342
183,0.04161711008215608,0.05580110275618415
184,0.041364894484293493,0.052591867436815924
185,0.03783713150442692,0.05571215078794867
186,0.040003250257338495,0.06368030884062736
187,0.03776369819926439,0.05266931373859408
188,0.0405372015030163,0.05135893540685637
189,0.038916552789453274,0.05709786073568471
190,0.04259686199084559,0.05923632721890483
191,0.03803930063743639,0.05296101521952708
192,0.038148927733414155,0.057121367943018
193,0.03478304399901016,0.053394192881079244
194,0.038698859073987284,0.05594188393208019
195,0.04281125361459297,0.05713529189240962
196,0.03836231276318244,0.0580779031329884
197,0.03744298701447652,0.05180573014351061
198,0.03567644142846864,0.053877245046590506
199,0.038953744472567005,0.053741451744970525
200,0.0373759611619445,0.058714873967388816
201,0.038627870502253824,0.05481058795163805
202,0.03663508778900132,0.060497724434785675
203,0.03741761049568504,0.05471967266204961
204,0.03781167172212947,0.05390606666529985
205,0.03616251136388695,0.05731129862909628
206,0.03636240858332555,0.05579685579453196
207,0.03648927851689788,0.05585436691018872
208,0.03842780665310105,0.06508565163776689
209,0.04009926077305225,0.059573675279405186
210,0.03933849807520558,0.053505288292292064
211,0.038565843317069505,0.054851217508166655
212,0.03680194007760301,0.05479450733926063
213,0.03676014077992069,0.05815968643827247
214,0.03556854302124272,0.05182070113289028
215,0.03509207585252317,0.05501594250662285
216,0.03887763779078211,0.053966348276550606
217,0.03875200173124335,0.05368344343843914
218,0.03695245152502729,0.05160362491930338
219,0.03684825927280543,0.05329216930800512
220,0.03609311628274452,0.05369327433015171
221,0.03574233180971671,0.0576261542457387
222,0.03898256127827598,0.052815866574906466
223,0.03431203122014988,0.054032219569187113
224,0.03881249859705007,0.05891876824592289
225,0.03594913053557389,0.060968488837617976
226,0.03505870889414821,0.057612681952783636
227,0.0375035732032213,0.06526079781372147
228,0.03682156443073038,0.05236368933529185
229,0.03684695966933903,0.057097934998739934
230,0.041433933169994136,0.054576434157695385
231,0.03478832932231121,0.05536930427366032
232,0.03615281031114565,0.05709467044002131
233,0.03785119463402526,0.05406761076067922
234,0.03533447242545006,0.05302094901564127
235,0.03612659379541127,0.05284157206764197
236,0.03685130537919383,0.05247958974543968
237,0.03618675703766352,0.05553749698520005
238,0.03717425116396189,0.053959934736478296
239,0.03895614018901847,0.056691231388122515
240,0.03537671460319581,0.05313502153134286
241,0.034420871644988096,0.05444639285368131
242,0.04125383315155082,0.06871745190151353
243,0.038197139553482966,0.0496967272426849
244,0.033758461386674925,0.053287601168442486
245,0.035571291734625525,0.05929638165280335
246,0.039556706795716344,0.05285926801817758
247,0.04126555094014583,0.05812244754947517
248,0.035133017712555135,0.053410573962861134
249,0.03266258835138982,0.050206767586538366
250,0.03434778722866735,0.057680516622792506
251,0.0355924904757275,0.048664569499946776
252,0.034593949827335234,0.058975472822225185
253,0.03676084354799941,0.05251126469376691
254,0.03757694184331965,0.05219295439788871
255,0.03692291978102429,0.057888941694620555
256,0.03563932006371051,0.05269835313273253
257,0.03210168596086347,0.0574096137270294
258,0.03453348322134269,0.05453430909784814
259,0.035071684164286854,0.05653566944606621
260,0.03679734145414859,0.052991539660028945
261,0.034923794583643884,0.0545182373925558
262,0.035946758851446305,0.050681120853749734
263,0.03413714803661918,0.05394115848910241
264,0.03430008006872689,0.05733713658904671
265,0.03751061976254733,0.05837286463506837
266,0.03488004367266383,0.05599313342294896
267,0.037065036333443824,0.05507637471670196
268,0.0340006978514798,0.054205757026609624
269,0.03324763486651998,0.05383347342710447
270,0.03512050378554148,0.052761452930762356
271,0.03528930294446479,0.06022332308062336
272,0.03408316578856088,0.055614042485641654
273,0.03298268337409598,0.05117283051922208
274,0.03448579205494178,0.05347991996166999
275,0.037958670678294094,0.05350386285057343
276,0.03318879023231659,0.052262756534686365
277,0.034020037019163146,0.06023473630572919
278,0.03625262739664331,0.05992455618983522
279,0.034482554049420175,0.05210359942606816
280,0.03718827678856993,0.05390965589380503
281,0.03237731937776532,0.05115252295345591
282,0.03669916759046696,0.05344191627731001
283,0.03448433056473732,0.05995045163502968
284,0.03927318159873623,0.05283115920902494
285,0.035929091606186445,0.05261335036434924
286,0.03259556617279698,0.0519319542107128
287,0.03443379023282749,0.05314344171443978
288,0.03301355946706351,0.05211163777157776
289,0.032942279977233785,0.05696013420446774
290,0.03482015153631232,0.053988862147830184
291,0.03789243117012177,0.054182595356290504
292,0.03625032764142916,0.05376154656771729
293,0.032673625256819536,0.05205118444218373
294,0.03232573940042864,0.05831569912178176
295,0.03504578914857449,0.050330706379542074
296,0.03291279310944086,0.05066129703420147
297,0.036043205515558556,0.05705894208641578
298,0.035785649896116184,0.05191769428495178
299,0.034549539978791,0.058753199548574914
300,0.035266062118729256,0.052996001988275906
301,0.03402558617051084,0.05259646569614422
302,0.03292894313452686,0.05185920625626294
303,0.03505214131472254,0.05274018596736411
304,0.03853526319328107,0.05870506236502401
305,0.03499144823628858,0.05302054876634352
306,0.03226653270815548,0.052670787861173914
307,0.03250410775642347,0.056567655899620296
308,0.03690951936563155,0.05862199425473249
309,0.03298512314047132,0.05555966947423784
310,0.033557721938853875,0.05090175788466793
311,0.032403808189812755,0.053078383683486094
312,0.03522043858647795,0.05797452399306429
313,0.031561665386334994,0.05578673102503134
314,0.04290162110911276,0.057404478353665286
315,0.032260672275658535,0.052021884072319904
316,0.03191966700710749,0.052585437324336896
317,0.031516297185854206,0.05318659421682059
318,0.03379125230219729,0.05342304740185128
319,0.03289356866949483,0.05355999816703916
320,0.033487228060463316,0.05407107554208067
321,0.03300236512843827,0.05445467882362524
322,0.03286593335500935,0.05329426379879017
323,0.03126082131475733,0.055376291928584113
324,0.034770848448936804,0.05229868231934115
325,0.03384380176999515,0.05154114337941459
326,0.033532822126508655,0.05281998521477955
327,0.034841209015153106,0.05449930277832767
328,0.0347352232177156,0.0581029458601672
329,0.032590880243103006,0.05497140051764354
330,0.03299317435177048,0.05254790171009855
331,0.031861682294081324,0.05238133467229685
332,0.03238803245369952,0.056905592686699744
333,0.03399428421804182,0.056159927638102895
334,0.031077481540186063,0.04910107532091308
335,0.03250688447950777,0.055844864674976895
336,0.033283423567027376,0.05534165927715469
337,0.033183320731223376,0.05114779541068209
338,0.03279433363026246,0.05526079104881836
339,0.03478793615946794,0.05348982507909151
340,0.033617530410227026,0.05766558631283598
341,0.032765929421461316,0.05007946688243022
342,0.031829978831877985,0.05723808294997777
343,0.035126251787096635,0.05137455818198976
344,0.03023165543762066,0.05150891241983961
345,0.030751693139510945,0.05968081126722477
346,0.033903037428967935,0.05493132981067911
347,0.03281577106070399,0.05308241527854351
348,0.03323821905524211,0.05266879433602618
349,0.031057423629557577,0.05658366772950741
350,0.030777039095049814,0.057637755350585566
351,0.03273288916824456,0.05121176808437608
352,0.030391018973070578,0.05144745140408812
353,0.03255089695908522,0.05074270503749525
354,0.032112663681793926,0.05238740151762066
355,0.03432045789216097,0.05325711010616824
356,0.03380291493969005,0.05309619634111125
357,0.03212096691505054,0.05249103337974477
358,0.03014846895833063,0.05182388842217904
359,0.03152891619126301,0.056849576812937744
360,0.03172852234322027,0.051661296997378044
361,0.03059548886497517,0.05540974791112699
362,0.0360006653519352,0.05045526541937563
363,0.03223162238721859,0.05183802444235723
364,0.03260207185545063,0.052175312067258325
365,0.030556986570582353,0.05147313556276766
366,0.032926022166148164,0.055897600099182966
367,0.0341251364029141,0.05623595127112286
368,0.03609394396008704,0.05130591085717493
369,0.0316331096292289,0.05156662070512174
370,0.03086339466199092,0.058647815997065755
371,0.03151758229430009,0.05720494767851698
372,0.030877831567050817,0.056531683880284914
373,0.03441940994471088,0.051703938490764836
374,0.030639550095438062,0.05309304748113293
375,0.033789505579865965,0.05014253354498318
376,0.03053903442931205,0.04995045163913777
377,0.03221026163800318,0.052104083461719644
378,0.03208683498371813,0.05249071455464925
379,0.030382491363431876,0.052264483155388584
380,0.03013238357963568,0.051858775719141305
381,0.03174173805797309,0.05136596178986076
382,0.03324007888074806,0.05135962264355561
383,0.031370617640683225,0.05398559363040709
384,0.03078131532684006,0.05716940361007413
385,0.035515183741623595,0.05661906115243907
386,0.032488705305602016,0.05271690556392036
387,0.031109251147299483,0.05239884084776828
388,0.028630210026015613,0.051266326576023175
389,0.027977648272848966,0.051626983292419514
390,0.030717346579172557,0.05175394901917094
391,0.0359149546943661,0.053295817114132685
392,0.029620898630759472,0.05482137156533717
393,0.03311973050199356,0.05170741580183942
394,0.03153847511811065,0.052468542214996534
395,0.030486998412020523,0.05008183947220482
396,0.030147997503703398,0.05319050242914293
397,0.03226017592507496,0.05339334717482552
398,0.030884962304866405,0.05200768341508724
399,0.031827063423425034,0.050050319744306696
400,0.03025581290884723,0.05292323631302157
401,0.03480587150892219,0.05275270257864082
402,0.030331842769357496,0.055787805477180576
403,0.033880503941560745,0.052388770062299
404,0.029453144723871595,0.05166854783145706
405,0.03177294821331376,0.05536983790515658
406,0.03207480078353021,0.05863254794612863
407,0.03494706022597495,0.05045304841415625
408,0.03177970535306255,0.05404122148577432
409,0.02929296673165826,0.05147852508682655
410,0.03196709768328452,0.053952688309258985
411,0.0319069957636054,0.05323664872045804
412,0.02925210405038413,0.05200241647081865
413,0.03180262169107459,0.05348927853512286
414,0.033178531258999555,0.05204359629660621
415,0.03266047043048947,0.05238938610767362
416,0.0291944733893214,0.05260395267067995
417,0.03171166350462831,0.05208572360656614
418,0.03224918217325868,0.054922257645760565
419,0.03032889735317768,0.05063972308447486
420,0.0319560965462436,0.05010820533099927
421,0.029116303900392132,0.053848241271455786
422,0.028903373986258543,0.05261649191379547
423,0.030885516803590276,0.05747465723962115
424,0.03177015555270931,0.05565220336978298
425,0.031596255285623376,0.05164045413820666
426,0.03286722615211828,0.05162013861768527
427,0.03009869299250139,0.054562353662082126
428,0.03066695535690862,0.05487904882520661
429,0.029167391910663525,0.05745757337575568
430,0.03034171913948872,0.05120876408123731
431,0.030227050357930045,0.05383949200237604
432,0.03155970568757009,0.05592350764456847
433,0.03319746056072097,0.055216596529522634
434,0.03234464515532766,0.05081000393793398
435,0.03258843831998065,0.05860077369407305
436,0.031293573408833424,0.05111153980245566
437,0.03048016116919374,0.053023503313686014
438,0.030094472574709652,0.05679198129471382
439,0.030587573510064817,0.05161958523934945
440,0.029865974593057967,0.051803562510058396
441,0.03126778208970426,0.049457176362063954
442,0.031508528919222956,0.05169427442483436
443,0.028926385487231396,0.05078603514005666
444,0.026622208577573747,0.052239518388545604
445,0.028767947028192662,0.05306610798365191
446,0.028681937684503413,0.05254490522289634
447,0.02762879076458159,0.05183205759166775
448,0.03134707633620665,0.05139546907672607
449,0.029152925474041684,0.05330838634630194
450,0.030086118578537366,0.05376746113363065
451,0.030385861906192656,0.04980732783451116
452,0.030869794052495694,0.05262900272706397
453,0.028052506627594318,0.05388376131691132
454,0.02967718661877147,0.056213181391171645
455,0.031802643613334285,0.05003990400069041
456,0.02966639535842384,0.05286135480629472
457,0.028951860259387428,0.05442994368965166
458,0.02999137501631464,0.053418148831840144
459,0.028024695309481228,0.05038290735063398
460,0.03307562577246424,0.053188871825697426
461,0.030409919438804302,0.050565250301943684
462,0.03201345475693992,0.05420097117697386
463,0.033581756671568506,0.055900108620038906
464,0.02972713421871489,0.04971825770268165
465,0.028936802607991342,0.051447890549524686
466,0.029695769538519375,0.05419762866725599
467,0.030601382171525096,0.054796613650139714
468,0.03494588596592272,0.052459465988671274
469,0.030328034150197095,0.06010070018339576
470,0.030000265958464535,0.05168568544593969
471,0.03034562320637524,0.05157137997355079
472,0.03288436043344643,0.053983959021574275
473,0.02974941202889857,0.05184033553216392
474,0.02971158481966284,0.05646520123856707
475,0.03213212554130638,0.05063217545959884
476,0.0305306901758476,0.05231081696231861
477,0.030344406502288684,0.052378203383737935
478,0.030374215374278247,0.0509475524301517
479,0.031996490494499825,0.05212191512859555
480,0.03076209377189328,0.05369377240800021
481,0.030512694185389613,0.04884880001570348
482,0.027309127544101915,0.05731964504397603
483,0.029257447120353094,0.05292907868859762
484,0.031527943979192494,0.051406513787525934
485,0.02881232200932682,0.054306980297156145
486,0.02904331777011392,0.05293719067161245
487,0.029619065330440838,0.05447966450437866
488,0.02908442708147797,0.052633143989439295
489,0.03131629687204098,0.05765330292900702
490,0.029450236518580215,0.053543772669812494
491,0.030067787339962217,0.05164535113033794
492,0.02808976392810207,0.0530611541038169
493,0.028221764333340758,0.05184777981991457
494,0.03195447864986602,0.050663220591114874
495,0.029630454056394428,0.05251993812191158
496,0.0356373964787874,0.05555305677585136
497,0.029221629392458384,0.05768044175286042
498,0.027742706099174973,0.050479135753815636
499,0.02719976409410773,0.052381650192247595
500,0.03061838587162489,0.050044568353577665
501,0.029110534532103025,0.04909769215044521
502,0.029845870499100004,0.053942654468585975
503,0.028825890674328145,0.05189646715134905
504,0.02860844951300394,0.05119767934457401
505,0.028360977708210323,0.05101862875627993
506,0.029078829342634754,0.05734349874998991
507,0.030131948145484568,0.052186329319214166
508,0.02830591883725092,0.051024696376538815
509,0.03057135110324188,0.053845005357325226
510,0.028647486260510925,0.054704924732596055
511,0.03295243565077172,0.05353716737532377
512,0.03278983147221998,0.05310608525025217
513,0.027346717571853696,0.0491486164113334
514,0.030905199781022873,0.05415871030742064
515,0.028084018073957367,0.054819182159010334
516,0.02762865726100771,0.049935175287992434
517,0.029326267708513074,0.05203480542378318
518,0.029451818385145122,0.05150183364002029
519,0.026762454520752255,0.0518815752893761
520,0.028422155755952486,0.05175336749108513
521,0.028851319608607685,0.07223336131575711
522,0.031134586939984995,0.05366535131868563
523,0.03530817435013322,0.0572092585209617
524,0.030798248050356268,0.04974362187853135
525,0.028946194975149064,0.04796697708187545
526,0.03274562642594477,0.054584038838333356
527,0.02963311195765671,0.05522426656613075
528,0.031146149923628134,0.06266384486827933
529,0.029645661167557676,0.059069908725886716
530,0.030341858235666326,0.05193943860835599
531,0.027335275296019132,0.05536273145175219
532,0.02860089871369508,0.05286763544967001
533,0.03024433429976155,0.048346951426494686
534,0.028566006561717892,0.05389754790672682
535,0.029792055165521185,0.05495543823691837
536,0.027492526619879522,0.05072698765492678
537,0.028916368573754653,0.05318317256102287
538,0.030409659102633782,0.05380060047583472
539,0.028794169892792713,0.05052245754683227
540,0.029302040297061877,0.050501696821442225
541,0.029244320583821537,0.049901108759313
542,0.028757928924303604,0.0525522800465873
543,0.032256334105081726,0.050465897705994155
544,0.028089300722331928,0.05063402376378091
545,0.025985112404427434,0.050462701920429266
546,0.0291641228890658,0.054848629150324894
547,0.03100592461893134,0.05315376694003741
548,0.029802425052587848,0.05242703263099331
549,0.02750655551228607,0.05237246273939771
550,0.02786874741241149,0.05024429087650806
551,0.027005159312434364,0.05099221175177056
552,0.028971998100367404,0.05477689179524144
553,0.027875269046590143,0.05344998728213155
554,0.0262469923809955,0.056561932854709174
555,0.02930870758635657,0.0516162950424174
556,0.02992904203988257,0.052312376579843965
557,0.03023354212443034,0.05746390386706307
558,0.02983464813210014,0.057296730858042724
559,0.028292442249474966,0.05347866339044165
560,0.028946779640321444,0.04996642694437414
561,0.027247134040583643,0.05103833736258939
562,0.02979617023415733,0.051203096766295586
563,0.029302121161070085,0.05190357915067434
564,0.02803880970616986,0.04957988622007812
565,0.02932410445391086,0.048836024482746175
566,0.028807178480471287,0.05069634982181671
567,0.032565460085196604,0.04999464721346559
568,0.026699940055459365,0.05162762176422846
569,0.02681735632731054,0.05186558120830316
570,0.030518894664999238,0.049908031646470376
571,0.02968843052523178,0.0540833471898447
572,0.02776699503860378,0.05595582041114494
573,0.026523704722262266,0.05135449991190344
574,0.03009848875976296,0.05253250473984202
575,0.030815555272918,0.05158593187244016
576,0.02780780240071746,0.05552529974987632
577,0.027916259788219492,0.05130613387041821
578,0.0346887498757893,0.05862016951604595
579,0.03167176959023141,0.05177327560116175
580,0.03125595198220627,0.054275878389975184
581,0.027307283758818357,0.06073861458061034
582,0.030292418582322903,0.05491463790523976
583,0.02713401870507943,0.053439359785171975
584,0.030743614931527833,0.05297741987614106
585,0.029440822560610928,0.05302990370787176
586,0.02612492204515408,0.053729413408683355
587,0.026190721170794695,0.05094148806835476
588,0.030055751291134004,0.0528969959376898
589,0.02733902582305864,0.053269752761101664
590,0.028564831825500743,0.05336515671739303
591,0.026934148683060977,0.05558866786217331
592,0.03181639110160651,0.053266606365977076
593,0.02924091055204994,0.06098715809727073
594,0.02681266725586172,0.05293543845004307
595,0.02778894649841881,0.050471477462609014
596,0.027990776172519327,0.05098497308323855
597,0.027196276158019714,0.04998225322866201
598,0.028325895169623812,0.05106050838578614
599,0.0342908263635964,0.05543761257838486
600,0.028133840223116085,0.05276829539273018
601,0.02909996437100241,0.05033936347803077
602,0.02717283834939015,0.04888299232661575
603,0.02991977254661701,0.05369384816490618
604,0.03140258737244552,0.051489775911683126
605,0.026100448152998036,0.05329479805583643
606,0.02644698592579753,0.052049260791904646
607,0.02773282972904375,0.05380455110418169
608,0.028192504064032908,0.052441105760055076
609,0.02703797773348359,0.04860518192102138
610,0.02562026375143749,0.05232479577337889
611,0.026602474659830705,0.050172892102696244
612,0.028425947994105798,0.05375553618995169
613,0.02758193931035828,0.05695750536327075
614,0.02888721074059344,0.0507469669096452
615,0.02733987777080751,0.05336518357869677
616,0.028032706373541577,0.05466001676885705
617,0.027333079830260204,0.04999386901059246
618,0.02598462421400356,0.052188080448405186
619,0.028507162716454433,0.053733162404525844
620,0.026477063228761342,0.054135818109103014
621,0.0260867422404594,0.05140780964702891
622,0.031919998683987705,0.053010524103516025
623,0.026809698582293096,0.05128432969028191
624,0.0292558082120311,0.052151896367619806
625,0.025945387537915605,0.056472913457785635
626,0.028585200349713926,0.05327933407703737
627,0.03051725324980896,0.05589365056321436
628,0.026054179169853826,0.05077269848874936
629,0.030601399500193752,0.05407231158219782
630,0.030715563579609518,0.059346890884607956
631,0.028601496748831636,0.051226839227111715
632,0.025983048794338277,0.05155104523837417
633,0.026265578675912435,0.050225765838808285
634,0.02904038415068672,0.05456763856056938
635,0.026389692949695995,0.0511600324011088
636,0.026850599711550807,0.053411290684439484
637,0.02987259098872505,0.055470390418044906
638,0.029108593044312375,0.05826863211423233
639,0.02729559091286253,0.05457102076003426
640,0.027556158228775014,0.05199471597832845
641,0.02688909554503914,0.05155714285702335
642,0.02796184479779468,0.05333340547997551
643,0.02997424370401485,0.05138744113215229
644,0.031801744852037656,0.050599099307281334
645,0.027391530097203146,0.052637555330692976
646,0.02664445631934288,0.05254295581302846
647,0.028027153917049106,0.05237678748399094
648,0.02708176035144574,0.051660876114266854
649,0.025086030462070516,0.04982691707280943
650,0.030333811253832096,0.05973417577998979
651,0.030710415359128985,0.053144380552950954
652,0.027303414255903477,0.05149991773909196
653,0.02925063847076325,0.05521835986160694
654,0.02538372282134859,0.0530962423610508
655,0.030991166774043462,0.05343174456354968
656,0.027864733304744375,0.05402560137156257
657,0.028371987621624368,0.050951478288585976
658,0.03194484748599822,0.0532884542412477
659,0.028225743578266082,0.05008795882638236
660,0.026387956301520642,0.05152668137299387
661,0.02851431724384315,0.048863729382666726
662,0.028713313157770568,0.055541020661667176
663,0.02840640241359559,0.05081461500703243
664,0.02885799927819044,0.052209560210842235
665,0.028720651895629435,0.04930150872073078
666,0.02631923716449947,0.05067732577261172
667,0.026630150565041935,0.05020407452843243
668,0.029669185404789477,0.05225369608715961
669,0.03071803805000501,0.05486066458293967
670,0.028087886549849856,0.051751834380073955
671,0.028889987491687436,0.05399151889602642
672,0.026327204122616535,0.05111088436610418
673,0.027543648909357257,0.05456681543947162
674,0.027988777143465246,0.049708423888623565
675,0.028086842838348003,0.04840733500239544
676,0.030704754981256667,0.04929433129074281
677,0.027495981000345154,0.05600092160447797
678,0.029732145144975276,0.05781197678624538
679,0.029289950665674712,0.05149004958513984
680,0.02903946699168449,0.0507947606662461
681,0.028255889084853027,0.053697695848263595
682,0.02594146956888058,0.05196240638618481
683,0.025469218812565458,0.05148209463384815
684,0.029683275563749754,0.05331111826320041
685,0.025707407833490157,0.050889014814954656
686,0.02801215474990974,0.05354578821992217
687,0.028234143664402172,0.05215467692803321
688,0.02778715114190913,0.05061615048382515
689,0.028277466003607987,0.049670479846254625
690,0.02631100511323091,0.049777578039650335
691,0.02742854890443926,0.053741722841534695
692,0.02822686538548398,0.050893288591227735
693,0.02897602215147855,0.05096133296987168
694,0.029714982032327725,0.051752715537273196
695,0.02811414633590476,0.049345309320921286
696,0.026618921569079385,0.05223269041693002
697,0.027473981065073406,0.05175688987910598
698,0.027822292239444896,0.04890016324463345
699,0.028757844913872264,0.051176426311333977
700,0.02758009251403181,0.05370050706062699
701,0.027313019352075748,0.05067223503737521
702,0.02633050354407694,0.05344970101364573
703,0.0273454663037955,0.057680709264182804
704,0.03095897533615729,0.054146941144364816
705,0.028055254888153615,0.052270806028057164
706,0.028285814869336616,0.051579020273192486
707,0.030482674932532143,0.05203181817978247
708,0.03213762811252049,0.05114275547570752
709,0.02566829332171526,0.052146653549040765
710,0.027786998054885624,0.05992815916176727
711,0.026009488145921165,0.049326028544128986
712,0.030035632249332013,0.051789401981391404
713,0.026297849343907564,0.054739251032583695
714,0.02724287308808556,0.04845668685466126
715,0.029324143648819814,0.05279683634489401
716,0.030359909157817225,0.05060011506043281
717,0.026508179532928874,0.061636552784153094
718,0.026167420208230055,0.050232947423568645
719,0.030889444529337992,0.05058705861817924
720,0.02674196635309915,0.05236254802398514
721,0.028824407233854283,0.055386974147163835
722,0.025459668213935725,0.051471956204949765
723,0.028633309598255875,0.056061812846881706
724,0.030276382043210783,0.05200947417800588
725,0.026103182413374868,0.05190178158139824
726,0.027583394773808636,0.056173009195722136
727,0.028345202555632533,0.049807815670145486
728,0.02710676189502678,0.053471942266500684
729,0.02613264201372339,0.05099443060563023
730,0.02622179201054842,0.05198647144406959
731,0.03099293108646732,0.053628937931810707
732,0.025804888116275158,0.048717448576575235
733,0.027226575932705912,0.05427260377577373
734,0.032892787390222826,0.05208167468284007
735,0.025199906363672482,0.05468166335707619
736,0.02664726995921374,0.050003591999598314
737,0.029988491641623632,0.04914880444045951
738,0.027470987598250684,0.04882053822689785
739,0.025261108877888898,0.051219193895060314
740,0.02726195958492003,0.053559735940213786
741,0.028599969389145833,0.05223269700854643
742,0.024648221190972135,0.04932982131913491
743,0.029437123281988584,0.054237862512058484
744,0.02960267163495671,0.055233008926150795
745,0.02644145300140357,0.05124902516080622
746,0.025712971087722553,0.051104027703217696
747,0.026623999760637906,0.049593329317587656
748,0.027952243931087337,0.05223416723777776
749,0.029775807853405337,0.0528970760080898
750,0.02809878004560793,0.05488137499356927
751,0.026948471303870503,0.053764031308336666
752,0.025482929033929843,0.05403776642373929
753,0.02823962854282151,0.05140327246752299
754,0.025369155542798956,0.05148138373828771
755,0.02772771962043038,0.05502802633066524
756,0.026246109944686555,0.049531477417115284
757,0.02513770365102548,0.05442081954806371
758,0.027586488123226883,0.04890349122665281
759,0.02412124096712373,0.05005077447247386
760,0.027109794524080473,0.05152774006501774
761,0.02804310841107727,0.05056521373994667
762,0.027203322399902464,0.053672546852277334
763,0.030034040682073822,0.052071111682886466
764,0.02409479243769532,0.050644254260568095
765,0.02678244544151134,0.05411618513832415
766,0.025597630698878066,0.05299274806390729
767,0.025040085397119213,0.051663082737223545
768,0.02648306939573515,0.057551564560050054
769,0.02718958551797054,0.05516355974893821
770,0.027877154958464746,0.056648991936654375
771,0.02638585624614156,0.05034673444571949
772,0.026221752880995434,0.05040002505021884
773,0.02806635432524191,0.05325286903588993
774,0.02608203189097401,0.05103474046876257
775,0.028198963493332826,0.051036858571725977
776,0.02898722998144334,0.05335638075506777
777,0.027574153724394944,0.05077575048184335
778,0.02641439974718823,0.050045832608800786
779,0.02577096638841587,0.04937414665307317
780,0.026191102532217077,0.05413131881738665
781,0.02785728978726051,0.05086584215549598
782,0.024390483573826036,0.050775229641444104
783,0.025834838269199047,0.04948329286915915
784,0.026133243153268534,0.05254422496994934
785,0.025734197166293188,0.049619813405332114
786,0.02638233234559683,0.05263901746512057
787,0.02969818159863166,0.05401864096074176
788,0.026116140331503442,0.0513241098992956
789,0.024782296970374602,0.05029792841850666
790,0.026267067167469134,0.05022433490718815
791,0.024065919332486346,0.05130807416779654
792,0.025005423582922248,0.048990586935951
793,0.025890549752198365,0.05196623248339895
794,0.03043058375480181,0.05077581936703589
795,0.026084327159967637,0.05238525543296546
796,0.02585397527219359,0.04864594893049178
797,0.027136107001052165,0.05404269987516535
798,0.026523815734045848,0.05027599168712633
799,0.028301969235926344,0.04935819553888233
800,0.02815686463189304,0.05677564694245059
801,0.029514429974077938,0.04927410489709156
802,0.027708326253974645,0.051188634610489794
803,0.02682131980744221,0.050311402214649026
804,0.02664423015500818,0.05417697787060773
805,0.0248796142133555,0.05014336285622496
806,0.027740336795872015,0.04965312574478917
807,0.027673305920266865,0.04927630475103706
808,0.024945856429132305,0.05073182360458195
809,0.026252174619258495,0.05092707976586837
810,0.024816851353361494,0.05078599875545442
811,0.02439442220935248,0.04965498074328989
812,0.027243999208797488,0.050132064218807934
813,0.029429275766575246,0.04969696896640878
814,0.026257072493695376,0.057666481624271036
815,0.027317714151508528,0.0530281331399479
816,0.029827152661288294,0.055618272445405036
817,0.027621723562105557,0.05442171428063161
818,0.03089352637379988,0.05260484234282845
819,0.025750328592937393,0.052285387131728624
820,0.02498490691539787,0.05161352898169281
821,0.02683672990491217,0.07180833067735634
822,0.03063743116618846,0.0527149041120271
823,0.026317919863570006,0.051018550590539634
824,0.026411346685057294,0.050217138813402416
825,0.02961356620442001,0.05428013941249752
826,0.026278177990501087,0.052946756862309347
827,0.02818478244755949,0.05430837365843001
828,0.02992059557434909,0.0537142693380216
829,0.027819123623290455,0.05141682060141312
830,0.025114787401710834,0.05035494138162238
831,0.024559490550729566,0.049049525472678636
832,0.027865622057241007,0.05002908604709726
833,0.024273240252545004,0.051112573771249684
834,0.02506399075302265,0.05180086137582186
835,0.030856807050960406,0.05311617430738339
836,0.02782794842986684,0.0539532010828642
837,0.028909626106421154,0.05051794751806367
838,0.029756890661211538,0.049247413154756815
839,0.026135458202477087,0.052285547617981605
840,0.027074294430868968,0.05494729016807145
841,0.02502188209752391,0.04988582206325125
842,0.02555894670555167,0.05193368571443964
843,0.026198003926596845,0.05392461327980634
844,0.024068705000001984,0.05130851813090176
845,0.027113995045647585,0.051479687190668325
846,0.026057302013487743,0.0497984749575456
847,0.028372108217394144,0.05076017145786369
848,0.028269184711284208,0.053340622861134376
849,0.02518955622811365,0.04968233302907836
850,0.02552518299909164,0.053210329320421794
851,0.032474467801607045,0.05117758731346082
852,0.028160245589594495,0.052132231232367064
853,0.02629106537553302,0.050804599680772104
854,0.02391946713503142,0.049549781971781476
855,0.024025901358453252,0.052339626247422735
856,0.02819289987846126,0.050855115345471484
857,0.026027875273187357,0.05222078416505852
858,0.027075854039057753,0.053271994246800146
859,0.02947364189197545,0.05388629514920084
860,0.025389751438098147,0.05028285537111132
861,0.02316527023332609,0.05286784502759315
862,0.027945029075469887,0.05090740534073129
863,0.027166083679163365,0.05215995433859359
864,0.025542793902836945,0.04886516755946298
865,0.028558235129990374,0.05198405606480768
866,0.027824961134515012,0.04972775815460915
867,0.024442842907101886,0.04919817287446861
868,0.024106045564015705,0.05150793152009336
869,0.025428995186635724,0.05298028661306938
870,0.025411512329240788,0.12856562424423104
871,0.03652983152291231,0.053029995505000115
872,0.024757103149529388,0.053159664205291814
873,0.02695584266369504,0.0548831331438588
874,0.028937840428119314,0.05146461917568269
875,0.024887141736602426,0.05104966091930418
876,0.026868175743217756,0.05000782836424677
877,0.027189239742873905,0.05165766323344749
878,0.025320456818418394,0.05389442793408731
879,0.024702037224793492,0.05399633546296815
880,0.02834701955897318,0.05926953431657681
881,0.02590949124747649,0.05896042190249402
882,0.02532552989353811,0.05492307623862324
883,0.02859550364371529,0.060065805370496925
884,0.027678824298289186,0.04993594639507452
885,0.026636759019958645,0.056572085185756064
886,0.024964973568580205,0.053903254892742426
887,0.024304673388450965,0.05034835900840604
888,0.02451619917624875,0.05048287515166708
889,0.026812669127843435,0.05577248146285987
890,0.028032404998490086,0.0528430686259927
891,0.025829882204607316,0.059697426902246956
892,0.02757666841672178,0.05229410297589792
893,0.026617323176790598,0.04952435825664298
894,0.02569800010767945,0.04985895708091277
895,0.02540053530388458,0.05330368728939453
896,0.023946503765488927,0.05125896744710162
897,0.025881745033246233,0.05277449665661145
898,0.02939345030333464,0.051471644158202004
899,0.02458528492291619,0.048991408796612186
900,0.029110122705461986,0.05068977835371082
901,0.027423045558290074,0.05273918931682905
902,0.02501279191303074,0.0494617843034124
903,0.027307555247518354,0.05246267041056078
904,0.027548915144046743,0.05025138254079006
905,0.02545501872486339,0.05103467166759914
906,0.024127687922769918,0.05732691950890653
907,0.024325433273549964,0.049949885964543
908,0.024309799131146052,0.048109824337382666
909,0.027144523612912138,0.058778736936418635
910,0.024232266540814163,0.04791218758488359
911,0.024895387624663517,0.04874051436968615
912,0.024737922353366564,0.0491081461086309
913,0.025583763170361817,0.05160871757787272
914,0.025155717978501378,0.05373980257109293
915,0.023168228837407025,0.053732245590976606
916,0.02985061265360144,0.05062198776163553
917,0.028939396451066312,0.05698196599283314
918,0.025916683102460734,0.05325257075124217
919,0.02448252582908573,0.04984090630347866
920,0.02811039750812048,0.05248620106201423
921,0.025065629049799497,0.05338945434916587
922,0.024056816674339444,0.04863462314233744
923,0.022585512948850344,0.04965426663595034
924,0.025786937314802243,0.05282505454126755
925,0.02684475977748707,0.05732312727542151
926,0.02964443920698381,0.06979049809445116
927,0.028972619897067398,0.05400076228425019
928,0.025227040304501253,0.051211593126443994
929,0.028376488439869462,0.05183613976290949
930,0.025784320106967948,0.05058448160426658
931,0.02786633951173988,0.05150354126080833
932,0.026394280640030264,0.05558411664047038
933,0.025296625879623537,0.05070509145358451
934,0.026508974037448268,0.052456680078404885
935,0.02676115050575787,0.05000981415871689
936,0.02459908496205669,0.053296416054916265
937,0.02467304623141922,0.05695224826908052
938,0.028903847826378688,0.05135319811434375
939,0.026636525904549693,0.050145153329710014
940,0.023290958241524554,0.04852375064166566
941,0.025696224773438053,0.050745041336033275
942,0.026517737493441815,0.05349754515969962
943,0.03719289525689786,0.05060338910510367
944,0.025874329100650056,0.051889554188962565
945,0.029778930524312762,0.05843373420729972
946,0.025337731269629377,0.051938453423125405
947,0.02775282044906664,0.0503362842688435
948,0.02630326215336496,0.0521245633991888
949,0.024571583071784267,0.04998557096846719
950,0.026625366405324827,0.05415426972403861
951,0.025085434191545148,0.05118932476953456
952,0.026983123235311126,0.05111770287977723
953,0.025266231469492566,0.050497256350098996
954,0.023336968709128842,0.04836133352123705
955,0.024271485295361446,0.05211949949724633
956,0.029845376683394414,0.05879817860093631
957,0.027275460060303073,0.05052687927034863
958,0.02667450827352684,0.056813900921503104
959,0.02681432258253707,0.05263442455564525
960,0.024569014442108926,0.05053368346172765
961,0.02488636917768415,0.05578216017786423
962,0.023831212421631755,0.05078773361100888
963,0.021636411398275754,0.05620757479192619
964,0.024440737100397434,0.051638788746711906
965,0.026007465868814847,0.04867269794332951
966,0.024327650586876057,0.05196153526579527
967,0.029719885844821322,0.05111257446215565
968,0.02400496349971097,0.050955958281618016
969,0.024941350251697657,0.05178293181503924
970,0.026023328465346555,0.05117181541029373
971,0.026051024063712076,0.05056359597428102
972,0.02354387322762855,0.04960192441193382
973,0.024079298180408944,0.0533766444296317
974,0.02482070174899167,0.05233634498558546
975,0.025253560244663617,0.050358678706755915
976,0.023195941313951834,0.05044960942968987
977,0.026311275280806654,0.054680760987196354
978,0.023976929957294522,0.055914106337647686
979,0.025617943698526324,0.048571317706415824
980,0.026893674459000278,0.052537064233743457
981,0.02510808381651129,0.05090944536198351
982,0.02380827331640069,0.05038553877806006
983,0.02932207289625678,0.051050195232369845
984,0.024349120335844823,0.05354530134595426
985,0.02777568561802233,0.05091702962354908
986,0.021936634588137008,0.05067422434239459
987,0.026520600266997377,0.051813898183274684
988,0.024541434306735384,0.05334023255528065
989,0.022321136010096485,0.05296104926065096
990,0.025087710507307435,0.05148853252368762
991,0.0238261379927098,0.05199159564156281
992,0.02459445331049593,0.05147438951042063
993,0.025073344938288954,0.05394627472250384
994,0.024631043728020854,0.05172443547680563
995,0.0324723324773455,0.07595449665509968
996,0.02673055260981384,0.05200110842709553
997,0.026690200494046797,0.052306705119466425
998,0.02560073356225825,0.051095271758492426
999,0.02593975566925112,0.05283650005222263
1000,0.026611939212657455,0.0506746187189916
1001,0.024274229195743874,0.05158875312161326
1002,0.026638852035566082,0.05055769321912512
1003,0.025373740994691252,0.050555686753495296
1004,0.023458499974923625,0.05043334532575799
1005,0.02287804167764378,0.05318016639180052
1006,0.024190116262899006,0.052256320148034205
1007,0.024190994777849743,0.05061041283652298
1008,0.023810426020682007,0.051817074660818675
1009,0.025410596650084456,0.05199430631777099
1010,0.025092112059170443,0.052206785392417646
1011,0.024304767883847233,0.05420363274283875
1012,0.025633832061649264,0.05341022021900442
1013,0.028625914346155964,0.053042616732511906
1014,0.027331010753610975,0.05371270598586938
1015,0.024901150770130612,0.050940750572914466
1016,0.022781314641087874,0.05431753077677318
1017,0.023803165392544037,0.04974262016757688
1018,0.02627368042604965,0.06999051920079946
1019,0.03075711449659558,0.050764221642026326
1020,0.026585228493749946,0.05173669711576966
1021,0.024904427158279827,0.05647297715184683
1022,0.028397470273843088,0.05833638963618673
1023,0.025318935718900877,0.05253192248350397
1024,0.02443581868084451,0.049948338251140784
1025,0.02593754827602764,0.04980397172141494
1026,0.026186534672751463,0.05529257473080678
1027,0.026147911927305666,0.053183013783361675
1028,0.026677743835201988,0.050339768815757635
1029,0.02485194626756778,0.049156948699987026
1030,0.026432616323382035,0.050621926728495976
1031,0.0370287559879827,0.05761717752854627
1032,0.025066787563731197,0.05210252939945176
1033,0.02923309979936981,0.058008078672458656
1034,0.02755211751189148,0.05164728009312374
1035,0.0248592337243315,0.052816568161909445
1036,0.02719067483860299,0.05082190037707338
1037,0.02661842863567939,0.050800248849810214
1038,0.02505451432408247,0.05063632246396296
1039,0.023819106740685634,0.05159422667477663
1040,0.028165107653628018,0.05168386070725314
1041,0.025136710805141536,0.052164661256890545
1042,0.024394047742984946,0.047864813030811776
1043,0.025738088012600604,0.05204243144781368
1044,0.023726745226180044,0.05169631787260672
1045,0.028512875878609213,0.05471543843547503
1046,0.024514308488720042,0.05198600122653751
1047,0.023525744130400785,0.053523149201296326
1048,0.022166475056108078,0.04897602616732282
1049,0.02538008121470162,0.050513275518527904
1050,0.02491640799531811,0.05202700924081611
1051,0.02428516907556762,0.048964203953892366
1052,0.024901719903923515,0.05568660805958853
1053,0.024425898176760302,0.05029268190264702
1054,0.02792867940656822,0.05082867811795763
1055,0.022860036397301463,0.049166252766560795
1056,0.025756798432509703,0.05073394991438789
1057,0.028886261935296812,0.05265277011651443
1058,0.02730710270410791,0.05041897873905368
1059,0.025594405316395268,0.052230238288939745
1060,0.025968935522705988,0.05239081441571838
1061,0.024585095904113955,0.05217761060871875
1062,0.02882371883942071,0.0571515908030639
1063,0.025831578346086025,0.05090814475950442
1064,0.025202349309148945,0.052217161128843635
1065,0.026869535254767367,0.04964556387231165
1066,0.025980121771195776,0.051029423928649204
1067,0.023995860617486455,0.05358573050240526
1068,0.027007867785212688,0.05101600296814041
1069,0.024561002579772083,0.05029964748592604
1070,0.023021788819503963,0.05484942128335623
1071,0.027753708216555435,0.05228023562477645
1072,0.025232975466881778,0.049426050982753135
1073,0.025173732011875415,0.05129925811425187
1074,0.025827035555303246,0.05402495683098497
1075,0.02287412039412741,0.049982759644064984
1076,0.025587477037370354,0.05183086961619836
1077,0.023903426371122662,0.0503079710075431
1078,0.02528991869517735,0.05166656868462276
1079,0.023389820046816254,0.05285538389419852
1080,0.027550515445663518,0.05073482236056997
1081,0.024138669901175008,0.051260000724989666
1082,0.02638888145262436,0.04969185700915511
1083,0.022823133718287737,0.05041009125143364
1084,0.024786489289767462,0.04965715151382867
1085,0.024436870491818377,0.049038297933220565
1086,0.0316064116173893,0.04987524321914317
1087,0.024089429714252476,0.05000614620427739
1088,0.024998931312247327,0.05238104550947521
1089,0.024012701072377667,0.05123338207863925
1090,0.03027623775123355,0.05221842751280407
1091,0.02380537937271565,0.0535096567973756
1092,0.02525522269047143,0.051743479300859874
1093,0.022680336324717467,0.04856873222423675
1094,0.02482802992252479,0.052102460374210714
1095,0.024110068237983194,0.054389410747920065
1096,0.024660402871574973,0.05105594737002425
1097,0.02356007856720671,0.05001631535048174
1098,0.024227113283255643,0.04967878022252169
1099,0.023553023819711274,0.049957276202906346
1100,0.024782823744162283,0.04975600845943716
1101,0.023126573574946338,0.0511510091598022
1102,0.022030188886444074,0.05220917783173403
1103,0.023286761323872366,0.05137466705569946
1104,0.02822954048937126,0.05198446333520394
1105,0.02574515468756059,0.053774076203505196
1106,0.02319243860274628,0.05203994663250178
1107,0.025026221626571248,0.051667907212237664
1108,0.025911069682852964,0.052564341033386405
1109,0.023089528177166942,0.048883642581172455
1110,0.02136429892222684,0.05031232284685424
1111,0.0260049737849854,0.04979128855511658
1112,0.024642014068394974,0.05113786234891504
1113,0.02328703627643878,0.05145925098567977
1114,0.02232030702096627,0.052492654908046985
1115,0.02825230048656613,0.05220880425700866
1116,0.02344520781235886,0.05241592670032255
1117,0.02622780883988193,0.05249216628814102
1118,0.025697531229944753,0.049644196289299725
1119,0.022044445628435688,0.05160049068038924
1120,0.025005097732059937,0.05025037132521022
1121,0.02416911337496643,0.051119723070160786
1122,0.0235396194035995,0.05011619727377007
1123,0.023476956146103994,0.05152650581752149
1124,0.022680586521376046,0.05209829293210106
1125,0.022045597849521124,0.04970320907040945
1126,0.024774630626378802,0.05389759643820294
1127,0.02367175742983818,0.05941046623134971
1128,0.026549183088996654,0.05088784006006437
1129,0.025465222691794985,0.05059612989612391
1130,0.024399641905922937,0.05041390620078658
1131,0.025052897636790323,0.049622188768067156
1132,0.022827261134533955,0.051303660193630925
1133,0.024418004566714877,0.05307647018205552
1134,0.0247968093102289,0.05353366328697456
1135,0.023200272603478646,0.051986517762779294
1136,0.022856336885264943,0.05064596331918748
1137,0.02310983463188162,0.05172851666770782
1138,0.027778153328743196,0.05324728558199447
1139,0.023574048839976314,0.051008655509927815
1140,0.028277909630596787,0.05620275409822177
1141,0.026243338197992558,0.055186211950796885
1142,0.02242827244140301,0.05609525809237234
1143,0.024948151686455224,0.05029364102951865
1144,0.022621429775068935,0.04927243734884979
1145,0.023011258847656705,0.06312616417805354
1146,0.02581389772152542,0.05699857714630309
1147,0.025287089201815445,0.054905284252157786
1148,0.022305327726710112,0.049392552070674445
1149,0.023716822724070465,0.0512411447433302
1150,0.025232731273635886,0.05153161422687963
1151,0.023845313756462923,0.04890072509123568
1152,0.022501737523571888,0.05120720771283733
1153,0.022433430437269367,0.05234152204672197
1154,0.02520590755425599,0.05773155085910532
1155,0.026071893102617788,0.05441072917447652
1156,0.02560511968544402,0.05015741798438524
1157,0.022985290591243216,0.051297235132234734
1158,0.02384893537818788,0.05787688622573264
1159,0.02373888748312803,0.051210817098991016
1160,0.023021055166061063,0.05188265696802832
1161,0.023273998418622148,0.05873495127473559
1162,0.02534676301654867,0.050674132965411754
1163,0.02424647248254384,0.05119371510351212
1164,0.022770477636229424,0.05039281691226147
1165,0.023513561133341982,0.051207496791629864
1166,0.024342348822450878,0.05277339790137788
1167,0.0269125533152493,0.05108308478405601
1168,0.024317930272796696,0.052411004331401716
1169,0.025859726952356204,0.0541008308828624
1170,0.021913748827382437,0.049539367432582346
1171,0.0235449935409957,0.0499912680577216
1172,0.022991957787172237,0.05097329342051556
1173,0.027783661908038278,0.056262028788713586
1174,0.025170585850165003,0.051651713926167714
1175,0.021990200826772173,0.05077306741386428
1176,0.022518149658776167,0.049298102955770376
1177,0.02938614222209406,0.049521449028997494
1178,0.028481417134833664,0.05241562249629121
1179,0.0231316503613515,0.05232484825422292
1180,0.021527411640250592,0.049866455782176855
1181,0.02343643941732128,0.0545946790797071
1182,0.022744980241571153,0.05117057006161912
1183,0.022858042881490293,0.05283130460738538
1184,0.022170864997949815,0.05291884084393207
1185,0.08060570718034317,0.06740507326628033
1186,0.027245770682368362,0.06783988606884964
1187,0.02683411856977862,0.057649673133117516
1188,0.022802353689545078,0.0521239127431597
1189,0.027488776989150466,0.05731745868137008
1190,0.024628784087367524,0.05310619066943202
1191,0.02383773740763802,0.049243534772766565
1192,0.024694871241436864,0.05138418514440233
1193,0.028006992991406816,0.05046106279269794
1194,0.02271409623586295,0.05287148291828638
1195,0.023144053318596126,0.0533660271748863
1196,0.025094332215481234,0.05438374717694178
1197,0.023192391905905607,0.0544684922093885
1198,0.024692145678072347,0.07196229561827236
1199,0.03289167864019411,0.05291230665673887
1200,0.024984606651397876,0.053494241368725784
1201,0.024570012964625704,0.05058906911720608
1202,0.0242875669487661,0.050880543392777144
1203,0.026930346842248338,0.0508259214218099
1204,0.021489929160415977,0.052310349359025336
1205,0.023300099436352428,0.05134444608164013
1206,0.02365566988972793,0.05604128430324389
1207,0.024137093729916074,0.05034128801528374
1208,0.022381927612655443,0.05130647826837119
1209,0.023293000531562587,0.052670940523383614
1210,0.021467595027390877,0.04907448232211266
1211,0.02241832950621619,0.050546994064012564
1212,0.0321599274108135,0.05037112278224233
1213,0.027677523761166067,0.05558805425364272
1214,0.02400070941425804,0.051674343888323405
1215,0.021739435538574867,0.051518826659087254
1216,0.0216177378718118,0.0495011360386858
1217,0.02554828470997643,0.05287151969502444
1218,0.035124658796011954,0.052828021711648854
1219,0.025948832068302875,0.05099330768736084
1220,0.026919030376656314,0.0495387289607734
1221,0.02262175719914281,0.050994156540037694
1222,0.023894449317813815,0.0518306218890618
1223,0.02406924887838071,0.049117967477044965
1224,0.022489833176360094,0.05061302898932519
1225,0.023980541262112763,0.05227319483544892
1226,0.021892064388720014,0.058821386599301695
1227,0.024136355118756007,0.052504444042019975
1228,0.023834116938979105,0.051957468677284124
1229,0.024844529840133543,0.051656896542561684
1230,0.0229567587048861,0.050153797683784536
1231,0.0235736615451655,0.050588620037662055
1232,0.022370925457928712,0.051692513062765726
1233,0.023041286414727233,0.05072889228661855
1234,0.024091972990479684,0.052381445712090136
1235,0.024197965958400777,0.05449796768656948
1236,0.02509128582432754,0.053672181521740775
1237,0.024777057386916084,0.05258662614009733
1238,0.022305177020511234,0.05165764726791764
1239,0.029229494194525824,0.04928109929301685
1240,0.024993419199061572,0.05215969718152419
1241,0.021947858523680155,0.0498780024455006
1242,0.023662267490885312,0.052359329335821006
1243,0.027485059550904987,0.05677545032368268
1244,0.02449607264185161,0.04993581936174168
1245,0.022021795751382234,0.05099243179598548
1246,0.021743437321973324,0.04954436110486662
1247,0.02413638917855302,0.04972911606493749
1248,0.02326790863335282,0.05351264347184571
1249,0.021008004917574107,0.04873492631286308
1250,0.022665757998674735,0.04873312740845788
1251,0.023958126601195874,0.05294985096332125
1252,0.02610655023452632,0.0518468180321213
1253,0.02516609895274155,0.051487842551374195
1254,0.022038269050438004,0.04906040828740388
1255,0.023115170055202076,0.05137557037790915
1256,0.028751654975246965,0.05319608648991525
1257,0.02313754294898576,0.05051761813331069
1258,0.022932853895171842,0.05189422092267445
1259,0.02385224882317217,0.04904096485827501
1260,0.024287805045233632,0.04956268827269848
1261,0.023587662544577642,0.05236049879687771
1262,0.024507226758545504,0.0500479828108821
1263,0.026206521200655697,0.05250893005713783
1264,0.0249504192048371,0.05222862788048902
1265,0.023292593032420428,0.051958648492593816
1266,0.022640958166958994,0.05187506265097991
1267,0.025118250334471987,0.0528310865705324
1268,0.02513037630844684,0.0506242334581258
1269,0.021724794284069447,0.050933775167566794
1270,0.02670650618771712,0.05688072976313139
1271,0.02231332775027979,0.04979257028839343
1272,0.023333711815731868,0.0522325174290136
1273,0.023523707993160514,0.050576064735651016
1274,0.024370262768110235,0.05155695913205469
1275,0.025570338636281945,0.050109697239739556
1276,0.022500628423421903,0.04874119508012494
1277,0.021454413918624248,0.050134208333447464
1278,0.023625045702010766,0.05258927182446148
1279,0.02251468056854897,0.04966937664681509
1280,0.023246396365657188,0.05509955283805242
1281,0.022091756119651904,0.050083171921714506
1282,0.021362351636427985,0.04827179386278143
1283,0.02808121701977904,0.057001403792012004
1284,0.023678554394714217,0.050492657502566964
1285,0.023652776926382443,0.054687920444292534
1286,0.0235492588396658,0.05054243449541859
1287,0.023494116821907517,0.05122089573651328
1288,0.022420202472940423,0.05490558275154659
1289,0.023988837530290272,0.048691496598466597
1290,0.0225518495311265,0.050407975286544116
1291,0.027044946939350667,0.052696449126590765
1292,0.02328731836681079,0.05178353869190491
1293,0.023333013235103516,0.05382151011013447
1294,0.025437942073496065,0.05045790627673455
1295,0.0216839593604095,0.04989770840956155
1296,0.0220732530695678,0.05378207447646853
1297,0.026841733240543453,0.05265188032299056
1298,0.025984972986138256,0.0518896217950454
1299,0.023641867360058137,0.050007600794758716
1300,0.02727919613433661,0.05295166470353167
1301,0.022254717015757,0.0513482221815371
1302,0.023813425602956226,0.05068369759690194
1303,0.021596915441049372,0.05038716855988765
1304,0.023284761666934144,0.050173897847047726
1305,0.025155194831970044,0.049377969855951484
1306,0.022219754312010037,0.04893834456652029
1307,0.021295833697817977,0.057261355155915544
1308,0.0224216373726016,0.053600844892120005
1309,0.023897229607466767,0.05195906088876545
1310,0.02430664291862109,0.05402894887634387
1311,0.02180196212740022,0.04855880989952195
1312,0.024826100548930037,0.0501743853559022
1313,0.023896127421044765,0.05247014054192935
1314,0.026347306288573378,0.05293691802517812
1315,0.023890077446897823,0.0512882732601841
1316,0.022600482523740084,0.05414832693368271
1317,0.024756919480580137,0.04996770433614726
1318,0.021296047061719094,0.04940284376865939
1319,0.022108390133706548,0.051656178112391544
1320,0.02152016968057867,0.05088504938814873
1321,0.023043456555047727,0.051652707318240836
1322,0.022309968812871995,0.05168326340970539
1323,0.0242592940354407,0.05293386715247219
1324,0.021457781632405176,0.05318544749030493
1325,0.026399599266866396,0.05280439763850437
1326,0.024416487173814522,0.05100907741072483
1327,0.023465226714809734,0.05176650566564765
1328,0.021503888854854984,0.050032954616355416
1329,0.02199795912194969,0.052108276532706166
1330,0.024199655919072024,0.049764280592588556
1331,0.023683454178479082,0.050433634133790074
1332,0.023759887733480388,0.07420412421151809
1333,0.022829107281969005,0.05458538790693259
1334,0.024082605528614874,0.05412212772327557
1335,0.02473015385798942,0.05142205754729142
1336,0.02410120549693442,0.05061917466328556
1337,0.0238434312617719,0.05645580272327987
1338,0.025870989354556066,0.05226724619106541
1339,0.025434311129208794,0.04869484145166282
1340,0.023639267245144174,0.05505840212368129
1341,0.024358518398308514,0.05463515317305587
1342,0.023226182809785792,0.04937996744250594
1343,0.020347418366256812,0.04924135668235913
1344,0.02365207256641902,0.05255706381416859
1345,0.02283291875811896,0.050910596205925286
1346,0.023532813204858536,0.0499676075066092
1347,0.023718173020428286,0.04957430501629535
1348,0.024041300779558662,0.050232447329021636
1349,0.022397211895214587,0.051951083427010325
1350,0.02268593807361628,0.05086127444541544
1351,0.021513243572305617,0.048987606918453275
1352,0.02258187188839255,0.05027308521376815
1353,0.021535206011923633,0.050518866086887534
1354,0.0233816925184171,0.04841516148252296
1355,0.02770668397982019,0.05029315470640821
1356,0.023989398555274596,0.05111159851078999
1357,0.02360527982053004,0.053658164580140194
1358,0.023681738243477985,0.04963801860025054
1359,0.02110957943444563,0.050823215992752475
1360,0.022907037535369545,0.0532829862993612
1361,0.024184482372867733,0.05162294782268673
1362,0.02436100841875662,0.051256955360858364
1363,0.02252815083080067,0.04937567635623733
1364,0.022094087861945156,0.047950902575612964
1365,0.02249458393450817,0.05617601374971837
1366,0.026161834672280122,0.05148791994217942
1367,0.02316754659577121,0.05226730947431765
1368,0.023230785578676034,0.05254825396944108
1369,0.022724118559880366,0.04896660188311025
1370,0.022231492136878177,0.049165454975569754
1371,0.02103323871759992,0.05000607877558933
1372,0.022536226798007663,0.05379492400172062
1373,0.021255203244978923,0.061770899608768616
1374,0.026922712060517835,0.050163450956643374
1375,0.021684211727819945,0.05192343529341813
1376,0.021378988988305394,0.05032727767463615
1377,0.02175880935425896,0.05062418637381759
1378,0.02386500223780186,0.050687395409683235
1379,0.021023162726994445,0.055746955820417644
1380,0.022849766523542262,0.05074920238259442
1381,0.023519154348618405,0.05055859641062287
1382,0.024149725507748753,0.05337780341506004
1383,0.024187428437938967,0.05586144053622296
1384,0.02377952835090776,0.05089254452284416
1385,0.022709864749570836,0.04963229659169838
1386,0.025450656834737698,0.05142703674789658
1387,0.02224610760378509,0.050515450490521904
1388,0.022789871889659037,0.050525687186789695
1389,0.02279832535761789,0.055767071566411426
1390,0.021817102388742574,0.048975605396250434
1391,0.02390010627383427,0.052988212200857344
1392,0.023135992355252568,0.05017558894211188
1393,0.022616445000533173,0.050857122268593104
1394,0.020471264787933284,0.049990078644420864
1395,0.02126760941400265,0.04959732403320478
1396,0.02485571511295206,0.057371680141615686
1397,0.022228596652659558,0.04903296152489227
1398,0.02165133389352557,0.05028847722630752
1399,0.02362966964623534,0.05022719744266125
1400,0.02205486761354713,0.050890106978571804
1401,0.021568435498683675,0.05089429973211503
1402,0.022995064828666232,0.04940872847623096
1403,0.020534545790058627,0.04988256460966024
1404,0.021588304796650595,0.052046543850859904
1405,0.022946972960144058,0.05074224284007436
1406,0.02146121917904021,0.053259345102952535
1407,0.02193650669117171,0.05455332636870537
1408,0.022094640031195524,0.050732373285637164
1409,0.022189114392177203,0.05088719094456885
1410,0.02127566900020255,0.05180834641768819
1411,0.024608362031946506,0.050983835777319166
1412,0.022804015561154013,0.05437377144706279
1413,0.04266206537347689,0.10202688813433611
1414,0.03698946407209512,0.056497374638205484
1415,0.02336248778796435,0.05142960999917267
1416,0.025722803930777655,0.050218141644744946
1417,0.02231279490305517,0.04944159793562459
1418,0.021866816709887115,0.05203068600897502
1419,0.02465450816453997,0.052393573109891484
1420,0.027387633728316256,0.07151547238641515
1421,0.02663102760948334,0.05013328133370344
1422,0.02327292936300873,0.05290539096807478
1423,0.022000141885308994,0.04928050784949671
1424,0.02101531227989902,0.051722481025191475
1425,0.022010378628259615,0.05143954082950016
1426,0.02407442940338363,0.05114267843035528
1427,0.021311051714091672,0.04949027621992549
1428,0.02556709648299038,0.05477928340360336
1429,0.025772910994619952,0.05008101073049363
1430,0.022898358150495023,0.06234052824906837
1431,0.0241035227021926,0.05043300948010053
1432,0.023694605312139766,0.05029103020789629
1433,0.021257607523062473,0.051916018212424184
1434,0.02289435204426597,0.04942891398505459
1435,0.023967698174423742,0.051790362555430944
1436,0.024540379461377188,0.05286668528590286
1437,0.020910644586335746,0.04833001095362773
1438,0.021615522197053247,0.048718855345159545
1439,0.024297899564256643,0.05289491857016893
1440,0.02386185783136608,0.051730616181566005
1441,0.023479328058977473,0.050235084927918616
1442,0.022562435853824878,0.05133465931454398
1443,0.022979941975353357,0.0527239040119158
1444,0.02600785755181223,0.04976438449924452
1445,0.02659189571768867,0.049672496946234455
1446,0.022914739339647435,0.06487335875294262
1447,0.024165371535602668,0.05203581002907347
1448,0.02362033561394926,0.05039856428826662
1449,0.02189000576902601,0.052915157129367195
1450,0.022917326952897964,0.052168443490912146
1451,0.024719622994499996,0.052527129071248804
1452,0.02680216178783498,0.05121448707012903
1453,0.02512755302857038,0.05468760828550597
1454,0.023979212981380317,0.051985135119884535
1455,0.023135687665719735,0.05084454793865818
1456,0.021423743379519397,0.049030031299307233
1457,0.02862427575060897,0.0528168783880266
1458,0.023611963948323614,0.049675336691147105
1459,0.024233084760214154,0.05252770424113238
1460,0.02289150153895966,0.05180267321137259
1461,0.021198258989660962,0.05012262527618492
1462,0.023195015892087667,0.05334253832324406
1463,0.02336898396599263,0.05402390157481782
1464,0.021081902464865743,0.05146876491027368
1465,0.022127771540019745,0.05218812184674399
1466,0.026910084908954184,0.05340019063580604
1467,0.023485472859968815,0.05052378290055091
1468,0.021473890021069905,0.05001316185022954
1469,0.02134609662631251,0.05323842701905951
1470,0.0244484071510104,0.053039736728321636
1471,0.021733837949116725,0.05296264957627258
1472,0.020931160646983256,0.052436398757729014
1473,0.02478662770904395,0.05258270399761678
1474,0.02575355503045228,0.05031615757105643
1475,0.02065851321831383,0.051828666578483465
1476,0.02275934352313068,0.05134687999398786
1477,0.022337623491397778,0.05127906901084988
1478,0.019966189313054383,0.05239120868961315
1479,0.023806635276379443,0.05158145853638051
1480,0.022737424134423857,0.05035348658573657
1481,0.022432241210699977,0.049588932074550396
1482,0.020952905031075154,0.05211224438701955
1483,0.020494235273366582,0.0496397202736453
1484,0.02281702059626878,0.052026371712000447
1485,0.025086773914240655,0.049921228874820214
1486,0.02528499963140129,0.05522538616058223
1487,0.02303141877428631,0.050242781564406584
1488,0.022570712944693434,0.05266419254747549
1489,0.02308730661570279,0.05055554220476246
1490,0.021347503086790107,0.05065697744339331
1491,0.021562542532918446,0.04934420210675787
1492,0.022748484203876707,0.04980356664511196
1493,0.022682834071174898,0.04943851323653582
1494,0.020636967413668942,0.05050556117990859
1495,0.02230098911731464,0.05026417344173692
1496,0.020272199073829746,0.049747219071128314
1497,0.02336985782199635,0.05294837197638992
1498,0.02282249093298476,0.05363615751639942
1499,0.021346046923097214,0.050544524663373044
1500,0.022317319688268174,0.05244801258831693
1501,0.023582545550245988,0.07593065942812682
1502,0.0247432464374262,0.0508141445747593
1503,0.022248319940720882,0.052378735540056585
1504,0.020072853388754947,0.04905185081008682
1505,0.02203561022952386,0.04914965612211622
1506,0.021983700050484566,0.05030939554361472
1507,0.020347650545674906,0.048863924759671204
1508,0.026358209382322497,0.05371110558621865
1509,0.022252999432851795,0.05328214009826942
1510,0.024459804335893842,0.05299671747742739
1511,0.024607677969680095,0.04901928273508124
1512,0.020936316546790283,0.056282768777587956
1513,0.024446392996717515,0.051978728778305505
1514,0.022580820114764952,0.04970221044052215
1515,0.021794989149560007,0.048267625477678495
1516,0.02252277481675447,0.05898481327340119
1517,0.023157072251191114,0.05282049392697805
1518,0.02304011236941605,0.05086768673438775
1519,0.021161548083736784,0.050507597802650364
1520,0.02064481397675243,0.05723903139581656
1521,0.023233940941573383,0.05042557532252524
1522,0.025167618745139668,0.04997848983583295
1523,0.02806514142580648,0.06629314970103721
1524,0.029665250774650348,0.05223689124660384
1525,0.024043201835345206,0.05164402208867527
1526,0.022356873597566943,0.04996551471507938
1527,0.02247499465419535,0.05951890789140436
1528,0.02255043551736607,0.054017358489876106
1529,0.02294528121618848,0.0530030734108803
1530,0.020727393009646197,0.05213468145569763
1531,0.020781705431397398,0.05174696589248222
1532,0.02375148605079131,0.053782878336228225
1533,0.021393915372235433,0.04969430800742075
1534,0.020164781107676954,0.04992136577690454
1535,0.021383955211082196,0.0513042396863451
1536,0.020771648823505358,0.05084019336373286
1537,0.023284982058936192,0.05147962337523176
1538,0.02593846778317651,0.04998009989883069
1539,0.021607942403035055,0.052575436002927314
1540,0.022510929191881853,0.06466797161333841
1541,0.02321081450279046,0.05318142015272215
1542,0.01939026103413344,0.05244319100763863
1543,0.02041255268630079,0.05236212150158739
1544,0.022193285447538347,0.05715227136411762
1545,0.022554128475132443,0.05112166400242569
1546,0.02598558725289683,0.05046174135572629
1547,0.021263511842093373,0.04974093604692839
1548,0.020761134947899888,0.05276569068655932
1549,0.020965500018164926,0.053033579906500074
1550,0.021653892154943077,0.05160969797344435
1551,0.019136925468356686,0.050127622216267695
1552,0.020681716142254964,0.05182980145689539
1553,0.020393198818192446,0.061577019078615014
1554,0.0228532189386605,0.05272764985199859
1555,0.020861477616772914,0.055160571011086755
1556,0.022333275979585517,0.05168870078367099
1557,0.022601429858527387,0.052470895898222625
1558,0.019641628274157233,0.05028863585458364
1559,0.023780842323351026,0.05574418307471096
1560,0.024393183727723016,0.050505159688847404
1561,0.021009307872868123,0.05426072817585223
1562,0.02460834897942561,0.05270739859506899
1563,0.021381102885145293,0.05108142378074782
1564,0.020712518938501973,0.05085257568716405
1565,0.021032135886954784,0.05177584254091844
1566,0.025624637368291542,0.05445186127173273
1567,0.02289224110711786,0.050178452850060354
1568,0.020607620743768557,0.04978307939711071
1569,0.021857085509370443,0.05172465978783175
1570,0.02086088336761434,0.04994061171896476
1571,0.02870121160825542,0.05513561708399825
1572,0.02148871786220181,0.0507344555828655
1573,0.02418197937459127,0.051311913597628586
1574,0.02228392428137306,0.05041586110055596
1575,0.019987590307542553,0.05235248266306138
1576,0.023947215571364665,0.05063733068250474
1577,0.022872107570295345,0.05403815351781391
1578,0.02094134205676858,0.05198335048175396
1579,0.02116058003577523,0.05177472905258188
1580,0.021770818130974482,0.05730331018753817
1581,0.025892531186491624,0.05404719202440783
1582,0.02117391201413066,0.05157266889598435
1583,0.024950728684028887,0.06436510666047122
1584,0.026165201447736052,0.05111933982275184
1585,0.022538221480889728,0.04961783333417766
1586,0.021164191256564362,0.05071678868772691
1587,0.021807056718638966,0.05326894860257182
1588,0.02083782482434783,0.05173468103347566
1589,0.021862332291322246,0.05138176025117848
1590,0.020904819959573877,0.058112847625761105
1591,0.024098249353038937,0.05044656932204588
1592,0.01971587826285446,0.05142860599142268
1593,0.019842963861791713,0.04987777439051105
1594,0.020495498478225897,0.05331633919686602
1595,0.023049391941505865,0.059821378187577524
1596,0.02417590750619433,0.04969638080936028
1597,0.02215288991673399,0.05208132632618261
1598,0.022243644622035492,0.04886786767601369
1599,0.023305201226084454,0.04867447988319218
1600,0.019083608128597263,0.04884397509253414
1601,0.023598011172280872,0.05032598017189736
1602,0.020257142089998213,0.049643015138860935
1603,0.019993406755471586,0.052743075373477506
1604,0.027628688594527114,0.05155842327384423
1605,0.022863671057542462,0.05439476853698716
1606,0.026855028820291796,0.05080945512517951
1607,0.022542734530037807,0.05205844913172841
1608,0.024682162609651573,0.053318235220242864
1609,0.02230417570169259,0.05115319181579098
1610,0.02111394634297617,0.050380869495465344
1611,0.02002124057937983,0.04994975390813703
1612,0.019716127978679828,0.05126041878845757
1613,0.020708531304671055,0.04938514405548722
1614,0.021766060762536853,0.05206069474418958
1615,0.02345914399732175,0.04926281714611185
1616,0.023328638978694614,0.060594326338000166
1617,0.02018774466537742,0.04919403769953508
1618,0.019318289716347567,0.057151848212220614
1619,0.021135169382494195,0.05320302496913979
1620,0.02241853758095201,0.05432161497405
1621,0.021327742863269078,0.05130247684909885
1622,0.020886843683277454,0.04962770399032978
1623,0.02373054592793149,0.050922859721539315
1624,0.0200166076673825,0.05056881363081155
1625,0.020784398512844752,0.05075105783858694
1626,0.022648466919037633,0.051256028174383
1627,0.021782394122789827,0.05225778324412821
1628,0.02124435351437943,0.05087979854012193
1629,0.02045952025940992,0.05210899329163078
1630,0.021148605328193286,0.052932045102716985
1631,0.018014507153465933,0.05291683295914404
1632,0.020003912391556536,0.053378986535514504
1633,0.020203280264983203,0.05173018069606377
1634,0.022290816918052826,0.05085684850177072
1635,0.02126018038220274,0.05095120021760613
1636,0.0216781216344439,0.05145094397111345
1637,0.022169445737038638,0.052067978050849194
1638,0.024278198744644198,0.0800054988690785
1639,0.024735991056438974,0.05027063241354505
1640,0.02006330733703342,0.05161082682977045
1641,0.020835979195092256,0.05217030097293973
1642,0.02303886737086271,0.06841862526603211
1643,0.02220495911618522,0.05049379552740202
1644,0.01997774317020312,0.05062935793571604
1645,0.01952273473797137,0.04997966348900831
1646,0.019643341522561128,0.04999399388717828
1647,0.02151719847213206,0.055572580630169774
1648,0.02057638231730252,0.051627340789576225
1649,0.02146698018643342,0.05159143498517517
1650,0.024715194077158633,0.05329194031002229
1651,0.021475028139270637,0.05219263439638573
1652,0.021965175288213526,0.04944373129453874
1653,0.02063878072439728,0.04951438600930355
1654,0.022242722906788488,0.0726214443382464
1655,0.021916754160982026,0.05197466944430705
1656,0.02333194699913338,0.057342729575577234
1657,0.02055684541513149,0.05398438590809815
1658,0.023475945621430128,0.05135540345819074
1659,0.020625622938375426,0.05284763036067026
1660,0.02224874314396901,0.05258326747811826
1661,0.023016935872628277,0.05361907773261381
1662,0.02190304296861466,0.05042777928456029
1663,0.02048266291581001,0.05089337100510609
1664,0.020877623375047717,0.05166380512609817
1665,0.022591639515526014,0.05341233128219619
1666,0.023818479622142355,0.05096396992454553
1667,0.021809136821774013,0.049743787845349254
1668,0.020488879085520755,0.0517693953705312
1669,0.02127736511367156,0.05061469374593338
1670,0.019711038952035114,0.051997486389893335
1671,0.022214467018693312,0.05158562879813345
1672,0.019231721506755155,0.051331742514942526
1673,0.02154142122463624,0.05253580500159347
1674,0.021495963383774113,0.05334830539006936
1675,0.020243648803771885,0.05096875080712756
1676,0.026254063873624143,0.051185574419889836
1677,0.02175214751751949,0.08435884429921482
1678,0.025395272140925688,0.05151074332999705
1679,0.019750728484308512,0.05261229359565821
1680,0.02136866486909097,0.05064968513628295
1681,0.02073154901446107,0.05129881726022352
1682,0.02095507717875759,0.05000810836789602
1683,0.021037217799135317,0.05067619316298561
1684,0.020695725507231283,0.04962288599489327
1685,0.019041229590288082,0.050632277666999584
1686,0.02434691338144,0.05162457910770163
1687,0.021782577616678442,0.05065008256593743
1688,0.02191879072770439,0.05037707797155942
1689,0.030972709561835853,0.05073255344403716
1690,0.021430588002902522,0.051577471112622356
1691,0.023050769860097638,0.05532533367325489
1692,0.020853306304542043,0.04963180171629241
1693,0.026596934256846446,0.05101373051304865
1694,0.020708772034050527,0.049663982230395004
1695,0.020081427629878346,0.05765373022633985
1696,0.02512110185046169,0.05032573178186452
1697,0.021540698133184946,0.049629230500387964
1698,0.018894811200542858,0.05088174442076743
1699,0.021155828227263345,0.05213973115672145
1700,0.020314295059606843,0.049000353424023264
1701,0.01887639650706211,0.048941810935138164
1702,0.020457831246400236,0.051354625255317615
1703,0.02124603137485963,0.05342160045801846
1704,0.021860588580033834,0.05196703580163774
1705,0.02148677879258206,0.05081270843333469
1706,0.020070569150915422,0.05139560966675443
1707,0.02738229612023908,0.052591778758101
1708,0.02407562968444854,0.049829538696839995
1709,0.01888257178727696,0.04876668254534403
1710,0.019427800481032608,0.053031826938005316
1711,0.020284935033747127,0.05149965610047032
1712,0.021042245344485257,0.050352218894656735
1713,0.022768626017566015,0.04824458988836236
1714,0.019317647979074253,0.05305484277114533
1715,0.020747236566697445,0.05094881180235019
1716,0.020571127603936912,0.054148081195234954
1717,0.021074803466710233,0.06477084632654835
1718,0.024602208580625683,0.053325579065203965
1719,0.02080590562675531,0.04994831082964302
1720,0.02052324481383153,0.05195962522823112
1721,0.021201329347782565,0.05167755804825248
1722,0.020630740488232824,0.051903283947093745
1723,0.020866077701400098,0.0506347870468197
1724,0.01834053160590038,0.05080267857003929
1725,0.022442257881425974,0.05117052808441315
1726,0.021037729765127477,0.04956174080719924
1727,0.021701034676647725,0.052211768738458626
1728,0.01999278892214436,0.05154352724776232
1729,0.019150741939855397,0.05209615617467646
1730,0.02157024489739037,0.05056480893440414
1731,0.024587587927255714,0.052255638158485704
1732,0.021054956175032117,0.05203547598537347
1733,0.021979912545970808,0.05005302096257234
1734,0.02028231101955537,0.05043886510426538
1735,0.01922865418301788,0.050130084437087066
1736,0.020201705354160833,0.05116020462342671
1737,0.02619853092913042,0.058781725870338
1738,0.023189634220081762,0.05030146869539019
1739,0.026194941681952105,0.06224009358233079
1740,0.023156111313025456,0.049997290358283465
1741,0.021129310611906208,0.052625039793121484
1742,0.02052755858795834,0.049821061644712485
1743,0.020212616281289803,0.0510986037178894
1744,0.022128994583635403,0.05181961189161865
1745,0.018757410538861326,0.04981296092159766
1746,0.02148653001508169,0.05136780775990104
1747,0.02110864745831131,0.052353150255623315
1748,0.01993051332358579,0.05152729256335357
1749,0.02062037856058967,0.051008004863235284
1750,0.02451738868758344,0.05122397067888936
1751,0.018841015725842396,0.05202574679688702
1752,0.020375611900088183,0.05718385756837396
1753,0.02118330777513055,0.05024810660079607
1754,0.020861113672716577,0.050474159074083605
1755,0.021411469575008352,0.05136100367122425
1756,0.02357840605248186,0.051068914190569616
1757,0.021155628532096557,0.04995659124432949
1758,0.02072088716593676,0.0504844730211081
1759,0.02046011298203976,0.05149972873896286
1760,0.023227487146891747,0.05347223342734769
1761,0.020347371454675096,0.05146355495641106
1762,0.019800048587577685,0.04957326232714761
1763,0.01909409235126542,0.052421335653777705
1764,0.019528345753413095,0.05258529442817645
1765,0.02085497722328456,0.04994978773451987
1766,0.020016575722317947,0.05135794923194967
1767,0.0221122863158621,0.05374495306969585
1768,0.019340163918403454,0.05410461196848623
1769,0.02016117589496879,0.05386310955859665
1770,0.02101318395806285,0.05094267670672042
1771,0.027168825740242063,0.052158502502399576
1772,0.019182898911803886,0.054870311590961944
1773,0.02021769409004907,0.054274752596043106
1774,0.019848375835626347,0.05148128003703622
1775,0.019296709382743166,0.05368116630572723
1776,0.01988963526031726,0.05061477529151099
1777,0.022179622655935156,0.05050189402841386
1778,0.023829639247410876,0.055074965669995264
1779,0.02331889956666712,0.05029804116689173
1780,0.02339784887836392,0.053954538714168665
1781,0.02053384782564371,0.04923759002173156
1782,0.022197614351572248,0.05147665247956015
1783,0.020568630921848137,0.05076547100542482
1784,0.01898211108656007,0.05260793352149483
1785,0.019753119859256242,0.052385466289998295
1786,0.022709678158276063,0.05493056578071494
1787,0.020098243184144934,0.04946433507223476
1788,0.01999532166205552,0.04932526260016855
1789,0.0204587618734006,0.05158220576052379
1790,0.02056101598499114,0.06146453020342609
1791,0.023992455865543588,0.05076844340428374
1792,0.02237636183054749,0.05186650074813001
1793,0.021560861680068467,0.053391035188708386
1794,0.022782833215063976,0.05261843419986261
1795,0.01933274083399683,0.050689239372361576
1796,0.02351466497233637,0.051915581587860755
1797,0.02038574116981418,0.05093656349600407
1798,0.01928178170103029,0.051246844904315206
1799,0.02274221953536783,0.05229755125958519
1800,0.019458923428167674,0.049795708047193396
1801,0.020786544396763758,0.05200880228128648
1802,0.019036785902497463,0.05329782865885505
1803,0.021961984086903117,0.05240289317934137
1804,0.02111974833323095,0.05045071936079434
1805,0.018385017472774462,0.04948938510994565
1806,0.019069771308050418,0.051578570045250696
1807,0.02015048288331743,0.05250911498652365
1808,0.026456015819408242,0.05409980640002062
1809,0.021530771861436374,0.05074295646191241
1810,0.020265308696599232,0.051509189669201545
1811,0.024851385037178982,0.05137824642478971
1812,0.01960545593410506,0.051412437073793026
1813,0.021163016352289003,0.052013179628099114
1814,0.022551411739492176,0.05423111211797946
1815,0.021737113604345416,0.052689359759104284
1816,0.02399810401251292,0.056036215947758886
1817,0.019507730566432003,0.05086204281688334
1818,0.021698092080111194,0.05294022902398181
1819,0.019815380986135705,0.04996176326371972
1820,0.01984371119797379,0.05121939961698121
1821,0.019173942716386085,0.051333703100681305
1822,0.01850068029996596,0.052676486603000706
1823,0.02276693887887219,0.05075463471481376
1824,0.020492459897110637,0.0507533942118175
1825,0.02216496871303496,0.05511453295859478
1826,0.02424906383742366,0.05014124894538021
1827,0.02093622709780857,0.053608076997045284
1828,0.02028394670209341,0.051623646823460594
1829,0.021789946035484325,0.04985324793815015
1830,0.027929207529489856,0.053285473551517144
1831,0.01965898014418314,0.05252993874307862
1832,0.020593611537513875,0.04992820794943879
1833,0.01851396476919938,0.050175563658688
1834,0.02690618795186356,0.05244480193893712
1835,0.022025748050974726,0.051831506416761784
1836,0.02025187491231544,0.05091728371822445
1837,0.019906898166862943,0.04958117342458333
1838,0.019137977386701078,0.05001141225223553
1839,0.021621381887293102,0.048306455747002645
1840,0.02002620157367902,0.05473807395288819
1841,0.01988027043136439,0.05041007484708514
1842,0.019063924726350864,0.0493681660682934
1843,0.02200310947116754,0.052451994708904943
1844,0.021188354271377687,0.052318281753170756
1845,0.02115402267288818,0.05050897827946154
1846,0.021013767381471798,0.0510981763271909
1847,0.020256502171021356,0.05135416182546986
1848,0.019327249767767608,0.05300484333458102
1849,0.021092976781920084,0.05076865026526583
1850,0.021199640246075496,0.05224329133268287
1851,0.01959011350807391,0.04951120709491553
1852,0.020204565219375723,0.05166720717510484
1853,0.020921844729971616,0.04995814800486529
1854,0.021597362135100485,0.04917582035774276
1855,0.019460205366849004,0.05050237736382281
1856,0.018495580060104082,0.05224501750522986
1857,0.021413202124430722,0.05224314882865824
1858,0.021133216368711384,0.048864469781779406
1859,0.020713840240150466,0.058002172948274394
1860,0.023012116952871618,0.053141167830853236
1861,0.01973454102425647,0.053534322131173054
1862,0.0185375334718323,0.049996659775873774
1863,0.019996912650446546,0.05257542409880418
1864,0.02151496055767052,0.05224872016368952
1865,0.020611228841475975,0.05481718908201782
1866,0.02495106456236433,0.05180444031543003
1867,0.019939754844496126,0.04931168742757991
1868,0.01964324470469378,0.050800403752796035
1869,0.01900042203210649,0.049397872046644524
1870,0.019925272666422047,0.05099643084376976
1871,0.019128724400486265,0.0502504547847841
1872,0.021034686100251394,0.05404852787242796
1873,0.019443323280204806,0.05147013156896546
1874,0.018397488054775056,0.04981199896574618
1875,0.02057195023953317,0.05247344026215991
1876,0.01906151359055873,0.05108744890095297
1877,0.02255080658055487,0.05178087438108927
1878,0.020163178544276787,0.05026303818986231
1879,0.02057440561198053,0.05268907607684757
1880,0.01935722046814168,0.05059439356539184
1881,0.018965281420072217,0.0495188518947826
1882,0.018724224060997927,0.05227056635837806
1883,0.02058175385913305,0.05085247169647898
1884,0.019538840825172297,0.051425095862314515
1885,0.020550198666284557,0.05018669556368861
1886,0.020359347025889502,0.050107164845281375
1887,0.019645117820803085,0.054887504076449795
1888,0.01842619358961071,0.04938764127909689
1889,0.021162388202055057,0.04952194227984077
1890,0.018845035762229657,0.04894413232317843
1891,0.018747639405846894,0.05187994250117388
1892,0.017404306806007724,0.05303817141549032
1893,0.02081828273571374,0.052817450934334806
1894,0.019582296859351613,0.05106702939908307
1895,0.021935663739205302,0.05361917811004739
1896,0.020462440135410258,0.051066864085824865
1897,0.01982528992921562,0.050677411342249776
1898,0.019555164020237766,0.04876604693986121
1899,0.018216722712555623,0.05212683174619101
1900,0.02042612446971555,0.05248643390666273
1901,0.019083286497863314,0.05192175777372262
1902,0.021075927827479246,0.054269646119354364
1903,0.021213770916400698,0.050410775995269455
1904,0.02065141834225272,0.05838970995897936
1905,0.023369873778189634,0.05328481580903357
1906,0.02052881220883146,0.052464579215698075
1907,0.02113240850356438,0.05182088001218057
1908,0.020810699806943125,0.05083004511276582
1909,0.02015158098965958,0.0522760062532168
1910,0.019037625455953423,0.05247059519540397
1911,0.01905934297874159,0.05135083818495423
1912,0.027457622997929577,0.05101563536881803
1913,0.01979528548181953,0.04990947191465767
1914,0.019966448533505127,0.05082384527737933
1915,0.01920658287902673,0.04979713151889636
1916,0.022013528496587186,0.05053983653024922
1917,0.01944403741555405,0.055516727847562994
1918,0.0189680576343136,0.05529956183487311
1919,0.022191112002073077,0.052600192498966566
1920,0.020636249959170072,0.04909879910318475
1921,0.018609643930144477,0.04946605186153175
1922,0.020330756393851793,0.05538231718883777
1923,0.01935335942182251,0.05039827884139871
1924,0.01946366703917359,0.05148647138312048
1925,0.02181927318262277,0.052045354157462156
1926,0.01826324325316308,0.05054279325301187
1927,0.019770625455860506,0.04964580892919
1928,0.019309387399924726,0.05147938844852878
1929,0.023098629164068324,0.051534795466072876
1930,0.021166093185319937,0.05034661881233517
1931,0.02085414629214838,0.05466946897874201
1932,0.01991961154629264,0.05044495882022949
1933,0.02107027854144872,0.05107384980807926
1934,0.01875465501912106,0.05349779212123768
1935,0.021827553088466328,0.053890838901650036
1936,0.020767080462199255,0.0498052155482291
1937,0.01897050512202999,0.052074913542372245
1938,0.020117962256746183,0.053461309027552306
1939,0.021736596143783482,0.05286365863225215
1940,0.023442225694133526,0.052301771593347826
1941,0.021614544481076393,0.050154055074268115
1942,0.020493242707579656,0.05130587389370553
1943,0.02114110337546968,0.0526163342098395
1944,0.01854163666435501,0.05336706727780495
1945,0.01665752603296648,0.0544997018418814
1946,0.021301975282361933,0.05040134678134942
1947,0.019024387137371496,0.05103142940460291
1948,0.01815682849414964,0.05069799239474131
1949,0.01736966136348128,0.051257719344139696
1950,0.018119655778272112,0.04980803196106041
1951,0.021717586671293976,0.050580351200318875
1952,0.02151418234546083,0.05074157968238183
1953,0.02444028789014147,0.05619581094137708
1954,0.020779638184715333,0.05103374474254766
1955,0.018940600648260954,0.0514253883676272
1956,0.01814073283589424,0.05005931445306405
1957,0.023586522115576537,0.053959587481535766
1958,0.019184378832391928,0.051405587263946846
1959,0.01928211538994073,0.050267278634590615
1960,0.019230021831385773,0.05068700559866757
1961,0.0192321508324572,0.05171492589371545
1962,0.01954701852828339,0.0505364874662612
1963,0.01846027172130899,0.05024159141351705
1964,0.018623395059677892,0.052337574275364555
1965,0.01849595294392348,0.0569849854106443
1966,0.018532852705259967,0.0536322572028129
1967,0.021977249901732405,0.05154534831717797
1968,0.018742772836919715,0.053260097518227155
1969,0.020398602781252453,0.0513841863768292
1970,0.0194944273260303,0.050097512048587464
1971,0.020517359307983464,0.04970653106768926
1972,0.019481252066623,0.06385063976609617
1973,0.01966905485567891,0.05170638438192824
1974,0.01844868800581846,0.04864317349585375
1975,0.01816463059650029,0.049862937969073914
1976,0.019014874935374224,0.0499273884789388
1977,0.020469403645971364,0.050891285057279995
1978,0.023126378660101938,0.05341604617155883
1979,0.01792061784045589,0.05259729226243526
1980,0.01838623560535579,0.05127666080207156
1981,0.02344016683635706,0.04956354659265444
1982,0.01924783627696354,0.05342478807408708
1983,0.020466036917198272,0.049985408222764954
1984,0.017742642530597243,0.05575210799026609
1985,0.022122773446870924,0.05506334958929466
1986,0.02189347533074985,0.05201322454632374
1987,0.020293391405378367,0.05235078313707708
1988,0.019168425995604435,0.04981764890533641
1989,0.022570414477982616,0.04974909476879844
1990,0.018663045728490466,0.04921169428710352
1991,0.021012015257936372,0.05020042283829292
1992,0.01777731465703264,0.05287140940215653
1993,0.01887670608195371,0.05244245234512745
1994,0.02026748755727346,0.04902947731409455
1995,0.019382562259571592,0.05187254074148666
1996,0.02146878267141213,0.051237600395703374
1997,0.02017865836489619,0.051965461777789254
1998,0.021036867738554354,0.06183387749924098
1999,0.022861161715068613,0.05104775639965122
2000,0.02018653782537408,0.050792929419972245
2001,0.01773695177153537,0.050515782452167424
2002,0.018717345041701368,0.04997694581971133
2003,0.0197109425939937,0.05474656155533659
2004,0.017645879454892082,0.05190574449666759
2005,0.01920637734383718,0.04892079916813021
2006,0.018148096577079973,0.05542933053913571
2007,0.020108292336788094,0.05045706595768008
2008,0.020169095320622426,0.04939912997167511
2009,0.020168999111966082,0.051261408389884425
2010,0.018350861219684583,0.05213953585440951
2011,0.02232326535895504,0.051796862664154
2012,0.01815232128035604,0.05003459199814868
2013,0.018097339006593653,0.04994295233099682
2014,0.02010864754648585,0.05031713198188851
2015,0.026116209071979188,0.059168038455615364
2016,0.02030389414245921,0.05014693766907044
2017,0.01869180693494198,0.05740763141509883
2018,0.01828597113723519,0.05237459822704917
2019,0.018586662572278714,0.051894321729590125
2020,0.019402048286788147,0.05275955602041163
2021,0.02257233779214528,0.05116051320630805
2022,0.018694401669659112,0.05040770445140382
2023,0.01793284999454081,0.05540882291874491
2024,0.0190049084580333,0.051774558398807256
2025,0.020054991905551805,0.05235602641314791
2026,0.02006137283299501,0.050680235074949745
2027,0.02100984198052931,0.05479294244657483
2028,0.017130804409209947,0.052562473066393896
2029,0.0197073752644068,0.05041002979814857
2030,0.021038290902150602,0.0541104115452384
2031,0.0198047944720377,0.04986927880529772
2032,0.021900994320374383,0.051101025996874445
2033,0.02229056282804574,0.04870801172534326
2034,0.01898350801206845,0.05112297177538836
2035,0.01838807653831808,0.05001550716789145
2036,0.017459673494249955,0.049828590727166125
2037,0.018498785789112997,0.05099175425064295
2038,0.018396497010848577,0.04954607989218898
2039,0.017816501181750072,0.05124070579396155
2040,0.017085259278447257,0.05031821186791984
2041,0.019525023765469853,0.0541959588782381
2042,0.01915948014043477,0.0534076088465246
2043,0.019386181435115953,0.05081781894342045
2044,0.018058870557256808,0.05173589300392266
2045,0.01767993918655062,0.051086261877813434
2046,0.01932817995361517,0.051858137181976384
2047,0.01880616192848312,0.051344233609381174
2048,0.017735003911537633,0.050711654285365775
2049,0.021319408824009106,0.05553535400962172
2050,0.021099537326242392,0.05562127983771769
2051,0.01959335372869607,0.04898727902755104
2052,0.01940476631087468,0.055001994095425256
2053,0.02122667892124121,0.05151030921697019
2054,0.020060537042175617,0.05302668508506359
2055,0.018368492782918883,0.053018359901537575
2056,0.019015605395711156,0.05025672417759597
2057,0.02090624176936789,0.05097665678812448
2058,0.018962158870540168,0.05158087944513873
2059,0.02023422651058226,0.051910019785464556
2060,0.021037206235796885,0.051967962876074296
2061,0.01883328081409734,0.05121326693952233
2062,0.01992207955111537,0.05193644150494035
2063,0.020068401769550524,0.05508460385496156
2064,0.019799609978993733,0.049574146135931925
2065,0.017909564927481768,0.04954180076606292
2066,0.019847161792461435,0.05220180863799308
2067,0.01821536785995303,0.050884084117815906
2068,0.021527736478095364,0.05211821048144709
2069,0.017573308311682894,0.051292637666514644
2070,0.0179572533302588,0.04936859668944414
2071,0.018044461979341685,0.049798781551738135
2072,0.01686935792011874,0.05133532273366039
2073,0.018709854453914147,0.051457888117634264
2074,0.018746750966125263,0.05228106725148689
2075,0.01793385841848707,0.0525423183402322
2076,0.017995880225808697,0.05400160708485689
2077,0.02370871089977728,0.054062535440115106
2078,0.02151061574412617,0.0610368800043761
2079,0.022970434633039293,0.05333193728611583
2080,0.020028927893305484,0.05058631003089716
2081,0.01715598145457811,0.04961102496001655
2082,0.020423662076169687,0.04998986803013878
2083,0.01916435965451232,0.05225999751373341
2084,0.01781215880504975,0.04888948335085895
2085,0.01746970577571625,0.053193257790161555
2086,0.017973209005362707,0.04892985205303756
2087,0.017718537437512463,0.04984358543142639
2088,0.016674752461544255,0.049233601337536834
2089,0.02034022130613638,0.05298410480221113
2090,0.019336802667861145,0.050982024492625906
2091,0.01780939097504568,0.05084231993496269
2092,0.01984628929959652,0.05521254880087716
2093,0.018302589472859426,0.055497830280833375
2094,0.019417872897496347,0.050257614830084014
2095,0.019604073267868886,0.051096770893735696
2096,0.020339576989636385,0.052917370483988806
2097,0.019674657281478842,0.0523074892510597
2098,0.019350111246445124,0.0537216500064036
2099,0.019282719799618524,0.0551626961258121
2100,0.018183600979117222,0.051360742639479484
2101,0.01847231607034541,0.051225291971201285
2102,0.02899630786034099,0.0513772118584554
2103,0.024238038948155884,0.05394044785496585
2104,0.019215700723100127,0.049473060691789875
2105,0.020789767510460733,0.05267343193031194
2106,0.022280610278528883,0.05137080642252339
2107,0.02047927890038281,0.052728157453145595
2108,0.018961700277034203,0.05177595496252366
2109,0.017090259152546264,0.05021674460486362
2110,0.020809692276973175,0.05037367638004454
2111,0.017901215002052766,0.05235850462750683
2112,0.017993809461574955,0.04872812289641913
2113,0.017068083745831235,0.049896011973980976
2114,0.0188171431412897,0.052358896016402354
2115,0.017555887810885906,0.0508958738773389
2116,0.017218337121202534,0.050064021390034144
2117,0.016771371193921056,0.05410780686707724
2118,0.018607087104224172,0.05114733619162612
2119,0.017533337169870697,0.049186402394956814
2120,0.021030715725064875,0.05134916059056619
2121,0.023296349278107323,0.05355349084114969
2122,0.022558163277300678,0.06459761637830197
2123,0.02153219933385837,0.05147276107305871
2124,0.019221626119431397,0.05016656529933289
2125,0.018531098079524543,0.050320973447092195
2126,0.02011844474252752,0.05201228019923793
2127,0.01827985900255821,0.05231923695868418
2128,0.017827921292574184,0.048590387747550666
2129,0.020895350934531456,0.05154637637592498
2130,0.017778568100510983,0.050832388077612804
2131,0.018722654037868467,0.054058158065292766
2132,0.018885277211666107,0.05039690154835694
2133,0.017882921749301124,0.05148386987939216
2134,0.018285458001837993,0.05163417188894181
2135,0.01627945216993491,0.05100758181404052
2136,0.018177983283361697,0.04922392931685113
2137,0.018430944382770917,0.05133965863545138
2138,0.02133853846512044,0.051155991404128257
2139,0.020603341262852938,0.05598714297875426
2140,0.021217324957718376,0.04981894376582669
2141,0.02272877196564262,0.051998877080908994
2142,0.021640168395556304,0.05076847183413075
2143,0.022033892422541043,0.06944131520681811
2144,0.01969112820437827,0.050538389651772375
2145,0.01841156129587563,0.052762233225026524
2146,0.021829261388489625,0.051661116708266105
2147,0.02230193537839672,0.051233593337144466
2148,0.01860659694611877,0.050920300419094566
2149,0.019163382746148528,0.05547094916490684
2150,0.020489779034895555,0.05116573906034455
2151,0.017698214275010844,0.052470082253740544
2152,0.0178159507491012,0.05308486272891363
2153,0.017762278657135807,0.050321387803942935
2154,0.017359747595730283,0.05015159424459725
2155,0.01704451714392593,0.054843646383151076
2156,0.01783620573598938,0.051363422570371985
2157,0.018528502126385394,0.05145310987730074
2158,0.018933069023926902,0.05427650080288861
2159,0.019301169096751322,0.055568952346804146
2160,0.01824597870104743,0.049569316283055116
2161,0.017505790104618047,0.04985340431631358
2162,0.017591070491157677,0.05014271127587572
2163,0.020588688832476623,0.050130482903100494
2164,0.01753616200895387,0.05016762308570974
2165,0.016603758792045124,0.05534634493608821
2166,0.019963479607849194,0.06759329351192728
2167,0.02164663445148477,0.05201201357488943
2168,0.02185568327368949,0.05803235749104865
2169,0.019761163115800173,0.0525235287882481
2170,0.021040992858005047,0.05291791052037014
2171,0.02031283192149828,0.05030191749483721
2172,0.01703597421531465,0.050566917663454114
2173,0.017486726967874625,0.05077690705843737
2174,0.016733460095629357,0.05027923885182032
2175,0.021052348289760135,0.052065192906181314
2176,0.01857213635828561,0.049706015427757926
2177,0.02101955942828255,0.05672443191285122
2178,0.020069645834447147,0.05734168386138173
2179,0.02089792009172284,0.0552333156417187
2180,0.019069579063464227,0.05120524089960825
2181,0.017681693233418883,0.04933381094632292
2182,0.017433054362398042,0.051369995494982355
2183,0.02123091690344993,0.0515921370390065
2184,0.020538210266626868,0.05588741990781966
2185,0.019437143789198166,0.05183703671758037
2186,0.019032606682308335,0.05112710189923905
2187,0.017286428952949087,0.05036124786861558
2188,0.019195007963250754,0.05044842428320034
2189,0.01854838086362172,0.0529190791131261
2190,0.0208913485535927,0.05024258219135136
2191,0.021662398444530658,0.049555472404063494
2192,0.018322351339616273,0.051047328654163164
2193,0.019034252985191524,0.06548363884402099
2194,0.02006197639071105,0.052214872400115304
2195,0.024523180388941204,0.05737127638176868
2196,0.019164721075361383,0.05005388242895143
2197,0.01800952859241562,0.050136352448086986
2198,0.01868535172577042,0.05030095175767602
2199,0.01835716562462331,0.051417795805853414
2200,0.019312392051954914,0.06926273543359641
2201,0.02172964137224924,0.05282675679352947
2202,0.017121889215326848,0.05200373204915147
2203,0.017353865731143413,0.05197275048098469
2204,0.01815838032497798,0.049407394934342916
2205,0.021109891443847117,0.050805587069432535
2206,0.017637107432598158,0.053234084422949864
2207,0.016994897229480267,0.05189685532846546
2208,0.01867117028552712,0.051276839345245434
2209,0.01944706571244058,0.05594833431424653
2210,0.018704699767860853,0.06861015467117902
2211,0.02049151211416811,0.05315093100444416
2212,0.019344262451979153,0.05144645325970231
2213,0.021151462079663026,0.05144330033831728
2214,0.01659872948208399,0.053068021111619804
2215,0.017974627071193287,0.05092726570360344
2216,0.019196782212116216,0.05262420746616851
2217,0.016893568049584116,0.050700668142851735
2218,0.019883739465572182,0.0495571380102993
2219,0.0206601050750056,0.06735843067106448
2220,0.021854645658965995,0.05422621254895564
2221,0.018230341818361057,0.0503665865737394
2222,0.016345807909031857,0.049819162829702064
2223,0.017640960755242144,0.05275197769690277
2224,0.017081025523369323,0.048594529822207334
2225,0.01696345472899744,0.05182991072274091
2226,0.019598189325895823,0.05104279647905725
2227,0.021014823095130742,0.05213705838697596
2228,0.020798004141315482,0.049518849541967676
2229,0.01787983714591217,0.05357458303334719
2230,0.018345463488783156,0.051049419316955676
2231,0.018835115183452916,0.05070139763685396
2232,0.018490797165491825,0.05157891026975816
2233,0.017564612153665463,0.05419259473569411
2234,0.01740160006983089,0.05074976687144516
2235,0.016409358733279963,0.05192245135928754
2236,0.01795619836819351,0.05237878720861927
2237,0.02042846890974015,0.051506452654537405
2238,0.03414558717294743,0.05470498325419904
2239,0.022490740527298516,0.05269676904406464
2240,0.01944105253137069,0.049217208529026585
2241,0.01843431409691136,0.04962758219481112
2242,0.018242897162386647,0.0521115603340897
2243,0.021850080766194595,0.04960695353516361
2244,0.015068447039950462,0.04966387794093978
2245,0.01671780895133664,0.047996411972998976
2246,0.016230375200211256,0.049384862735382
2247,0.0197546601687607,0.05005589188228275
2248,0.019983449255239993,0.05203511280224735
2249,0.02122434008315691,0.051878244002211964
2250,0.020156959687968844,0.05152972297448861
2251,0.01824109739901727,0.06358308450582631
2252,0.02441666775936247,0.04973410877555534
2253,0.019227111847478346,0.05263559594937136
2254,0.015476756750192857,0.049774140203581715
2255,0.019716094791851844,0.05164467055061109
2256,0.01905196651881724,0.05173522228361072
2257,0.020385583253451307,0.05159330998260276
2258,0.020308331327330797,0.05269782666238328
2259,0.018356623562206898,0.0518747314269232
2260,0.018476992542096844,0.052601692315779235
2261,0.015541783454629561,0.05212580565745968
2262,0.018427623865337,0.05130049693666604
2263,0.016356309418354118,0.050327399432808534
2264,0.017926211779316265,0.04899922253232552
2265,0.02109417737342585,0.05163007301458141
2266,0.019286701138269035,0.05335938373118415
2267,0.01922431865002129,0.05516931760057172
2268,0.019683817826342164,0.05158022725791262
2269,0.016895930761270654,0.05226784698982585
2270,0.01649319084319181,0.05152837351375355
2271,0.020439580246283298,0.055218586749525594
2272,0.018753772601485252,0.050871552231915314
2273,0.016677358152722956,0.05215312992421009
2274,0.01936140325956775,0.049750421065510364
2275,0.017972068814444065,0.0510000250299921
2276,0.02147441763514863,0.054745157970521686
2277,0.01942546764169271,0.051082715989653034
2278,0.016711995098973278,0.0531952590179772
2279,0.02638737589382289,0.057723487351547205
2280,0.02062621629122355,0.05047538222973807
2281,0.017629529393854596,0.04977421025584515
2282,0.017640977925189157,0.0521595196093533
2283,0.017658894452124013,0.05108726318729551
2284,0.017452100114453407,0.05267152371337838
2285,0.019887533860472508,0.054650009313322846
2286,0.01794497880449794,0.05028484982991577
2287,0.018471269506522288,0.05175784763350224
2288,0.01636679194176705,0.04958081672103483
2289,0.020442927909786242,0.059527712134191564
2290,0.019906329574590938,0.049790945931111365
2291,0.01832508099239721,0.04921375004980797
2292,0.017196564531341232,0.05175150536878366
2293,0.01601918618705936,0.05191833528697042
2294,0.017163346948704326,0.05613511841846887
2295,0.020631925961502214,0.050200792641045155
2296,0.016619566053077392,0.05140065989996258
2297,0.02173367262185367,0.05145500021470818
2298,0.018178357833758332,0.05070378270961886
2299,0.01685296918702006,0.05046904764901426
2300,0.01646567523983636,0.05114075101743963
2301,0.019652999489379108,0.05051163029401822
2302,0.01800487309526232,0.05016427624382471
2303,0.020222415694766176,0.04958753251379594
2304,0.018019350404316622,0.0510365179550827
2305,0.017044802735510626,0.04990098403211225
2306,0.017768816597629012,0.050162557335126964
2307,0.01721294067407909,0.050173225632885045
2308,0.015643272903703508,0.055386297395429517
2309,0.01764506293007903,0.0523260035610438
2310,0.01611320450341791,0.04865263628406931
2311,0.020481237726178683,0.055386393496715335
2312,0.01720638274399559,0.05332428990935622
2313,0.017919409305865604,0.050801870135361686
2314,0.018757775958095278,0.050405208142777734
2315,0.02006830831051321,0.056096939589445456
2316,0.018541949112575156,0.05200512590526339
2317,0.0192674125234286,0.05232162198476624
2318,0.01848786195417992,0.05276581743045857
2319,0.016858413675449845,0.050895644272479196
2320,0.016431635329709912,0.049417990929724875
2321,0.01677957642123215,0.05301238178161152
2322,0.016304553913554752,0.05024900924143636
2323,0.016040703543184095,0.04892559252436597
2324,0.016506889578244442,0.049062966320075486
2325,0.01663832842164619,0.05178690833368696
2326,0.016225369633140422,0.05236901114122909
2327,0.016029438213970428,0.04883551712434991
2328,0.01787802952815566,0.05133228305549849
2329,0.016436195687243815,0.0526464305687369
2330,0.018003844630374646,0.049875269436223765
2331,0.018019344718347218,0.050967628682466376
2332,0.01565277547503175,0.05026388920862274
2333,0.018213288709147832,0.05133841099931782
2334,0.017508191469692645,0.04937498003505824
2335,0.01612227002536892,0.05229822057007548
2336,0.017273596196171633,0.05699462446391134
2337,0.02163824665693935,0.052435744871247685
2338,0.017965630551141903,0.055221229660929294
2339,0.01837854335238611,0.051734968048886845
2340,0.017483289878731382,0.05209870341427643
2341,0.016827126175986796,0.05276931962348465
2342,0.01656642277493961,0.05238560679599755
2343,0.0169679253457819,0.04896610551385354
2344,0.016474359409701555,0.051421579169599635
2345,0.017220003787138706,0.052916262653611955
2346,0.018255968739215592,0.058995816259082394
2347,0.020839713098373926,0.04985337028452627
2348,0.016917794448017776,0.0526373530446288
2349,0.016564869324216868,0.051252735101788266
2350,0.019386090496951777,0.05290213139508303
2351,0.01790369154983445,0.05586704838656841
2352,0.017699693345971275,0.05256891502697665
2353,0.015701292675539366,0.052121432960257494
2354,0.01598182057537008,0.055496286096653545
2355,0.015494473843384805,0.05263514783149375
2356,0.016570126553787326,0.052073000405067786
2357,0.019659008069855526,0.05012254882837298
2358,0.018646000812114927,0.05082439062626738
2359,0.018632988993984117,0.049395985135757235
2360,0.017929399124624438,0.04977604126870483
2361,0.019284499274627456,0.05179836635564204
2362,0.019572522052398005,0.053875787141627836
2363,0.014894494530102961,0.0515958923463684
2364,0.017267429244174695,0.050753392493889146
2365,0.028946633415674806,0.05161932769014423
2366,0.018457603171691858,0.05104021091284907
2367,0.018545551150850485,0.051104696294792314
2368,0.017635754540674668,0.055914741252224544
2369,0.017473263413946432,0.05108488575184256
2370,0.016139167055188863,0.04995368638619743
2371,0.019388390378209584,0.0628392480332451
2372,0.018466949806009467,0.04972998509393599
2373,0.01807166689675404,0.05257479926771986
2374,0.025102540346464718,0.05026037406577801
2375,0.018845087990986376,0.0528797285729333
2376,0.023588930156296657,0.051277878393131984
2377,0.017330754132833994,0.05111638459383993
2378,0.015318512804526136,0.049389990434087906
2379,0.016121026277915576,0.04996750330118308
2380,0.017215575275938016,0.05391450989104453
2381,0.016349350022884988,0.05044250138906907
2382,0.017708006812105503,0.05008209646121601
2383,0.015242963315064745,0.0512221118243864
2384,0.018195403429369133,0.050909032751070823
2385,0.015522932953535016,0.05257442748561539
2386,0.015357565540904389,0.056351701857377416
2387,0.01848841035612544,0.05262272032841405
2388,0.01846084614426719,0.05203050886628622
2389,0.017071641435412534,0.05283878022865544
2390,0.016664663731192884,0.052882387365837745
2391,0.01797043864048065,0.05095361658654416
2392,0.018697236891004974,0.05489229752605123
2393,0.01705309448712377,0.04985930474666426
2394,0.017127976353679384,0.05410011254605793
2395,0.017620010446187547,0.05257987874305637
2396,0.018071410225186133,0.052726122137523236
2397,0.019707374008638517,0.05123661264291682
2398,0.017439650605084903,0.06702829484727449
2399,0.01802592601785833,0.05099963265142046
2400,0.01610204234793969,0.05101060327655988
