epoch,train_loss,val_loss
1,1.5747857942102845,0.7967801994847176
2,0.6627478750895557,0.5019630310230685
3,0.44296641914074697,0.3948599332406706
4,0.3859042736430153,0.3602400585672909
5,0.35616683334018745,0.34444403902331094
6,0.3527019904885546,0.33097158488175626
7,0.3229900600394485,0.30857257817622114
8,0.31187540386164075,0.29567177455526844
9,0.2977191701204425,0.2913567042888555
10,0.279749960548078,0.2816072873453747
11,0.2767534459646219,0.27547903960211234
12,0.27179712841876996,0.2698503385360976
13,0.2795101433151568,0.2656675447945607
14,0.26408988629762653,0.26112961955835345
15,0.2747892570159278,0.2529951363129723
16,0.24958599926349137,0.2595351544537939
17,0.24744317430687549,0.24781484319303268
18,0.25510677246838154,0.26007260161832463
19,0.2530338526893185,0.2625618836933509
20,0.2610411605678008,0.24079406115793645
21,0.23820122539249708,0.24401002535993294
22,0.22431366112912338,0.2350447128963351
23,0.23102876632751715,0.22609135075320577
24,0.23816871152589314,0.22797511327535586
25,0.21999686442572494,0.23095521603461197
26,0.2169974046908202,0.2190816869263661
27,0.2163624724250602,0.24055672830955727
28,0.2132889925499321,0.21549439109058907
29,0.2020946834995455,0.20633308040468315
30,0.22619287608932925,0.23389833825722076
31,0.20785713083691731,0.20634580737815464
32,0.1958581955175041,0.20466295217063493
33,0.19817281259825237,0.2004376738740687
34,0.20090079461706095,0.20032871777849987
35,0.19614623482324486,0.19812304621800444
36,0.18831524206179437,0.19884519910155082
37,0.19850306296983855,0.1958550654333038
38,0.21876054665885375,0.19608006336933986
39,0.1807218025377178,0.1967470818444302
40,0.18119715639976872,0.19637512604246163
41,0.20674076779135342,0.18718274105760388
42,0.18254749472238427,0.1889774254464864
43,0.17715412971554878,0.19066587176388666
44,0.17247770539832338,0.18458432709812223
45,0.1733736077726448,0.19180698326805182
46,0.1913679849858568,0.19496463470739828
47,0.17610044483107085,0.18559324726425017
48,0.17804379312782825,0.19276133639023715
49,0.1668033097231276,0.1906387630411258
50,0.17442113819727703,0.18873361231091626
51,0.17615720209283142,0.18104907119632663
52,0.16331078107454186,0.17769404457774676
53,0.1643578541409633,0.1721458365594534
54,0.1647692610477579,0.17080266351687878
55,0.15530706180674156,0.17312261999997877
56,0.16084955361756412,0.18021335675005326
57,0.16507405710631404,0.17096864109051257
58,0.15624997776503846,0.17670280092342155
59,0.15399512391665887,0.16689887672737427
60,0.17037166589666683,0.16547165699023053
61,0.15135807111906033,0.16511065992795138
62,0.15167191134164326,0.16450847483667216
63,0.16041191590243373,0.16610348441248252
64,0.1699980503899924,0.16119133092855153
65,0.1485169795706728,0.1600762654590726
66,0.1448097249090111,0.16266416155156635
67,0.16424002640860208,0.1590439906171091
68,0.14703433911628483,0.16177096466223398
69,0.1527805262505074,0.16237229654065946
70,0.14704913825824342,0.16664233986745802
71,0.18173591909363726,0.15811165170113844
72,0.1450329219285971,0.1582284156690564
73,0.14282021188063307,0.15364458675223186
74,0.14747512564763754,0.1600431074250611
75,0.1725792816159867,0.15988845365089283
76,0.1499198646194135,0.15475370098176158
77,0.15073619717527706,0.16090694872807143
78,0.14669905705698605,0.15222930799898945
79,0.14123270079073114,0.16546985843127832
80,0.1376175168072542,0.15471692984564261
81,0.15697406106234343,0.15205963658061541
82,0.13936594735866056,0.1569068872913681
83,0.15668174395553744,0.15759041733610302
84,0.16144304836992185,0.14999532072167648
85,0.13517122802128986,0.153234224159616
86,0.13777226064832981,0.16354935879546
87,0.16085170284147174,0.16644860568799472
88,0.13822972526931462,0.15786605752201607
89,0.14001179965312205,0.14969034014937274
90,0.1320292539077119,0.15562292929729424
91,0.1502157139553919,0.1493568698266395
92,0.150260828879186,0.15065323906882963
93,0.15220772869721474,0.14719101573739732
94,0.12798233166757422,0.14800891231624105
95,0.1292428116439652,0.1471246231095235
96,0.1299268107242345,0.15350296286712015
97,0.14553459329664895,0.14571287839633779
98,0.1280406579421979,0.15064328389807155
99,0.14443283761650044,0.1497643424156017
100,0.12472761917544009,0.14412720673215718
101,0.1261084786963687,0.1456268067123896
102,0.13062199803075072,0.14219472226791813
103,0.12521665358804984,0.1504410353668949
104,0.12727243717187625,0.1431848883330075
105,0.14290065250613473,0.1426357623553814
106,0.12135881503173923,0.1453502590121482
107,0.14273146425481875,0.15073862630771218
108,0.11993170034455655,0.15037456961502707
109,0.12355961571199393,0.14997079673416933
110,0.12808610678746782,0.14522452637515867
111,0.13773173318013876,0.1477533990802024
112,0.12823102282225898,0.143051594869236
113,0.12472483866080221,0.13778436833754518
114,0.12684861463158856,0.14797677420882652
115,0.15545802960481764,0.152828818836009
116,0.1395525515873604,0.14499314633527197
117,0.12079145261860193,0.14036892044514343
118,0.13507336357077088,0.14305213739848077
119,0.12358562821131142,0.15510735487131247
120,0.1412682051895928,0.13588856209190867
121,0.12187719527269979,0.14080246842295902
122,0.13950946277772372,0.13560225536351217
123,0.12541188642989878,0.15538011110366734
124,0.1414595277144991,0.1462823671281786
125,0.12365985012446826,0.14547438079253175
126,0.11930626932076152,0.1385593192096342
127,0.11791999124247453,0.14261308984648913
128,0.12239601997933044,0.1402076654565663
129,0.1376453591364678,0.14349607499619774
130,0.13466171901614687,0.13696111477257913
131,0.12356667699391566,0.13662997918917721
132,0.11645881759242205,0.1415506644281827
133,0.11379561554582142,0.13634684920908516
134,0.11692573872853222,0.13380329822537892
135,0.1085135774412499,0.13752891664815725
136,0.12168526749906121,0.13595821385395557
137,0.15434253701595677,0.1387441443993633
138,0.1364261322540923,0.13329377363349562
139,0.12232469739304815,0.1489974519139842
140,0.13856087503575232,0.13814947024025118
141,0.11127243936061859,0.1369565060562956
142,0.10664588483897122,0.13303181116368837
143,0.11823452485953005,0.14201231722843677
144,0.1104184596983243,0.13464364360896566
145,0.10905167201189411,0.1389015576519763
146,0.11452166416148034,0.13686536980750866
147,0.12106992916253667,0.13406874893004433
148,0.10629102164955348,0.13185742525453853
149,0.1359939315476014,0.1333513095937576
150,0.1056559743785933,0.13258207509093417
151,0.11195007284233188,0.13583886369427942
152,0.10994841298526357,0.1383370327247414
153,0.10768344386431117,0.1332769555256779
154,0.1076031095789144,0.1352581425492925
155,0.12729485543170319,0.13794257123966264
156,0.10633130883068126,0.13411221671896173
157,0.1072373075124612,0.14187229829922057
158,0.1211060299348308,0.13787254343803665
159,0.10952639981497043,0.13668832660916455
160,0.11258981285797764,0.1353846252113954
161,0.11093965354944844,0.1372868773109632
162,0.10176746131484411,0.13017771865490982
163,0.10412917872394514,0.12960446919116161
164,0.11918728179692474,0.1341270621408496
165,0.11102817681702701,0.13899003578009164
166,0.10813562165607106,0.13730477640652716
167,0.13060182779093146,0.13103445344849637
168,0.10563621422433554,0.13537940446446114
169,0.11172630556137958,0.13652586156413668
170,0.1200776567746853,0.14751252225765907
171,0.11076757026877149,0.12855192615573569
172,0.10458769095728764,0.14200433943056523
173,0.1080754329465026,0.1271924432507135
174,0.10124689195783908,0.1303691920593269
175,0.10460302626077658,0.13393692885126388
176,0.10200840650494196,0.13368722553689377
177,0.11263711951369403,0.1428706909630233
178,0.1079477596105453,0.13629439921307385
179,0.10455060411583293,0.12621727081617914
180,0.10121005205992248,0.13129986788993492
181,0.09956174075229789,0.13266393447056749
182,0.10615466904117023,0.13213902685725898
183,0.12367623722104817,0.12739273506149015
184,0.10395185969372901,0.1336206931219364
185,0.09892875444272468,0.12842688851413273
186,0.10271237636434621,0.13422290159197978
187,0.10211355052304492,0.1269953342383368
188,0.1086407186329178,0.12485098067605704
189,0.12327697216810478,0.13114653001154275
190,0.13516050032967683,0.13049744157339996
191,0.13380434030088886,0.13119061227729148
192,0.09925595147762926,0.13135188918812832
193,0.10760864318818508,0.1341019413599693
194,0.10044375991559701,0.1349040072663386
195,0.11616014315510245,0.12625906715416968
196,0.10200637198260586,0.12957711648522763
197,0.09918670685593985,0.1293485564994334
198,0.11577083268509389,0.12840795658883594
199,0.09956812064475774,0.1328759757349067
200,0.1055429178438964,0.12541155050272929
201,0.09638935091633782,0.12480576866700835
202,0.10365420472472439,0.13192002908478404
203,0.121610100903668,0.12805680235973874
204,0.0971592008880687,0.12790296781331972
205,0.09370440536625332,0.1273791705232515
206,0.10317071583297185,0.12960286806325866
207,0.10290698300708424,0.16380425738660911
208,0.12116281456988433,0.13061662500065968
209,0.10591796098925103,0.1276281634929186
210,0.10322032497500924,0.14970148830933677
211,0.10300045049396055,0.12547738428103894
212,0.0984158092718513,0.12703368558844827
213,0.10344212981040202,0.15306220119608974
214,0.13685681119701332,0.12706922707999857
215,0.09652309955848049,0.12693698665029124
216,0.09595160046154429,0.12715586366360648
217,0.09450707974665591,0.1297221327186527
218,0.1096742962688488,0.12854557363012978
219,0.09879875503083381,0.12894161841026822
220,0.09512875334222488,0.12835507464588136
221,0.09755617550641392,0.12290035206871223
222,0.11730594613055077,0.1335225770796152
223,0.11413085420957553,0.12366368871807754
224,0.09285143463869454,0.13668657708586307
225,0.09797107073300311,0.12450942169305376
226,0.09651275509296914,0.13081115562664836
227,0.11461985274728936,0.12710025529365493
228,0.1125771735435743,0.126569060697442
229,0.09249386191368103,0.1304175858584263
230,0.09495793941626354,0.12998265031734504
231,0.09394332259706568,0.13080966420340956
232,0.1124388339891329,0.12839015907512272
233,0.09707362882115624,0.13081090895454386
234,0.10995021990287267,0.12589035909576224
235,0.10029910990623844,0.12317058501909849
236,0.09239549934864044,0.12361661122556318
237,0.12748015508476096,0.12071819752828221
238,0.10698445778935681,0.12801644034254223
239,0.08840063602012527,0.12194359571413886
240,0.09285040708918557,0.1231133468766559
241,0.090497769158462,0.12507711769196025
242,0.08977637131666315,0.12761300225230984
243,0.09021295352509029,0.12418225919244283
244,0.10792911461434768,0.12483231349845876
245,0.10822762726429488,0.12396670862994995
246,0.09250316416208273,0.11955107025858155
247,0.09431756708222123,0.12283459249743842
248,0.0860558837465358,0.1247914482963115
249,0.11173924894822429,0.12454107037761755
250,0.11080321501414978,0.12867529169285208
251,0.09128879566551376,0.12290245477567639
252,0.08880780027671294,0.12553407266773378
253,0.08622904367114309,0.12327449841606886
254,0.08751301446398224,0.1194909682922196
255,0.0895356926891871,0.12431096952212484
256,0.08820655965319248,0.12856975743047575
257,0.0921112816535567,0.12613717569295027
258,0.0887932649880741,0.12895654578854268
259,0.08607396684283374,0.12478882987472348
260,0.08855253317886759,0.11990624505625035
261,0.10090754781397158,0.12148608500721461
262,0.10157184678839291,0.1289798982236021
263,0.10791901123000537,0.1406813105918411
264,0.09154938588788891,0.12741786043596148
265,0.0975244513779972,0.1192454355103629
266,0.08196221383107494,0.1245758148811216
267,0.09027116892853501,0.1286945577925608
268,0.08866934296105723,0.12093111110809154
269,0.08645831468897554,0.12417708828410409
270,0.09594071668143557,0.138096371913016
271,0.10726288846200537,0.12110360398104317
272,0.09125926950508524,0.12518925682867976
273,0.08911869768345244,0.12035573664165679
274,0.08868328208646804,0.12622348538466863
275,0.08652289414947684,0.1253879297347296
276,0.08679278720415498,0.1215159124636411
277,0.08667937168693841,0.12451608363249547
278,0.08449316760495912,0.1292322469982587
279,0.09070400267746008,0.12143453419731375
280,0.10146697409754636,0.11978378008705631
281,0.09101991028434431,0.12547781492086282
282,0.10127122300825896,0.11913420891104486
283,0.0904476974965263,0.1189836416402855
284,0.10764445658761505,0.1221375245983738
285,0.10612217336893082,0.11972851634847191
286,0.08813553712211059,0.1249469694935887
287,0.11660477920759434,0.12474525561159416
288,0.0941206126190652,0.13116481194370672
289,0.09098249374885918,0.12052042027912044
290,0.08491001350565763,0.11873341263983782
291,0.1055968827027886,0.12417703620473244
292,0.10314937762705884,0.12991595736945183
293,0.08464994132051647,0.11960261139579884
294,0.10062671410719803,0.12067023106386189
295,0.0884072850677287,0.11845505459789644
296,0.08830987183277883,0.12035583968001201
297,0.09078984892106728,0.12089766218399345
298,0.08314714865718142,0.11981139858638433
299,0.08106377830606269,0.12414931997021936
300,0.08564780379257232,0.12015087153753243
301,0.08382387309799373,0.1225668993173984
302,0.09550612931341212,0.12225239542791419
303,0.12325995922275472,0.11785228328223814
304,0.08013420126935157,0.12095228295054353
305,0.08527007264590189,0.11956708710220523
306,0.08211055851094776,0.1260590556271393
307,0.09827722968726323,0.11872845118804683
308,0.08064187187292733,0.12060949310921786
309,0.08163729242303154,0.12189384661894992
310,0.08416391313543141,0.12106135696695562
311,0.0792685812076431,0.1187042350458322
312,0.0808387922362474,0.12191220974190194
313,0.07906573083613734,0.11973822861909866
314,0.09462781726940299,0.12207044713329851
315,0.07642848245495913,0.11995380750873633
316,0.08105842374428686,0.11596258942570005
317,0.07769713917496063,0.11988454752772075
318,0.09518047760833394,0.12314880544081666
319,0.09761826086754335,0.12733933774002812
320,0.08606514332343045,0.12182062729857021
321,0.08555835520492452,0.1211855474644735
322,0.08169875684016177,0.12465665325111613
323,0.10109874265134147,0.11953931199129961
324,0.08141645497195774,0.13065438263846518
325,0.07954666212341255,0.11870212989268746
326,0.08068962105576147,0.12140500859210365
327,0.07904686594270988,0.12415780668569389
328,0.08024037456531136,0.117545971203418
329,0.07856869648523092,0.1222473450359844
330,0.07777730837978165,0.12735427105635927
331,0.07849719669658188,0.11920339765405297
332,0.07951045197472677,0.11638497284853966
333,0.07954491095669965,0.1203097115296469
334,0.07691828051704598,0.11829997298487446
335,0.07530311347922561,0.11670797252864168
336,0.09630779707132836,0.11572256381798507
337,0.07926781157901669,0.11892904639991005
338,0.08198685626438046,0.12043107239375438
339,0.08441813469960771,0.1191236397302838
340,0.07994094670846544,0.11672551784300267
341,0.07760695442790895,0.11554955711639614
342,0.0779817419179181,0.12044504501467061
343,0.07882466216259242,0.11931179028779343
344,0.08018833041471374,0.12040676273648303
345,0.09176459448371188,0.12226936635666323
346,0.07725564418448176,0.12199131505829948
347,0.0996114757367436,0.12231256456154033
348,0.07785181785265106,0.11974205834823742
349,0.08731933159981402,0.1258094766011513
350,0.0820496956289375,0.1200232033741504
351,0.08389802379854794,0.12061638969526554
352,0.08066956708236922,0.12086957631478633
353,0.07539282398164085,0.11654101487687954
354,0.07708136499114919,0.11996982143935106
355,0.07908315199856474,0.12161922372672193
356,0.09101169455948295,0.12168166235574804
357,0.07987023343486846,0.11450999752994169
358,0.07824519741404393,0.1199154783796547
359,0.07662057984024753,0.12049140400232229
360,0.093660457497667,0.12272241252257411
361,0.07868520434373598,0.11703674108686304
362,0.07911489203245288,0.12013916872945943
363,0.0774111053132712,0.11361811381010782
364,0.08187639222810261,0.11980799678946498
365,0.07852458757666585,0.12288241824111842
366,0.0972027856167581,0.11960850624288234
367,0.0767695930637536,0.11990692625219063
368,0.09427566709563276,0.12074856553460124
369,0.07171187236858385,0.1173324831072848
370,0.08113005934837844,0.12163215905502625
371,0.07890330098546038,0.12438699100773436
372,0.08541948728987415,0.11952702818732512
373,0.09905536190189164,0.11952486791108784
374,0.09935100269168148,0.11565592074603365
375,0.073392608486186,0.11570992057484791
376,0.07862973467776768,0.1259456229650586
377,0.1120337670826613,0.11561780447201024
378,0.07630865644885455,0.11921823334723786
379,0.09096144936208067,0.11484728006641369
380,0.0775934006773566,0.11932925500890665
381,0.0824425076849782,0.12153291082322448
382,0.07574959318839644,0.12061765894555208
383,0.07668595964258368,0.1167233747647221
384,0.07806166336173921,0.11837549139757204
385,0.0749437197295476,0.11033423286034051
386,0.09627785265072013,0.11533081107644509
387,0.07506276730179413,0.12144775236758373
388,0.07659156209435956,0.12241267414768238
389,0.07615605851512718,0.11922205192851543
390,0.09150421939393195,0.11524495458169688
391,0.07090378634421429,0.11760312348678895
392,0.07430607846538101,0.11857681684102629
393,0.07051352189626066,0.11569095348803919
394,0.07122865363628512,0.11808339457837562
395,0.09470433660061756,0.12020563048527654
396,0.07500717191019776,0.11956731444761567
397,0.08780509406309517,0.11394978077489332
398,0.07017389874099564,0.1133468821084589
399,0.07518881325811427,0.11520976194164209
400,0.07357941483816009,0.11564964877632924
401,0.07122505902309777,0.11595100003824498
402,0.07608934937973381,0.12008847568865706
403,0.08812567666406541,0.11338190373994951
404,0.07035490323944152,0.1163449014413327
405,0.07552057518667561,0.116069450638348
406,0.07880327703437087,0.11504527995535604
407,0.07441712364694542,0.11718894022150446
408,0.07167575445294753,0.11312342948632731
409,0.09237203270570611,0.12302635686663457
410,0.08042422303678848,0.12670229494870455
411,0.07604252933568341,0.1139919915817734
412,0.07209298909177601,0.11590928898045891
413,0.07673513415184888,0.11760184217365761
414,0.09354455350988711,0.11501688000402953
415,0.09440073557781949,0.11422286754039894
416,0.08455216641710096,0.11451895850568188
417,0.07583956084094451,0.11419784156302162
418,0.07206012196488515,0.11491922319010087
419,0.07168598255860768,0.12156039379294355
420,0.07117357359597676,0.11732341009273864
421,0.0720119973101586,0.11715400670853474
422,0.07194188636578737,0.1181531253091076
423,0.06848905088385818,0.1163097224513391
424,0.0756541771761676,0.11577301601270087
425,0.07139593267048414,0.11643591048872859
426,0.07749943358117137,0.12953368105685203
427,0.07197490507345589,0.11376123561670906
428,0.0770468086845075,0.11838529692183163
429,0.0765374572392915,0.11802435193892409
430,0.06890845798586603,0.11756657297375209
431,0.06837768467335865,0.12013584287617739
432,0.07871341936547181,0.11454757622310094
433,0.07555314543478915,0.11088292162519947
434,0.06937098970233833,0.11505759979847978
435,0.07297747829771341,0.11285969484270665
436,0.07904376154969853,0.11391298678285795
437,0.07711855483279333,0.11878329037424915
438,0.07530981180809881,0.11823572950404987
439,0.08531191033022158,0.11307295092514583
440,0.06663776777661333,0.11386583986363016
441,0.0771771406165111,0.11529032619002469
442,0.0737949204528967,0.10987807145542967
443,0.06301998765117323,0.11091805895543039
444,0.09044467104266056,0.12271144024486232
445,0.06903239134056814,0.11545007324831229
446,0.0858002078477118,0.12217304934012263
447,0.08087314623276642,0.11885940634591836
448,0.07449061615059742,0.11753039756663759
449,0.07377196259819975,0.11295631544706516
450,0.10355363984746993,0.11737938322369616
451,0.07434089318338233,0.11056443529768396
452,0.08851883141177949,0.11483169010931388
453,0.06550481446017292,0.10877812833042073
454,0.06833437252147444,0.11213250693522002
455,0.0662675399017932,0.11680413435276289
456,0.0754982143593806,0.11371257656573652
457,0.09159787877413172,0.11485331606371958
458,0.07002965393578371,0.11127838260846629
459,0.07945167560562445,0.12136010392417286
460,0.09060326970669917,0.11651412181014704
461,0.07181250941603909,0.12365046307855382
462,0.09330462386428749,0.11373490703882728
463,0.08432756373687972,0.11444138759807836
464,0.06746199261105172,0.1114470950120075
465,0.0661959863942245,0.10874123910540029
466,0.0655348452281055,0.11520447406478992
467,0.07754897968522434,0.10911932174947328
468,0.08166272903217417,0.11400691599101949
469,0.07289325464575268,0.12198203970166974
470,0.08509624415430529,0.10743347943800136
471,0.06782810812740117,0.1229971336541618
472,0.08827113142955266,0.11223311845521282
473,0.06674972669364516,0.10881755325504414
474,0.06976970067965947,0.11362204159187493
475,0.06998861857856328,0.11284396132655013
476,0.06825442741797262,0.11935381369109739
477,0.06718442514305205,0.11095536087539262
478,0.07158796374794084,0.11015292382180542
479,0.07113354026010044,0.10908942634151095
480,0.08875157009097849,0.10990020543112791
481,0.06980603440521653,0.11515081970763386
482,0.06549762647166894,0.10805515946825046
483,0.07136068843468603,0.1098549914614001
484,0.06911916601059953,0.11211616613138888
485,0.07407588906422678,0.11724780468190822
486,0.06259402942181007,0.11304130143763726
487,0.0657643270810196,0.11241354810115986
488,0.06606189591290434,0.11487358050388202
489,0.06716062497569476,0.11363031963507335
490,0.08071881854982585,0.10944613481972151
491,0.08541309945635661,0.1156792144540856
492,0.06895751200125882,0.11288522400503469
493,0.062496388360250704,0.11165958975341386
494,0.10124045810122101,0.10738162311694975
495,0.07217653985587781,0.11038744029469956
496,0.06705246604161576,0.11298963812210207
497,0.06667296552218988,0.10944905318786625
498,0.06422160176974853,0.10720675513335039
499,0.06363347659710807,0.1166577952024632
500,0.06566135085488561,0.11180817500167622
501,0.06580011434502736,0.11218467498557609
502,0.0770249758674807,0.11082735095630612
503,0.062419474393503045,0.1069121092259137
504,0.05948439860558809,0.10983591143947496
505,0.06457942452129899,0.10926701707349983
506,0.061117137475727494,0.1073093709902357
507,0.06817098912493937,0.10896177014760804
508,0.09733943421638871,0.11266570547618962
509,0.06487328800895371,0.11872720301972893
510,0.09229642195994951,0.1051217766483326
511,0.06467129937066554,0.10538821837358307
512,0.059551381917676206,0.10840970162012822
513,0.08123355990620243,0.10791261959120743
514,0.06055444834000638,0.10823978153162432
515,0.05987314165199065,0.10756704226173554
516,0.061475780865522016,0.1103780498742161
517,0.06417839029412659,0.11028826787582316
518,0.06514446759672374,0.11188546909873646
519,0.06046465599798483,0.10673997000345312
520,0.06318086367042088,0.11345971999386498
521,0.06479168429877318,0.10411418574794493
522,0.06305637187251477,0.10695592508205495
523,0.06205383121827179,0.10774393919341844
524,0.06329419299212742,0.10732785194066533
525,0.06395158307118849,0.10752117667431221
526,0.061478771339389594,0.11113290486852627
527,0.08499806610207572,0.10625295912412773
528,0.06469394372875414,0.10504154121517238
529,0.05881229402690098,0.10572333682449837
530,0.06370993746812441,0.1079244464635849
531,0.06392873430093254,0.10853394447711476
532,0.06290550657247301,0.10449688211270143
533,0.061556606550575425,0.11024807376745052
534,0.07961246583809299,0.10978627272118303
535,0.07809929165487005,0.11613245752819798
536,0.06412069199367376,0.10638139548158287
537,0.06742321198870396,0.11203499487542867
538,0.06363966151324559,0.10480445180844544
539,0.060265895551461786,0.10477489290903684
540,0.0790036804857299,0.10730870422862825
541,0.06332092686646784,0.1053728914462534
542,0.07486553933926884,0.10711418523600227
543,0.05840038176520865,0.10533630233584788
544,0.060955400996167086,0.10408174909445875
545,0.07967882302113835,0.10982635249395419
546,0.06246939368055532,0.1081635159134566
547,0.08385586597282312,0.1042130243285258
548,0.05839559808373451,0.10693494839252983
549,0.05761764481149871,0.10456752821915132
550,0.07920049387833168,0.10838134954671812
551,0.06140771310858218,0.10365820672353707
552,0.06998897114984667,0.103522915589182
553,0.05647870529221143,0.10099035258729357
554,0.05692797976321187,0.10313428208269272
555,0.057134531076331874,0.10662615829541869
556,0.05627830011250457,0.10316366687379684
557,0.05922113374155891,0.10644070116947767
558,0.06192843488718275,0.10582320901908372
559,0.059721644687521794,0.10129837983084801
560,0.0617664279211838,0.10516565728157684
561,0.0789304313871741,0.10753711361559411
562,0.05798177487657735,0.10804298518220883
563,0.054794080438658736,0.1050095215514489
564,0.060107555684157675,0.10278269586930598
565,0.06337514768433421,0.1050141828512787
566,0.07282325016994462,0.10370130422420072
567,0.06513041386316562,0.10838678988971208
568,0.06546079883567965,0.10755449886384763
569,0.06236246250406328,0.11057500567352563
570,0.053196241828061194,0.10222596073882621
571,0.055070454038702955,0.1029003284554135
572,0.051549069700196244,0.1035854266699693
573,0.09552562115334418,0.09807961887883064
574,0.07263561271621516,0.10019125016336154
575,0.05684311754511068,0.10524638437836391
576,0.05443257205538615,0.10289898596909411
577,0.05218685383333308,0.1060990694172699
578,0.06507040193555497,0.10790520434018065
579,0.054114776356934007,0.09883567851438259
580,0.05717603071683253,0.10437790578917454
581,0.07706745620524995,0.10105108077588834
582,0.05617228346558574,0.10483777401665398
583,0.05851180008306025,0.10387897805163734
584,0.07142809715390579,0.09877684583565347
585,0.053848611535416875,0.10286928453765119
586,0.054202355631279724,0.10906561452867393
587,0.056880401663458834,0.10391044480385338
588,0.06216857815891224,0.10161198925852477
589,0.05642258476314126,0.1042727690965012
590,0.05442928195840513,0.10273668078476922
591,0.07241940059258273,0.09889943253501017
592,0.06030988286841999,0.10070321738794633
593,0.05883433985112229,0.10352753657371477
594,0.05349168662554044,0.10160094111186818
595,0.05434279278107571,0.10156356941040297
596,0.058359765263747275,0.10244205121632506
597,0.052331065578053365,0.10624682865943526
598,0.05551816632848548,0.10006420179865413
599,0.07172171702625983,0.1002097158951867
600,0.06026344881816344,0.10840000884425371
601,0.06309181497341787,0.10303267608758501
602,0.06692737753161443,0.10065087005682756
603,0.054137812582863536,0.0984395018458964
604,0.07273220130735804,0.10061233145252504
605,0.05345832429195646,0.10157432465027448
606,0.06719775830737101,0.1097468014871865
607,0.07732707105553636,0.1025407354447776
608,0.056505989213255135,0.1053032611209647
609,0.05363475857156571,0.10069328413944795
610,0.06512390014052764,0.09988113287322802
611,0.049222966042992464,0.09869361067550224
612,0.0514904589722149,0.10166075299108836
613,0.0704537423263336,0.1042042401873677
614,0.05003104939309407,0.09940496992721294
615,0.07009831655969066,0.09751947588266287
616,0.04993257377308364,0.09897269906107346
617,0.07974723153119924,0.09668454395275666
618,0.06556999091304208,0.10822157414261262
619,0.05602920647465323,0.10440087546232649
620,0.054028644083435634,0.10759543347403519
621,0.05384118246574387,0.09992468797772151
622,0.07098225557878847,0.10279069170542528
623,0.05545452993865297,0.10544659201065101
624,0.05503111203028864,0.10044158672106296
625,0.04919544042184435,0.09893295615164559
626,0.09225248051427748,0.1038101990532158
627,0.05022751176758993,0.10084110698230882
628,0.05248453235691618,0.10193682448905811
629,0.05530153944808114,0.10445494432571836
630,0.07003683028129574,0.10475979855559524
631,0.08184115648222941,0.10041666249359461
632,0.07834570668053852,0.10661662870406508
633,0.05088107751501391,0.09580203690997939
634,0.049804234812999594,0.09740720799468215
635,0.05582293456998365,0.09710451193097838
636,0.054195484876352416,0.09593420826776285
637,0.06329590083336381,0.09911472643527172
638,0.050469233873402436,0.10062361994109358
639,0.06948488369163675,0.1061137877311324
640,0.050953754121700424,0.09930130932713511
641,0.049386507326439254,0.10317853147299368
642,0.06392944571459928,0.09698623219005446
643,0.049109654121544666,0.09704851398342534
644,0.06553907440187041,0.10010868314662971
645,0.06949679708826505,0.10221578371255918
646,0.05628853402214364,0.09914865421322652
647,0.052595391565916305,0.098945326412232
648,0.051867774591363706,0.09860634139008391
649,0.04897509511782084,0.1027317130027857
650,0.04884096533994316,0.09899058603777323
651,0.050270195291333815,0.10724565235519767
652,0.058241815717896696,0.10813838999746438
653,0.05895781835838919,0.09769471122283385
654,0.051108991569579584,0.0993226264092259
655,0.06924888506811988,0.09943700852549464
656,0.054260255599563774,0.09808773127265442
657,0.06347701789630245,0.10639624938107374
658,0.07124103702674839,0.09851235944899102
659,0.05264802794424718,0.10565075240935896
660,0.049171029131707726,0.09788246846811514
661,0.06542916651990346,0.12066096603347544
662,0.07283898928789509,0.098600365165481
663,0.052982439371672546,0.10373257412423466
664,0.06792909666008336,0.09890600489942651
665,0.06620764811771417,0.09575411684829789
666,0.06293650480647073,0.0982749070178596
667,0.06335020579140761,0.09906744714219469
668,0.05252560911273881,0.1003632899327087
669,0.04900339543585867,0.09868480922434862
670,0.06462921387863384,0.09824808700042859
671,0.047614656201911194,0.09330583938903976
672,0.06456161523967702,0.0985758393666798
673,0.04838432027114596,0.09843540139365614
674,0.049708736283838935,0.09823570551728844
675,0.06651690137517116,0.1024608226460323
676,0.0479933287492927,0.09730675067743264
677,0.04400081652272084,0.09544872184445087
678,0.05300732718366067,0.10135564581493388
679,0.05191121683645772,0.09701336457167652
680,0.05046408493830866,0.09794006758091743
681,0.052468365823213584,0.0942120492122227
682,0.06912272036963123,0.09994379025802277
683,0.04757729908422243,0.09403539628238607
684,0.05142832278831625,0.09698484623267836
685,0.06910887473849667,0.10140433182991238
686,0.06936875429459874,0.10266329811181042
687,0.08217417488464368,0.10354236670230564
688,0.04716868941499895,0.09522355346004467
689,0.061929045204178294,0.1031568829614417
690,0.048631442226119176,0.10145288524696403
691,0.04381620318725191,0.09656632303220586
692,0.062374396080320534,0.09748201492361556
693,0.04608285056900081,0.09576041088964705
694,0.05915499026638961,0.09654463317833449
695,0.04734499068189191,0.10268229860485646
696,0.06398031699433222,0.10124711255381878
697,0.046273182003195384,0.10206575607670877
698,0.044445879430419596,0.10234818796167397
699,0.04820550324214289,0.09618107567454938
700,0.04529903541818308,0.09248318089951847
701,0.04279620576428022,0.09907875239923783
702,0.05645710111925595,0.09603188756414524
703,0.046153347904218774,0.09998671675012225
704,0.052344809388479095,0.10476468733154741
705,0.048231517002687185,0.09471974731014486
706,0.051721198011341514,0.09970119580589142
707,0.0450922300729632,0.09503795369003053
708,0.0436849430273506,0.09847285706820644
709,0.04442922636679721,0.1053765187772892
710,0.09814846668637658,0.09426319778413701
711,0.04701162789449049,0.09372559387731672
712,0.05771858593139529,0.09761702168480794
713,0.04595365490892838,0.09577571466229015
714,0.047313139987029254,0.09506237185688544
715,0.04180294734230236,0.09816820196863404
716,0.04551643553572389,0.09643806752405669
717,0.05990707370975174,0.09626779621256921
718,0.04425157920740615,0.10252184794286738
719,0.04481480403753657,0.09322482967436463
720,0.046150640610804004,0.09757151932719357
721,0.043794250612068326,0.10834410896800216
722,0.05341208209998929,0.09484854049252388
723,0.04251163461038311,0.0991119009846434
724,0.06589002323374853,0.09967791742848274
725,0.04507763471255855,0.09736329240533045
726,0.043954176366983164,0.09611098584077113
727,0.04744708136331325,0.09503283758734103
728,0.04198334303021805,0.09526923403405306
729,0.04111009086467629,0.09838175637306724
730,0.04304657846128679,0.09343380098205462
731,0.06459741406493053,0.09772295340484843
732,0.048070743715034385,0.0941998566078363
733,0.04466335411215651,0.1012306350813175
734,0.06690667472709683,0.10297300868240514
735,0.045176195733973225,0.09864672768235505
736,0.045777829965360485,0.10099466574520695
737,0.04661962323381236,0.09857920820551708
738,0.04900564718115666,0.09595838095759389
739,0.04371267137903031,0.09541682725338112
740,0.04972602325406941,0.10610521659441759
741,0.0471465178301155,0.10154478173506887
742,0.05236413535372964,0.09511738892336537
743,0.059023558556286146,0.09483090399724797
744,0.046813208784989804,0.10176063762198116
745,0.04449014158972005,0.0919998555180423
746,0.03989567950975185,0.09701829526881527
747,0.04425412488861891,0.09710421711953361
748,0.04662086936093423,0.09975225310352512
749,0.06340987640535196,0.09421545450101819
750,0.061711504670052694,0.09805280119554143
751,0.0409605789777814,0.09321617772032444
752,0.0457845883192874,0.09494846678317938
753,0.05474853568176117,0.09713439548150041
754,0.044487351954543855,0.09472165172709558
755,0.05818485618104755,0.09792090974804155
756,0.044284185248669415,0.10111246203868311
757,0.04515969662176778,0.0976911373716548
758,0.04684648068394033,0.0997139679870211
759,0.042420826700507286,0.09328338539316541
760,0.04216263139602906,0.0943312205392914
761,0.06127517682071016,0.10157410628664165
762,0.044579295692585855,0.09766805341892075
763,0.06151899719920278,0.09599901276423518
764,0.04495459232117315,0.09223183991392155
765,0.048816973711349375,0.09676912938592427
766,0.04482568228226096,0.09333623887826327
767,0.04336152490823994,0.10191898942367177
768,0.045445288119831805,0.09457325574972276
769,0.061981871794196876,0.09487853008777575
770,0.04112976165867898,0.0982037936909157
771,0.049271249215244124,0.09431364402212296
772,0.044899062338200485,0.10028033262879628
773,0.041394322223050464,0.09546048132548655
774,0.04217776199540001,0.09744785991228912
775,0.040094210599843985,0.09721965437993071
776,0.04505750123516519,0.09646392285002205
777,0.043753756589743786,0.09461430118496257
778,0.05661028015155777,0.09684233399187413
779,0.046618218659233525,0.09601673603356632
780,0.04452193947654907,0.09979325714042611
781,0.04249181517846532,0.09424496766992081
782,0.04056155355793182,0.0971703114814328
783,0.04189639062063074,0.09309667726059008
784,0.04174205136476639,0.0980161908164359
785,0.042180622574584235,0.0940152321356281
786,0.04035528359181455,0.09225588740038693
787,0.04515360630931899,0.10171646169179066
788,0.06206763778640932,0.10057802741091353
789,0.0589188846487984,0.09520808962129411
790,0.043363610720466295,0.0971619926374359
791,0.0736958984764392,0.09731868357586682
792,0.04524314244712782,0.09502191903223668
793,0.03974524893590649,0.09467702799647075
794,0.04830088098548049,0.09180850119220284
795,0.04671512022147358,0.09953865987764564
796,0.07694747810453456,0.09518971693769732
797,0.05431575478758184,0.09590314877660651
798,0.03859903612013521,0.09413598959607289
799,0.03793265609812213,0.0964902768793859
800,0.03746304433314031,0.10237170483235429
801,0.05524195662953637,0.09866808969200704
802,0.059935888596649826,0.09456045126407069
803,0.04586479344571646,0.09386850316497616
804,0.04561920507247545,0.09581604271305534
805,0.04172933186903643,0.09474108198232818
806,0.040303688367892956,0.0986971642289843
807,0.07533307301119951,0.10056839595761216
808,0.042197232411993336,0.09577117361744544
809,0.04179038766035839,0.09442247640817686
810,0.03840200042463022,0.09330527659944424
811,0.060995359966373744,0.0955292961203066
812,0.04226333148146871,0.09887447051311794
813,0.05417379492829586,0.09585505427050411
814,0.03932261441288323,0.09645316938409829
815,0.03990525475536768,0.0904619465010208
816,0.042945244679443516,0.09217952481263264
817,0.04206661119776833,0.09768668211118918
818,0.05959797955372117,0.09640888765192869
819,0.049619316319032894,0.10149140762431282
820,0.04282307816336521,0.09911154899606131
821,0.04487988865440916,0.09604282499778838
822,0.04561091825179172,0.09681297782668494
823,0.03788735954598947,0.09566135812821544
824,0.03741845914796228,0.09521024857173886
825,0.04409375386225019,0.09162256241143497
826,0.04334818540859185,0.09249903663133918
827,0.05382224676844468,0.09124024133933217
828,0.04331543719320088,0.1016268494508619
829,0.06178708603389584,0.10248627812417228
830,0.0484688959221668,0.09169694344352063
831,0.04093910062387819,0.09248685644458708
832,0.04011843237897445,0.09690727900368229
833,0.04126024489118761,0.0944554774571481
834,0.04007658122989077,0.09634462454563991
835,0.039993650849242945,0.0968800369360692
836,0.0372729719525968,0.09231420423378024
837,0.05080068973257998,0.095024036080168
838,0.03841895916058352,0.09263009183986444
839,0.04219053467286044,0.09131017527111192
840,0.03845137409095106,0.09520856197690007
841,0.04646693658212136,0.09566846932459594
842,0.0447174945852039,0.09663021153674688
843,0.042532354044409755,0.09215424329341206
844,0.046863409173806256,0.1183330065064263
845,0.04312201550808446,0.10129777995640771
846,0.05156685428279321,0.09344581479117983
847,0.05680834714521809,0.09633318988377587
848,0.0432649449997094,0.09221765290675007
849,0.03912284298797013,0.09538238404089944
850,0.038401459802093925,0.09472925535270146
851,0.04224378867863114,0.0996106302454358
852,0.05497399004041962,0.09624992212033212
853,0.052921702051798004,0.09449461868084164
854,0.04286086966858762,0.09453377777472474
855,0.03993435476127089,0.09519767260790468
856,0.04396998054321657,0.09510530066445358
857,0.04454401002315145,0.09517342378770498
858,0.04029516521899678,0.09463209606576384
859,0.03972699222239581,0.09461494439974763
860,0.042143810073316655,0.09582964340248204
861,0.06185954342067802,0.09512481511684887
862,0.04062261552692954,0.0980370697521028
863,0.03829530923157277,0.0927637937971225
864,0.0460164161007793,0.09531069123057793
865,0.05880092622764806,0.09783055015225757
866,0.051440492646073845,0.09800830636556286
867,0.044066426860968524,0.09495067254717189
868,0.05367729682066597,0.09576132021526944
869,0.04091301700538229,0.09370912753400348
870,0.03900145554804129,0.09230443900614455
871,0.038101968907263584,0.09401834601148926
872,0.040927952091241705,0.10097234451531767
873,0.05602254856342806,0.10007795532768532
874,0.041632541364823764,0.09387687246378203
875,0.060287645734776525,0.09703815825526278
876,0.05601151022464504,0.09537160846598465
877,0.03908351806450787,0.09186752739929616
878,0.038049609566743844,0.09306745653164417
879,0.0550264943986664,0.09392461877194862
880,0.0535164469601966,0.09204023342607613
881,0.03815731410883064,0.09157461026930869
882,0.04173040806920177,0.09476985664744127
883,0.040888826955448494,0.09229957773571923
884,0.037629481907174876,0.09384409046934959
885,0.03793698434825975,0.09680695133400441
886,0.057830909389687185,0.09543188160896898
887,0.047849825323562266,0.10357809210555595
888,0.04224091071086618,0.09419961467870794
889,0.04375654205586469,0.09614507390891101
890,0.04005301129481636,0.09599402070717704
891,0.04392034545260537,0.09515648028979026
892,0.03708320513928198,0.09468987270405418
893,0.0374724100983255,0.09358704784759005
894,0.041422615160575854,0.0951555273997455
895,0.042376279760864465,0.09274082625270787
896,0.05568932822458796,0.0929648408054708
897,0.03914007615753476,0.09398277367192104
898,0.033911841521535924,0.09202649655348077
899,0.0354673411568691,0.09619218624549403
900,0.04077258574131141,0.09494556314813762
901,0.03748794212984067,0.09259579648126039
902,0.0354298437393758,0.09504587591665431
903,0.03652189444271749,0.09242799297385945
904,0.03940671712720656,0.09368524790034258
905,0.05472416999431613,0.09744852264049955
906,0.04562213995893921,0.09466842885005444
907,0.04493190373840003,0.09356753380600373
908,0.056871919212483316,0.09765760959091044
909,0.03941244227945991,0.09367301608237408
910,0.03373109731461187,0.0907188263490684
911,0.03317294958803721,0.09547059381740135
912,0.05420674456044051,0.0963766710239843
913,0.03712347634487018,0.0989723721691839
914,0.03870791633581293,0.09271490659779474
915,0.053193166408232385,0.09357508126282155
916,0.05674504108002941,0.09312013025047786
917,0.05527065071893336,0.0970017763606289
918,0.040164540659017325,0.0916223879296678
919,0.039628921164240584,0.0933442671496169
920,0.03499830407922545,0.09241662518048943
921,0.03905354469407315,0.09460035584549557
922,0.035161972279458956,0.0911226957513575
923,0.04112169215438134,0.09473241492172231
924,0.039141040102675044,0.09660643156160388
925,0.06786930403412322,0.09663513657592591
926,0.0401399876910691,0.09109846418513391
927,0.03444408099853133,0.09422134527735841
928,0.03719357214284168,0.09285672272282436
929,0.03587507874614393,0.09453061215560836
930,0.03722191141877428,0.09135948048722475
931,0.04000460322607647,0.0944962804030655
932,0.03920703186276938,0.09393696460807532
933,0.03393783017432428,0.09361495072008076
934,0.038748434800245916,0.09340826377160567
935,0.047721116181731596,0.09371271057236463
936,0.041752893407610146,0.0928675135536899
937,0.03356294279631963,0.09472867443149251
938,0.03970803084511742,0.09257584563771584
939,0.03676046544341458,0.09143023163005523
940,0.0374789405789308,0.09590417899210053
941,0.03705754245523375,0.09295643246114105
942,0.04106195641208592,0.09403994263040093
943,0.06912686765707772,0.09260354783003193
944,0.037054270973026195,0.0966238780017186
945,0.03831817825152582,0.0956473100118171
946,0.03878147854560221,0.09337386279775385
947,0.036495421759106896,0.09545253084641053
948,0.03555183761919554,0.09743703294890865
949,0.039426362311298195,0.0931882390887815
950,0.05302791986439295,0.09553563901057519
951,0.04269699678759216,0.09455206258255139
952,0.03919226588640467,0.0986911157766978
953,0.04180227432598515,0.09598750436216369
954,0.03839051758514302,0.09387975283209841
955,0.0422654360252488,0.09480136870068118
956,0.033341128927973744,0.09336066621362715
957,0.03804099743128944,0.09535569998255947
958,0.03585277392666168,0.09268452445591303
959,0.03481012130839324,0.09194681110014592
960,0.034075243170825664,0.0935018886823702
961,0.05427051634530662,0.09866932338864583
962,0.036764638340772135,0.09573910687875031
963,0.03793852720234461,0.09410001569075094
964,0.0699364665697174,0.09449360725052076
965,0.03696049651755808,0.09437062395246405
966,0.03820200510860237,0.09663665115385127
967,0.03875022839322733,0.10256380122855194
968,0.035506217188689404,0.0927427233871362
969,0.035921464017285826,0.09787365725091227
970,0.03680623015593212,0.0970843222580458
971,0.03418660905434046,0.0925266333204463
972,0.036624040968459226,0.08904790532842913
973,0.036546981867204266,0.09284821313276027
974,0.03498332181414093,0.09244899842001143
975,0.05056423658861262,0.09275083509005401
976,0.053371483302415354,0.0931037061644676
977,0.03683717930718649,0.09775310553106151
978,0.038505050666093076,0.09710948131885146
979,0.03611847690560601,0.09309439243454683
980,0.035491838969500464,0.09351926633065805
981,0.034085889910362356,0.09428155646288305
982,0.03219817283922415,0.09309322603588414
983,0.03816486760787082,0.09566282820806168
984,0.04512022271588865,0.09423919333924625
985,0.03406562824327744,0.09131199493070592
986,0.03336374925268481,0.0938801973460611
987,0.0376158842881178,0.0986312839732433
988,0.05129407173413842,0.09596904912464004
989,0.03758718785727659,0.09450610764418031
990,0.036792265362220127,0.09365100308991316
991,0.03252543030207434,0.09569187596776432
992,0.03337050661397952,0.09709117253472034
993,0.036390753620564,0.09695202293327279
994,0.03481213087478775,0.09126999843538854
995,0.053362655684024936,0.09864330840738196
996,0.044392367585512536,0.0965980645409204
997,0.03992836448279294,0.09656467212172679
998,0.04994411857033785,0.09410231495112703
999,0.054068484124625366,0.09212647137561239
1000,0.0348053698582709,0.09369226104409474
1001,0.03572932292114605,0.09535753855803855
1002,0.05223021516138483,0.09084048299562364
1003,0.032132950042108754,0.09352567026340275
1004,0.0535621872364447,0.0956233778879756
1005,0.03948133094907741,0.09316315500061016
1006,0.038725740261679534,0.09575968198384856
1007,0.03573245759527885,0.09442199858134254
1008,0.0408752548236832,0.09532612550975685
1009,0.049909377476451536,0.09605446487739869
1010,0.03592196312443963,0.09309872656239006
1011,0.035268008043306376,0.09400016138502829
1012,0.03970092728874153,0.09332965325592156
1013,0.03795435612431514,0.09732638951157567
1014,0.03915565623244895,0.09368250231470979
1015,0.032196332948708606,0.09472864384489849
1016,0.05030158963229589,0.09352927821172509
1017,0.03668092406095008,0.09673876322824555
1018,0.03519470548274749,0.09324299538494053
1019,0.04960030037617796,0.09537950651089948
1020,0.03756153610386071,0.09503728087832754
1021,0.03908114775805077,0.09592858524549575
1022,0.03659721211673324,0.09444353186098256
1023,0.03648905941872014,0.09509070256822988
1024,0.05017503165876417,0.09581500754918072
1025,0.04874773905685516,0.09513497477710098
1026,0.03366440742460538,0.09433695974580028
1027,0.03683254393664273,0.09358786799032288
1028,0.037041094994937365,0.10153790753810926
1029,0.03799477226588419,0.09938217714466248
1030,0.03599541487178085,0.09379988311227401
1031,0.03580140018818147,0.0953220946336151
1032,0.03275858964712642,0.09313671085470003
1033,0.031627324646262917,0.09624353581502623
1034,0.03632877451195425,0.09428181809216812
1035,0.05367069554786697,0.09264270453375384
1036,0.07505743413416195,0.09418526385212901
1037,0.036666175695048604,0.0933640126820495
1038,0.03754299188902759,0.0928832711581897
1039,0.03319371490502806,0.09963489045624745
1040,0.034255153368165876,0.09478466031620078
1041,0.03229794137436768,0.09114160868607667
1042,0.04660391920249103,0.09421270887803912
1043,0.03485665492549959,0.0952367754583072
1044,0.037172745504536225,0.09401286933057589
1045,0.03278288095722378,0.0962800863840825
1046,0.040603774935474214,0.09520392422389268
1047,0.05294849597454818,0.09820944423738279
1048,0.04920767423431141,0.09484115086103741
1049,0.03815151499379952,0.09613582822389173
1050,0.03239203991841373,0.09666603000689868
1051,0.0517880830411627,0.09475812093730558
1052,0.05055965479685221,0.09392291047892774
1053,0.03479518713341985,0.09679620755943738
1054,0.05539768374872432,0.0944159708935814
1055,0.03239912755764016,0.09445008107071233
1056,0.03621745955047189,0.09633298053926692
1057,0.033714097063276084,0.09471809242228817
1058,0.05093713732418782,0.09433204886085707
1059,0.03347057077251258,0.0959150549164392
1060,0.0540413054459521,0.09360209428576897
1061,0.04928827191758492,0.09441456465718143
1062,0.05124849886239322,0.09345601114414091
1063,0.036098124336766596,0.09624595262278292
1064,0.038766732024828846,0.09678062692023161
1065,0.03564108836940463,0.09283041640331871
1066,0.03309560655893577,0.09657309613281623
1067,0.03719355017647474,0.0933102217122427
1068,0.050227557691427234,0.09391113759058162
1069,0.03505338081465246,0.09488958223048308
1070,0.03469307670445652,0.09473578911974914
1071,0.035266660002051475,0.09225346717544666
1072,0.03245834972370754,0.10003433505395301
1073,0.049736312237279166,0.09916841735442479
1074,0.050682765049246785,0.09760373735562303
1075,0.04919650872766411,0.09669740806172665
1076,0.03754987092367534,0.09638911816186475
1077,0.03639289408011309,0.09832929190537684
1078,0.03050577350918402,0.09546567357721783
1079,0.03586329689080065,0.09315235854913119
1080,0.04936205692659351,0.09493787267378398
1081,0.034703125844367994,0.09815721279173567
1082,0.03257061005642982,0.0943847881037191
1083,0.03641671981650834,0.09515785515532457
1084,0.045872735402613975,0.0947468568358505
1085,0.032430085677618514,0.09333893694076921
1086,0.05177064478794422,0.09543430200196747
1087,0.030296045177408894,0.09671809354372192
1088,0.035593255104783186,0.09628666259516451
1089,0.03089380740745688,0.09487819229077576
1090,0.04690532075083555,0.09392193930788446
1091,0.03138089413553196,0.09123150821317706
1092,0.031665721061554825,0.0931175845980943
1093,0.036651762838834506,0.09409813644518529
1094,0.03252327468444748,0.09623583482769796
1095,0.03714601116307477,0.09406946776878267
1096,0.031164063280886244,0.0964854791536367
1097,0.03315533584912182,0.09216190882045823
1098,0.04105737894119514,0.09634597065454736
1099,0.06039474864248011,0.0981555358322342
1100,0.048784430416119885,0.09674613749174248
1101,0.048401662338303175,0.09588592592860225
1102,0.030095412282033773,0.09434666060714196
1103,0.03481371170581321,0.09316326423844598
1104,0.03633492169638973,0.09352066347324162
1105,0.047315060403373174,0.09570965187666111
1106,0.05628234976581458,0.09245262044787705
1107,0.05027342058694848,0.10026778136951882
1108,0.03352132465888901,0.0939297167056784
1109,0.045874751905755934,0.09452857824047108
1110,0.035060276397063064,0.09602759664593484
1111,0.048408432849055175,0.09621554557094
1112,0.032173599428891385,0.09591874668846154
1113,0.03502879459936417,0.09278449526332076
1114,0.03614944229515556,0.09572983245577729
1115,0.03750817174658319,0.09635294135426518
1116,0.037698777561837975,0.10003541572425599
1117,0.03601332762655233,0.09513419035607412
1118,0.048465827555865704,0.09483595829186284
1119,0.03176119378227799,0.09354406333806221
1120,0.033906049150564825,0.09572865298592058
1121,0.0311642027398729,0.09726612284816895
1122,0.03373010893320215,0.09820175561166945
1123,0.03385428892781368,0.09602862008308109
1124,0.03480044964899464,0.09573398181295634
1125,0.03272093521857337,0.09788960272581655
1126,0.03169880113725004,0.09334718781455717
1127,0.04432080004679559,0.09705746485699986
1128,0.03164750196880495,0.09534739243580882
1129,0.03314523729948228,0.09533966618372981
1130,0.03219319494633839,0.09429912623905
1131,0.033930780453648314,0.09452628008180991
1132,0.0361565157981315,0.0975201071653151
1133,0.055547591269623525,0.09725846088769143
1134,0.032327017522063746,0.09548219132766987
1135,0.03739843321351048,0.1006793230025093
1136,0.03335452261950155,0.09596909700255644
1137,0.06373907359416209,0.09539140006503963
1138,0.033209581220037886,0.09537064795730107
1139,0.03374296464142754,0.09437647245282817
1140,0.04543802916980275,0.09449368707817
1141,0.030139352186206367,0.09401938134342208
1142,0.033059410342135026,0.09335527668023169
1143,0.03690941940093863,0.09839735045692974
1144,0.03308379906448638,0.0972310063384828
1145,0.03931711384074815,0.09326752493704173
1146,0.03553882235410071,0.0946284830570221
1147,0.029367070335626227,0.09865213913801021
1148,0.02705495630545676,0.09337990066237319
1149,0.031059386488926075,0.09432929326642427
1150,0.02979338123553599,0.09497773983424768
1151,0.028378769872143723,0.09668575666079246
1152,0.032690746096608034,0.09721726967129193
1153,0.049684874129519566,0.0974010670917076
1154,0.032932955999406155,0.09433336072323616
1155,0.0346027114735128,0.0936309236444925
1156,0.04862251804213165,0.09350520183792091
1157,0.04485711274919652,0.09561625573046524
1158,0.034651303786469106,0.09627833082935863
1159,0.03071475611141296,0.09578943790349745
1160,0.030969449170050577,0.09673450991772768
1161,0.03134374798138313,0.09457513555548244
1162,0.0490965095923799,0.09510400579462673
1163,0.03095707104637705,0.0943132631088558
1164,0.031861141615993925,0.09655257764466126
1165,0.03307403594278804,0.09599692269898298
1166,0.030467398318704392,0.0960647491061299
1167,0.030518947455296323,0.09691107599881657
1168,0.033125603028505944,0.0983729714476375
1169,0.05324601950737003,0.10083785320732527
1170,0.03269320341019795,0.09515565194955147
1171,0.04728905870622976,0.09477217148121138
1172,0.04629257911681942,0.09567146583980785
1173,0.02943236511025496,0.09656735806536854
1174,0.029946864334440156,0.09409677276485845
1175,0.02970675703103079,0.09438572573781312
1176,0.030920599251518428,0.09496384760117471
1177,0.030286790178300445,0.09750949034938836
1178,0.04595751028075861,0.09565106723317526
1179,0.04363739518536296,0.09284731695302446
1180,0.029149781141815514,0.09879823219507261
1181,0.03120937504364779,0.0994150877783173
1182,0.036798970791333145,0.10132595306649841
1183,0.05119153899272034,0.09844072880153369
1184,0.03447108980279918,0.0972162491845009
1185,0.030796086112019783,0.09889327422867443
1186,0.0474519933512592,0.09837353522690914
1187,0.0322224077152608,0.09664393970766164
1188,0.03220903655064517,0.09283213842109331
1189,0.02964097925324612,0.0947706602644502
1190,0.03008763910764624,0.09549179759091303
1191,0.03349215151934788,0.09673523555572767
1192,0.03547383404590867,0.09588430168335899
1193,0.05120874647062774,0.09736881313616769
1194,0.03298902712458727,0.09628088473526757
1195,0.02819789509321081,0.09486201166509088
1196,0.026582229981741937,0.09651661836040348
1197,0.03161662972319089,0.0953858594286412
1198,0.047238378624977734,0.09599923254702623
1199,0.03027496030875321,0.09645156046949831
1200,0.05272055080972121,0.09254777780675649
1201,0.033310856459936755,0.09579472781572126
1202,0.03288170370071846,0.09689721353071973
1203,0.03251263467729278,0.09914994798133846
1204,0.0432394060968979,0.09305952974877561
1205,0.028523758018745526,0.093266237592488
1206,0.043358426447665806,0.09490692860127092
1207,0.03304423823905963,0.09247472488267679
1208,0.030909149063791976,0.09547261826525953
1209,0.029393797857120492,0.09709728445699041
1210,0.030781253179692922,0.10006495044195562
1211,0.031092959622557634,0.09420161634534224
1212,0.028913139059065278,0.09524695205509215
1213,0.04614595150966256,0.09850524578775678
1214,0.03477112527901663,0.09674571607644696
1215,0.032191623714650314,0.093683528664865
1216,0.029777136137913388,0.09727738455946285
1217,0.030776729170805234,0.09499399182865195
1218,0.03256732501019505,0.09403806978972036
1219,0.03005281890681171,0.09536670617068321
1220,0.04512454701301446,0.09479525388407528
1221,0.0358102988323261,0.09637849860098727
1222,0.031426744541404386,0.10088192918022773
1223,0.030429993005802264,0.09762800311235557
1224,0.03336263170062935,0.09865545851171464
1225,0.031823727848200964,0.0945282457839875
1226,0.04601956338134119,0.09639182989310502
1227,0.030389051627496194,0.09535557649712216
1228,0.03155351016775568,0.09526160101693376
1229,0.028530676659418497,0.09738173604683768
1230,0.030758013195565502,0.09864100694357601
1231,0.03462803004700749,0.09841900137731605
1232,0.04603380701711933,0.0943746317672849
1233,0.03025268711920442,0.09752117825630016
1234,0.033654399794237365,0.0956483061114947
1235,0.047831252135546606,0.0967071004267922
1236,0.02894246112847216,0.09566046603789605
1237,0.043481901393134764,0.10081099111932262
1238,0.030551056351314144,0.09577837199869013
1239,0.02823729703325463,0.0988009124994278
1240,0.03389254867516715,0.09627106016441096
1241,0.03029683760738111,0.09750077249785713
1242,0.047952371920958206,0.09485674890360438
1243,0.041352114333628114,0.09817027130670715
1244,0.04163260611947801,0.09869654039691265
1245,0.033536784549398485,0.09463013157733999
1246,0.03549293559453331,0.09750262731896307
1247,0.030265727176748473,0.09582393549214628
1248,0.04897762784226374,0.09507479356195693
1249,0.045006305820142214,0.10012225830988179
1250,0.03015310139771913,0.09580647196611367
1251,0.030513867619082473,0.09733662545158152
1252,0.02933882320515788,0.09473279630181783
1253,0.044946749604140704,0.09719139044371464
1254,0.026301954642265195,0.09617292442193306
1255,0.03172653843429769,0.09787682522284358
1256,0.04453192613902137,0.09613035279407836
1257,0.028813453391194344,0.09472452415932987
1258,0.04609427726637794,0.09597264123814446
1259,0.04973872130894362,0.0964376254562746
1260,0.04506751470454621,0.09605138470654499
1261,0.029452380487771244,0.09524366920603845
1262,0.029705723432304345,0.09600824069110374
1263,0.026455494618995063,0.09829439446890265
1264,0.04531913429358536,0.09920468472672585
1265,0.028002064126225475,0.09438709096801012
1266,0.030257799467042695,0.1007979681579989
1267,0.04455864062199959,0.0994148875462979
1268,0.02716851144515235,0.09573347575234291
1269,0.029954275075451335,0.09733362514572334
1270,0.04837156162483378,0.09965740683906359
1271,0.04358172616965158,0.099199872454605
1272,0.02945996827933482,0.09626028178852603
1273,0.02730561778252962,0.09705281821558051
1274,0.04170776707438466,0.09718416384736397
1275,0.03142323064673283,0.09881196686423811
1276,0.029623258549451453,0.09423736088855524
1277,0.045778815310483445,0.0959575145428342
1278,0.029341006704071845,0.09675884717389156
1279,0.030148327543303884,0.09318782243513524
1280,0.0292086879486294,0.09647802416618008
1281,0.04553205571881843,0.09666579099077928
1282,0.02794960729754457,0.09458163565486893
1283,0.02995974087626396,0.09632473437110882
1284,0.027750837566990837,0.0968455962631338
1285,0.028035602593636813,0.09837401256824196
1286,0.027777610410904062,0.09737491531106165
1287,0.042469252443939544,0.09599372001369495
1288,0.03399218967458858,0.09651127143910057
1289,0.027204892256510294,0.09417856023425147
1290,0.028295218465750494,0.09769655256193682
1291,0.02721838521125922,0.10083825492246408
1292,0.028703220019286328,0.09837517988188822
1293,0.026114499885413714,0.09691797936321202
1294,0.03193639016193469,0.09791801115474605
1295,0.0317562397592774,0.09881281906874258
1296,0.033800032982445063,0.09654829832246728
1297,0.0478895820478754,0.09711463501056035
1298,0.027163697733634317,0.09881913732914697
1299,0.04880501152392839,0.09713363214244221
1300,0.029390105125158557,0.09815677847330433
1301,0.02911330456480524,0.09945204831603774
1302,0.03319074040086105,0.0945343438507919
1303,0.042474377824454845,0.0949779260427432
1304,0.029991532935757997,0.09816281874675799
1305,0.030319225644476734,0.09842665607394431
1306,0.028801927798453916,0.09758913391888291
1307,0.03045854233438879,0.10154201079131965
1308,0.02750865366531764,0.09821088031345143
1309,0.03054053077713636,0.09554100326054676
1310,0.029577552618277856,0.10086243188844289
1311,0.04186893801050126,0.09716123467624038
1312,0.030013142743361032,0.09594042162249859
1313,0.026970824781443258,0.09494252930533019
1314,0.031221851443749237,0.09568341849441815
1315,0.04318133698992408,0.09862508996387472
1316,0.04282086235719228,0.09532843027870756
1317,0.02858479194880279,0.09734097470466356
1318,0.03208233813717261,0.09711011538380071
1319,0.0432672966330029,0.09792940247626532
1320,0.03560888159401178,0.09726007370497648
1321,0.03334903838492486,0.09883363716733784
1322,0.04661885938580881,0.09924139332651793
1323,0.030855787649377013,0.09932452634462438
1324,0.0462744558013999,0.0981733283415474
1325,0.03180932018286943,0.09745923607122331
1326,0.030680285031005134,0.09807577480872472
1327,0.028814319089101773,0.09473725454998494
1328,0.0283161586144688,0.09583563815083421
1329,0.02894951372778154,0.09814622865658357
1330,0.04168771534317339,0.09608774535115201
1331,0.02916161957719483,0.09996300334470314
1332,0.029092940475593167,0.09751005694830328
1333,0.028457913693729613,0.09690133198386147
1334,0.04227513159540566,0.09705400020631035
1335,0.03186909589320888,0.09690023811165253
1336,0.02585713806500816,0.09507277122416292
1337,0.030791526759586366,0.1048437229411345
1338,0.030957873910665512,0.09622163997781008
1339,0.025892468443765162,0.09453137549466657
1340,0.027641881858713947,0.09662522112292454
1341,0.024823482600872793,0.09679041935462401
1342,0.028107986823425024,0.09630313353206878
1343,0.0276833093114968,0.09770979489524263
1344,0.04324122361815461,0.0964328324548284
1345,0.027267771484009152,0.09688144350858559
1346,0.03029107087551613,0.09929114225364867
1347,0.027551559019004662,0.09836061948672273
1348,0.027677318717712146,0.09520668512149562
1349,0.029182939039876094,0.09896280170233925
1350,0.030662679513420058,0.09879927839476961
1351,0.024922551657292163,0.09895486336080055
1352,0.04495593246224345,0.0987310393487003
1353,0.04273618983110664,0.09502706303258886
1354,0.04100071689621969,0.10005959883369599
1355,0.027378257095440055,0.09653067166793317
1356,0.02707862144563826,0.0956780054702197
1357,0.02817997504551209,0.09941084436456063
1358,0.033862140409204655,0.0996094830801015
1359,0.040645541559005606,0.09878134873128475
1360,0.03171591770756394,0.09657123890287596
1361,0.02775806357914751,0.10114733366888568
1362,0.026396872142919553,0.0980494558848534
1363,0.03046307897306161,0.09778078865810744
1364,0.024914974072323324,0.09720451832938015
1365,0.04388891567467335,0.09956847678375125
1366,0.027158341595324976,0.0962572480577574
1367,0.04268984608702525,0.09620665725236549
1368,0.028100914599192926,0.1025615436092654
1369,0.02791463648520854,0.09626634045501699
1370,0.027738834658293143,0.09563359052390981
1371,0.02786207947658147,0.09683241865091156
1372,0.03156796027687276,0.09897498216918835
1373,0.02601334193960813,0.09684609666578751
1374,0.02953949975299424,0.09858123627596331
1375,0.02453752756001994,0.09651553255498857
1376,0.029319040214520264,0.09808438254478283
1377,0.03184789423845405,0.10170266396345053
1378,0.026499367514654388,0.1019664688927488
1379,0.028660064177780317,0.09982306894876604
1380,0.025077277858709467,0.09742887316266995
1381,0.026378763092208806,0.09725911892894515
1382,0.027975623598059517,0.09922788333250467
1383,0.04183071116598609,0.10024979983206679
1384,0.027361997750625713,0.10116813339311677
1385,0.030377079449523954,0.09766716573546107
1386,0.026894876272140253,0.10383835055849008
1387,0.046307353273641355,0.10202832839318685
1388,0.027666623672020847,0.09873944177364646
1389,0.025884214718607152,0.09866564536005035
1390,0.02575495339299444,0.09790238896781639
1391,0.02543872523013514,0.09902903131375038
1392,0.042896432515969474,0.09856105341872476
1393,0.026303223880200552,0.09842203520145033
1394,0.04035029444715072,0.09974515376458491
1395,0.02779781918820916,0.09660054057985917
1396,0.027587018872036084,0.09873256152659132
1397,0.0416802092919529,0.09675065495241854
1398,0.03413167198810458,0.0977620802689017
1399,0.043753478407486106,0.09903550413168762
1400,0.031461506562313314,0.09853542366422209
1401,0.030884311362213476,0.09910989711457924
1402,0.025489930086842152,0.10103275567143782
1403,0.026481356033850986,0.0960882757055132
1404,0.0254390426388822,0.09765685166706119
1405,0.041942424850310654,0.09728884872487911
1406,0.040532118059858256,0.10037738271524434
1407,0.025137456320810093,0.09941955894829337
1408,0.027865121123559048,0.09701228384535414
1409,0.026156994768164375,0.09565616684748714
1410,0.026329990347911572,0.09809194514551259
1411,0.027900700454474618,0.09862364669864937
1412,0.02621129148152181,0.09667197062183443
1413,0.03259478086097674,0.09991183673454108
1414,0.027100202688789668,0.09865763538836836
1415,0.02939378847382659,0.09657990092173555
1416,0.02479759110926087,0.09796359244369923
1417,0.026726494738861312,0.09635574878531888
1418,0.032746786835565464,0.09959885640475984
1419,0.04008625922461849,0.09832904915463057
1420,0.028150812030819518,0.09869812399074249
1421,0.027111212749232692,0.09902261989307881
1422,0.02692567333462283,0.10041792283679608
1423,0.02816781763653023,0.09936877709806413
1424,0.025209049685481575,0.09738448432140183
1425,0.028129610615464214,0.10017128344765283
1426,0.02652383740512555,0.09845696490510066
1427,0.03964896529305691,0.10299648187662426
1428,0.03997699104156053,0.10043386308322276
1429,0.027293913784585778,0.09928746387026363
1430,0.02420131610502083,0.09659938424601591
1431,0.02582696859716061,0.09809113109022155
1432,0.024690565247333908,0.09879508650019056
1433,0.027934558216634216,0.09798368303698107
1434,0.04092838758818782,0.10039693707212768
1435,0.02781979174449526,0.10020181557214947
1436,0.024529080259902723,0.09797335290968567
1437,0.024097860624377257,0.09721587036262479
1438,0.026029614322938516,0.09749027425633337
1439,0.026361830117980888,0.09634576769625035
1440,0.026889817164422576,0.09790657714644171
1441,0.027601277152058845,0.09965663091431286
1442,0.025464534082195976,0.09846332312601253
1443,0.024436320070188994,0.09746293807612326
1444,0.0259596680504121,0.0973078130107177
1445,0.04384309193557333,0.09756698121403094
1446,0.05931538236575627,0.09953639208150089
1447,0.039568296934369966,0.10282798602542184
1448,0.02684617819714135,0.10001708856576069
1449,0.028138000500566532,0.10466248207821284
1450,0.029927506575763787,0.09842328181989808
1451,0.03004436066438412,0.10157229827908346
1452,0.025300767278549813,0.09722634304062765
1453,0.026063125866660878,0.09906055938853954
1454,0.030592494477812773,0.09870165291436035
1455,0.026207238143794588,0.1022845708524673
1456,0.024534539935590707,0.0977398894708557
1457,0.02713385353968435,0.09914665320015192
1458,0.025328545816546325,0.09748034085844991
1459,0.027054975708496982,0.09858821341791249
1460,0.029468230768851352,0.09888045028561637
1461,0.027612557862432774,0.09938586568623259
1462,0.024613009368691326,0.09800084405823757
1463,0.029646943320394685,0.09798118481435872
1464,0.052688162826398696,0.10106478002211802
1465,0.026403845460110324,0.10101921361565291
1466,0.03990032402418998,0.09905974974010821
1467,0.030478395761040313,0.09872089556061235
1468,0.04135075113429545,0.09998613594095211
1469,0.02575422414698197,0.09907012647554689
1470,0.025343347895528456,0.0993455301848868
1471,0.025381170913904065,0.10124263884429645
1472,0.027720237542002178,0.09797038177126333
1473,0.037762145631505775,0.09779046600997299
1474,0.027339041641793654,0.10163760820128266
1475,0.051482460989987586,0.10142206563089128
1476,0.02782256488445971,0.09972455438441202
1477,0.03175240892297983,0.09668868270359542
1478,0.037917061075334636,0.09833109582351861
1479,0.03953474923547906,0.09949062729165667
1480,0.041601707726763706,0.1032086634508948
1481,0.026106836478631698,0.10268292411751018
1482,0.03799265716516859,0.10409021816382133
1483,0.02809263396786298,0.09885545963780921
1484,0.03900804326849111,0.10084002578915809
1485,0.04584130551374071,0.1037091189682633
1486,0.027059067361827553,0.10047560984404165
1487,0.02508324633431285,0.09917995001289778
1488,0.02548057870898501,0.09828535304929976
1489,0.04999237922151634,0.09927586897423393
1490,0.026888007198848693,0.09880712206351727
1491,0.03949834818610203,0.09843566475954271
1492,0.03852778368375518,0.09733280102561291
1493,0.02311582410223432,0.09922926880437928
1494,0.02377517092213922,0.10211042899236943
1495,0.023383901685149318,0.09981749361768402
1496,0.02424004156037371,0.10060445986744157
1497,0.039913580031791074,0.09889111103942819
1498,0.029703264921716762,0.10367598111990999
1499,0.0281172922015377,0.10084955814413558
1500,0.027350056969026412,0.0981803609800518
1501,0.03716700488473741,0.09983554237841963
1502,0.02497628546060066,0.10016115771648579
1503,0.025599136428913354,0.09916834958962031
1504,0.02488683540152158,0.09884920529554363
1505,0.024315654635896505,0.0981311195326927
1506,0.040471407838843086,0.09973022528459553
1507,0.02987139686638472,0.10340579688773119
1508,0.024302829313894797,0.0986985646580395
1509,0.030363599381476734,0.10024440415521015
1510,0.0253799862482331,0.0981221683416749
1511,0.024992302054288245,0.1011063131622802
1512,0.02584797442309722,0.09959790868717328
1513,0.02518973924616661,0.10005666599387214
1514,0.03428115463906134,0.1032065468511187
1515,0.04001810451893597,0.10278963798045515
1516,0.02529988941797829,0.09917108314975462
1517,0.02391922618131092,0.09956504281302143
1518,0.026155998761003666,0.10268875633490115
1519,0.03209808628807621,0.10278700620757607
1520,0.023690154700069965,0.10111299904068012
1521,0.026689766617170697,0.09822039716972743
1522,0.02584201896849284,0.10138430595771412
1523,0.02452009088917399,0.09921839993848537
1524,0.0225948626263108,0.09795228589820981
1525,0.022201163332243697,0.09887589865310449
1526,0.035914763376163464,0.10307260696078303
1527,0.028723863832255517,0.0997204730908076
1528,0.036532783232699366,0.1119989028625321
1529,0.02809292989488119,0.09821204525560963
1530,0.02626335391990817,0.10163124983098573
1531,0.024881177981819106,0.1009512430705821
1532,0.035888435511753476,0.10342799907638914
1533,0.024517797213923595,0.09779545278253413
1534,0.031196142695727392,0.10222113011101433
1535,0.025477333274614475,0.10169063928656112
1536,0.022412354511947466,0.09982189956240188
1537,0.026164875935097472,0.10135192422191601
1538,0.0375684204987224,0.10173968130484559
1539,0.02639491518019322,0.09915690202462046
1540,0.02521537514666218,0.10121990712289523
1541,0.04456776922399348,0.1034363500941965
1542,0.025935163709764196,0.0999293728243737
1543,0.0368434825509226,0.10293499473715785
1544,0.02569274011660706,0.10220421497759066
1545,0.03207718020415979,0.10031148010776156
1546,0.02463323285447019,0.10149595119003066
1547,0.02294829246649361,0.10133269136038639
1548,0.028275933951653284,0.09966968718850822
1549,0.028019876899577235,0.10016942393959016
1550,0.022584628512306273,0.09862497906412995
1551,0.02528088429481445,0.10188078189404089
1552,0.024049968940430676,0.10063421644065015
1553,0.023628478653752318,0.09985327070817016
1554,0.022859336113481312,0.10006472048230637
1555,0.02188104629329753,0.10085696902564892
1556,0.026050030484468585,0.10430507412306349
1557,0.03701121550415377,0.10194376043807295
1558,0.042326266582483035,0.10145958443930872
1559,0.02496230488403651,0.10115609876344676
1560,0.026454739459442867,0.1018916054589109
1561,0.024655563920315905,0.09879725021228455
1562,0.022515157558794678,0.10029658060847667
1563,0.028442409584374637,0.1025661194048131
1564,0.02449468390718336,0.09971814242221956
1565,0.024816685872952392,0.09858940106660202
1566,0.05352243853493544,0.1005759319491255
1567,0.024114562490470358,0.10290361996880151
1568,0.03856990892778744,0.10305312992934894
1569,0.027020764855381837,0.09959209665544051
1570,0.024111796281414345,0.10189299444133476
1571,0.025065880992849794,0.10079186788776465
1572,0.025115417369107093,0.10192889666049403
1573,0.02531590747725814,0.09999258214967292
1574,0.02656119905388841,0.10259328274649188
1575,0.02563130359244197,0.09895122969957222
1576,0.026067962630602258,0.09966350139531874
1577,0.038282071447531256,0.10178010611979287
1578,0.02663474900758939,0.10374113575632411
1579,0.036081225853588514,0.10072980649339824
1580,0.02359842980823547,0.09868673666527397
1581,0.027862760609126763,0.10186095124946203
1582,0.038601429642508026,0.10274218454172737
1583,0.025682625118467875,0.10112563931478892
1584,0.046765743471612005,0.10050281105483684
1585,0.024714448270285766,0.10004816443325583
1586,0.03720583157105879,0.10161441157485608
1587,0.035293615577876754,0.103609979507469
1588,0.02270886933775531,0.09988467363561306
1589,0.025942758116929508,0.10122356266903698
1590,0.03589399335876715,0.10297562241703645
1591,0.0267798088047198,0.10001702825153681
1592,0.030258062561290766,0.10519760667829585
1593,0.023547650031675367,0.10065126148306935
1594,0.034905351126175314,0.10308971420341267
1595,0.03837262989725439,0.10468669416835732
1596,0.022902921934066147,0.09989933846961885
1597,0.02327493391931057,0.10005476587174232
1598,0.023509906505622832,0.09961929082646406
1599,0.025486542606802196,0.10113263695983958
1600,0.025846667786283552,0.10131520977743287
1601,0.025748068904708547,0.10235025397592917
1602,0.03611468018082242,0.10634393286062661
1603,0.023986608274631366,0.09975654404040865
1604,0.039144564274009495,0.10222100025803822
1605,0.023393656445381036,0.10296215180466349
1606,0.024653207691719164,0.10093751663626883
1607,0.02365995503868616,0.10209927177593522
1608,0.025684338080518673,0.103412947465752
1609,0.023741473995592902,0.10467423767523658
1610,0.02378180036233697,0.100717916263076
1611,0.024130545410569932,0.10169767239189387
1612,0.025936486549838957,0.10404302566347265
1613,0.02875323136421767,0.10479790721097984
1614,0.025186888260480753,0.0992924262370382
1615,0.02328650360243821,0.10373447336872718
1616,0.04075563120360845,0.10536300577690129
1617,0.024476249378209577,0.10120740842849091
1618,0.042143475416125176,0.10199698167187828
1619,0.03524821513802467,0.10179846423834488
1620,0.026012636697778133,0.10291796717279238
1621,0.05350929331676713,0.10639518930723793
1622,0.02486015961368256,0.10250695285044219
1623,0.02412563573487313,0.1029173231924088
1624,0.024520267968921452,0.10268144188145348
1625,0.02472251011379834,0.10388066115460001
1626,0.023012536691741137,0.10167577069131355
1627,0.02360279905992242,0.10258505583033525
1628,0.026335158242280582,0.10641149401590042
1629,0.023814459567813664,0.10254859483630437
1630,0.02478192583730789,0.10260818265658572
1631,0.02323911828353861,0.1040090251349865
1632,0.04995409832525777,0.10519267512219292
1633,0.03680805720061905,0.10457297952327513
1634,0.024026351983784507,0.10324226485980782
1635,0.026440154428252233,0.1043377382900183
1636,0.02236798615267845,0.10202304326128542
1637,0.02398198005687854,0.10360932202640931
1638,0.02372360477066339,0.10625339404009936
1639,0.024209157759352912,0.10093845755683449
1640,0.023133749708673424,0.10262309406933032
1641,0.02674627831923924,0.10685512242385917
1642,0.023336116446409854,0.1000954496830627
1643,0.021628447618557367,0.10341268159766544
1644,0.023711948436582725,0.10210950889234853
1645,0.024804538763989477,0.10341961528723102
1646,0.02521815054048565,0.10227024426361672
1647,0.036328477265319105,0.1070073217825782
1648,0.023660759578771354,0.10231044569185802
1649,0.03336140741141612,0.10151653423121101
1650,0.024066144933334338,0.10275238205242276
1651,0.022897953681390863,0.09993539091414377
1652,0.02137356951575855,0.10239644236582562
1653,0.02287729271340146,0.10321931858409318
1654,0.02167628167144557,0.10319080704211592
1655,0.023497292287297383,0.10493149925816926
1656,0.023288313165120197,0.10158293944477736
1657,0.02736283062744103,0.10218582715008193
1658,0.025468389722620804,0.10118061494558378
1659,0.022687216718508905,0.10034216342862685
1660,0.034859653830901956,0.10162647021817683
1661,0.024974973679616534,0.10157087120346557
1662,0.02244130604342794,0.10504448822790519
1663,0.023815910650131097,0.100972090728749
1664,0.026019239342745196,0.1032769784779477
1665,0.023949841364377344,0.10351962437456413
1666,0.03596224900346751,0.1038786754161493
1667,0.02378582953822837,0.10303503379487154
1668,0.021041738184688605,0.10029722501834233
1669,0.021438079929931037,0.10294459093558161
1670,0.024120948420469662,0.1032831760912312
1671,0.022894191821353937,0.10189261029761537
1672,0.02161298610480228,0.1022795061008972
1673,0.02203864286592388,0.10322794962422292
1674,0.02822734875061482,0.10212725313160952
1675,0.02189412467812296,0.10357705128372163
1676,0.024494043163091037,0.10427920200995036
1677,0.03968194229849454,0.10587300278040998
1678,0.03727427381893684,0.10415467098915487
1679,0.0349088149805054,0.10572361682814763
1680,0.024973381304862357,0.10004411292330065
1681,0.021933313143851243,0.10231097003346995
1682,0.026972796785467098,0.1022831763614688
1683,0.02370936473171726,0.1026041041452783
1684,0.02260062858158705,0.1031015166886767
1685,0.03589292620907196,0.10503792852387392
1686,0.02086667137273053,0.10239597863720772
1687,0.022058240327762213,0.1043569713569524
1688,0.03462425030207372,0.10680282971165832
1689,0.033888490327566766,0.10600618315968
1690,0.02352825624044973,0.1037355725627794
1691,0.022097012360921847,0.10144687800628499
1692,0.02084128674248169,0.1014361161374508
1693,0.021814209149222014,0.10114009472959322
1694,0.02451559843431259,0.10390501221021016
1695,0.02542351199705212,0.10236965868631401
1696,0.025615121176623998,0.10275224736310486
1697,0.02194102337367856,0.10644714267256863
1698,0.021828303907685517,0.10581523320056442
1699,0.024124124744282247,0.10668177482552994
1700,0.024758130177668643,0.10179528911460313
1701,0.034637419238312865,0.10320348684725009
1702,0.03560916928218263,0.10443694151956635
1703,0.02152655917135152,0.10638926456446636
1704,0.029387936714254204,0.10552492735902767
1705,0.034442392630403315,0.10156029974458211
1706,0.028837714752993987,0.10551505225866958
1707,0.03433623890097612,0.10368856709254415
1708,0.020717052561829458,0.10160543496970247
1709,0.02250678006407796,0.10455543941871863
1710,0.036222049184026765,0.10252196442587931
1711,0.02664906428805713,0.10399171633454493
1712,0.022231331725712854,0.10220767411970555
1713,0.02522089468975052,0.10286384283151842
1714,0.03231832197046953,0.10415607195973098
1715,0.038716978367219525,0.106159116634002
1716,0.024187040599909695,0.10490491793941435
1717,0.02377343049337124,0.10605372221472867
1718,0.023090424436526986,0.1052470454446654
1719,0.02212041744314204,0.10457852174688999
1720,0.04560219092428871,0.10188749243965126
1721,0.02442385201987615,0.10875237755533448
1722,0.022740144813929605,0.10506699396703477
1723,0.023047347713647217,0.10386668244624198
1724,0.03374050988532533,0.10379844629450848
1725,0.02212947971394817,0.10499105763091778
1726,0.02609668042639206,0.1059896932321981
1727,0.02475762808094017,0.10278425675660446
1728,0.02391154967762273,0.10721849999332189
1729,0.021753933596013107,0.10370788065936033
1730,0.0337923659204409,0.10358305000945141
1731,0.02175075679340146,0.10132851475910436
1732,0.022589224101654416,0.10382842814040961
1733,0.024763386270329122,0.10452922319708612
1734,0.021705587298191827,0.10594187725456734
1735,0.022483277581281796,0.10263173825534663
1736,0.02259842563292076,0.1063427257545311
1737,0.022605109264998226,0.10369909005729776
1738,0.02050916532340655,0.10152361551323033
1739,0.022998828183988046,0.10552757233381271
1740,0.02148837113291679,0.10617550105827495
1741,0.022198884166940627,0.10371432367497518
1742,0.0236915963115083,0.10736903518363647
1743,0.02079563631696574,0.10470196500159147
1744,0.021569138433679143,0.1044972619429268
1745,0.02088536256719906,0.10333075917753062
1746,0.021874401157832818,0.10389773874429234
1747,0.02034795547610727,0.10221049604111147
1748,0.020924466717579523,0.10526338337283385
1749,0.02397278668855238,0.10313471046306734
1750,0.022453144443773176,0.10237987042593777
1751,0.022353269644431933,0.10300419741032417
1752,0.02077264278589932,0.10445151362278707
1753,0.023318533917018987,0.1018945229867646
1754,0.024118500501851676,0.10261575713342891
1755,0.022912769458697507,0.10254867212440734
1756,0.024205903759150296,0.10606997758897026
1757,0.03589446008859383,0.10695234467660573
1758,0.025731399269967245,0.1074274930178671
1759,0.02317409010656575,0.10300659054054652
1760,0.023378956426507252,0.10417170436086512
1761,0.03826880596321205,0.10669710754153125
1762,0.02774348438113087,0.10296779189417536
1763,0.02371675843448848,0.10546239424394187
1764,0.02267908216760637,0.10621715047604458
1765,0.03379957575269254,0.1039377184850829
1766,0.023336909384376204,0.1067725015351348
1767,0.024091713492492898,0.10246755685050386
1768,0.02225833403115923,0.1032718710769388
1769,0.01947597963706266,0.10515016806603673
1770,0.023256263488372293,0.10322346420664537
1771,0.024529203807578937,0.10810412328344837
1772,0.02212763515222222,0.10861286711423918
1773,0.03327590634690183,0.10483439767121672
1774,0.0248812543853043,0.10256513762742953
1775,0.022670795247659414,0.10575763408776213
1776,0.02320115296841602,0.10380139491313084
1777,0.022292902786576637,0.10512306177078333
1778,0.02323107600655862,0.1035038815031673
1779,0.020137545930040666,0.1040909929121646
1780,0.025594931656383796,0.10624716983627257
1781,0.021651360203386476,0.10290372302582987
1782,0.022280593428959293,0.1046964794509393
1783,0.019877047520306043,0.10357938828250221
1784,0.020665407496092834,0.10348602367523022
1785,0.02524625790249965,0.1037197846144363
1786,0.021917566388471747,0.10357952183275893
1787,0.02086512965141419,0.10423417843150017
1788,0.020693276089186953,0.10719486507108636
1789,0.020914208062203326,0.10570131143307626
1790,0.02099180661819198,0.10663617215583797
1791,0.03126931008313517,0.1049210579136858
1792,0.03100819030315338,0.10399468429853444
1793,0.020813361347469042,0.1053615393756625
1794,0.03271698507372302,0.10727905700529429
1795,0.023427871379966273,0.10619559523679857
1796,0.022082377721476705,0.10459902412013004
1797,0.044290092262821885,0.10682054607192974
1798,0.022999866570705157,0.10401548738392971
1799,0.021870641633401095,0.10347659469472435
1800,0.02197810869698988,0.10611623745962492
1801,0.01955091007941382,0.10375850421742987
1802,0.020072390205667683,0.10330869390029357
1803,0.02266140171212836,0.10719219232935057
1804,0.025246895172379234,0.1061911827004643
1805,0.03296209033870585,0.10918035780203372
1806,0.01987995939521954,0.10659029512178331
1807,0.023906200411831696,0.10349606556402412
1808,0.05032692068376138,0.10580593252316453
1809,0.024456389032327643,0.106167524455484
1810,0.02477917088002994,0.10776766206611667
1811,0.020109144258415063,0.1030558779424892
1812,0.020272802298765946,0.10519108988512728
1813,0.02031092941293896,0.10282801945033229
1814,0.02266354710564344,0.1028369945803083
1815,0.022283757555073704,0.10340922559263713
1816,0.0247512010910014,0.10893512621783373
1817,0.020963589722132983,0.10304189333342072
1818,0.023525856855707857,0.10618884295673299
1819,0.04866433375424539,0.1057379339497191
1820,0.023886630282413248,0.10461861337710143
1821,0.022042753285842254,0.10741056567221358
1822,0.02384609138727375,0.11301282875445254
1823,0.023814215625528257,0.10727619911943163
1824,0.02081146421126998,0.10229435587362538
1825,0.02030901304887006,0.10731384188011475
1826,0.03334931492641988,0.1051860616395348
1827,0.02224196557854784,0.10934783187799883
1828,0.021317350260656457,0.10596684056490585
1829,0.01950038085490185,0.10426534906515203
1830,0.03514609520898717,0.10549735481428323
1831,0.021316628955701675,0.10588849255614412
1832,0.022389341700460096,0.10656245351584633
1833,0.023837372724866045,0.10500508272334148
1834,0.02309731375367664,0.10756035589783412
1835,0.02057185752147978,0.10476249631933102
1836,0.02171419875048171,0.10465357290174727
1837,0.022247290927741595,0.10371478645126324
1838,0.046860358639850885,0.10858157885851417
1839,0.022355703315858184,0.10545384622456734
1840,0.025142378620453015,0.10631412211665534
1841,0.022062922007518127,0.10641785287169885
1842,0.022154951176159433,0.10622048727178335
1843,0.023307144980538975,0.1059654632345178
1844,0.02020228060902473,0.10520803200123005
1845,0.02073681591002732,0.10428338454928912
1846,0.023461816470404403,0.10586944188838615
1847,0.034415891849462144,0.10673343933614574
1848,0.023691560915411452,0.10767035434643428
1849,0.031799036273761974,0.10711042224464559
1850,0.021179576354761108,0.10587154747101299
1851,0.024046956844697924,0.10927125339146544
1852,0.02104393639791535,0.1064100686208646
1853,0.02014064904430817,0.10925920352451783
1854,0.021152038004564642,0.10702523073755708
1855,0.02099906235092486,0.10689384757277362
1856,0.02386120599942708,0.10709574904507563
1857,0.022377865464896618,0.1063640148269204
1858,0.022332906979939032,0.1056912202285346
1859,0.019980234832599246,0.10753668312515531
1860,0.02027641922282201,0.10539636449108745
1861,0.032604763044926065,0.10416556119844131
1862,0.02109724955872682,0.10603040111318865
1863,0.02093754510240495,0.10565416733349177
1864,0.024147007859612706,0.10761145168079768
1865,0.031484276686903075,0.10559711136614769
1866,0.03494058572176295,0.10488560554900564
1867,0.023740004806496132,0.10824901924321526
1868,0.021139726393088278,0.10813721217084349
1869,0.022236565203875958,0.10460501545129862
1870,0.019552038532906567,0.10252536781001509
1871,0.019555504728680867,0.10515416307108742
1872,0.019385802019445873,0.10490815212627999
1873,0.022909662169535706,0.10565111479887687
1874,0.03378465101356417,0.1045189107905952
1875,0.03397541573755793,0.1073231468336624
1876,0.020786859135969678,0.10596624315531929
1877,0.02193595163617575,0.10784941958380223
1878,0.021378268321339614,0.10620704412759098
1879,0.022061906159391225,0.10811028637010651
1880,0.02128632886913316,0.10561529391989075
1881,0.03607797354669967,0.10843520445333686
1882,0.019994459719306624,0.10730077893961043
1883,0.025590723035944667,0.10894788992136045
1884,0.020664449506745817,0.10698247469382777
1885,0.03266208827915984,0.1080985161520186
1886,0.02219833706893891,0.10817843918364149
1887,0.04506735294052987,0.10694220096321035
1888,0.02143822133914804,0.10762334090277068
1889,0.019106547316086703,0.10602800915937376
1890,0.02136293323389415,0.10409292388231234
1891,0.022341588938310977,0.10612292031297707
1892,0.030061894449694402,0.10677934297941681
1893,0.020168586648697015,0.10397865556012419
1894,0.03304908845024797,0.10839812298839852
1895,0.02262682089331008,0.10429068171141441
1896,0.02235888066149804,0.10568305521381828
1897,0.02385506329351458,0.10677627533823625
1898,0.031485044879132305,0.10800379585652124
1899,0.023286664525636686,0.10709345279107417
1900,0.021016367065915868,0.10559574669614472
1901,0.019692045037976252,0.10435204017431216
1902,0.02329816481209474,0.11195811909392364
1903,0.022100297897633715,0.10612801214059193
1904,0.030787876395502806,0.11298093688966039
1905,0.021147690328030752,0.1052800714409441
1906,0.034860989306600865,0.10877969480098638
1907,0.030936524306999103,0.10837064513511825
1908,0.022748952205978966,0.10796820568410974
1909,0.022482087759762348,0.10881044409403526
1910,0.023387733315552665,0.10484757242644939
1911,0.03377394666632515,0.1106451681457964
1912,0.020293051219285468,0.10437922248789541
1913,0.021023429976922216,0.1096674755103606
1914,0.022270460633508463,0.10732885048652352
1915,0.022181165372503215,0.10608640199242379
1916,0.02069255863798076,0.10738867625855562
1917,0.033216334260462964,0.10788988245459727
1918,0.020186776990146846,0.10769015961422358
1919,0.022536722908152684,0.1061610049920572
1920,0.02140613769102246,0.10409209421628102
1921,0.0195783556885667,0.10508927493764643
1922,0.021720607242427276,0.10536772585975795
1923,0.022454440704660728,0.105716794897291
1924,0.02027828963385854,0.10808747293506947
1925,0.021117176860570908,0.10617729629340925
1926,0.032769730332129425,0.10816783418780879
1927,0.021548225885975325,0.10529975527734087
1928,0.022611032891142704,0.10673464149386064
1929,0.030841914703339617,0.10578665497682448
1930,0.02104050832505697,0.1066260657700381
1931,0.032629098211850116,0.10704141890718824
1932,0.023088223368022884,0.10874179769354057
1933,0.018967202832472736,0.10574792407658465
1934,0.0207262435887114,0.10879190736695339
1935,0.03258357844008921,0.11322148196529924
1936,0.02398552625297005,0.10899345094996288
1937,0.024549178703218044,0.1088274517901858
1938,0.019558344386681494,0.10499404283021029
1939,0.029105466980265227,0.10793337569499672
1940,0.021700818681371248,0.11029572889470217
1941,0.02027620585360871,0.10639416301310212
1942,0.019679705551051793,0.10931531558359477
1943,0.018813356179101712,0.1080438218880118
1944,0.02077233322478574,0.10835254519132145
1945,0.018637993475159507,0.11127033138783056
1946,0.018968808981458595,0.1092597565480641
1947,0.02005324470095313,0.10594912244935979
1948,0.031541874322771654,0.10844262271073826
1949,0.02170069411770677,0.10565053656659927
1950,0.02089703655845506,0.10914897067206246
1951,0.019255580917748163,0.10628579289916165
1952,0.01872094177573826,0.10602251285299621
1953,0.020580179872557662,0.10749440347042896
1954,0.018889337083248883,0.10897473533425414
1955,0.02167985506565967,0.10867199497787576
1956,0.03201020138227267,0.10867110897499815
1957,0.03072972836842918,0.10923779386102705
1958,0.021667486967571477,0.10561085427016542
1959,0.03023573685565899,0.10671201480884002
1960,0.021437242469490508,0.10710842970917399
1961,0.01941520403661885,0.10701059630341399
1962,0.020340772690163884,0.10901202633043279
1963,0.03946898448453241,0.1106022728565044
1964,0.020186294500824053,0.10781179633654449
1965,0.019310752694789893,0.10798276938442
1966,0.026336056481007498,0.11105075723171831
1967,0.018722391567633816,0.10534406473911495
1968,0.021767617346351048,0.10756692818755793
1969,0.03303168666166571,0.10494811859047204
1970,0.021734918540688142,0.10963726116526396
1971,0.020454552409977747,0.10749912198474233
1972,0.02063364408279661,0.10760109031334855
1973,0.020852206759505137,0.10618598462271511
1974,0.020286301285215306,0.10793956636187427
1975,0.01963203593060888,0.10852691028874022
1976,0.03273174212223684,0.11394415560521577
1977,0.023196541327621122,0.108657465822864
1978,0.02106004910175703,0.10776654548737638
1979,0.03277441124113563,0.10853023505898048
1980,0.022688628095537892,0.10887462811960015
1981,0.022769369926525507,0.10634193298661321
1982,0.020331428576038924,0.10773690513575584
1983,0.020688702863258628,0.10907384964233652
1984,0.030312546222327645,0.10708085460621014
1985,0.030804224791104517,0.11095755762026124
1986,0.03146406798550515,0.10564771184422318
1987,0.027478519044699713,0.10736512368484248
1988,0.020017716146094672,0.1065339351955213
1989,0.02384769250886941,0.10491497024781722
1990,0.02093512327833609,0.10637494176626205
1991,0.030305800077776925,0.10716467143449568
1992,0.02029298861338801,0.10714290952099893
1993,0.023213376872078004,0.1081450361207613
1994,0.022318138533671823,0.10680659617621797
1995,0.019539721753903692,0.10537540063000563
1996,0.0197774550430827,0.10747860024746199
1997,0.02033023327168626,0.10606059792421217
1998,0.01955199498554756,0.10727626501692268
1999,0.019948387174023356,0.10948449347102851
2000,0.0318850703000275,0.10940000510081313
2001,0.03101406938930664,0.10852850820486408
2002,0.02182790906194796,0.10833389214928586
2003,0.020435737189033937,0.10995754097263914
2004,0.030663909670841358,0.10783899663235609
2005,0.021993690033130883,0.10696613773666229
2006,0.02158426151824035,0.10623105958963097
2007,0.02054482083592482,0.11015656515769194
2008,0.04246498243795667,0.10716300198159422
2009,0.018973309902888855,0.10561045636434603
2010,0.019148031214608296,0.10745015555530563
2011,0.01874160816233173,0.10864241936601195
2012,0.018709968016439097,0.10647614175141007
2013,0.0242788237183819,0.10937913987122681
2014,0.02029591628283169,0.10976928575221159
2015,0.03088591232031677,0.10996465390562114
2016,0.01990557763270076,0.10781141579674001
2017,0.019027460191317114,0.1077599665686899
2018,0.02102227755428108,0.11036794487022816
2019,0.03249404023526978,0.11104382531610049
2020,0.02980653106652457,0.10724465267027829
2021,0.022881966703177246,0.10965670021554283
2022,0.021715246076727736,0.10808507237293966
2023,0.021116181489862617,0.10763054587563178
2024,0.02143074748424527,0.10659890085981603
2025,0.0192726644217314,0.11171657595792808
2026,0.030177123558511928,0.10942962106532023
2027,0.020319292853151368,0.1105357204799664
2028,0.03902715271146133,0.10872539196322138
2029,0.019987612916010675,0.10720688496765338
2030,0.019090926017740678,0.10762259276364382
2031,0.02056875100890671,0.10932270984601855
2032,0.019370807340619706,0.10793841478968025
2033,0.035442225202964764,0.11209725192689657
2034,0.01947906185350261,0.10554613370943189
2035,0.021148866147597006,0.10742731569778352
2036,0.019596646624532612,0.10613395170983217
2037,0.019206719075951457,0.10833781834383656
2038,0.020776252376155047,0.10810355664718718
2039,0.020811246468635934,0.10822912707065879
2040,0.01933928638066057,0.10963773654591769
2041,0.019592820868176354,0.10680345481350309
2042,0.031826981124365966,0.10987458764610433
2043,0.02879429665805778,0.10812657053832124
2044,0.01949179836411648,0.10754669392318056
2045,0.020089111077748124,0.10856065934612638
2046,0.028685198051615568,0.10883176810385888
2047,0.01898914928253168,0.10864893205109097
2048,0.02237068608893683,0.10701026190492444
2049,0.020645873860505683,0.10807968584591882
2050,0.019956627790597165,0.10942898559988591
2051,0.0183775053537658,0.11094855752430464
2052,0.019735156619763675,0.10738224876031541
2053,0.02918137904244904,0.1117571980358664
2054,0.03154727395004987,0.11044072540929742
2055,0.021314409681155017,0.1071729346885717
2056,0.03195744883677803,0.11267647421673725
2057,0.020228130106455106,0.10824380516258995
2058,0.018441385957397825,0.10838162968107931
2059,0.01920328357586853,0.1102082466235137
2060,0.031177381100279036,0.10788565015135552
2061,0.029444412547265847,0.10741440044309859
2062,0.02218023953276181,0.10919228345529179
2063,0.021480694757686887,0.1092284324399212
2064,0.018065180360897208,0.1100350103917576
2065,0.02079012454560371,0.10816810113893714
2066,0.0179390525416147,0.10903234148682807
2067,0.018371167058434605,0.1079571708327248
2068,0.020878553156942408,0.11003779556443517
2069,0.01889055251467938,0.1077468663752826
2070,0.019951589452248755,0.10978430698165917
2071,0.020025790403348898,0.10682942595024754
2072,0.029977225748162285,0.10803516093352086
2073,0.020537243805662218,0.11085005720755212
2074,0.01969408545187648,0.11137914782702774
2075,0.018020054477275727,0.10920593669091848
2076,0.04426436837423931,0.11014305303494136
2077,0.018979198681803706,0.10686348053745758
2078,0.019407885709666534,0.10667582192367181
2079,0.032151617483472374,0.11023952632694316
2080,0.018764879233364402,0.1083235448987263
2081,0.020632207090017562,0.10721128312567421
2082,0.02111045761635311,0.1082093780090038
2083,0.029765364892056743,0.1092797564459325
2084,0.019525851558041422,0.10802280749742847
2085,0.02894087388329091,0.1120746877221834
2086,0.02152372987759898,0.1133066250342773
2087,0.02178905823714681,0.10821799160842609
2088,0.01902568248045108,0.107075816538549
2089,0.018127677162239172,0.10920041282299467
2090,0.018972486861890948,0.10553216915530968
2091,0.01756407577999894,0.10855012228315636
2092,0.030268679060579094,0.1071446715553004
2093,0.01858020491524363,0.11115724294630806
2094,0.01818096219652499,0.10836245726448551
2095,0.02923988560243834,0.1088010356726503
2096,0.020637476589051906,0.10891192996486984
2097,0.021075517324538065,0.10907735317049169
2098,0.019261235161027564,0.11007618982540934
2099,0.021407464127929234,0.11044518207024812
2100,0.01922418237269672,0.10818220068114742
2101,0.018937189540706084,0.11135844193529665
2102,0.03371700016215304,0.1105566128976363
2103,0.020665182559794767,0.10967897425842166
2104,0.02009738695612148,0.10933165838545128
2105,0.019653494642072337,0.11043683803619299
2106,0.020602069275459527,0.10937237530423884
2107,0.021178976407852667,0.11016442837721124
2108,0.04063009343410734,0.11194983866056404
2109,0.021213227947210443,0.11000186942499084
2110,0.019108919666198355,0.11268733764874905
2111,0.02118614501667247,0.11021494983058226
2112,0.020384154554024387,0.10786116343542448
2113,0.032307267720376065,0.11470215175683636
2114,0.02146610034904136,0.10930623134649486
2115,0.02356379822795761,0.10963675781225501
2116,0.028523919467455167,0.1083414755705604
2117,0.020331299171832663,0.10912157262775832
2118,0.018344438427527872,0.11214981495138995
2119,0.030810880644077606,0.10843100029050856
2120,0.017674320281065744,0.10873089375950042
2121,0.018737697909618246,0.10911977167864491
2122,0.040801792227455815,0.11245698298801456
2123,0.019472048860218458,0.10924616560601351
2124,0.040777476282562584,0.10885946183724511
2125,0.020621705584251394,0.10945489042833037
2126,0.018763008577089325,0.1117041211827357
2127,0.018615564179597976,0.1075589270109222
2128,0.01845372929515136,0.1093287661596946
2129,0.02005348754550409,0.11048135161399841
2130,0.021335195633217834,0.11170741792460133
2131,0.019672387270811584,0.11061675713997438
2132,0.02013721968394742,0.1094011347320743
2133,0.030567196434287815,0.11079197179031253
2134,0.02051868978712626,0.10975747120410279
2135,0.01817921841616354,0.1083714233006451
2136,0.018752774071870926,0.10838233634717483
2137,0.02031256930266148,0.11063625415166219
2138,0.02248364229771224,0.10673779753365911
2139,0.02129388556211346,0.11028303017368293
2140,0.020692651571711778,0.10938156823765365
2141,0.02032309084500078,0.10963578062846248
2142,0.021785343859963655,0.10774663184071544
2143,0.01906767569272122,0.10902410536481623
2144,0.018140345700902626,0.10950364174325962
2145,0.019277437435328774,0.1064764215309817
2146,0.019121187391652958,0.11145245616223878
2147,0.028216561331737753,0.11013600654097129
2148,0.026983679794826104,0.11449890271912243
2149,0.021013460014027114,0.11137114183272336
2150,0.019090345526423573,0.11073325484766997
2151,0.019781480230928215,0.10622204543280422
2152,0.020371819078501864,0.11120910841719549
2153,0.01811273750443257,0.10732350843890867
2154,0.01791296638898715,0.11198488508997705
2155,0.019095359843072472,0.11011496031269394
2156,0.01846053478159127,0.11070872845132847
2157,0.019210643937875485,0.11003281967831136
2158,0.018403153171686917,0.11068512678594518
2159,0.028281593093864597,0.1123725507679141
2160,0.01922989098302623,0.1132474100791422
2161,0.03021500064614798,0.10865782285319235
2162,0.018264305027534594,0.10913304164818953
2163,0.01820760454433652,0.1107445836515355
2164,0.01799977539241501,0.1104299449793677
2165,0.0183179008374487,0.10824715073470186
2166,0.01859282143997922,0.1067705109043229
2167,0.017179502039960933,0.10872237029529754
2168,0.01814076319325213,0.10872394294667065
2169,0.030507216802258104,0.11307201891166524
2170,0.01869690093594285,0.11240367132021968
2171,0.018290614703419066,0.11075484672360551
2172,0.03110237949787636,0.10957155811756775
2173,0.019485228452656336,0.10925202749501493
2174,0.01973791745692772,0.1091685475487458
2175,0.020001446977140947,0.11000204435491323
2176,0.042214792735617734,0.1097813347975413
2177,0.02012353846482162,0.10924704554012246
2178,0.018931099823836624,0.11037301901438482
2179,0.01960587433793328,0.1108101607676138
2180,0.018848486530790135,0.110159583520471
2181,0.01839669624512846,0.1101424445895324
2182,0.01859921926404802,0.10803780805571635
2183,0.019534440185629463,0.10938196108305365
2184,0.019905095674728153,0.1097886058546248
2185,0.020412793161119786,0.11192510570201061
2186,0.01885260333274973,0.10831290481607418
2187,0.01825513172789614,0.10825443646886893
2188,0.019097020169340517,0.10883228798259172
2189,0.01786882559357205,0.10908389041074236
2190,0.020992709936860213,0.11174496939233072
2191,0.019391057574917155,0.1089290043614562
2192,0.029890857730352768,0.10895475971146036
2193,0.018687969739300703,0.10929716415796663
2194,0.018451826681958095,0.11017220396371115
2195,0.01875649753163881,0.11074756489212352
2196,0.029465704630815125,0.11428976723723543
2197,0.019291791708725373,0.11230314127111196
2198,0.018288861790841274,0.10905798005505014
2199,0.01956162910593154,0.11094282278067485
2200,0.01844086211910442,0.10929769335459348
2201,0.018621550738624645,0.10977738137756075
2202,0.02926295602746705,0.11059534807402388
2203,0.029107066782243948,0.1129190803582507
2204,0.028980418800326722,0.10710524429653522
2205,0.019468893346648232,0.10861796732609134
2206,0.019233109368169007,0.10885550462661829
2207,0.018876947748670384,0.10840568947314021
2208,0.01907798989462815,0.11121203724229545
2209,0.04014030288099121,0.1115179080749514
2210,0.01837172850289128,0.10814791641438515
2211,0.019897707425595077,0.11111159428468623
2212,0.01834728205021833,0.10851601537382394
2213,0.018766167477287096,0.11074896377130858
2214,0.018046847699344344,0.10751765249367047
2215,0.019671343518041517,0.10987524981412075
2216,0.02970177751781892,0.10943344788145003
2217,0.01954781397196193,0.11251979310037498
2218,0.030794095189593803,0.11557499849631972
2219,0.029303385049898795,0.11154183631478097
2220,0.01769202114389421,0.11247536181507253
2221,0.019408877320050446,0.11293272942976844
2222,0.020547779697375985,0.11036040236179094
2223,0.022592470557852226,0.11268467616691326
2224,0.018217291720912188,0.11085298186854313
2225,0.03201010952292004,0.11307380503431
2226,0.02088713153706262,0.1112591949172486
2227,0.01935880416332741,0.11216411810545694
2228,0.028860417331881286,0.1113283896916791
2229,0.03652490430210825,0.11268439896423417
2230,0.030786288505110622,0.11277891342577182
2231,0.019467349400667935,0.11466375191259504
2232,0.018518867210534674,0.11255866742895958
2233,0.027652757370780254,0.1092891361106906
2234,0.030287014361365834,0.11331209644936678
2235,0.019555293438156197,0.1099861662526776
2236,0.028294738049277318,0.11143090060554948
2237,0.01894137996094167,0.1118916684672946
2238,0.01818280531017571,0.11136577741469357
2239,0.020217515510685017,0.11242462731991197
2240,0.04093796376804573,0.11083203197496577
2241,0.028567118850481174,0.11599135929181761
2242,0.017533723343759307,0.10970430783834074
2243,0.018633736828838395,0.11203994740146145
2244,0.029770531858022684,0.11124388248027119
2245,0.02704660780143962,0.11060535030108049
2246,0.028765829609923042,0.1114310233814077
2247,0.020790153775702824,0.1093295003499901
2248,0.01926468163261593,0.10903708319317428
2249,0.018065175362702073,0.1106677673439633
2250,0.02937568687369644,0.11231296122970438
2251,0.028835393774518773,0.1110171516960426
2252,0.01863363120693211,0.11097657008278639
2253,0.02816089616977496,0.1131335595496615
2254,0.021384310876501018,0.11575835797571599
2255,0.01974958868049155,0.11281443753263407
2256,0.03720097317357422,0.11213507861795283
2257,0.019517329971081222,0.1127566441258691
2258,0.0181418577191598,0.1121644733431644
2259,0.018914081763511167,0.11147478882008627
2260,0.028160263833861367,0.11084001899736567
2261,0.02812284054263819,0.11217740596386425
2262,0.01975299597230264,0.11246201188716673
2263,0.018859891384419604,0.11091094768435734
2264,0.03076679880225733,0.11032428607381974
2265,0.019651589255347896,0.1090690297142306
2266,0.018511577827569833,0.11067020411330059
2267,0.027160559328372202,0.11097828466865353
2268,0.018611340722226796,0.11288760025474362
2269,0.01845284471971488,0.10987153359896557
2270,0.020101820372722366,0.11050615736042946
2271,0.017824970968184427,0.1088084050811323
2272,0.021786747313451992,0.11293819556036092
2273,0.018883904503500762,0.11218980847295364
2274,0.01902425866632439,0.11477701182951007
2275,0.029134818414068522,0.11317353643346251
2276,0.0183286213821098,0.10926121493852825
2277,0.018118780608461196,0.112311034759782
2278,0.018403258221369925,0.11137719861322776
2279,0.018068424948610856,0.10973982021847464
2280,0.02062766534220836,0.11084697942685962
2281,0.017305544849053073,0.10905268228143677
2282,0.019335728582450216,0.11241247191240913
2283,0.027448970666826705,0.11156859762387766
2284,0.029422515571164112,0.11194590133682528
2285,0.01955304826174784,0.11273063429839031
2286,0.01794864700926135,0.1109340544930078
2287,0.020442384163787745,0.10980175484093209
2288,0.029798335492097098,0.11400534713029264
2289,0.020821307023817844,0.11087783663195178
2290,0.01916869420873521,0.11203543612159285
2291,0.018705674806218535,0.11365117793692682
2292,0.018278459524940175,0.1108221705993614
2293,0.019193616803723817,0.10861089482044517
2294,0.020170597645649716,0.11079530524356025
2295,0.020041449620245393,0.11161265710840249
2296,0.02014568023570466,0.11057176170193761
2297,0.017333607676914865,0.10936335018628224
2298,0.020169059883184196,0.11105461571748394
2299,0.027441015653896107,0.11040697396175007
2300,0.020464620310638018,0.1125432540076717
2301,0.018227155872133086,0.11234950645824422
2302,0.017786102124189136,0.1093068020348262
2303,0.02790201023267728,0.10999240907361932
2304,0.029241336731467876,0.11253968613189563
2305,0.0284812343321437,0.11036513069817297
2306,0.029442409327878474,0.11130843192040173
2307,0.01715534256309925,0.11038930183813386
2308,0.021822574527986745,0.11178530950594068
2309,0.018803047465867008,0.113377849541063
2310,0.01986267385554725,0.11215053106609144
2311,0.020255508117354402,0.10908331966639162
2312,0.019393177945341997,0.11003412345522329
2313,0.026496627849751507,0.11045389058521218
2314,0.02550498131650929,0.10993052744551708
2315,0.028458751218399286,0.10906996908492612
2316,0.017517194940145114,0.10928206229792502
2317,0.029508272921637307,0.11035584354012233
2318,0.020316208569700817,0.11185915334929798
2319,0.021595573076119992,0.1101349624700116
2320,0.017741197755204097,0.11218809321485367
2321,0.02916264620122024,0.11251270255648103
2322,0.017210511333049277,0.11004765602505595
2323,0.02712430447036383,0.11466866584125916
2324,0.01794896816665476,0.11055158214984383
2325,0.018268199001079816,0.10895008550849475
2326,0.027021918311528278,0.1088682570142256
2327,0.019484163988907136,0.11262006480666928
2328,0.018128311016296146,0.10940702830938469
2329,0.017491924900526538,0.1113001915595884
2330,0.0187196144921746,0.11149793549587853
2331,0.018127753402232,0.11117351695633772
2332,0.019575366148941196,0.11295508042463384
2333,0.018702435029851607,0.11186002446968753
2334,0.017410635311728734,0.11109652753013716
2335,0.029182605830759836,0.1117796875293691
2336,0.02820737091795217,0.10892757495169651
2337,0.01816754562774422,0.11118903849507335
2338,0.018838166005232117,0.10898685057584505
2339,0.017741946894733882,0.11179012857508241
2340,0.01789855562897872,0.11396281863737823
2341,0.019149705738436464,0.11178722266191826
2342,0.018878438553793304,0.11297370713755003
2343,0.018669976143394145,0.11047654432760444
2344,0.01874795671680878,0.11107556703021951
2345,0.021044199690689862,0.11197880903879802
2346,0.028658603747203058,0.1125189493734735
2347,0.020251115556327526,0.11424862141522549
2348,0.018543919875377023,0.11001585248418919
2349,0.02022009546690413,0.11240731071410023
2350,0.018726117698750152,0.11152908568244829
2351,0.028598955660170896,0.10921566147254523
2352,0.02760680420995693,0.11102458274454102
2353,0.02066604701983144,0.11031448002671239
2354,0.027812212968367767,0.11272158343018147
2355,0.018301322016876693,0.1109363727999809
2356,0.026611865757961633,0.11266927464041196
2357,0.02047149975985569,0.11109893931482072
2358,0.018233455799309812,0.10875802948361352
2359,0.01924779171235042,0.1109188367101483
2360,0.01752750763558669,0.11018570680591397
2361,0.017642571298890165,0.11274511529538865
2362,0.02116251209032573,0.11138009378933966
2363,0.01934599218930944,0.1136941070992845
2364,0.040244233995956315,0.11012348090123414
2365,0.020040963224622895,0.11332066403818608
2366,0.018777613895930655,0.11028178973604265
2367,0.019141962894801995,0.1109252153034497
2368,0.01827874249518852,0.11117431489671382
2369,0.018903789072528154,0.11029636740385738
2370,0.018304440210395286,0.11097535011090133
2371,0.019063100236289928,0.11045220374762264
2372,0.01816578432450474,0.1117984176541032
2373,0.027147105886224297,0.11021529104476585
2374,0.019848395717041247,0.11024346966343117
2375,0.02838016717131235,0.10973217168398071
2376,0.018223546381140578,0.11291186967141048
2377,0.01876441840094085,0.11171139881276247
2378,0.020512088181503515,0.11376504230320006
2379,0.01838505227807734,0.11014763687860996
2380,0.018846479851787553,0.1123219367518162
2381,0.027523514712492127,0.10948431161337328
2382,0.027295810190908213,0.1092173921733273
2383,0.018497160773105384,0.11129986773009289
2384,0.0288398245168517,0.1097671717666743
2385,0.019726321366863753,0.10979403036280085
2386,0.016476032163562446,0.11178830596513319
2387,0.021407809639845895,0.11177959827178702
2388,0.01897865241878085,0.11321197887112323
2389,0.028133233419406378,0.1103093331880438
2390,0.017473324409286055,0.11065890415942758
2391,0.027895027035876502,0.11021207269271813
2392,0.019018326818849598,0.11240995525940319
2393,0.02908604194448099,0.11037874464552504
2394,0.020397734550940207,0.11091686772149906
2395,0.019037021143029104,0.11583279971416134
2396,0.021711009177948614,0.11205056494564042
2397,0.019372092799333197,0.10997969440574336
2398,0.019148438059517582,0.11303690350369404
2399,0.031104627564596157,0.10918393428612472
2400,0.02732661666004075,0.1128284466968742
2401,0.018790477162758383,0.10935196082544207
2402,0.029002233072648227,0.11368572751158162
2403,0.03731463723421844,0.11078643255439916
2404,0.018971769454477348,0.11028060399201281
2405,0.01869238307553586,0.11245158350183851
2406,0.027748126738053693,0.11430044931576665
2407,0.01825033021407628,0.11230539102900895
2408,0.017718375482389172,0.11229934420128514
2409,0.029861625301473568,0.1116592715071855
2410,0.02085080726486762,0.11449012178974342
2411,0.018670683966067893,0.11062145005342058
2412,0.018467282928923454,0.11213398762140657
2413,0.020499420191707283,0.11057016740840181
2414,0.01848279467570744,0.11459132209233473
2415,0.018335183545199682,0.1130164916578092
2416,0.017592735629423657,0.11246710237031593
2417,0.017025660758481876,0.11093234989726752
2418,0.018193112470232954,0.1130648671759101
2419,0.018629290221907128,0.11109952856424757
2420,0.020259114338499626,0.10907291592960071
2421,0.018907205087824674,0.11407285784943062
2422,0.01823516228589518,0.11223329131241729
2423,0.02894420461688296,0.11190996093110632
2424,0.027418738067570524,0.11325373767611377
2425,0.028534828337802784,0.11073241459397146
2426,0.020266296692356047,0.1135471810150266
2427,0.027818688509699693,0.11102793916574397
2428,0.019982778820498235,0.11375551887398076
2429,0.02000371286744795,0.11138579669527542
2430,0.02711403719076542,0.11351232437935091
2431,0.018441453932267746,0.11072590459782378
2432,0.018713542645604445,0.11197035162147125
2433,0.01789751017705587,0.11325139606506902
2434,0.01822581424795348,0.1108339077286553
2435,0.017884215211559987,0.11312526064857206
2436,0.018864638414409093,0.11001308566720265
2437,0.019397708654497112,0.11389277925840895
2438,0.017521466429237288,0.11291457520317015
2439,0.029336719087625744,0.1122699233897049
2440,0.017762142397042914,0.11112970246333526
2441,0.018561320431927528,0.11404878674145032
2442,0.018356727150073245,0.11189522614753933
2443,0.018841322785868166,0.1135250132783015
2444,0.01796478330271558,0.11135438232120116
2445,0.02837202451585976,0.11402009078359843
2446,0.019247853153364785,0.11256690411116545
2447,0.018368469615434778,0.1120055415165753
2448,0.030785614875697042,0.1139807364434228
2449,0.01753111987091531,0.11174912963594709
2450,0.022002226039533706,0.11260986712791567
2451,0.01801838447576313,0.11093142103954665
2452,0.028586183753460177,0.11374808392279728
2453,0.018664827745489564,0.11191403075940627
2454,0.036499077500921434,0.11289586606703904
2455,0.018558248973869044,0.10968556475445143
2456,0.028326554507087202,0.11290863802409112
2457,0.021578588660187484,0.11224087667569779
2458,0.01850641766989306,0.11122797410888481
2459,0.017409450984720527,0.11148075005016231
2460,0.017167158319752046,0.11207706331833263
2461,0.018504451572030876,0.11064900114273368
2462,0.02004688404804113,0.1119089963143332
2463,0.021663640599499302,0.1115445118014675
2464,0.018380218456998516,0.11300850639068394
2465,0.02045792820615268,0.11385150410627064
2466,0.02835643635975156,0.11039031485567116
2467,0.01702331415841759,0.11107731476090008
2468,0.01754135123474471,0.11146681647476994
2469,0.029661802569153167,0.11270620039008315
2470,0.025878657519723926,0.10972534712021213
2471,0.017986086165082866,0.11042423146709165
2472,0.017082157565228243,0.10917371143598605
2473,0.028845290703039185,0.1092721547063132
2474,0.016790558908099665,0.1087006056181769
2475,0.019885042302754233,0.11256639097343411
2476,0.03016349084698668,0.11523319291590449
2477,0.028009736163068715,0.11295488374050996
2478,0.03086872876484566,0.11436252187666737
2479,0.018500279308206236,0.1111425531649948
2480,0.017637630404910325,0.11125846629154712
2481,0.01754991819959449,0.11188378226114694
2482,0.027689086792984725,0.1139746474704348
2483,0.01866966191107016,0.11223561264443815
2484,0.01947685830341798,0.11296421315586358
2485,0.026531354734399663,0.11377957302675511
2486,0.018318295093445944,0.11014614633300848
2487,0.019463087172250388,0.11213501249638416
2488,0.02840180564263024,0.11116692761804227
2489,0.02105302039860838,0.11300761028564066
2490,0.028233941591879044,0.11178568321137798
2491,0.019194842885514037,0.11391047537700276
2492,0.017711687873943845,0.11353567638492823
2493,0.01932518906470937,0.11143419669385542
2494,0.01763665912013069,0.1121393766506274
2495,0.018531052757720216,0.11377515221822232
2496,0.01990262087329428,0.11289804871369125
2497,0.019170889555006565,0.11197280228362047
2498,0.019436730130292405,0.11230114754055974
2499,0.019218590706119715,0.1101563775860576
2500,0.018091171022306042,0.10957800649237215
