epoch,train_loss,val_loss
1,1.0102417226121718,0.9954997386251178
2,1.0030691472340527,0.9436968069028735
3,0.940798578030637,0.9207619252360255
4,0.9495458191838758,1.0002640461861938
5,0.9857203074757208,0.9072410119207281
6,0.9636076920458516,0.8762095958965465
7,0.8103078988652245,0.7465260720492007
8,0.862823254262392,0.830266829421347
9,0.7296450125012652,0.6401482346960178
10,0.6060032676379883,0.5692036804698762
11,0.5437914815068619,0.5145327271076671
12,0.518527991532532,0.4872803319068182
13,0.5151892404384374,0.5028792281348006
14,0.47951032384809655,0.46269182640508305
15,0.48414277796834987,0.4612231366616443
16,0.450305027367553,0.4381553928804278
17,0.4416077455569958,0.4715512319465628
18,0.4522000387731391,0.41135178211338835
19,0.4292306996251348,0.4263932518941119
20,0.43725500183419375,0.47540659675920816
21,0.42861900742524844,0.382325169586
22,0.3875274995464516,0.37943864316868603
23,0.37840222564984266,0.38486032789213614
24,0.40336484090661556,0.35391698542394134
25,0.3452484268566658,0.32634484962114413
26,0.3372150280258872,0.3230078355560924
27,0.3355316558975411,0.33197157656339776
28,0.3078001024767897,0.28389973957138254
29,0.2930589426647533,0.2838273685528222
30,0.29234368608663075,0.3448212745046257
31,0.32918130062216877,0.3074085046175429
32,0.2948025732204832,0.2900605118812475
33,0.2776558647708833,0.30200647351735815
34,0.2915878843364297,0.2736123791314605
35,0.2665647017451289,0.24161659995266668
36,0.2534930107642117,0.23653596467840343
37,0.25597539516078266,0.26677729282761575
38,0.2771127745275587,0.23257573998362796
39,0.22130992891833326,0.21355952445725748
40,0.23186909783409682,0.2206173328528727
41,0.23259413900980755,0.19409701609073726
42,0.21725052305523504,0.19611459682907975
43,0.20258537789684106,0.19531285258612238
44,0.19969758349339417,0.2215788350592281
45,0.2111483588581175,0.1975171676181014
46,0.21097640511010507,0.18176873282232978
47,0.20603593291720626,0.2155394006641885
48,0.1827906210874689,0.18312378836454904
49,0.1838610995339002,0.17022530286383808
50,0.17420900535994563,0.15994727503237569
51,0.17559851210879682,0.16916366003659136
52,0.1686913443489882,0.17215881270722935
53,0.17084389616703166,0.16458249028613395
54,0.1683354470703669,0.16079570102811158
55,0.1617252966359865,0.16324862968503384
56,0.1544895577113083,0.18622742399087824
57,0.1545606231708138,0.1519465516683153
58,0.13962013033863893,0.14153889871032016
59,0.13782209171957358,0.16797259804748355
60,0.16324937759335137,0.13096223506413607
61,0.13498644194446013,0.14692494545813492
62,0.1384337360395533,0.14297197927209668
63,0.1517709943474647,0.1530078271950098
64,0.15302542108913947,0.17904951089157498
65,0.1605117178542487,0.14345459203074748
66,0.12711856322695841,0.12718407385854194
67,0.14706850385871426,0.12483922285693032
68,0.12417898857294579,0.12292217091659556
69,0.124721071282898,0.15609998216754511
70,0.13200809211005984,0.12206734309817914
71,0.14997654716516362,0.13183788447302386
72,0.14413503550436804,0.13596131049451374
73,0.11728688976420878,0.11818540860014153
74,0.12958817454901608,0.13382444833230256
75,0.15253594884397842,0.12451772343245963
76,0.12902881917441528,0.11521564496863157
77,0.11696866168684346,0.12252693098589293
78,0.12700839564904898,0.12161840744932792
79,0.11707839752813118,0.1387718553680525
80,0.11435089685419884,0.13090874678583672
81,0.13358142030743597,0.11729477872525838
82,0.11851774959541787,0.10744521992845942
83,0.13354355874573548,0.1181991137657548
84,0.14042527646667158,0.1249717205464093
85,0.11449986240800272,0.12495089804095433
86,0.11419429763170619,0.13387739034673027
87,0.1263644517308866,0.11822338497504256
88,0.116863742797726,0.13707176003987925
89,0.11887592934422359,0.12762592439738132
90,0.11192281091101117,0.12454128545477874
91,0.14316091478618334,0.13968937057899056
92,0.12954100511010538,0.1197138684136527
93,0.1387460186937386,0.13978248866354315
94,0.11287744175117218,0.12330778671386547
95,0.10163330987422818,0.10543648026566159
96,0.09896290220530429,0.10160686846887856
97,0.10639091130334381,0.10358356122384992
98,0.10309262228049455,0.11777612772352415
99,0.11843573766815998,0.115380162732643
100,0.1075125587724593,0.1272592785439097
101,0.09907862695874091,0.10983563905446452
102,0.1160598606992291,0.14652353521427117
103,0.10929156300322763,0.10665833649405262
104,0.10561854817370263,0.12444172002244414
105,0.12883588526876744,0.11443794826815899
106,0.1025177053990409,0.11290650196690906
107,0.11190203694060305,0.12302599051841219
108,0.08722404437285605,0.10436530711880901
109,0.10167834555093772,0.11071634727686569
110,0.09739749065854332,0.11210512556602482
111,0.11801203020314065,0.10677845509055264
112,0.09869808171142978,0.11850215920380183
113,0.088471029105605,0.10516273194835299
114,0.09796318988721572,0.11509784839505839
115,0.13238562912122584,0.11054484852423943
116,0.11155197428405098,0.11513464038906839
117,0.09868216988715259,0.11150651841534111
118,0.11797136304240241,0.1125893475006995
119,0.10849199724328182,0.11143923746912103
120,0.10498424497984793,0.10696836486272047
121,0.10000894634420969,0.11038757311670404
122,0.11096757580307211,0.09728176746153294
123,0.10217331184021732,0.11578426584788133
124,0.11024509715996565,0.11600568074555624
125,0.10222901532362247,0.1320339720649528
126,0.09501279780763817,0.10341962133732654
127,0.08607874007247458,0.09702592154493309
128,0.0973690854251198,0.12043625669073042
129,0.11781177148923605,0.1109481219547733
130,0.11360014335115128,0.10332413497649338
131,0.09652508891021197,0.11248223743119036
132,0.08759177670022911,0.09956644766760948
133,0.086772917860354,0.11176107474661112
134,0.09123024351451091,0.1012536727246784
135,0.07959759812276565,0.10187650780032452
136,0.10192701447066095,0.10553302871702906
137,0.13950151429280966,0.12189363902971559
138,0.10944222663543815,0.09792193331589974
139,0.08630639756080873,0.10918102923192476
140,0.11472218408947081,0.1105460907545006
141,0.09220942028077045,0.09663018797125135
142,0.07743129031411533,0.10482984956792721
143,0.0847331514599555,0.10581683397367783
144,0.08248290015518853,0.09653287388403016
145,0.0875601303241096,0.11541394820264109
146,0.08675614651000611,0.09372389895426002
147,0.08653504046433398,0.09502508046857097
148,0.08128242603383468,0.1006195216549369
149,0.10433812530530284,0.0966500808907332
150,0.07928613339752238,0.10312602424382566
151,0.09007614953764553,0.10329641728547581
152,0.07620133254034765,0.09779443093260429
153,0.07935101527218534,0.09629145998479728
154,0.07651033004903494,0.09909175035723469
155,0.09603528022112144,0.09745656295602483
156,0.08181214699270584,0.10649532774337252
157,0.07557909104237362,0.10512214884124603
158,0.08394368586121682,0.11110481838310572
159,0.08114628778729693,0.0955177012802963
160,0.08009421860443014,0.10086660148729955
161,0.08469609453760345,0.10089205881407984
162,0.07875086525951433,0.12377982004020448
163,0.09109784001747269,0.10973124945522252
164,0.08692608783050765,0.10645564236587152
165,0.08969299067804432,0.1093172942636007
166,0.08102301013039945,0.09967232891416788
167,0.09674142772874862,0.09263540059328079
168,0.07688634910366753,0.12048683054091637
169,0.08459950820031958,0.0964040782928168
170,0.08274553945072019,0.09754993055099831
171,0.0787898404377755,0.10450065436593273
172,0.0841531735555879,0.10469846109997359
173,0.08404858910177943,0.09032573924402247
174,0.06905068984973393,0.09403915374649498
175,0.07890496050302512,0.10848623697172131
176,0.07540818420603732,0.09018991816611517
177,0.07571568234960861,0.09048515337899812
178,0.07156433627523225,0.09801323747351057
179,0.07380073183569415,0.10092092408124068
180,0.07899078208264139,0.10027362023454561
181,0.06356179355687482,0.1014938328163068
182,0.0738224608350697,0.10619693973981648
183,0.09778031706809998,0.09340863508688178
184,0.07251226223514745,0.10005873858107063
185,0.0708832747790507,0.09187509117643337
186,0.07513842600920358,0.10477514404402043
187,0.07453551180777505,0.10241375533037615
188,0.07859867367438014,0.09528892866352148
189,0.08517052597573559,0.09056059801414199
190,0.10122673653743484,0.08829260753808464
191,0.1059189389305055,0.09912762568708051
192,0.07240497682909233,0.09381983363837526
193,0.07458581345675508,0.09145330697447435
194,0.06985498642473012,0.09875187720347167
195,0.08404608351122997,0.09582200652002391
196,0.07535790747796481,0.0952978958574154
197,0.06913636140175,0.0998746132230699
198,0.09213317858294634,0.09191186279805381
199,0.0649292362988182,0.0975018456615601
200,0.0753671071932981,0.09262346222361825
201,0.07416669258316483,0.10533082044513005
202,0.08074492725272164,0.10488354145808328
203,0.09168665010633888,0.09669791001425053
204,0.07019214451219595,0.10247540335756794
205,0.06197861302935965,0.09236380104955874
206,0.06981542330457126,0.11353087946212381
207,0.0864692876424909,0.10757073924356236
208,0.08039787226009144,0.09561055726873546
209,0.06798667273831592,0.09502618279970977
210,0.07249202969305941,0.09473395304647006
211,0.06885934534678265,0.09733732679583375
212,0.07368325002981951,0.09588674805068731
213,0.07329788976889046,0.11262000228901554
214,0.10574470086718055,0.0963399871660952
215,0.07389444989797464,0.09613047853896492
216,0.06485643665244961,0.08895181554526016
217,0.06309869324899392,0.08900821263105947
218,0.07507575674677344,0.0901350008888651
219,0.07334859849050127,0.10232231248739668
220,0.06365422285556045,0.09243244784218925
221,0.06954581302161501,0.09777474985983138
222,0.09059603160778557,0.09269273348320696
223,0.08383048616559902,0.09421583610519133
224,0.059122337232749664,0.09125979909472597
225,0.06385222470919166,0.09769047944243987
226,0.065856060007336,0.09945804549189738
227,0.0897905630144206,0.09836798835368384
228,0.0815571690427846,0.10305321692748177
229,0.06925001098164196,0.09383119620326766
230,0.06737686464779055,0.09422948635311652
231,0.06498552753727264,0.08939949142977707
232,0.08236010216153154,0.09935493776598073
233,0.07503856501328908,0.09653999548134648
234,0.07485792370145224,0.08763692946287624
235,0.07356678290426918,0.09323480626320779
236,0.07161697420674058,0.0997213366299046
237,0.10275128978920581,0.10877636999339986
238,0.07996826838456725,0.09618801343485825
239,0.059654936322878147,0.10382488334462756
240,0.07039871744134209,0.10514816451341585
241,0.0697064338526382,0.09894524548286782
242,0.06156236421445321,0.09531440759511818
243,0.07127779556385776,0.10532400557271819
244,0.09080848378073833,0.09602459975726024
245,0.08433237052916732,0.09937661305480733
246,0.06803008055658924,0.09501828776116956
247,0.06794245744293387,0.09630839078498066
248,0.07059772443435035,0.09848059532711081
249,0.08535367157018296,0.09858516353488267
250,0.07620721734289465,0.08722809702157974
251,0.056751393529128134,0.09350204988753885
252,0.06755393334784104,0.09902518309820864
253,0.05972544788193179,0.0930717900619471
254,0.06562625067921642,0.08929942609896337
255,0.06050427755498587,0.0992658097754445
256,0.06533614409427657,0.09629953109232106
257,0.06274898360749023,0.09590963632764674
258,0.059649539381545914,0.0945357196313098
259,0.059131424815677174,0.09511917047109221
260,0.06282440557795632,0.09255811867110413
261,0.07738024479823426,0.12303620515237178
262,0.07814984198741405,0.09735757911713201
263,0.06802406365221197,0.09002579701947688
264,0.05759265728084645,0.09100090751522466
265,0.060787269185796425,0.08514978725435142
266,0.055003490007035784,0.092330013544189
267,0.06406195078710777,0.10417492058417552
268,0.06752086316343385,0.10728533386735987
269,0.06294533264674364,0.0903210730144852
270,0.05730245416534358,0.092606680323008
271,0.07549245687067321,0.09237310760899593
272,0.05847086372046635,0.09038856771207393
273,0.055144353696731936,0.09747875257766336
274,0.06500746354133731,0.09606093123443145
275,0.06258967100733126,0.1046688381703874
276,0.07131522389414915,0.0908425059683042
277,0.06273788921418234,0.09834472793983039
278,0.08487250522760015,0.11420134538994696
279,0.06897434860841607,0.09190143191052559
280,0.07511192116430934,0.09905151066774115
281,0.0670517840682526,0.10653524558272279
282,0.07921685406873966,0.09976569555681152
283,0.06769476457262488,0.09974355708088792
284,0.0835456929306812,0.10110591979403245
285,0.08420833196712886,0.09089562461190953
286,0.06291856407698793,0.09922492903724947
287,0.09231657070052288,0.10952408678997728
288,0.06627478879120283,0.09260616520592443
289,0.05819373870951629,0.09162243924344093
290,0.056219456664820824,0.09297950039232585
291,0.07273754428453207,0.09222035472255602
292,0.06583048964976143,0.08547236389459524
293,0.05329243075044177,0.09571121000033572
294,0.07530324992528156,0.0931390547065209
295,0.062187186579532386,0.089818272973063
296,0.056021002953329055,0.09506812321960478
297,0.06554214158869089,0.09893736553222016
298,0.05792822624588835,0.0868832053322541
299,0.04954379631153842,0.09066568974190786
300,0.059105439339311894,0.10657343656795665
301,0.056390291050683744,0.09336454923589128
302,0.07257075220066178,0.10697191385995775
303,0.08602584075170998,0.09080769644494642
304,0.05072806206850049,0.09195091338235334
305,0.05817916450969478,0.09645237889430278
306,0.05092914817054817,0.09500945966345326
307,0.06793398425263297,0.09339084207339395
308,0.0539688552294779,0.10651027196481413
309,0.06099181958593919,0.08737441675181974
310,0.05385942746619446,0.10566133650995436
311,0.05821036512388331,0.09246810449095896
312,0.04752535653245113,0.08887141604994174
313,0.049544604933093706,0.09297913111242137
314,0.07563349723722494,0.1047554407128714
315,0.05520330325096005,0.09473196349869993
316,0.05596120294685648,0.09601629383507229
317,0.05580525522975712,0.10209269042974128
318,0.07180673982889675,0.09298504728422428
319,0.07016987845208204,0.10025390022828765
320,0.0572365778483754,0.11370397323653811
321,0.06370949295574221,0.09388169467001033
322,0.05053228643200241,0.09091646655609734
323,0.07403146683422375,0.10807235023580995
324,0.056312474162320734,0.09322396678882733
325,0.05101280609221668,0.09884231362053028
326,0.05478009927235427,0.09491944068431257
327,0.050760083589527674,0.08917749846788277
328,0.05355103852279881,0.10275532678703318
329,0.0522523877389005,0.08598024980690246
330,0.05174962874957387,0.09720978799992636
331,0.05377096543818432,0.10093956985942702
332,0.05546339730904394,0.09357540559649169
333,0.050041176472151165,0.08750125775137044
334,0.04016557331182366,0.08435773117500439
335,0.04419343746894953,0.09049370263079952
336,0.06966800576653974,0.09077007846351255
337,0.05451056491992317,0.09253590346727156
338,0.055142265268627755,0.10230780465710432
339,0.05493671618705633,0.09697135866509941
340,0.058165516599218675,0.09375765626517155
341,0.0575400335264617,0.0977953573067983
342,0.05227673133152032,0.09386432811356428
343,0.05221445494124134,0.08927399726738607
344,0.04666031538552625,0.08917256426019478
345,0.056083788458830136,0.0928806567699987
346,0.05262815760781399,0.08981645237981227
347,0.0679704066727976,0.09417636093116344
348,0.059552247948407376,0.10231385387498933
349,0.05349711356772151,0.08948264334509547
350,0.05452925237742337,0.10039142470685462
351,0.04814607662887409,0.08176318066834208
352,0.04781988746600465,0.09162342432596929
353,0.04350001488733441,0.0886008859913152
354,0.052633929203576804,0.0976517680929717
355,0.05034774001162254,0.08783257543517832
356,0.05197863743222993,0.09904689373527852
357,0.052111320793161574,0.08987760017240855
358,0.044958736840927487,0.09169915551903254
359,0.04665032305921133,0.09657352100264159
360,0.062365346544401776,0.09436177185977013
361,0.047638368118425894,0.09367981325265459
362,0.04801639524466565,0.0909136947907302
363,0.047389665437529455,0.08815909115443553
364,0.05334478565331163,0.10045154519696582
365,0.059117601582996525,0.10364102730924324
366,0.07299828080921711,0.09697742847945158
367,0.047508020969954406,0.09342676877303231
368,0.06004629641491044,0.09638209291792155
369,0.04821054510141615,0.09007832949472251
370,0.04696206589664412,0.0889610889412108
371,0.04143161241397215,0.09842838647595623
372,0.05227970494231834,0.09256256715322198
373,0.06705171432708125,0.09569125648653298
374,0.06394517939058965,0.08714558307389568
375,0.04901078553595887,0.09589964823615282
376,0.0642819690246567,0.11445161220349166
377,0.09382318776556317,0.10323210327622287
378,0.052708065762041505,0.09608131828239388
379,0.06500176148821941,0.09324455154793602
380,0.047751403375759394,0.08846439137345269
381,0.05098841832162444,0.11413854646279399
382,0.04779658738675536,0.09138307824992296
383,0.051856255386503514,0.08939923923042484
384,0.04810536694844315,0.09344479271717239
385,0.048074572379219124,0.09270670302305604
386,0.06079485771891465,0.08746126137281719
387,0.04868737568489063,0.09365248489648775
388,0.04919595864592675,0.08985319408707153
389,0.04207593419802226,0.08972732222319246
390,0.05822739915974835,0.0974984917612303
391,0.04545601931485263,0.09680639662987606
392,0.042275823535964034,0.08996701037002387
393,0.040744592940732606,0.09386962065870003
394,0.04855812096904064,0.10068789819129427
395,0.0672068302534217,0.10619667904418811
396,0.05117768324841526,0.10000208106106684
397,0.057503568551570274,0.09216125242244032
398,0.044979327746599816,0.0948869322326249
399,0.047211286241077705,0.08984214883475077
400,0.04140064061902533,0.08760174572990652
401,0.040059220956691004,0.09154459809823741
402,0.04690984033959039,0.0924604216725904
403,0.055781224199503564,0.08796265456162598
404,0.03719441242352548,0.08660448667474259
405,0.04046483563265083,0.09150801442171398
406,0.04924432959022193,0.0939774904446793
407,0.04555184737455135,0.09545699385622688
408,0.04377599038347182,0.09067482527410775
409,0.06046220528247962,0.09933943077361673
410,0.05502075120386285,0.09625469379705892
411,0.04859395579764836,0.0973960114152808
412,0.05005288828269441,0.09377431908720418
413,0.04750469593231955,0.09593670010417327
414,0.058734871038355424,0.09206270807443705
415,0.06034769652685775,0.0976442421289315
416,0.05510796975566302,0.094230488969718
417,0.050200344615128345,0.08790967211986245
418,0.04306553501554044,0.09532237170558226
419,0.03891054044556468,0.09197628468200378
420,0.04237903112714941,0.09474725395739826
421,0.04295836637806743,0.08727977113018658
422,0.03858095914312291,0.08509350917243719
423,0.04173680719537047,0.10379803768898312
424,0.052848206967302254,0.09920264483618557
425,0.043100894863796084,0.09578624864419301
426,0.04900338295204886,0.09699797010361999
427,0.04774518973167787,0.09727933847889267
428,0.05381271603946402,0.10014135894694723
429,0.047044717195826265,0.09627283465369303
430,0.03914001427567491,0.09453856086073663
431,0.0401635154217575,0.08871856356100331
432,0.0464831324977374,0.09797401444281552
433,0.04755961189636242,0.09539756886567687
434,0.039431283116153786,0.0955395297448438
435,0.051469044135095184,0.0932601665643821
436,0.04860333557646476,0.09837927340639564
437,0.05003714622188138,0.09626044521579766
438,0.048666022647884576,0.09347192317546162
439,0.057859098567951434,0.09752652809061203
440,0.04507402299106308,0.09109192451737579
441,0.04141746547808842,0.08688046603946757
442,0.04365017705342986,0.08952576261863374
443,0.03619148214362258,0.092503625927563
444,0.061993558940749184,0.09397851126758676
445,0.04095534666158189,0.09109270061018473
446,0.043336518564287774,0.0907549767902023
447,0.04801808610605222,0.09968538287289459
448,0.047222611333789494,0.09019615979197629
449,0.04704401781052631,0.09471098398953154
450,0.07295474718356955,0.11075494005193089
451,0.06079505276530514,0.09761817613266464
452,0.06385922324507962,0.0956958907663374
453,0.040983954859097546,0.08613923711137365
454,0.042455816950917616,0.09401682009897136
455,0.04198962981377649,0.09208424430443231
456,0.053813775388237825,0.09581147070815389
457,0.06068428973652726,0.09184258604856362
458,0.04137384485114704,0.08696055851111137
459,0.051292801982369914,0.08860859439187779
460,0.060796278911324504,0.10523845427167744
461,0.042547151422986415,0.09321256893171105
462,0.059933442283760414,0.09291102010803413
463,0.058107868607701924,0.09758305431980836
464,0.04056364655214417,0.09719115144626837
465,0.040301863816464584,0.09109210209888324
466,0.035987132161762275,0.09318029766617562
467,0.047181916531163694,0.09336549095940172
468,0.05534788251483702,0.09336293302009578
469,0.041680388444549986,0.09503550750943354
470,0.05924134296262899,0.09046469223603867
471,0.04037423088539357,0.094449874452481
472,0.057384674451941606,0.09201396260419883
473,0.04034557975945428,0.09607039743049402
474,0.043669330440811976,0.09136853215837837
475,0.03733319724942076,0.08987413201116978
476,0.044426163629304655,0.09697720141413815
477,0.03932925252985431,0.09222647951061565
478,0.04642876383606169,0.09645588414038632
479,0.04742057092464456,0.09021209762956862
480,0.061091367704180714,0.08671432714862633
481,0.04114826948478304,0.09034357059345509
482,0.03513929419523123,0.08681763409821312
483,0.036791772199181554,0.08985583500978642
484,0.040603558635076385,0.08924510273942374
485,0.041110662433981524,0.09703085308236287
486,0.0367118057132141,0.09112036286066648
487,0.035810938595464234,0.08393788059477818
488,0.03674403698326652,0.09396016692980788
489,0.03762360433332599,0.09651982274494673
490,0.05280150095917588,0.08959923482927165
491,0.0512230607292682,0.08541184463970046
492,0.03496185207862092,0.09604081642209437
493,0.04140542331954528,0.091286868361154
494,0.07357286449323254,0.08676811486930776
495,0.0420598907273578,0.08643537657078645
496,0.04077215515497523,0.08967831234137218
497,0.03640326862238044,0.08565579862672285
498,0.03840442677977317,0.09056142844577182
499,0.03585728699323899,0.09283305213490226
500,0.0453011504371525,0.10535713382308047
501,0.049311020507894716,0.11115782922670656
502,0.06370519114465549,0.09931255718296333
503,0.038803353823931616,0.09277776238464173
504,0.04127222541310944,0.09266061998698347
505,0.03765227108446408,0.09395298283351095
506,0.03613250335929536,0.0971672659492433
507,0.045093546198173004,0.08872095635510925
508,0.06700103399475166,0.09565152351121257
509,0.038129818768803975,0.08396066484370626
510,0.062213944312079945,0.08836066287785843
511,0.03794597957551853,0.0957147754859506
512,0.03637910432249401,0.08756462572361891
513,0.05464663705715565,0.09325094739521357
514,0.03618047979067673,0.0870785628979965
515,0.0325252732559805,0.08890868314450845
516,0.03819325941156444,0.09695708846911452
517,0.04313868890315014,0.09072539027322803
518,0.0378425317031089,0.09186059555837087
519,0.03478826921094547,0.08547160087298032
520,0.03613324455192844,0.08687203313996618
521,0.03612332262075433,0.09654010641843752
522,0.04596255030658178,0.0955745905338971
523,0.03985680980742164,0.09814321384170002
524,0.037496450435965785,0.08599020792801577
525,0.036731944445719165,0.09335990293058835
526,0.037411616467009516,0.0948074770563826
527,0.0556828207029818,0.09078152401181391
528,0.03759864901650849,0.09514035000687554
529,0.039458016219744485,0.09952329186942045
530,0.03785422370188102,0.09097673041853391
531,0.04087733873239131,0.08743632762205034
532,0.03305871472299846,0.0861735178862598
533,0.030773423180030804,0.08598745993354864
534,0.05378162744090101,0.09329463022394587
535,0.05096493490904476,0.09495507649386437
536,0.052704605411119224,0.09262210868280334
537,0.04410030855140342,0.09510272941120286
538,0.04094155334800388,0.08947651345927016
539,0.03530351783741604,0.08597901521395322
540,0.05384820537367211,0.08515153913046782
541,0.03662487298110062,0.08705684555727139
542,0.0530979281472375,0.09452824253486213
543,0.037748607441923085,0.10630772432737183
544,0.040654706578923616,0.0916410492439019
545,0.053886480658639185,0.08917467494058728
546,0.03824843562041704,0.09715437625807927
547,0.060967438646992174,0.09096162646710125
548,0.04025807216483224,0.09564781198301411
549,0.041043768762421086,0.09079922401441966
550,0.06254633596651607,0.09967519714494695
551,0.043753974863728014,0.08519006869697332
552,0.052240835006427615,0.09351302281881035
553,0.038081930716723486,0.088130770022409
554,0.0358688293205907,0.0874993262397018
555,0.035399741046481,0.08978611240186787
556,0.03762801719076207,0.09093381813668966
557,0.03726408241731246,0.08901613894709967
558,0.03665979132990478,0.08847504213713762
559,0.038431242692246334,0.08820329206927977
560,0.043351250779479274,0.09432976037487947
561,0.05642809814607088,0.09157796377750267
562,0.037401759757610696,0.08642248484425079
563,0.032634871389985456,0.09769724133916965
564,0.03516395545351468,0.08671064521734577
565,0.03862876598037149,0.0912201844510578
566,0.0523907810823297,0.0940729436420259
567,0.0419273120716074,0.10745036376075338
568,0.04233459791980193,0.09436148853230297
569,0.04736891352691247,0.08999911835767273
570,0.034842946563721826,0.09342526022652935
571,0.03282916248078257,0.08911661820528202
572,0.032840599168710946,0.0900491358044751
573,0.09413822943514044,0.12976433093984024
574,0.08595241754546434,0.102029216001954
575,0.046315441999969814,0.10004740535167225
576,0.04023396511062933,0.09346914354870493
577,0.036120684519643696,0.09197111336285607
578,0.04160693891603371,0.08885778088990907
579,0.04104059717404805,0.08961947783267588
580,0.04475110053992757,0.09141119924329576
581,0.05341357879083732,0.08676281599397946
582,0.033615329294088864,0.08325709411897755
583,0.03757462011749468,0.09057030873489857
584,0.054742981787759305,0.09442505880928877
585,0.03262705625645045,0.08908478357364659
586,0.03265721246973848,0.08946620659870014
587,0.03070108426682254,0.0846298186850727
588,0.037407190962271256,0.10884282457873337
589,0.04296718223668565,0.09219288105205785
590,0.033135551562223316,0.09029078313656021
591,0.05245519271791915,0.09297077988920953
592,0.041018170920612294,0.0911366167784036
593,0.03733749360686933,0.08732438106136513
594,0.034572668834866774,0.09514491177889936
595,0.03790761774470066,0.09662293233817681
596,0.0404034805685562,0.09412109739798352
597,0.0319141791461964,0.09297038954600953
598,0.0343718662694517,0.08708190085146959
599,0.0503494826300204,0.08566459852800633
600,0.04040403576526896,0.09205289015121627
601,0.04650388573381034,0.0957344893114011
602,0.05008807336345175,0.09107856476740132
603,0.03294981836244978,0.08830975636578443
604,0.05029669702987312,0.08757214425575166
605,0.03353957487357821,0.086329912351337
606,0.04742941111442998,0.08768335057604582
607,0.04469431380866837,0.0870890564899098
608,0.03932435304907422,0.0973413054058725
609,0.038115386235116046,0.08735452088198267
610,0.04699972059379177,0.08736766796363027
611,0.03195734244996104,0.08814545739488792
612,0.03307057064038272,0.08581175619647616
613,0.047157546242576405,0.0929562826279112
614,0.030083624949696297,0.08698659847702897
615,0.04734550632513055,0.0871045912865708
616,0.030128421034185116,0.08835547088755104
617,0.060099867105390586,0.09653343019404806
618,0.05384413072354741,0.0965619552740477
619,0.042372657272229,0.09343453311830535
620,0.04152948906802832,0.09655205759787022
621,0.042300735019310885,0.09493386958326612
622,0.05399945478734552,0.08814752874965955
623,0.035479189606155724,0.08985380904940435
624,0.0420794101974994,0.093016411819703
625,0.03549401537401362,0.08961280984313864
626,0.06623054391538089,0.08781596138737255
627,0.03334855769401807,0.08849509136942693
628,0.030954472276858026,0.08354427428323224
629,0.030831621054758472,0.09234264840308885
630,0.053601222054384716,0.09069746587061345
631,0.06552417182763542,0.10759916190142021
632,0.06522000424540529,0.09406727083718269
633,0.047435210299529254,0.08943497861985276
634,0.036201235712695644,0.08915282296656367
635,0.038676540463648997,0.08359466300796446
636,0.04197899304727402,0.0928690191311645
637,0.051425814663635154,0.09296728472661853
638,0.0308586766703936,0.08791223995592959
639,0.05131238745671455,0.08932227964389294
640,0.03464546846371833,0.08812202823191956
641,0.03710658670195778,0.09404785800398442
642,0.046402689548308576,0.09465797137198292
643,0.03308384723050467,0.08746269649655598
644,0.048057620749344644,0.08764045340076723
645,0.048949417941342326,0.08915975919567552
646,0.04191142958253155,0.09289379175145525
647,0.04087642711064659,0.09235477843380213
648,0.04119841247610164,0.09326105844929702
649,0.03265343318024773,0.08799313878953308
650,0.038168406061431084,0.0925197530920643
651,0.03138061178421899,0.08584596390338768
652,0.030479465824402984,0.09290936047720132
653,0.037189249463122465,0.08572081584754146
654,0.026361365449325793,0.08939223828022941
655,0.04754002629355951,0.08294951361148878
656,0.03398440924814689,0.08303857335171903
657,0.04298453608697111,0.08814357181912974
658,0.05732074027244574,0.09199985960745871
659,0.033561715371556416,0.09252552348270751
660,0.03370924079119225,0.0911562999799138
661,0.047193617796449455,0.09136540881523811
662,0.05114647125982939,0.09342371026301444
663,0.03465325391171121,0.09219997913989805
664,0.048905994054105215,0.08937631386862065
665,0.04318951744130786,0.08860447162524202
666,0.04362095420637101,0.09336296650102563
667,0.05539400756452525,0.09017968676368096
668,0.036986549300226296,0.08543188929707185
669,0.03855536157574773,0.09015556811390066
670,0.0461460453542796,0.08764787763357162
671,0.03656989376886885,0.0917404310259604
672,0.04932639927699648,0.09283473374401417
673,0.03129021382560737,0.08704528100508496
674,0.03689720053634487,0.0906069009450444
675,0.047444684717068475,0.08512487441749501
676,0.03069270617068748,0.08820921722286028
677,0.03236542347830291,0.08824331186394345
678,0.03389531870293767,0.08401487857327425
679,0.031676769636127644,0.08829938403720546
680,0.03810764358708851,0.09595862755500584
681,0.04492290665433511,0.08724347966954224
682,0.054671237251041074,0.08846557689340491
683,0.028808994644955035,0.08544699102640152
684,0.035319101462450146,0.08885133042371363
685,0.05275349095930874,0.09041133072964828
686,0.0560354428558514,0.09096175603998036
687,0.06470380071842559,0.08794364600178592
688,0.03137342502190775,0.08437642425223998
689,0.046511328133950036,0.09060608806616083
690,0.031648221084129846,0.08922544213240607
691,0.03132919990530582,0.09153778780074347
692,0.044586445850124556,0.08746872086049919
693,0.03156299287085436,0.08262009562032863
694,0.03995543159544468,0.08483463548179856
695,0.03239538564367167,0.10786343237063042
696,0.04853528043763204,0.0867174225941039
697,0.03168330672065666,0.08918320423080808
698,0.02825698723029754,0.0913925763023527
699,0.03376024542814325,0.08407966635729137
700,0.030908306663546443,0.08225654463346739
701,0.03227664331166909,0.08846524594944521
702,0.03532331343448274,0.08707993516796514
703,0.029992119359512313,0.08914060362224889
704,0.02899588518381866,0.08390380852951441
705,0.027841654270420253,0.08925015580161173
706,0.03797335801266578,0.09151510561916762
707,0.03193916093125986,0.08614215195029601
708,0.028419156275619535,0.0957039414267791
709,0.02821340296872918,0.08612443067899025
710,0.07729323195486233,0.08868439846618432
711,0.03431568189661331,0.09122676992401443
712,0.043185923733167514,0.09871559821648107
713,0.030970641496506603,0.08361449891836721
714,0.03344294991122331,0.08314467479187743
715,0.023811493839683204,0.08906114374037673
716,0.028662289711748917,0.09639640088965719
717,0.04843976366739475,0.08780307343281002
718,0.027379183285522236,0.08877918116729659
719,0.03620481117392035,0.08820932593784835
720,0.032550745588204706,0.08405310494409766
721,0.025876875885041156,0.08692644794184462
722,0.03395270156822982,0.08731382409283392
723,0.02951300881078998,0.08615994380604952
724,0.04845961912018378,0.09221400587555759
725,0.032879327999013344,0.08473318346535652
726,0.02841333574892772,0.08509031643992976
727,0.028837413343142566,0.089462508739236
728,0.029836146143443158,0.0915891442980085
729,0.02817758343833554,0.0941319032047028
730,0.032376128152526655,0.08725977457480921
731,0.045601743813545724,0.0859200574812435
732,0.02990939097951946,0.0869623729609009
733,0.029782331644974906,0.08798083892666307
734,0.05076516304036666,0.09293724379892039
735,0.03063954631900152,0.08859773342471972
736,0.03719320190854394,0.09148749358074408
737,0.03556907698979198,0.09581509398711953
738,0.038000290670365,0.09164779440950331
739,0.03611819518490645,0.09413806597391765
740,0.04040554780104317,0.08949618659596097
741,0.03270544870216458,0.0896728762931991
742,0.034749366961956775,0.08603947525633905
743,0.04390142853941103,0.09111315945634865
744,0.032829882057389494,0.08521211752317902
745,0.026519827422069906,0.08298742349135846
746,0.025083834924340995,0.08977288971269938
747,0.029264087826714247,0.08449660056739822
748,0.029931230826717933,0.08714947479784041
749,0.04667137413749874,0.09217282371562824
750,0.04929322163139391,0.09096657606145195
751,0.030628058709040704,0.08870162269600053
752,0.03523156956585597,0.08635764696021427
753,0.03419822251838763,0.08331248916704255
754,0.026907505426660976,0.08276797565899995
755,0.04331879531468344,0.091400938430675
756,0.028847719422982403,0.08634370057505175
757,0.02831059507441745,0.08633640550431751
758,0.028461161936665404,0.08550617907355006
759,0.023448175403251545,0.08177194408232108
760,0.025287046970151435,0.08455496582022884
761,0.043805416550802584,0.09110082301280852
762,0.027673956917651395,0.08518837439013005
763,0.044236373057045905,0.08772963981954078
764,0.03107758241247234,0.08611751620407988
765,0.032368819711023365,0.08391747244617395
766,0.02642277560450814,0.08301736642244764
767,0.026723721955076656,0.09345192633998722
768,0.03507777373525416,0.08693822051274747
769,0.04877611720309736,0.0879355998415696
770,0.0296412953248592,0.09036236908053395
771,0.037739986139218265,0.0865606907054894
772,0.03423139799771638,0.09061214652724732
773,0.02774538036704437,0.08663394907139298
774,0.027280039991891495,0.08681347813074451
775,0.02822192478049138,0.08916643065841574
776,0.029163759441164595,0.08435774002607006
777,0.027885925561937044,0.08530951125131812
778,0.039913151010310385,0.08240836502092524
779,0.03175022214837956,0.08624297961181865
780,0.028719441299574877,0.0857200265341534
781,0.024178643258387766,0.08326157188057003
782,0.026441715832881418,0.08622697322515019
783,0.024861135330273065,0.08286757621550023
784,0.026893094643296492,0.08566346314541977
785,0.023309659528134383,0.08681797348242953
786,0.02570712815701588,0.084700769144939
787,0.025988056905404153,0.08242961228416677
788,0.04259616566886162,0.08559118640751469
789,0.041543926261248636,0.0877287079741184
790,0.034529657374635384,0.09178428587160613
791,0.05861978021488294,0.09630326444941356
792,0.03680040411721203,0.087453101381174
793,0.03640874572168323,0.09469484812334965
794,0.03961097075367422,0.08812977410946275
795,0.032278013564529466,0.08667381371098354
796,0.060298872848850056,0.08398734526078504
797,0.03997268822032456,0.08234610953800063
798,0.0267799968092606,0.08443977220688846
799,0.026509741502215495,0.09120423568968188
800,0.029332933369381673,0.08859594803032719
801,0.03784696655610699,0.08456127875878997
802,0.04193171534138414,0.08682796665301598
803,0.03051505714865127,0.08942108507966039
804,0.03796510456778039,0.08936794724007298
805,0.03395630941262066,0.08378824828785464
806,0.0290432678693234,0.09263541426201512
807,0.06034573756718897,0.09156780314624757
808,0.028057814987382173,0.08768202060072643
809,0.02629416110140029,0.08298964669605843
810,0.02425634614586083,0.08648796444922163
811,0.04315894384369207,0.08775430710468077
812,0.028642865656918867,0.09737048524065424
813,0.04362783022808804,0.08496787666079395
814,0.027208755289125593,0.08574754709289187
815,0.026268547319085993,0.08446114995799268
816,0.028698344379196345,0.08689505476177785
817,0.02520720886072395,0.08483111434487771
818,0.040914966149670204,0.09221370667592625
819,0.037685556465695644,0.09615970486985113
820,0.030937634933985138,0.09004742299255572
821,0.026837566505451934,0.08276080102998212
822,0.029988170435015685,0.08679734781048351
823,0.027383203434299525,0.0879428543169098
824,0.024008107538040155,0.08696510840702176
825,0.030228010130619928,0.08707050521645629
826,0.02919079669894283,0.08559835743261758
827,0.040293799520566546,0.08265197592645061
828,0.028282254046780936,0.08823310064716745
829,0.049512783748602796,0.08631096235044618
830,0.033053735849158515,0.08268689085965168
831,0.02620031300430014,0.09072346014337133
832,0.033243576374173536,0.08728044595858805
833,0.028857615913576842,0.08468882366081228
834,0.024698912525158316,0.09826902636235818
835,0.030436406320772574,0.08713206428483614
836,0.02613072386332627,0.08809431866371542
837,0.036504044994525024,0.0868448175135113
838,0.027363067089950777,0.08348233947404345
839,0.0276295361824357,0.0808729642353261
840,0.025914043620182056,0.09001552270617999
841,0.033664837386167164,0.08737830190282118
842,0.029897558640069724,0.08520241912669108
843,0.02643844432731781,0.08650173224452742
844,0.03163121148453424,0.08802865914309532
845,0.029843475033170003,0.0863920926562228
846,0.031041415752755437,0.08418574496020649
847,0.04114795637354955,0.09442985513455288
848,0.038648923199191734,0.0885058612677089
849,0.031159266584252117,0.0897085344544927
850,0.027526611240352956,0.08603513433147493
851,0.028078416035420096,0.09679905937653138
852,0.04228243192651989,0.08526456077818882
853,0.03163076234765374,0.08227724947950296
854,0.033696145858603956,0.08629917314178065
855,0.058007626207457814,0.1172841114545227
856,0.05870467603066498,0.09481088161692583
857,0.04356686704351237,0.08927807271629945
858,0.03489995269589476,0.08543256302375841
859,0.02840286041945686,0.09177897807051962
860,0.031700722090783166,0.08201343476548231
861,0.04768606796160013,0.08286942804890468
862,0.027838476737931977,0.08454196758213497
863,0.025755838079372168,0.08399602905251927
864,0.03480220372353601,0.08456322535835113
865,0.047332048340230526,0.08217162106718336
866,0.03714355494138029,0.08588938756768864
867,0.030320191388033026,0.08275755044810455
868,0.038035788284293534,0.0830524525882905
869,0.025415942575023467,0.08390837657571137
870,0.02601122590465045,0.08130046448910744
871,0.020684448044548588,0.081215335686404
872,0.023866304847467282,0.08316148587859663
873,0.041974634644473235,0.08644316375330277
874,0.02760987553663762,0.09025848107902627
875,0.05540512098717652,0.08841301601632197
876,0.050137402612400656,0.09071410959002965
877,0.03533186276551324,0.08975078553932353
878,0.026811171708435846,0.08619590269817147
879,0.045634303644860055,0.08369543339898412
880,0.04251579882512833,0.08165004546929122
881,0.02291978963396766,0.07981976039502256
882,0.03191750117673956,0.08423988547241479
883,0.02665089462010838,0.08505909639716447
884,0.026668700223152167,0.0870912221626829
885,0.029796695797981512,0.09285824854197658
886,0.04873764841907824,0.08628605582510918
887,0.0324772030325332,0.08558164958965808
888,0.026251270794849783,0.08603583332291223
889,0.029196097781198527,0.08348849260792099
890,0.02981952531117257,0.08614006149290797
891,0.03214032487902895,0.08422158527792546
892,0.023838251110948738,0.08601920007912438
893,0.027662636011511928,0.08781250680150245
894,0.03185250173354971,0.08656868592539527
895,0.030446891728379884,0.08638316394765873
896,0.0465168098402341,0.08433953357071507
897,0.02554986468256454,0.0889798743384225
898,0.022259567633598203,0.08543428885085243
899,0.02415161214909023,0.0870795671578338
900,0.031506330417147996,0.08676959124200027
901,0.026273509119651907,0.08423570870307454
902,0.022960184013535237,0.08200819200292267
903,0.02904990168294189,0.09156876333748787
904,0.03083661765584191,0.0855763002408477
905,0.044285147774929534,0.08575460570572611
906,0.03276930075010349,0.0906143236653249
907,0.03054656988728009,0.08430960238502737
908,0.04350318422768744,0.0872822236969955
909,0.02883518480792128,0.08775695521655238
910,0.020467904778810504,0.08047089412024147
911,0.02179689993819099,0.08285714986554363
912,0.03987682596152666,0.08753074965157305
913,0.02469609395183366,0.08769340759007853
914,0.023250862991081134,0.07825852818507001
915,0.036448952353626586,0.08416295875059931
916,0.04059178055173551,0.08479226767120504
917,0.04644091823211284,0.09815194383076857
918,0.027807180994543535,0.08163105481698699
919,0.026470646343915067,0.08231575764659652
920,0.022454198922810135,0.08564660505842146
921,0.026058855749736758,0.08335754325739424
922,0.023704392923083052,0.08528787056380943
923,0.0333684820529996,0.09252342131726425
924,0.02803626905858143,0.08728971556389242
925,0.05444955084834913,0.0827535799422061
926,0.022747095896158847,0.07955195317815121
927,0.022297224771453295,0.08641180112248376
928,0.025993368363585966,0.08800257266240012
929,0.024932957134650418,0.08766648055691469
930,0.027104331320589613,0.08948682911488645
931,0.030286694173248585,0.08365854290419054
932,0.025487030754128594,0.08289242694551185
933,0.020595763769105872,0.0791344108400787
934,0.023062845300824666,0.08238472642008225
935,0.034960631730741466,0.08133054153064738
936,0.02564300408697801,0.07997076224563714
937,0.020615349404023358,0.08459487056971193
938,0.027713616037023103,0.08282846309487384
939,0.023498184453450775,0.08027114478269018
940,0.022040505458521993,0.08155355895671032
941,0.02000830814148939,0.08189369969648824
942,0.03299540482741725,0.0909052110256109
943,0.056796127562425726,0.08469384546417341
944,0.028520684292230487,0.08344325778030214
945,0.023653116018794548,0.0816198122643289
946,0.024825204263052972,0.08683707258829795
947,0.024028736770993864,0.08310412118832271
948,0.024026394176492497,0.08441126531452164
949,0.025853859067990863,0.08340938217508465
950,0.04105911851162821,0.08752689579674475
951,0.03148595892406743,0.08400093272963263
952,0.024795429074558718,0.08400707951464449
953,0.03174528511106781,0.08415616326090089
954,0.025688215512140043,0.08408774076995992
955,0.02944896949402591,0.08249022563298543
956,0.023540630673867035,0.08099145292862316
957,0.026130732540099597,0.0841070335535776
958,0.02679610659943479,0.08940972352311724
959,0.028814105100953093,0.0849026427009052
960,0.02510442385642693,0.08557306995666714
961,0.042753063533513526,0.08769876812409638
962,0.027139136865501495,0.08844236032407087
963,0.026912402980566772,0.08953279357655604
964,0.05960062918104348,0.08526829290285445
965,0.02496267049383594,0.08920902088471223
966,0.028681926458466765,0.08658053064928915
967,0.02482679232861555,0.09088991395662303
968,0.0258889732222572,0.08518851141358975
969,0.024802813049534272,0.084196650332078
970,0.02545362369954399,0.08418498845551546
971,0.0212326224216006,0.0799447984100882
972,0.024213975850130697,0.08086493876494262
973,0.02555927060264218,0.08126977308277498
974,0.022156228436898663,0.08196266576236949
975,0.0382718565322015,0.08320407272505581
976,0.05055987625893754,0.09130115816392995
977,0.03379455538098715,0.09724686132337813
978,0.03231111210902283,0.08951116665114735
979,0.02640501768284457,0.08276998378653873
980,0.025212753307202768,0.08165157702109568
981,0.021983003880256397,0.0815583638529431
982,0.019953107525562418,0.08380508441524696
983,0.021255092164005233,0.08493998080940175
984,0.02971770610298296,0.08312967505520746
985,0.019619526417464672,0.0799457988606061
986,0.022279160844635066,0.08401855942151301
987,0.02530518753401538,0.08437193993637736
988,0.035847701435926194,0.08030269011145547
989,0.022494386817360747,0.08392160193513808
990,0.023881292542833894,0.08466753834172298
991,0.019992135552730307,0.08410195535735081
992,0.021199699818247163,0.08479002175997373
993,0.02289859593194854,0.08396213167442713
994,0.0230635801873237,0.08286384407216146
995,0.037696463391651926,0.08580966956708067
996,0.02768227750534735,0.08434806037740898
997,0.023483512753790074,0.08197039160363954
998,0.035859918134246126,0.09626000940351558
999,0.045526962750664327,0.08009062871747746
1000,0.021195694751640473,0.08084433650910705
1001,0.027815316094313296,0.09530784283066752
1002,0.045240651932909944,0.08694749859565482
1003,0.027167544685607795,0.085979505196998
1004,0.04593912360833543,0.0844621733764658
1005,0.027693794462187536,0.08753246642219692
1006,0.028331078302850917,0.08893487570727977
1007,0.026616601781411606,0.08471618419078956
1008,0.030111266702974104,0.0954240900382661
1009,0.04453573881598849,0.09468541729420349
1010,0.02912369220397876,0.0851188583817697
1011,0.025198365634651766,0.08627468747154513
1012,0.02860726745431326,0.08211184858827662
1013,0.028202974041894684,0.08944264072971535
1014,0.032975553923219346,0.08284218945449456
1015,0.02097008464898809,0.08424697812637291
1016,0.03811023272807509,0.08271939796687368
1017,0.023672429675405674,0.08603843968165548
1018,0.02163565642314271,0.08484388882280293
1019,0.036590236425983684,0.08597476100712492
1020,0.025216423185267792,0.0938600568955106
1021,0.035152858888093955,0.09569723373815828
1022,0.026181578344218782,0.08479737624862141
1023,0.02376784825096123,0.08307767392399915
1024,0.03702510622998577,0.0907945065458018
1025,0.0384070225480395,0.08839139775524761
1026,0.024047806245920053,0.0822292996901916
1027,0.025573985709525574,0.08408790550435097
1028,0.0236905092682958,0.08462717632452647
1029,0.02110409560879009,0.08248780934807651
1030,0.02323281641197055,0.08354186856731735
1031,0.02343928803424103,0.08410679509765223
1032,0.021641608023998504,0.08264105005147762
1033,0.019959286339931354,0.08154075447105824
1034,0.025061087098941906,0.08385274928987474
1035,0.038608091284862506,0.08410774285258506
1036,0.06304791080984389,0.08363747800277886
1037,0.029754887040132266,0.08730075605456393
1038,0.0286289946085607,0.08266229552209825
1039,0.021424384717610562,0.08804512100485631
1040,0.021416680204176978,0.08063706929298271
1041,0.019160557561627004,0.07910006663255524
1042,0.033145625021623965,0.08288758946465968
1043,0.020809728109210637,0.08635179128936657
1044,0.023277540460555905,0.08611001163945162
1045,0.023634542316945742,0.08432712753240328
1046,0.029425811980118198,0.08349583058951791
1047,0.04747599197499057,0.09292056402168178
1048,0.04752435205872156,0.09499107142513558
1049,0.045251825246317635,0.09289416474731345
1050,0.026991695282414414,0.08290214562102367
1051,0.04193064418028702,0.08678253374078818
1052,0.04213904188274403,0.0847730292450814
1053,0.028606429573463796,0.0848999968298097
1054,0.04414601192800883,0.08743735940608763
1055,0.026862292967993636,0.08669467628898478
1056,0.028824268621290366,0.08628591618741066
1057,0.022654226359248537,0.08216283780366257
1058,0.039024593296889974,0.08492495743254372
1059,0.023658875235849787,0.08388702939252805
1060,0.04295232702268515,0.08697655132241118
1061,0.035362857058177176,0.08595938383039077
1062,0.03170811676866956,0.09567793303713165
1063,0.05049240962838678,0.0883821979687925
1064,0.02865600928103662,0.08594399468417753
1065,0.031559720074868874,0.09423247510030455
1066,0.029909533042705917,0.0845341932654082
1067,0.023871157265802537,0.08633029020221013
1068,0.042068312148969375,0.08569279897556568
1069,0.025264653269213195,0.08022924538767129
1070,0.02245059824872727,0.08202399130453143
1071,0.02116857578855323,0.07916029598703958
1072,0.020171300113948534,0.0870575015258072
1073,0.037625148238433194,0.08382074273469155
1074,0.037369183209202135,0.08303262452060417
1075,0.033642161958690346,0.08408203717311821
1076,0.024812164001143465,0.08488272378842036
1077,0.021658356549644545,0.08327544620610718
1078,0.01963304871909297,0.08319300887429326
1079,0.02467809301628775,0.08130839369948346
1080,0.04021386574474996,0.08321629053817357
1081,0.02383143584416204,0.08711643513282738
1082,0.022173669609623643,0.09250963750040919
1083,0.03240866268339763,0.08938485856417726
1084,0.03891520996849552,0.08698763632983492
1085,0.0220011151556311,0.0811426326408422
1086,0.040287745713627074,0.08532446019706272
1087,0.023934973485557638,0.08650728216147363
1088,0.0284939625980712,0.08513482467721877
1089,0.020223199632193975,0.08215805609946263
1090,0.03825608952128588,0.0858587552991726
1091,0.022146240448970407,0.08077322714086763
1092,0.022933454267377015,0.08290652807493855
1093,0.02904292313983448,0.08505282048742872
1094,0.02476206804307464,0.08696685294459637
1095,0.028975492676130282,0.08455167249554679
1096,0.02089754682980174,0.08419724202768546
1097,0.021317985180333305,0.07888647643172353
1098,0.028451504174117757,0.08475928570617709
1099,0.045236794219635494,0.0971051978698948
1100,0.048870699795482676,0.09460608831100296
1101,0.04432967144026652,0.08314173691030732
1102,0.020591828026181105,0.08249212491482422
1103,0.026701630551519813,0.08621323280465931
1104,0.025518154436401253,0.08290989528921314
1105,0.04187261014242531,0.08876446160233409
1106,0.045738634965776646,0.08188529096002269
1107,0.031300750639885196,0.08865331953629516
1108,0.023881137587106714,0.0856649154857884
1109,0.03308640648158366,0.08679482133540892
1110,0.027379354876597473,0.08272753676450939
1111,0.04097111345061501,0.08469103717415553
1112,0.025369209397969574,0.08517695978321228
1113,0.024429071601188294,0.08326221668257151
1114,0.024868049667593452,0.07948360941314458
1115,0.025729786587125828,0.0851737646792168
1116,0.02614176495812343,0.08021295315266253
1117,0.021041822745274975,0.08631111744949992
1118,0.03878153701163945,0.08378009953743831
1119,0.022911957876762628,0.08423443166609097
1120,0.025747154077345676,0.08629424677680907
1121,0.02163216490940801,0.08561151538202937
1122,0.02028777330623338,0.08750013204146746
1123,0.02397471603274719,0.08605624369361944
1124,0.023233417503325544,0.08472194718687158
1125,0.022642921136698007,0.08503360321796627
1126,0.025016640724620103,0.09050095925355017
1127,0.041603104138402354,0.09046393698244765
1128,0.02594542329354346,0.08549022043408606
1129,0.02404428618525076,0.0839920891145417
1130,0.023266512293333545,0.08623352172530085
1131,0.02751667814498598,0.08540148138626476
1132,0.026352234435819532,0.08202675457362245
1133,0.03480416197084521,0.08570848033765803
1134,0.02159647879462257,0.08453727605050071
1135,0.022327150740780427,0.08828102268820119
1136,0.0221365032466508,0.0870869348297143
1137,0.06011872935958417,0.08663426279872283
1138,0.023660700663130113,0.08319515247542159
1139,0.02135632893648641,0.08085992842688597
1140,0.034621020136722205,0.08134927484848745
1141,0.019512891605916814,0.08495515590547618
1142,0.02819685486136559,0.08604795791974343
1143,0.028112292026978302,0.08593611068145972
1144,0.02596130872548187,0.09025548979229198
1145,0.04745692948936295,0.09257625525159047
1146,0.03300618597519435,0.0829906096509226
1147,0.021867327193574846,0.08453683362792906
1148,0.018914009470691127,0.08637783170343939
1149,0.02543846176219024,0.0823657930943004
1150,0.02077434239996638,0.08444955547277193
1151,0.022973637963677275,0.08942625357916481
1152,0.026274342405198135,0.08701643745477934
1153,0.03647335809670085,0.08295408998590365
1154,0.019045755588288964,0.08155280586920287
1155,0.02342452160535281,0.0839543643414526
1156,0.03930177316536724,0.08237159143862569
1157,0.030270014250166365,0.08380318126806938
1158,0.0225232478850127,0.08478063668000668
1159,0.02104559561769043,0.08231546046366368
1160,0.021285730469563165,0.08559525617979523
1161,0.022362470101319885,0.08498163827529229
1162,0.03875525232673065,0.08081829699134468
1163,0.02321948951291253,0.0830130743838492
1164,0.023347022648328525,0.0814639603845159
1165,0.023243978917365165,0.0872364744805453
1166,0.022312175780301185,0.08534640665714603
1167,0.02092498133315188,0.08302974624367884
1168,0.022359253809463266,0.08399395312282973
1169,0.036109341477805916,0.09310057210294824
1170,0.029315760475948312,0.08281001426223525
1171,0.0407377604780526,0.08293966667021725
1172,0.03850248777146997,0.08225574837367337
1173,0.0210038396153237,0.09046765009786252
1174,0.0226526092679523,0.08476374963097703
1175,0.01908619705365743,0.08216583543926254
1176,0.01946331541342982,0.08525997854040977
1177,0.021602175242287986,0.08781517403466362
1178,0.0368561164525609,0.08161785141716625
1179,0.029259688705556258,0.0793753692455459
1180,0.017597985789646924,0.08806650299476203
1181,0.01859717286223995,0.08677498325892259
1182,0.021790877550980515,0.07945063741957036
1183,0.03390946974948656,0.08507833161150902
1184,0.023819174033627613,0.08096968901710104
1185,0.019301095930713472,0.08704410515781633
1186,0.03702862414481778,0.08733195559422773
1187,0.022919973200858573,0.08572252193713248
1188,0.023847102190493415,0.08497234058559389
1189,0.01978241572255812,0.07929912693144982
1190,0.02038851680473474,0.08383192730726753
1191,0.02493976433192114,0.08387960220936845
1192,0.020069711190592907,0.08093037895092689
1193,0.039818295076209174,0.08312476092113887
1194,0.02228453620497523,0.08332060460458722
1195,0.017772766238890098,0.0837731102952981
1196,0.016691453381205052,0.08312583658704184
1197,0.019826086775215815,0.08312228424731352
1198,0.036309960213574494,0.08869169049319767
1199,0.027299710482265507,0.08912751274673562
1200,0.04627753394804778,0.08267482730529661
1201,0.026158507714824617,0.09080853559693
1202,0.025739688724045844,0.08538091651404411
1203,0.02538093068523093,0.08433339347068529
1204,0.03501744896500462,0.08141520074136872
1205,0.017308206674073557,0.08558367555004015
1206,0.03386204517490251,0.08646050866758614
1207,0.0246717477842091,0.0802420092032368
1208,0.020083165199125074,0.08167703154690582
1209,0.018101527270945637,0.08102742513468988
1210,0.01777753544545099,0.08802088467698348
1211,0.02172137459383863,0.08355768400251418
1212,0.02087492403518817,0.0801774696972137
1213,0.03622047547659717,0.08568022433752404
1214,0.024014522055847143,0.08826936510645955
1215,0.02158892405479212,0.08486208233767584
1216,0.018237149967668946,0.08509571921257746
1217,0.018369106371481217,0.08295877593427074
1218,0.02480776425813059,0.08778047554176253
1219,0.02344868965096608,0.08319080393191866
1220,0.035690929799057476,0.08579723247534649
1221,0.028862962254022358,0.08397423524530907
1222,0.018597900108390467,0.08549689970219643
1223,0.01910552926373239,0.08048028032059658
1224,0.02071986314738432,0.08280092251853537
1225,0.023058126817769767,0.08227444283272091
1226,0.03595961752379763,0.08293147032198153
1227,0.024980700910558522,0.08327152025430723
1228,0.02059731460220201,0.0835421979053875
1229,0.01775582788985071,0.0827697424176044
1230,0.01860585551837395,0.0849206014944796
1231,0.02515507968241892,0.09072391761648924
1232,0.03634778080292069,0.08116422444208522
1233,0.020100793880074748,0.0886341655314118
1234,0.024888209210340878,0.08705768000362511
1235,0.03778660134485336,0.09236315363331844
1236,0.023827914300383446,0.08361815515541493
1237,0.03280815257921488,0.08830595544929194
1238,0.026532910939387765,0.08904381182259485
1239,0.024690021103872774,0.0896038314827104
1240,0.024760861592046147,0.08102995190853463
1241,0.018840981723279415,0.08076285791202895
1242,0.04039517165304725,0.08674637373900951
1243,0.031175790407160606,0.08462028739446387
1244,0.029674247578720687,0.08650426176332292
1245,0.023368093296068027,0.0794746835242238
1246,0.023381363337736893,0.08207294565245024
1247,0.021230259495655945,0.0807623505442961
1248,0.038693815417190705,0.08069052171886415
1249,0.03227699657195601,0.08353260818654135
1250,0.02053197365265842,0.08652393622580626
1251,0.023711509523814,0.0849346352325645
1252,0.018158124403613488,0.07926304998777266
1253,0.030359784812669394,0.08002716076926779
1254,0.016501675143861284,0.08417211956622307
1255,0.024224909261849982,0.08846079251894676
1256,0.04175122985528741,0.08737450417943467
1257,0.02473346922885288,0.08303754365907277
1258,0.04184311104582208,0.08444672128311674
1259,0.04720209827967759,0.08356882980966329
1260,0.036848068254821724,0.08619627403212071
1261,0.027259973464621272,0.08435633414445963
1262,0.020208258485439057,0.08365144188466825
1263,0.02000089070313029,0.08573451959399651
1264,0.039345912261629555,0.08771352356014993
1265,0.0232883448592828,0.09482532806862566
1266,0.022555486967664528,0.0810718597251371
1267,0.037005419834140324,0.08909637258763899
1268,0.020134931103235876,0.082249871060663
1269,0.01976557966426809,0.0832696297675147
1270,0.036188046637700644,0.0862097135350519
1271,0.03289403854562758,0.08813294562928957
1272,0.041448515410707286,0.09006313654713165
1273,0.022591955959796906,0.08440103661969192
1274,0.03459330361488284,0.08252478906310591
1275,0.019586976541667522,0.08690153364848374
1276,0.024264910307984368,0.08382119505402438
1277,0.040270470871026615,0.08185212889261413
1278,0.01957045774031022,0.08063993054000955
1279,0.020014814793082612,0.08199974640568994
1280,0.020941617843172392,0.08405549047435436
1281,0.03262333790873846,0.08336594233984936
1282,0.017046458610453202,0.08320718385596622
1283,0.020602024122371942,0.08329677497758005
1284,0.01906999908854782,0.08229282132366247
1285,0.021569521297762014,0.08305717037435163
1286,0.021260038041582677,0.08570245963364914
1287,0.03285982070905288,0.08494965282075088
1288,0.02495088288706485,0.08782226200166501
1289,0.018969414650599786,0.08051797310660656
1290,0.01983772714543492,0.08713400014734507
1291,0.021963591649427683,0.08665948925087028
1292,0.018602019578779005,0.08543542765062255
1293,0.017075614819776114,0.08385320132911056
1294,0.028209999232877012,0.08441019431690226
1295,0.020729101692154115,0.08220386940210983
1296,0.021028079536267584,0.08121788779969204
1297,0.03512130646753274,0.08725081006984663
1298,0.021563164335106234,0.08650220818537518
1299,0.0444182513725468,0.08268700810826213
1300,0.017989981358981805,0.08541314417781089
1301,0.020184101023036857,0.08418917545773331
1302,0.02249208883291875,0.08692909315938041
1303,0.03250430769003858,0.08360805326984042
1304,0.024006543756932675,0.08809616179543928
1305,0.025765672682267746,0.08585352450609207
1306,0.02258480963848975,0.0839243640651679
1307,0.01890901849841623,0.08592114786157631
1308,0.019829321448285378,0.08470108737249422
1309,0.021845426457148733,0.08309348095628552
1310,0.021589967407589797,0.0849988644097682
1311,0.03366451576165271,0.08209702127932905
1312,0.022686889237464408,0.08347055842553762
1313,0.019684747754826815,0.0815440924618776
1314,0.02102081315901399,0.08062898274277684
1315,0.027972770959932974,0.08244746654553521
1316,0.029998136544162203,0.08589998079944673
1317,0.024079219908176172,0.08129943957678358
1318,0.021128315099027465,0.08316824187461595
1319,0.0326086724684997,0.08120406224838175
1320,0.02273393522796212,0.08316593085016523
1321,0.02430143749172037,0.08620917446033698
1322,0.04095435684377497,0.09340309542148634
1323,0.027532100175335115,0.08813484765607911
1324,0.04088704819939914,0.08354427557167851
1325,0.024720444720600466,0.07947650135385063
1326,0.019536645335603658,0.08082357769771327
1327,0.018249508481017286,0.07811157700411957
1328,0.01843281373451683,0.08338103223041185
1329,0.019896614782769103,0.08190211926337172
1330,0.034169505382406304,0.0851274138890711
1331,0.019980214034034913,0.08599067272100233
1332,0.019540882497138364,0.08183180460505617
1333,0.020561753804313725,0.08035086528549816
1334,0.034335152459181964,0.08151170628187351
1335,0.02615406938177478,0.08864050121385053
1336,0.020322574883535924,0.08111024332375157
1337,0.022172184246460846,0.08201556363350765
1338,0.023375114595348186,0.08660064241790533
1339,0.017451769920492247,0.08024584298444572
1340,0.01898350898281534,0.08246944762560957
1341,0.016075387065733863,0.08082630731781623
1342,0.02121966335116696,0.08460681840665359
1343,0.020487306487737778,0.08490398810023353
1344,0.036242991849359675,0.08278570858234152
1345,0.019236489207860443,0.08483771313177912
1346,0.025130793142795187,0.08367022134382325
1347,0.01796200500106363,0.0798089440940018
1348,0.0175806529656473,0.08257853400363659
1349,0.023315254829496986,0.0861928268968312
1350,0.023729854441455166,0.08493019834646306
1351,0.017136954661563834,0.08210899419429009
1352,0.03414670861440019,0.08181616613515337
1353,0.03212125830025322,0.08761975152376003
1354,0.03813954240125735,0.08485207316421327
1355,0.01974919959202082,0.07969512366561364
1356,0.017734350782576774,0.08275996589272243
1357,0.0225988433208772,0.08322542312001824
1358,0.025112324680397317,0.08323739978827928
1359,0.03165476352887281,0.08588273010979917
1360,0.02341724046999384,0.08005204934972271
1361,0.018574664515200828,0.08159463372744415
1362,0.014343288960665184,0.0808825748120633
1363,0.022737565365704624,0.08086539175650828
1364,0.01517887803839759,0.0820041068813257
1365,0.027377178051675374,0.1018321722708549
1366,0.02517014198285472,0.08314165997699388
1367,0.03589035251227479,0.08862664044500891
1368,0.05381656073757847,0.10177519028646904
1369,0.038680844347585334,0.08955867215057363
1370,0.028724243952002272,0.08503304631040808
1371,0.020821837941914518,0.08216143363998049
1372,0.023932009731013573,0.08254909722652651
1373,0.01621170435684695,0.0800299898051379
1374,0.020070930627586327,0.08026495658066637
1375,0.015619449013826616,0.07997584117011618
1376,0.01970547098421191,0.08089840380395565
1377,0.025119745706829906,0.08133345875973091
1378,0.01707135209796197,0.08593321600952245
1379,0.01988498481767118,0.08265295001050285
1380,0.0156072161180846,0.08195099714480546
1381,0.01868899714283435,0.08941970853354399
1382,0.024493078797541815,0.08423427212283127
1383,0.037393796237238146,0.0840102107191743
1384,0.019604931903716913,0.08189843499794938
1385,0.022336321564677367,0.08271308655950957
1386,0.017376410830357233,0.08171307284356956
1387,0.05178290174625884,0.09261616711553775
1388,0.028588385884664648,0.0834972468347179
1389,0.02023643892853985,0.08644158096241772
1390,0.01791192115310778,0.082870610525136
1391,0.01791762435067223,0.08531983891375979
1392,0.04047429364840252,0.08516565447014973
1393,0.01785424837498082,0.0815743597079638
1394,0.03299198066669758,0.08256219394673082
1395,0.017568820486061253,0.0826313145141255
1396,0.022112317926317546,0.08478254399129323
1397,0.034632105841578734,0.08460730801623567
1398,0.027896588271174312,0.08206255629397276
1399,0.03599651568922503,0.08057250269224171
1400,0.019037494780408178,0.08228482701874018
1401,0.020107025584223504,0.08463832321471738
1402,0.01629135757976658,0.08293014768520393
1403,0.016678271692561506,0.08198796664563038
1404,0.01594668553797616,0.07978948521285427
1405,0.030144147656647764,0.08751091318097629
1406,0.027466787498292504,0.08419656553737502
1407,0.024300194214036844,0.08379744536670528
1408,0.021804102530066496,0.08047688300522945
1409,0.01707013663733641,0.08011080692510557
1410,0.02064424768954422,0.08803065412474755
1411,0.02371308221525533,0.08470788409461952
1412,0.02057114664500223,0.08330282475565907
1413,0.026686047814015686,0.08992356612792887
1414,0.022192622929064085,0.08252417871303726
1415,0.02330577576994242,0.08132305343572359
1416,0.015755003067113017,0.08181110784448777
1417,0.019397378166360914,0.07969513929502707
1418,0.02308742874550128,0.08256696633303673
1419,0.03787118799073569,0.08469874324057634
1420,0.02280625573660139,0.08265434679829686
1421,0.019163265012695125,0.08465676345771417
1422,0.02045532445595556,0.08525434659238447
1423,0.019120372458124608,0.08443442065464823
1424,0.01597536505027718,0.07966227185233195
1425,0.01918784429999448,0.08321718066781386
1426,0.018232699308462653,0.08110645960521579
1427,0.029682462894851137,0.08880280339180079
1428,0.033758827552292786,0.09317305241536378
1429,0.026826062598805815,0.08590803926525857
1430,0.01754670886784138,0.08413580145901606
1431,0.017949101500516776,0.08314378525977745
1432,0.014977754881973364,0.08143497053020281
1433,0.02032643553675342,0.08256224742658753
1434,0.034042435385824,0.08554239849324215
1435,0.021864485813065382,0.08400032363066398
1436,0.017269749568080455,0.08364366863231014
1437,0.0185770091767128,0.08336197769731507
1438,0.018292590015243772,0.08247819559690647
1439,0.018042566838636295,0.07976854013694558
1440,0.018765812885705207,0.08236971099797945
1441,0.020143562238838605,0.08660916864573208
1442,0.019095455042340538,0.0877833874490028
1443,0.018616732828856262,0.08472378865668648
1444,0.01836738834116713,0.08251332725050456
1445,0.03741542808711529,0.08285123910894968
1446,0.07882569701086765,0.09576041800411124
1447,0.047133216570163596,0.0899528152587121
1448,0.02211635200989938,0.08589287572785427
1449,0.02129181980105777,0.08558547715271327
1450,0.020049905007395626,0.0804281813048181
1451,0.02285139169835932,0.08074754642738137
1452,0.018529630015052413,0.08053684884444215
1453,0.018612619428121743,0.07926151513082341
1454,0.021482820021204628,0.0798522857458968
1455,0.01905830795686914,0.08510670067747135
1456,0.015958510099860566,0.08145289369543693
1457,0.01990120414772938,0.08141029641069565
1458,0.01589866639713415,0.08263523118537769
1459,0.017799651985958825,0.08094602095005207
1460,0.020809100864916386,0.08064489085273933
1461,0.018275692679431747,0.08388215191382214
1462,0.015077011887462908,0.08230890617484138
1463,0.022893233791133828,0.08369014374818419
1464,0.04480775163091462,0.09643704289182983
1465,0.044789922549199536,0.09531081004773166
1466,0.044606415788441614,0.0831787762860009
1467,0.026713315905495125,0.08166752337363728
1468,0.03750722187930327,0.08288004467810008
1469,0.021294778598279787,0.08337766510950294
1470,0.019117787048267346,0.08490669775875588
1471,0.022021205109021506,0.08926983762131001
1472,0.022209806662625092,0.08354809602026951
1473,0.033682921714496834,0.08422541713580153
1474,0.020286645915441003,0.08372567907760017
1475,0.05216378795981501,0.08591119319499287
1476,0.024336040142608286,0.08520593124448805
1477,0.02554985996464203,0.08333793676511984
1478,0.03148368512189781,0.07952048058124413
1479,0.03539313058307552,0.08562815940021572
1480,0.04252701759525227,0.08533900923896254
1481,0.01843730283778476,0.08548365182296973
1482,0.029425902379717574,0.09197359192266799
1483,0.024482397806354826,0.08416777346890074
1484,0.0352970511772229,0.08398885591735218
1485,0.043121473962984117,0.0929204135162191
1486,0.02551752568272214,0.08379135596423519
1487,0.025204534300816095,0.08605364362772246
1488,0.024654786438216985,0.08429237460731563
1489,0.0521484376354651,0.09017207355875718
1490,0.02500163320580433,0.08382579760817357
1491,0.037800439662624113,0.08288008264058216
1492,0.03518449837125861,0.07982261015807178
1493,0.012948119627504513,0.08073521353173674
1494,0.014622768860158501,0.08190019622930608
1495,0.014890053446717023,0.08282958796448577
1496,0.01863376532322187,0.08334992797975253
1497,0.03454175443741782,0.08100984970056324
1498,0.022350849315150405,0.08697103953600527
1499,0.021630656406236667,0.08305292190017557
1500,0.02141338884013013,0.08216144898929692
1501,0.03598192695026114,0.08454547198792747
1502,0.08591525307725123,0.09078844242675561
1503,0.10367118153826196,0.17522468206876501
1504,0.09698477305682102,0.12105037813497367
1505,0.0602948513220657,0.11025362205983404
1506,0.06352602670605653,0.09512366886649813
1507,0.04003749293243063,0.08844106739624999
1508,0.0257149868437489,0.0853019980597018
1509,0.03143154626542872,0.08652458909460178
1510,0.02602605310890555,0.08436327468706552
1511,0.023802401859978898,0.08340350702815785
1512,0.0236116288621037,0.08335296382058534
1513,0.02264738903850971,0.08451247200332489
1514,0.03367170998622258,0.0846083015203476
1515,0.03948681060002889,0.08875705146774612
1516,0.0236853402995484,0.085985339225683
1517,0.019180271768691397,0.08125149520268117
1518,0.021574254086398778,0.08363600680254456
1519,0.028530292828978978,0.08657325849049073
1520,0.019417764788324184,0.0839632121206525
1521,0.02211531032122041,0.08179510033743125
1522,0.018755842630859453,0.08366073668003082
1523,0.02039406610343337,0.08448574680806999
1524,0.020669959491369867,0.08463898336603529
1525,0.01824580117195938,0.08332921674750503
1526,0.03398448034396927,0.08039302278057973
1527,0.020915929239745425,0.07996952042618491
1528,0.03156620572937133,0.08129497046085228
1529,0.01770048597564798,0.08014039230301864
1530,0.020143743948923383,0.08139701732866149
1531,0.018024715527798687,0.08474932892952945
1532,0.03413702356030575,0.0843672355762998
1533,0.022939574417182272,0.0834940683684851
1534,0.026940055483467527,0.08289596186320584
1535,0.019646870305171954,0.08555080603462711
1536,0.01737562616919182,0.08186774217245872
1537,0.01815456875999893,0.08267251867100708
1538,0.03405667021637052,0.0846692409394379
1539,0.02038529258349846,0.0828068973986726
1540,0.021255697187935484,0.08194835902306072
1541,0.04062439236778264,0.08480884932112276
1542,0.018366944030230883,0.08071172425994896
1543,0.031494056937346075,0.08280985959266361
1544,0.01770074982020922,0.08305723126744267
1545,0.02609444249327934,0.08195418584391587
1546,0.019178494770184955,0.08414626948740847
1547,0.016513313838283656,0.0821933410408204
1548,0.021907504785187007,0.08377105925689664
1549,0.023696499453349548,0.08488833676454119
1550,0.018277109212309215,0.08988009034691
1551,0.026712259663076235,0.08674972614548858
1552,0.01838829647165761,0.08314602924767592
1553,0.017815074086376118,0.08595187459747892
1554,0.01670690620650879,0.08259762971099456
1555,0.014749849220988893,0.08606832416583422
1556,0.01981338516438269,0.08514392433832761
1557,0.036258999871376166,0.08768380995382342
1558,0.04066577693885397,0.08417186598505891
1559,0.019258243913490757,0.08319239523775297
1560,0.021181632925210327,0.08322420901149735
1561,0.018304027260797898,0.08173006640415742
1562,0.014357718682868354,0.08104032100666136
1563,0.022870617898233633,0.08153979913483288
1564,0.018054291138828362,0.08269336937289488
1565,0.018787789917594774,0.08029300093949589
1566,0.05339620272310737,0.08617080057175237
1567,0.025019811623989602,0.08912685937376548
1568,0.03832644029727737,0.08566967715371522
1569,0.02515537894643306,0.0822439029962198
1570,0.016697780976544913,0.08363260018795654
1571,0.019610897617467146,0.08481140444078542
1572,0.018262103445197346,0.08190175110385531
1573,0.017557718078708012,0.07902340738471587
1574,0.018281060583352295,0.07871523887890025
1575,0.016863995619982388,0.07894440187622133
1576,0.01841505213427506,0.08150871656368251
1577,0.032526342992358445,0.08075901968661406
1578,0.021598125810860465,0.08664981783706144
1579,0.03240093996392148,0.08093635308413875
1580,0.01639355219853896,0.07786693493077032
1581,0.0206627291729411,0.08283049969894246
1582,0.033143003982109336,0.08117797752296117
1583,0.017643062742339406,0.08002163548218577
1584,0.04135585849561661,0.08041952632573016
1585,0.015723454949904386,0.0797163716571074
1586,0.03292689422805294,0.08201094324651517
1587,0.025771227954276676,0.08416610438946195
1588,0.01458495965396816,0.08284120651937667
1589,0.020194586959074844,0.08159056513157106
1590,0.031765572977804094,0.07975913634649794
1591,0.018675271663989954,0.08071555225248624
1592,0.023619666680997256,0.08234728775675733
1593,0.016292084116477017,0.08378410330018901
1594,0.05165055778379724,0.09776951654587772
1595,0.04925441753621385,0.09342370516524877
1596,0.019149359823627907,0.08659277305492483
1597,0.0164814786751956,0.08173543377254243
1598,0.018111302018118877,0.08244355883738749
1599,0.020719000818587397,0.07993979604545991
1600,0.01775338720285033,0.07988102762098599
1601,0.01833152816832346,0.08081546959871039
1602,0.03195543693769782,0.08252131417953879
1603,0.015216084801501427,0.07885998263394922
1604,0.033471763895993885,0.08211300314817213
1605,0.016975585026754107,0.08132653061608623
1606,0.016813616677067683,0.08436266448638194
1607,0.01747631003093383,0.08262668381956287
1608,0.0198320107633791,0.08164463972761518
1609,0.017572052496540883,0.08519847588356874
1610,0.016300963991114338,0.0835352072067428
1611,0.01900626188231673,0.0812770978437928
1612,0.015201226574570221,0.08222730833112746
1613,0.022354637453665366,0.08249457281334956
1614,0.017249080597723725,0.07999660672251145
1615,0.02073895833148478,0.08328496801076378
1616,0.04413810937569059,0.08631261977784914
1617,0.017975316876341182,0.08039064018200513
1618,0.03700261314904615,0.08101126801848113
1619,0.030962996926380548,0.0842702775110577
1620,0.02096089436949981,0.08072679663511147
1621,0.05249932864943642,0.0804375916495359
1622,0.017767764493636203,0.08122861865245011
1623,0.01881001656729039,0.08112748307094239
1624,0.015886704743982856,0.0840417729657993
1625,0.016877098697993823,0.0815034042436975
1626,0.014558339050641068,0.08156222831411171
1627,0.015988167693552366,0.08032989016451632
1628,0.018875407011227734,0.08210253323379316
1629,0.015731968020664112,0.08621535945058167
1630,0.02217685617506504,0.08747106979141259
1631,0.017562762550939588,0.08382886749013026
1632,0.04873270480703784,0.08735873240202591
1633,0.03170098927234034,0.08612051809715447
1634,0.02012961883635076,0.08769991194693964
1635,0.037926144932971854,0.09015038021300968
1636,0.025693836823386086,0.09629106101460923
1637,0.025318008132255564,0.08735484786723789
1638,0.023498839841787716,0.08511781492702346
1639,0.021902246786088778,0.0800155780667948
1640,0.01876325449880014,0.08770826066795148
1641,0.02398710164203539,0.084207811413851
1642,0.016868838993686495,0.07996607011646256
1643,0.014148648057518334,0.0825710978573725
1644,0.018659828294967783,0.08169955704221152
1645,0.017923806271396087,0.08199708862113475
1646,0.017934668555178425,0.08085435709185469
1647,0.03232876311835824,0.08209009317303062
1648,0.017439616476200216,0.08334097912287652
1649,0.030995244227443184,0.08088327281382449
1650,0.014182112083352846,0.08027402145372596
1651,0.01358723012164095,0.08004054501839448
1652,0.013729324672359471,0.08133431550180703
1653,0.014885370899867675,0.08519298952997179
1654,0.015340780938587218,0.0812013764167788
1655,0.016052333854115496,0.08241092577987447
1656,0.01586674466191975,0.07927587273575011
1657,0.020995238810474035,0.08090515201327794
1658,0.021141218652125437,0.08061886294966653
1659,0.013890922355661198,0.07795494148755133
1660,0.03109912065129295,0.08180539136318336
1661,0.017569340549432745,0.08302456220812666
1662,0.015010663947575144,0.0825495238516265
1663,0.017205944454128094,0.08133745710727266
1664,0.019441318482183924,0.08082922137246694
1665,0.02010951683707652,0.08475265872284285
1666,0.03499429530484549,0.08275354563965834
1667,0.017616063960737383,0.08299646242743447
1668,0.013065204672445324,0.0788760769337341
1669,0.01318165426052009,0.0830138099933029
1670,0.015359154409001987,0.08104263880945985
1671,0.013662371574244155,0.08192694711879381
1672,0.013341392212340077,0.08338988925281324
1673,0.019311941786432713,0.08789168809888356
1674,0.02519790911725883,0.0813977785016361
1675,0.01501276047439037,0.08182237573658913
1676,0.017712947121327947,0.08118748474389986
1677,0.035822132777504415,0.08634249477607564
1678,0.03265863922672772,0.0866444504500033
1679,0.030767093806711485,0.08476132223555319
1680,0.020110442145467738,0.08038540955698281
1681,0.014574209496752595,0.08211847321879595
1682,0.022914340880153507,0.08128951284520906
1683,0.016191859522303072,0.08178686393532239
1684,0.01450961539784569,0.08089501263204972
1685,0.030474219517928305,0.08099706713717085
1686,0.011755699814416959,0.07963776724753822
1687,0.012485546322662067,0.0843114507265557
1688,0.031920709620962696,0.08433077620683159
1689,0.029355135760897752,0.08292725997834575
1690,0.01759122900933401,0.08534813950533855
1691,0.01844945716960677,0.08105865490615816
1692,0.014153654234583101,0.0816492010141375
1693,0.013394921343645146,0.07936774300677436
1694,0.0175799330445386,0.08023424444715481
1695,0.015400991605764086,0.07882908722362422
1696,0.01638489170437883,0.08268005455048162
1697,0.014593717720955144,0.08336866686218664
1698,0.015758131499340914,0.08526554388136494
1699,0.017246654344763503,0.08250360183399123
1700,0.0172483374986529,0.08040023298191845
1701,0.03501670462514353,0.08421924038040907
1702,0.033581393306672015,0.08231842693380245
1703,0.013258009144691838,0.08136191198550968
1704,0.022606748798540955,0.0815070038451288
1705,0.02998957611608748,0.08052340185358411
1706,0.020698138725794967,0.07843448781877532
1707,0.028420461321302156,0.0816215614141677
1708,0.012043611663262298,0.07965072670153209
1709,0.015056760964161925,0.08308070393881403
1710,0.030158132565759565,0.0814739028388695
1711,0.02429980460005494,0.08067359848130018
1712,0.016084160810470767,0.08170155573981747
1713,0.020859016274864025,0.08349627585040596
1714,0.02757397626868236,0.08399025061375515
1715,0.03177351141377676,0.09245938116819936
1716,0.02458350206827482,0.08657365611621312
1717,0.01972677432537826,0.08428614291556198
1718,0.02212588738089538,0.08377133184731156
1719,0.0156691789095725,0.0805857432702729
1720,0.043447379875332585,0.08402973152043526
1721,0.026745258404239778,0.0876636318955804
1722,0.02418957593439141,0.0864840364433769
1723,0.019355056848271886,0.08308222770392147
1724,0.03480428220780105,0.08617808942433287
1725,0.015757040584862794,0.08315256028844599
1726,0.02373188945718787,0.08510316796320722
1727,0.02022766551370718,0.07945042945687335
1728,0.020709036379398596,0.0836319090579088
1729,0.01733491943454294,0.08130064698164924
1730,0.02840340981219069,0.07995720480318953
1731,0.013624414603071153,0.08124427501121559
1732,0.014432686191274082,0.08160745966852757
1733,0.014551807072328924,0.07936609418768632
1734,0.013497615653472635,0.08219025930142343
1735,0.01661411673414483,0.08234323818880812
1736,0.01608836055269062,0.08381571146405131
1737,0.014521892407330973,0.08372642348210017
1738,0.012568193131643215,0.07920719408675243
1739,0.01598701078654924,0.08171375930533373
1740,0.013075402739303053,0.08358819573594813
1741,0.015706007990717512,0.08285149263409444
1742,0.02136590756289077,0.08536692275513981
1743,0.013371064409403405,0.08191429896462232
1744,0.015614753857628678,0.0851325768800009
1745,0.01601244188658309,0.08223840670851537
1746,0.01563100083541347,0.08230122615744297
1747,0.012982452924722415,0.08006815406911653
1748,0.014547430551070778,0.08192476874828936
1749,0.016242038931545792,0.07970081269741058
1750,0.014698541924637687,0.07930681413800496
1751,0.013948056703801252,0.0793280389934853
1752,0.01274207033520582,0.08139220072437349
1753,0.015724998212720158,0.08148232296594701
1754,0.0175684584147037,0.08312157457484338
1755,0.017680849045001227,0.08315828470583249
1756,0.02355468753713612,0.09446273895358681
1757,0.03656136419705836,0.08308949489566617
1758,0.021221795402537318,0.08218713917006228
1759,0.015677347107787492,0.08179142490440144
1760,0.017958437241497083,0.081023993516775
1761,0.033780740781287226,0.0798422070897014
1762,0.020581483347545785,0.08196461525626648
1763,0.018921376381151166,0.08399833738803864
1764,0.02007377893900423,0.08168496088799379
1765,0.030376339523956693,0.0816548084816837
1766,0.017129183300189837,0.08315371518445792
1767,0.020165889316638437,0.08224442586265411
1768,0.016138713088668998,0.08028038916059006
1769,0.014651235665974198,0.08197543110913202
1770,0.01752974859914716,0.08242033840271465
1771,0.019052738785089743,0.08393423991245136
1772,0.018555759075667044,0.08384778703513898
1773,0.028552928583281914,0.08379406411023367
1774,0.01686275594205038,0.07903488355695754
1775,0.01707480443775841,0.08239326697020304
1776,0.016280469148883998,0.08297839678618543
1777,0.01662343795349979,0.08010752622346233
1778,0.01589714993538808,0.08038018102335152
1779,0.011027675586224164,0.07956129232220781
1780,0.017322648704916146,0.08148583939723801
1781,0.014519437826399145,0.07948662564718634
1782,0.016268378596601067,0.07903151029258743
1783,0.01077857069659476,0.07974916565836522
1784,0.012362414229439343,0.0848391387322194
1785,0.020334977516466547,0.08017733610961073
1786,0.018016977764105536,0.08176008953635854
1787,0.014939508470925605,0.08050298111928735
1788,0.014735146831475828,0.08605457388592842
1789,0.01514184351741894,0.0814899499329708
1790,0.014860416216583088,0.08249245266567794
1791,0.025215456262230873,0.08141603884765677
1792,0.025055024527643917,0.08173601824164689
1793,0.014993020914331499,0.08225301247939729
1794,0.028095450439142956,0.08661972301869762
1795,0.01875656831507399,0.08315316453239971
1796,0.017312317520239883,0.08775150337090767
1797,0.051507487679980576,0.08015286879506625
1798,0.01858821708043354,0.08266082626386992
1799,0.017561779208598093,0.08263405920344785
1800,0.015558760359205982,0.08388760185480715
1801,0.011797556247807409,0.0802551994758441
1802,0.010718206002093781,0.08108467177340858
1803,0.015182028728943073,0.08357495782817516
1804,0.019192196895896827,0.08402031676885777
1805,0.031233315948735584,0.0876936860251845
1806,0.016852228440998304,0.08512593269870992
1807,0.021400426061923227,0.08089987313687652
1808,0.059735375295939114,0.09050238793505762
1809,0.02572136210003243,0.08406729684363033
1810,0.01985113381708864,0.08104647132089562
1811,0.01175984182631521,0.08086213661838594
1812,0.012969690360432507,0.07864751142069212
1813,0.012804390602748036,0.0816419308720376
1814,0.015155554617693806,0.0781660980374592
1815,0.014723607014899717,0.07951694021099492
1816,0.016931467102752958,0.08438122703840858
1817,0.013054301425067236,0.07950277497669808
1818,0.015682737453954532,0.07982696904649113
1819,0.04210735247893767,0.0822216359931126
1820,0.019937700215365072,0.08446055732872851
1821,0.017432799533616785,0.08300313952946126
1822,0.019842742399245408,0.08150625174729746
1823,0.01852391233965521,0.08345054616605428
1824,0.011917391450357475,0.07941122487523503
1825,0.014341643243607682,0.08388696969451762
1826,0.02846249114126434,0.08263546685900605
1827,0.015378539412513048,0.08346951693147048
1828,0.016341500284973543,0.08286575732150472
1829,0.012363634661984481,0.08054493044626743
1830,0.02834969842193362,0.08015567133375875
1831,0.015601491637317739,0.08238395605992554
1832,0.01651859474966892,0.08315824332616682
1833,0.019680394315187085,0.08569183411604181
1834,0.019101741852174545,0.08325135483777613
1835,0.015692297813006705,0.08038531100017983
1836,0.017061645544621636,0.0834538740173617
1837,0.017797057315426933,0.08093933253210589
1838,0.04511628388996502,0.08527535687487825
1839,0.016917196782685374,0.08140847930932105
1840,0.022398628977632448,0.08771378642186187
1841,0.021329751200273306,0.0855692076055627
1842,0.014886963607445593,0.08077388460325417
1843,0.015534698787994893,0.0830396158914817
1844,0.014130776391881386,0.08042319892044354
1845,0.01210472253399396,0.0789605456224659
1846,0.016186102629175008,0.08065606112169442
1847,0.028757239275883452,0.08246724800507825
1848,0.01689318001714059,0.0823444893448275
1849,0.030729321336671476,0.08387217765912078
1850,0.013976810786137387,0.0807238681834742
1851,0.01673366006779073,0.08352727034038171
1852,0.014529806412873223,0.08373827608605675
1853,0.012511991116227028,0.08420242994724957
1854,0.013269774933990827,0.08299455408912554
1855,0.013472560565439886,0.08331985293623798
1856,0.022955976128811745,0.08550944918752613
1857,0.02190276262785387,0.08479260460924086
1858,0.016973800968880938,0.08051408018758123
1859,0.014859480949755186,0.08408878039671365
1860,0.014106435905616485,0.08162868977115866
1861,0.028255495461737473,0.08124163769241563
1862,0.014539358022164401,0.08051305499516036
1863,0.015354154540990775,0.08212441039787498
1864,0.017949657368716027,0.08186932137810198
1865,0.026018122392108073,0.0865217413109048
1866,0.028244049653270775,0.0826401735532254
1867,0.022128280447825183,0.08647597586750087
1868,0.01943910246872603,0.08169595359411455
1869,0.01584846432668195,0.08285148768571385
1870,0.01653823131245786,0.08134648228124867
1871,0.0124144549379388,0.08047211623953697
1872,0.012624560589653945,0.08322822024350178
1873,0.018690941779404224,0.08081065394675224
1874,0.033313314433335135,0.07962363637180854
1875,0.029668607763642427,0.07945631578900761
1876,0.01274637372574556,0.07999002268738616
1877,0.017468586806383066,0.08189146935865096
1878,0.012991379298339817,0.08081779651399842
1879,0.012624462929241896,0.0830822161825976
1880,0.014330944034700109,0.0805707940444313
1881,0.0303051790403535,0.09058529024658944
1882,0.021584152194399818,0.0860615101897328
1883,0.024597524463850128,0.07965600231013502
1884,0.014329760653612009,0.07921796549755827
1885,0.02988711098460101,0.0827984878779354
1886,0.014613340401490654,0.0840234282358846
1887,0.041461264291270214,0.08249474682828836
1888,0.015382689380066521,0.08539761937127675
1889,0.01407773705742389,0.08103528665495396
1890,0.013142025807644692,0.0798146518176062
1891,0.018280954757080557,0.08054839845812112
1892,0.02784044127385818,0.08396835391757482
1893,0.015310604837620893,0.08107546608624303
1894,0.031356770221179,0.08347190864253462
1895,0.015547510691944709,0.08190043571225383
1896,0.021312847896989985,0.08248181850240942
1897,0.026989210659760666,0.08507954999617766
1898,0.035504131712206295,0.08309444066202432
1899,0.0185860191387209,0.08036167908431892
1900,0.01398619502887924,0.08103752210923006
1901,0.012032631586151064,0.07962643334590702
1902,0.017367906126903143,0.08573383470077563
1903,0.015770048784751876,0.08120806216446678
1904,0.02602512752608072,0.08124051726700966
1905,0.014073089801569157,0.0831665690605503
1906,0.038037107048737216,0.08489711388460078
1907,0.03232688793976759,0.08191986079502822
1908,0.016358922688191214,0.08384035906770773
1909,0.01836506869398688,0.08079793438651509
1910,0.017027823698231047,0.08131409432729683
1911,0.03103090208724468,0.08466602232596629
1912,0.014171015856594875,0.08265088784291331
1913,0.0176249812722066,0.08433871826432403
1914,0.021745651674261287,0.08356559847978721
1915,0.017507634286222786,0.08335010218142268
1916,0.017968227228494272,0.08775010998162411
1917,0.03276731621847725,0.08442665485287071
1918,0.013048149674523586,0.08267999761609506
1919,0.017339993846313708,0.0839506388644228
1920,0.015573191012731727,0.08043623306697473
1921,0.012311896431875826,0.07917945798402443
1922,0.014496596699411219,0.08150168271142438
1923,0.016064581942969357,0.08416895312548879
1924,0.013356315439164077,0.08169497127521008
1925,0.012266934037699035,0.0811456660354944
1926,0.027875201093459204,0.08384481173260767
1927,0.020331076974031692,0.07999273273804433
1928,0.019400971022005366,0.08646029743709062
1929,0.02834898048316984,0.08367511887747542
1930,0.013267948712604734,0.0826196460272734
1931,0.02710313907296026,0.08339528216604601
1932,0.031073323442224052,0.0890784348013407
1933,0.015113522044636986,0.08260320631184973
1934,0.014888622041873424,0.0842873138517963
1935,0.033284267124524314,0.0825981058012274
1936,0.02230850367173319,0.08397301437711358
1937,0.017701832396576772,0.08149658629021848
1938,0.011292177699155942,0.07976063512695164
1939,0.023710225174512982,0.08014294449099921
1940,0.013552790335423334,0.0821276608490406
1941,0.012766381281903919,0.08006792911386729
1942,0.010886790951988353,0.08142624392097157
1943,0.010422662951542667,0.0841687592610082
1944,0.013553347117428121,0.08245368686535005
1945,0.01032241717342953,0.08493418392158092
1946,0.012281235541015583,0.08448556560397447
1947,0.01402008202113795,0.08247335651016474
1948,0.02391330206468935,0.08043247022500313
1949,0.022262177672412328,0.0842929090884395
1950,0.015412381812229425,0.08467254742867965
1951,0.013218264618076875,0.07979715341015865
1952,0.011419749468401495,0.07888016412804898
1953,0.012248615865656948,0.08182082982514437
1954,0.016173909996347182,0.0842210968260777
1955,0.018059419879695653,0.08260101806325722
1956,0.02949477253090532,0.08374385709377159
1957,0.02610647798075011,0.08430706153163933
1958,0.018797583924752417,0.0816651015614806
1959,0.03205865802576176,0.08607977796766095
1960,0.017319317296918095,0.0823915749601553
1961,0.013503868795557643,0.07968915406997341
1962,0.014004228992802223,0.08694420723165187
1963,0.05254275081416469,0.08762844831199575
1964,0.021602916595493925,0.08524617694673084
1965,0.015620580144506823,0.08221644771875893
1966,0.022534581817990187,0.08165906642313887
1967,0.010115245955654634,0.08081671227712679
1968,0.013989994956361463,0.07913171886501455
1969,0.029250235331819908,0.07998693820303843
1970,0.015327143465346865,0.08204697350735653
1971,0.01281977797563547,0.08045476094299092
1972,0.013014354135806098,0.07951015743770097
1973,0.013122777080858202,0.08118693907756853
1974,0.011474132654622058,0.07935764128925807
1975,0.011150107102988282,0.08119951007434897
1976,0.030916702521959067,0.08280208604153536
1977,0.017254967414730208,0.08297389095887206
1978,0.01592477966905761,0.0829504284643589
1979,0.0324043949896639,0.08064166148354236
1980,0.015862264629558524,0.08201223578220024
1981,0.015488255655153604,0.08279771312959212
1982,0.01326240326181568,0.08155306858152973
1983,0.012487070302137387,0.0824110728308073
1984,0.02534851383966712,0.07963266795066963
1985,0.02545904236200461,0.08495139851605982
1986,0.025197452617382928,0.08499639615752644
1987,0.029257627621549983,0.0833834187129984
1988,0.01315340157131136,0.07918412094576317
1989,0.016957838593348627,0.0799966816017801
1990,0.014566054950150016,0.08024662415634719
1991,0.059139084444617775,0.09402082064994295
1992,0.02593482061519892,0.08759293682817229
1993,0.02388059043655388,0.08497537130998788
1994,0.02160399943461706,0.08167583058427151
1995,0.013971274520115793,0.08220459132415608
1996,0.01674761965310312,0.08007172274783739
1997,0.016528413555114807,0.08252290918265369
1998,0.012297266288470698,0.08035599156504586
1999,0.014466455282182156,0.08275981314648363
2000,0.030738229334914945,0.08087945871409916
2001,0.03224706456800894,0.08317205259450396
2002,0.017076178748732823,0.08148584723995443
2003,0.012797620582473128,0.0779344448843098
2004,0.02731953863474923,0.07995281624315974
2005,0.015266442750244866,0.08194496385510404
2006,0.015947720905923543,0.08275153375881955
2007,0.017499036666554717,0.08450573938606974
2008,0.04336829762029984,0.0816572917657986
2009,0.011803717381644959,0.07851655473162357
2010,0.010567755377077758,0.07957294166909722
2011,0.01096356148046199,0.08045504393434166
2012,0.012070221309681484,0.07940552721645001
2013,0.018916841523377314,0.07945905343855832
2014,0.01411119920601572,0.08293497078774269
2015,0.03042258388219769,0.08101522827282884
2016,0.012585331700438617,0.07980503446252125
2017,0.010045615092013323,0.08008202996319697
2018,0.014050720948550768,0.08103053635896597
2019,0.029469249075202732,0.08214688696956873
2020,0.027477372858124467,0.0829763681742183
2021,0.01996071352900756,0.08377022755549367
2022,0.019309560391689917,0.08708268333049048
2023,0.019945703721298693,0.08255839220862042
2024,0.015088272616734325,0.07869373246990051
2025,0.01187100193717263,0.08264173147149552
2026,0.030302350350938808,0.08108949463319659
2027,0.013527678500942676,0.08246203556768876
2028,0.043714343272383126,0.08273725149998988
2029,0.013661074668145666,0.08137223611872896
2030,0.012052653517959446,0.08041060482499593
2031,0.013612453831610822,0.08050666247170073
2032,0.011914282745235018,0.08070812703000572
2033,0.035587549513223404,0.08354667592840385
2034,0.01216483026229102,0.07928672417960968
2035,0.012829845928846855,0.07998973829555034
2036,0.01284047843870885,0.08167997243485056
2037,0.013265253894241252,0.08104074044260465
2038,0.013690726449100014,0.0812097312065593
2039,0.01677093251395188,0.08086946823244405
2040,0.012330508037677566,0.0835763044786035
2041,0.012190628501945716,0.08125137339782595
2042,0.026851539812444893,0.0830941455518094
2043,0.027451633980795507,0.08370111809861391
2044,0.020770334516035913,0.08104392318498521
2045,0.013442308069746884,0.08114628195015709
2046,0.025740305647884605,0.0809817171485203
2047,0.010202813820568932,0.08146992435954269
2048,0.01497515714012063,0.08136986504147824
2049,0.013137244461775761,0.07992023018592581
2050,0.014278924927629274,0.0812985984081015
2051,0.010605436630056569,0.0831792395851367
2052,0.012345684190108485,0.08204569495784908
2053,0.02277674989301863,0.08228231596767455
2054,0.025005396438009312,0.08436098687332076
2055,0.015973361331654192,0.08798925655154058
2056,0.02987306743136207,0.120874729838437
2057,0.19373183237347857,0.16179614650426352
2058,0.08228866219940978,0.11353914232406401
2059,0.05224967643992281,0.1064576256954879
2060,0.057081584307747575,0.09313934744524777
2061,0.04646605414960265,0.08939717034050695
2062,0.031698134993451144,0.0954361013825376
2063,0.03219991988359387,0.0893899049040369
2064,0.02068739253618874,0.08765467713799394
2065,0.0244875021197112,0.08386856401549246
2066,0.021416030094307793,0.08878697309278905
2067,0.022058748984621797,0.08607940917325797
2068,0.02124609252829163,0.0839410032096662
2069,0.015957084592420106,0.0833346616093975
2070,0.017149669859780226,0.0819733245555022
2071,0.018028954662919792,0.08243529718920103
2072,0.03208189309927924,0.08283828772174984
2073,0.0173333775789293,0.08365881327250249
2074,0.016130060704897937,0.0835808952873512
2075,0.012555473597959665,0.08278470346354004
2076,0.055635744685359693,0.08001481343929033
2077,0.0130612548078676,0.08014791076045885
2078,0.014307687753887386,0.08121734002329652
2079,0.030910269313471444,0.08268734556914571
2080,0.013024116772866362,0.08035309950734738
2081,0.016062875873873412,0.08127000836426751
2082,0.020260828824532815,0.07961617518487132
2083,0.03156199460399562,0.08311258181742857
2084,0.016778570240754694,0.08277795140755206
2085,0.03251312093277897,0.08213572960374947
2086,0.02051156906405213,0.08757026835267705
2087,0.019539964049587428,0.08213208923886593
2088,0.01366953366088643,0.07984624941247448
2089,0.012219475985133909,0.08190757534781792
2090,0.013675537792422742,0.07983632542585072
2091,0.012044895025770119,0.07988527465733071
2092,0.029626721090003614,0.08333103416632291
2093,0.015450274787819872,0.08081133107194924
2094,0.013214237958800083,0.08058216710362517
2095,0.03076044864497121,0.08348808370362547
2096,0.017128880629111606,0.07930586065041989
2097,0.02019698228278317,0.08081591540111933
2098,0.016697341920720372,0.08092218644935685
2099,0.016018878321125404,0.08151664258095256
2100,0.01404673252021164,0.0810156249648945
2101,0.017559173070244655,0.08483118158683442
2102,0.037726030334666795,0.08384873426722404
2103,0.018311198263613035,0.08141696509113885
2104,0.015235200754971152,0.07941423194076781
2105,0.012787728830237747,0.08073247397752632
2106,0.016864670904756154,0.08081431100541786
2107,0.01651826726570492,0.08027796581723637
2108,0.04718065018353978,0.08274316147231218
2109,0.01579829384237061,0.08056563454537762
2110,0.01304141275269391,0.08484045856802684
2111,0.018597232294633843,0.08499509645135779
2112,0.01733647836343061,0.08181350532555043
2113,0.03232937473453418,0.08631157303663124
2114,0.018804816768554312,0.08015101981865135
2115,0.02299430434735124,0.08248808557975262
2116,0.0283619785260958,0.08153547077698815
2117,0.01528757694104342,0.08014287732373503
2118,0.011230682259349613,0.08117342645064332
2119,0.027546055506926532,0.08268772736005019
2120,0.01190628003048766,0.08209658068672457
2121,0.014059828261503232,0.08210512202111701
2122,0.05030880765376326,0.08313663367340739
2123,0.014922411578085541,0.08021627667180278
2124,0.04288125915750628,0.08055779578766428
2125,0.014407222611730375,0.08202208845612399
2126,0.01541898488052493,0.08536904202517412
2127,0.014763864641863163,0.08080939961630002
2128,0.012905998786088068,0.080361242599804
2129,0.015779990819647767,0.07974482900964885
2130,0.01915093801249998,0.08200061963614366
2131,0.013190050626926847,0.0822601486417584
2132,0.0165789679282558,0.07930792970839598
2133,0.03075421725904867,0.08039167164859914
2134,0.015329012699822273,0.0823395584983037
2135,0.01056665758716182,0.08044904138061934
2136,0.011747894773615939,0.07956927768269875
2137,0.014688889928115385,0.08303722739219666
2138,0.01810940940131588,0.07825039930286862
2139,0.017183910862639033,0.08039188489579317
2140,0.01555026598788541,0.07989275673950526
2141,0.014903566604450953,0.08024706747522928
2142,0.018182989277039017,0.0796746953313512
2143,0.013619090976386234,0.0814333478908491
2144,0.010585885311018523,0.07966409737529014
2145,0.013073877974480484,0.07917072407359767
2146,0.01273116565143053,0.0826426309003567
2147,0.025643327504069453,0.08400314120122962
2148,0.026352431344855168,0.09157747579248328
2149,0.024852961973290084,0.0831827890305292
2150,0.01434997833833145,0.08114275024424221
2151,0.013711231249767038,0.08039654606491103
2152,0.015993467181757513,0.0799633496275223
2153,0.009987353694663153,0.07924950494428624
2154,0.010485013024326776,0.08092878239794184
2155,0.01315914724477593,0.08013400383162916
2156,0.011808036756482804,0.08067788499265087
2157,0.011025641376275253,0.08274112779992565
2158,0.013166453379869087,0.0801519273329797
2159,0.028120926987134552,0.08442315709471404
2160,0.01488173910384548,0.08418851330839004
2161,0.03125520102784832,0.0797717452684142
2162,0.011630149488118375,0.08056783661208954
2163,0.011215674667546182,0.0819537655490084
2164,0.011158123434313973,0.08359221385833912
2165,0.01378850094962363,0.0808996913912601
2166,0.013125797698630435,0.07746219084152303
2167,0.009315236597132159,0.08073864244204715
2168,0.011925771172657655,0.08035344064683843
2169,0.03081265652149355,0.08277086082631185
2170,0.011993327370748437,0.08247448545051995
2171,0.011457726562273073,0.08145023396887575
2172,0.03190680936002246,0.08436653023599681
2173,0.0159620550931154,0.08368496417551112
2174,0.016120755137017342,0.08213503800687336
2175,0.014168225935307043,0.08214150298209418
2176,0.0462072770867415,0.08594624238802974
2177,0.019164827056696237,0.07976039263762925
2178,0.011812707817993567,0.08129486930848363
2179,0.01288119525149418,0.08258677221703947
2180,0.012079722957457868,0.08047135077174146
2181,0.011015430457749897,0.07868507063777226
2182,0.012003445314669684,0.07858829461691673
2183,0.013953098498845361,0.0815665273364624
2184,0.017792328754235583,0.0817588838307481
2185,0.016353368747477247,0.08283373214920661
2186,0.015123971851781992,0.08030090481042862
2187,0.010176980511802117,0.07906053937915572
2188,0.01191526586569402,0.07806743899906489
2189,0.010316462740652427,0.08101715078404673
2190,0.01677396271354446,0.08564933443577367
2191,0.013518485231879736,0.0812295546433083
2192,0.025256161423265748,0.08054234589774507
2193,0.013868762367057577,0.08025737200165751
2194,0.013887918291490841,0.08036678183571737
2195,0.013019055539747951,0.07997843780015644
2196,0.030904890946039584,0.08217590479623704
2197,0.013073596370561182,0.08083178609012064
2198,0.011364067268198746,0.08101111945502441
2199,0.01220698693773029,0.08130280370999099
2200,0.012235640472262443,0.08067375217986884
2201,0.013614756145680959,0.0810275923526078
2202,0.029730950639843007,0.08207907064591434
2203,0.02488836765487833,0.08348044555139422
2204,0.021154850776829878,0.07891795014901866
2205,0.022728260986063172,0.07977499652252461
2206,0.013991562611654074,0.07987468812922786
2207,0.012394141399981833,0.07843024586152314
2208,0.011972453760502854,0.0822758036560582
2209,0.044175060273244464,0.08277038096410588
2210,0.012292108962715233,0.07985625724147137
2211,0.014558490292755974,0.08157970713344134
2212,0.012089758387366806,0.08075067279556938
2213,0.012199068401113946,0.07987372031934876
2214,0.010604312491594436,0.07929865816108565
2215,0.015137670763117205,0.08092443758906577
2216,0.027116681127969562,0.08156956553011012
2217,0.013863169205693242,0.08276133267278958
2218,0.027438971508866566,0.0881573755975654
2219,0.02807221100388276,0.08568044083384344
2220,0.01339181609521839,0.08247354087001997
2221,0.014120346876766334,0.08180065807842073
2222,0.015650810659235362,0.08183799579478147
2223,0.019731905521550522,0.0867873502517105
2224,0.016696788972027622,0.08548664017802193
2225,0.035460823714779835,0.09306743649537103
2226,0.0256339940782578,0.08172677741164253
2227,0.015102569883846938,0.0840845774663122
2228,0.0291969749907201,0.08013295886435903
2229,0.043785517496643674,0.08182277999127419
2230,0.031907635992013364,0.0846700780373767
2231,0.015035612149555294,0.08368016250973058
2232,0.016406102476752477,0.0855379402264019
2233,0.028715367014388492,0.08104158381471657
2234,0.031317504695076555,0.08824109571768825
2235,0.01676396521678352,0.08477233583691127
2236,0.031224759511626253,0.08195137744185918
2237,0.013310813714332622,0.08225018529216747
2238,0.010658800056011513,0.08209377161243506
2239,0.01587926305912225,0.08130383047095516
2240,0.05106412838315329,0.08066075508083616
2241,0.03218306969781187,0.08316462845506525
2242,0.009889938097832531,0.08006513103805389
2243,0.010248460246360974,0.081432596241173
2244,0.026706229032639146,0.08099392095678731
2245,0.02359180590050254,0.08272095864876769
2246,0.026649061664880538,0.08354991131035008
2247,0.017811868690117773,0.0796071105732356
2248,0.015194477802463647,0.07989320659398436
2249,0.010645208106636066,0.08174140019374981
2250,0.03048746902232867,0.08055164582821958
2251,0.025582398045632906,0.08180233849245205
2252,0.011069166179174167,0.07935918807834014
2253,0.024803739312604118,0.08778786513590275
2254,0.024678994983224473,0.08418180175443042
2255,0.019918821241157743,0.08102380822326306
2256,0.04790199588879149,0.08399169064852827
2257,0.015453526875745726,0.0823884065027225
2258,0.010865614802042331,0.08095714225804895
2259,0.01614097054452171,0.08169935363575928
2260,0.02879915096531374,0.08250574696631659
2261,0.031214266513302034,0.08172439970542912
2262,0.013690436590276075,0.08162423159768407
2263,0.01138305564799279,0.0807507422596291
2264,0.034610886553004615,0.08067932125545085
2265,0.013177349649626633,0.08202929550170301
2266,0.014379217158010387,0.08079831754055836
2267,0.02511360881657436,0.08011321553535629
2268,0.012666514400264313,0.08363082700579387
2269,0.012046839151426356,0.07963899104741581
2270,0.013389934835295693,0.07967769808338997
2271,0.011548565493365253,0.08001139926208291
2272,0.01916810159416735,0.08238272828267033
2273,0.012830361980816414,0.08016681419055265
2274,0.013016027059744705,0.08201333811333902
2275,0.027115223548290403,0.0838915415126877
2276,0.011284725200443246,0.07968961219665102
2277,0.010091664522103848,0.08202447180162396
2278,0.009280802769627316,0.08261360257938691
2279,0.009960319683376151,0.07907535356088988
2280,0.01472499189156817,0.08038965870339171
2281,0.00865751956837678,0.08024170557807263
2282,0.010633058472300025,0.08102063580712579
2283,0.028074526233849668,0.08303641619389518
2284,0.03045352839435623,0.0845537962284602
2285,0.019134766679128695,0.08605474616426573
2286,0.013468762658256162,0.08090932614970625
2287,0.016973974790459142,0.08140653538001809
2288,0.028577001047171768,0.08453792623036488
2289,0.018712905180117926,0.0836579889656607
2290,0.013526597547820743,0.08064862256659601
2291,0.012441333322012126,0.08211319871190795
2292,0.010486249610501397,0.08320753845878712
2293,0.013949678755339036,0.08030238359195546
2294,0.013981689783659849,0.08209624141454697
2295,0.013686165178550822,0.07988354853146656
2296,0.01701861843583539,0.08264131916868955
2297,0.011569914656186179,0.08123966909590222
2298,0.01350093573378545,0.08004908866825558
2299,0.025642289622426966,0.0818925617556823
2300,0.014929327433549312,0.081023362682278
2301,0.011481189720776388,0.07964156807066504
2302,0.010537886370242016,0.07899215989244313
2303,0.023666340790595566,0.08044415956974627
2304,0.02595004907642786,0.08450841498479508
2305,0.025033639346871257,0.08224314412004069
2306,0.023888909976147,0.08214138382882402
2307,0.011453162761971494,0.08126795467428097
2308,0.020544748334360066,0.08134611158218599
2309,0.012410168680522976,0.08186257399039759
2310,0.012971505073123965,0.0804106873789228
2311,0.013465793628163846,0.08087974004354094
2312,0.012197709510972881,0.0817930586169238
2313,0.016541548534573805,0.08292360854029357
2314,0.030558949555372555,0.08149251508010659
2315,0.030742588511384953,0.07957415284593601
2316,0.010990887956232487,0.08172665973354999
2317,0.03047788861794485,0.07954599127584233
2318,0.017287250897236938,0.08165596272413593
2319,0.01633047813193458,0.08052030272949907
2320,0.010564722957200484,0.0813799259395229
2321,0.028729524171464495,0.08125029356781403
2322,0.008883077935914167,0.08102752552146003
2323,0.026185464151904314,0.09535885452850719
2324,0.030485718292081992,0.08868941984006337
2325,0.018885330078089874,0.08202002318879417
2326,0.03042233816485233,0.08101112994932591
2327,0.016677142065427145,0.08366254885169797
2328,0.012354229506817544,0.0809150613601644
2329,0.012319384209905112,0.08388987831528623
2330,0.016552643593529176,0.08346149502765565
2331,0.012307535153361136,0.08293714553565908
2332,0.015607150399993205,0.08400855177924746
2333,0.013604864857647113,0.08315048357448482
2334,0.01114040222398493,0.07974209483330112
2335,0.03000543858902675,0.08129404896034632
2336,0.029271763965464125,0.07957517277253301
2337,0.012143644802038759,0.080365219435895
2338,0.011969587245961902,0.07976858803353513
2339,0.0103896211038656,0.08030099235008235
2340,0.01165081779282762,0.08410024413264784
2341,0.014217267989481691,0.08182309651957419
2342,0.012503496458794816,0.08154525600355071
2343,0.012329576904870873,0.08047080887738325
2344,0.009904919098770731,0.08150096934167365
2345,0.01937042837407802,0.08197431594954994
2346,0.028159851111985486,0.08149498480752596
2347,0.015830841221989696,0.0824210333420818
2348,0.01015062931761566,0.0806137689186218
2349,0.01315321240334722,0.08092133818488371
2350,0.01144586456939578,0.08171192207432032
2351,0.027201867402534125,0.07914295426586218
2352,0.025431074613711118,0.08105580514310894
2353,0.014499165765871075,0.0813656128886947
2354,0.030413102431567297,0.08252081192824476
2355,0.012561855901931894,0.08213369277560323
2356,0.02410579130906016,0.08121483793533535
2357,0.01602015469725416,0.08421920142825086
2358,0.012955903198254706,0.08313535286445067
2359,0.013831141320141878,0.08266011735699828
2360,0.0112039034727809,0.079058222099205
2361,0.010939401495606174,0.0834082012113772
2362,0.017753148778432214,0.0798116814074361
2363,0.014281512845342622,0.08534777143918781
2364,0.049938530696199794,0.08115622031509429
2365,0.014516242607540471,0.08344407388963795
2366,0.01189078500079791,0.08105799088950146
2367,0.013257603187312526,0.08221368441232164
2368,0.010443658430748225,0.08180519098177888
2369,0.011170342173368953,0.08083708739295639
2370,0.010432937683181423,0.08108624838348619
2371,0.012689611600087167,0.08010049616185047
2372,0.01020157957291902,0.08047246837750413
2373,0.023027047158735672,0.080826005074464
2374,0.014149747882330305,0.07949347338431462
2375,0.026257332408549643,0.08101358933182887
2376,0.011057412902880051,0.08127813235410772
2377,0.01095764564210111,0.0792094351803151
2378,0.014906419108280194,0.08265217191966853
2379,0.010530574326067696,0.08001414594943063
2380,0.01068083953176593,0.07973263003772363
2381,0.025221527049020167,0.08382134513000498
2382,0.029249811731862797,0.08524515810317564
2383,0.016787602755950537,0.0846267226794011
2384,0.031053854867839327,0.08093496060983878
2385,0.012057773436078084,0.08398261012738212
2386,0.010061482939764064,0.08414370917661447
2387,0.017162402566277123,0.08269697063623514
2388,0.012344645762518282,0.08476732510671879
2389,0.027574513203881938,0.08025370392584263
2390,0.009703569479146534,0.0801037772369564
2391,0.025508310921712074,0.07925493531582649
2392,0.014574291607873007,0.0806172205541367
2393,0.02551040217297905,0.08014620569789022
2394,0.012781554891444672,0.07935166390692082
2395,0.013735677804622717,0.08725814345785252
2396,0.016487533356527268,0.08059722000270858
2397,0.014102063854122797,0.0834050673552623
2398,0.016613431890906773,0.08738681556362855
2399,0.029431945839925994,0.08326460501379836
2400,0.021679764432499776,0.08406188126121249
2401,0.015154469746594144,0.08337403684481044
2402,0.03506957332028491,0.08344175169865291
2403,0.044361395126377996,0.07981217398604654
2404,0.011340128171745232,0.08078078951751977
2405,0.01223094298337881,0.0812566676235438
2406,0.02730723530299331,0.0856180752914651
2407,0.01153939599638402,0.08035689138604286
2408,0.01035692851383204,0.08303659814491607
2409,0.02935250020267728,0.0829506337007783
2410,0.014746892216343864,0.08397364052465386
2411,0.012200445306069892,0.08209915005398873
2412,0.011736856370603777,0.08019872140466121
2413,0.016098210360376064,0.08267782301756374
2414,0.011174904788350891,0.08114776674443319
2415,0.011221284061366675,0.08105998249131635
2416,0.00994244367059402,0.0822792022038522
2417,0.008333749342184268,0.08045761294681626
2418,0.009228023242053567,0.08237258006904956
2419,0.008753058264107914,0.07918953294293922
2420,0.01217473571868993,0.07926075392050252
2421,0.010733729740750734,0.08193740525042503
2422,0.009457568027849856,0.08179128308194622
2423,0.02706499791304146,0.08245013437623668
2424,0.02040548080455827,0.0819330617673415
2425,0.019910097081319293,0.08305702171752925
2426,0.019703642036006743,0.08467536759481095
2427,0.027423794623639516,0.07910123418895225
2428,0.012858977266893865,0.08614460223898254
2429,0.014891265409773794,0.08078092338521976
2430,0.024343315546975986,0.08426634804870849
2431,0.011291877331568343,0.08255546004102941
2432,0.01234833355759472,0.08437108444540124
2433,0.010354978330199808,0.08362584415459096
2434,0.013298609542155341,0.08089851405014072
2435,0.009896842973032342,0.08186376247937817
2436,0.011361291100706052,0.08099296024269927
2437,0.013512544187959458,0.0837858279695487
2438,0.010718835976126613,0.08344649870816927
2439,0.027369576538431233,0.07979386419356617
2440,0.00990715471379529,0.08077935519672576
2441,0.011130022109839422,0.08247803620303185
2442,0.00953472256485291,0.0820581592750131
2443,0.01045089087165822,0.08230779719606676
2444,0.00866391157386912,0.08212834006562866
2445,0.025521306513712323,0.09115982649469734
2446,0.01999393525623883,0.08381852765280501
2447,0.015344471964097602,0.08291148287909371
2448,0.027831803975177222,0.08515847875809013
2449,0.01005852234120653,0.08119355836757143
2450,0.016994732157633783,0.08434007830338969
2451,0.01111871957031537,0.08377840341930103
2452,0.03189569050125007,0.08214295039275535
2453,0.011418217591661084,0.08276507756987908
2454,0.0387897314065863,0.08387374786431329
2455,0.013234692108948776,0.08043805616242546
2456,0.026575643691850306,0.08473287362203862
2457,0.015872914843307953,0.08289430170952526
2458,0.011187419292391467,0.08030879971825688
2459,0.009540650409684286,0.07998418356093548
2460,0.008684853053882391,0.08243391752467119
2461,0.01042305828483781,0.0794263242704229
2462,0.01091914637989385,0.08125470078230501
2463,0.015000737610865723,0.0842861324772799
2464,0.01632331920419834,0.08397646946715831
2465,0.014466334367900806,0.08067509175317927
2466,0.021635947217668487,0.08062210940478141
2467,0.009441177719812783,0.08174587575191244
2468,0.008511221675686888,0.08016267820333778
2469,0.02124600595908479,0.08338322088981331
2470,0.014439240719854458,0.08080090629053593
2471,0.009706971618028644,0.0808620884603725
2472,0.010994722389362076,0.08162504186232884
2473,0.039624903771477434,0.08610075202427413
2474,0.01379034459170503,0.08070130620086402
2475,0.016297457257992233,0.08291500679831158
2476,0.03192575616896339,0.08259420410582893
2477,0.028064052488211085,0.0794495507738644
2478,0.029312277990787474,0.08255801222900998
2479,0.010529290581104524,0.07980608107302721
2480,0.009893333326242747,0.0841863732925035
2481,0.011538751248188527,0.08418186264752146
2482,0.027627747949668234,0.0849977760087876
2483,0.013742548229645785,0.08048452786111593
2484,0.015146332219254727,0.08373890070240002
2485,0.01988057759342289,0.0833067207744247
2486,0.01167899395155262,0.0811558089272719
2487,0.01196871776729355,0.08107754711369823
2488,0.02256386445508248,0.08151799445985851
2489,0.014841596321509363,0.08276576315400594
2490,0.0192185869282783,0.08280773737227409
2491,0.012770354001838305,0.08253894630530126
2492,0.011550298635045001,0.08212224959878993
2493,0.011800290969985779,0.08092423711429562
2494,0.007893330747477686,0.08135258893769487
2495,0.011262918743640651,0.08354869505441875
2496,0.013803175986280261,0.08543984677857325
2497,0.01291347050099257,0.08205987972424443
2498,0.010430981148162792,0.08082960719676842
2499,0.01220736174397521,0.0805696823580522
2500,0.009905045303197864,0.08020596133362978
2501,0.00954397259496129,0.08070708051286545
2502,0.009409173159658628,0.08045059196034768
2503,0.010109584641330481,0.08050908546026488
2504,0.009835798868494908,0.08056500793100897
2505,0.012856275865043218,0.08496612484069695
2506,0.014701469512335185,0.0815883333372293
2507,0.01103808802660543,0.08060268510627866
2508,0.00854370046733969,0.08341934111781586
2509,0.00892107592469379,0.08137990409195572
2510,0.008792937566821105,0.08166418088259254
2511,0.010414385721437797,0.08054313476297789
2512,0.009239013630861773,0.08282461265722911
2513,0.00721509594668789,0.08275836356973887
2514,0.02256216762476487,0.08829593925473087
2515,0.011817809133016765,0.08418461079137367
2516,0.013733562280578673,0.08009639206834904
2517,0.009325382019448616,0.08093751867985666
2518,0.01183312161034411,0.08013915591744851
2519,0.027671906711726355,0.08033828967645354
2520,0.012616051142001787,0.08499928789778162
2521,0.01628264412575848,0.08311654954103001
2522,0.010820939074209118,0.08308399222174981
2523,0.009219872575475132,0.0818257577960055
2524,0.010834807842432705,0.08277208285224169
2525,0.028347325061672722,0.08210114791130363
2526,0.019192907299414325,0.08509069882837453
2527,0.04338187230955284,0.08850946421163124
2528,0.05139080061924682,0.08576763016090058
2529,0.012543347383904793,0.08528695348883632
2530,0.008564707024612678,0.08317414900862184
2531,0.010044788038153727,0.08168095367071324
2532,0.015349995975490648,0.08180146569148042
2533,0.011132738865374772,0.08268562541868453
2534,0.009664809579455928,0.08285359222264517
2535,0.02319330624582065,0.08495488254946276
2536,0.011502686636901948,0.08448851291547742
2537,0.018916675733361497,0.08635002727571287
2538,0.015809330595861596,0.08460312637320735
2539,0.010270323432094438,0.08193731268769816
2540,0.011151987706022016,0.08154318477949105
2541,0.01565718605419545,0.08299085981490319
2542,0.01379945179079674,0.08134927609958745
2543,0.022073190374632706,0.08304804473891295
2544,0.009726340845986314,0.08012216045220096
2545,0.009853708668725805,0.08280585920975023
2546,0.01170297213289945,0.08158080414273686
2547,0.022416502797865195,0.09494096010848693
2548,0.01929755405257208,0.08547672089702803
2549,0.012720277915390495,0.08219902628197108
2550,0.036425831697028725,0.0842693526120413
2551,0.02943682986191915,0.08172407296292465
2552,0.011027138677300144,0.0806418385608752
2553,0.017674525466902315,0.08633942276538166
2554,0.025848709665776046,0.0803244930311552
2555,0.009772462180602513,0.08369914847507812
2556,0.011254150969294545,0.08258357093223653
2557,0.023087130304787973,0.08052929197636463
2558,0.024841604514929193,0.09718866448354602
2559,0.020216363858793596,0.08471369246641795
2560,0.010574947296697237,0.08405046508575142
2561,0.010845085436647589,0.08196403394292172
2562,0.016944211764628986,0.08101597708418853
2563,0.025700906136870198,0.08218002306264743
2564,0.01080477997648959,0.08177374755230762
2565,0.03868992811179834,0.08801226295474776
2566,0.01933618723400241,0.08697927468701412
2567,0.019133525278687852,0.08491341732349013
2568,0.031175360728790954,0.0828656006539077
2569,0.010521472440477823,0.08434839318868212
2570,0.016689444095083165,0.08427413401747108
2571,0.016785985544954536,0.08175722082007798
2572,0.02123223775034321,0.09574574310528605
2573,0.017449541811518907,0.08899529670414172
2574,0.03266662787237324,0.08462279866960712
2575,0.012734017270649302,0.0822085924353217
2576,0.012634167412652117,0.0838220501715378
2577,0.010851330863936661,0.08196830213592764
2578,0.030351113367440372,0.08345546468830946
2579,0.009930259177350326,0.08251227815647173
2580,0.024937360381071097,0.08182696861805473
2581,0.012080930999617405,0.08196271405109487
2582,0.008194973022271193,0.08076473603720653
2583,0.009227822152284619,0.07971548897804771
2584,0.012990231565885876,0.08204166996374465
2585,0.007640860017190533,0.08163142170673027
2586,0.007531069505224033,0.0799144546788438
2587,0.009688875856911501,0.08173727793128867
2588,0.00761800718006202,0.08267971462474431
2589,0.010896794643942092,0.07987985569507555
2590,0.009737937284931306,0.08093906629055664
2591,0.012135386099122162,0.08367277629542769
2592,0.018567770999800823,0.09386133949708819
2593,0.030800598612212834,0.08794466824385158
2594,0.013871254244684985,0.08636917769535442
2595,0.028847896879346205,0.08303193742395344
2596,0.01632861372340342,0.08303776290034291
2597,0.009279539538576591,0.0821335789068301
2598,0.010086745193058794,0.08166597083322984
2599,0.022524801827383267,0.08795632362216338
2600,0.014353968880393288,0.08365988294432934
2601,0.011863527819514275,0.08917675856360816
2602,0.01269325491940153,0.09258643743164259
2603,0.02094652372351074,0.0874081791418238
2604,0.013776795944450044,0.08425120286699525
2605,0.028106614348820197,0.08419496773328997
2606,0.01196696329277978,0.08282360382247389
2607,0.02575656769762172,0.08228155742761187
2608,0.010204882971171675,0.08048832971126513
2609,0.010328308134675493,0.0825771920028187
2610,0.01623633802141469,0.08247853727791842
2611,0.023230578382514112,0.08065686683009442
2612,0.01128171727230603,0.0827646174451761
2613,0.00918640444627423,0.08074030836572624
2614,0.008461962521169627,0.08236510058244069
2615,0.029954342486856498,0.0825345436283819
2616,0.008486416465296267,0.08131421348056697
2617,0.009218937350980073,0.07995180006986274
2618,0.011716364336938694,0.08056422784214928
2619,0.034262518264166424,0.08688627073265855
2620,0.023589260987119987,0.08699503143254976
2621,0.009338774817607432,0.08336451190306728
2622,0.011830558260277988,0.08114364999054667
2623,0.009517313249782895,0.08326406397840433
2624,0.011023496721395317,0.08414804289364874
2625,0.025102242877047078,0.07977226072161418
2626,0.008824686911015489,0.08535501073326981
2627,0.01255102903030369,0.08711920839204525
2628,0.012407072411038472,0.08055654156925086
2629,0.015043397451572843,0.0803699816453427
2630,0.008917898494388243,0.0811399156064318
2631,0.008240348287218697,0.08299966328275532
2632,0.010908238667130563,0.0814950213321767
2633,0.008556115230819835,0.08311350006880916
2634,0.011596102410559557,0.0842294060347373
2635,0.012785584476066982,0.08397250714009269
2636,0.02152238750894522,0.08394575759507063
2637,0.023212632120566495,0.08690861558406275
2638,0.030185242904624595,0.09237559339531083
2639,0.015005934681322974,0.08585438429188907
2640,0.025307608867607148,0.08348743970456876
2641,0.014086978655997489,0.08496941105091482
2642,0.020149151896795135,0.0858927379014498
2643,0.00874568228858018,0.08018447658546586
2644,0.011958649454982864,0.0805209992374095
2645,0.006247224779595215,0.08275952974432393
2646,0.01121477870311483,0.08146801570379048
2647,0.01369035314932045,0.08131694747018336
2648,0.008708054855244006,0.08256220804494724
2649,0.008487231020748522,0.08210064560399019
2650,0.011707557851396103,0.08255354488702644
2651,0.02349999545836897,0.08102942334679433
2652,0.009846730087664807,0.08247974343168407
2653,0.02167271479356999,0.08097930734318898
2654,0.011085486124185,0.0848045522781243
2655,0.021257686063787407,0.08207635895202034
2656,0.013624120418998327,0.08427981233088892
2657,0.009917161806974105,0.08276290334481046
2658,0.01335120133378289,0.08074420699873067
2659,0.009820191262634384,0.08177767482990012
2660,0.00855612158074648,0.08176215624151971
2661,0.011891906044583149,0.08290076177371175
2662,0.013961168411873911,0.08297662203547948
2663,0.026434478422971353,0.083295169666895
2664,0.009650904740729488,0.08390762402972482
2665,0.015050499764238966,0.08464011661988452
2666,0.025214549556935095,0.08398931167254173
2667,0.014857346644525805,0.08484022571404178
2668,0.026670209025572926,0.08401986474829509
2669,0.01247374318411638,0.08341134068810552
2670,0.009765890850262209,0.08419319780025267
2671,0.009253170221553513,0.08470411301779568
2672,0.008627017038848052,0.08103039715074956
2673,0.021432128612267374,0.08501334043971279
2674,0.011088216540091277,0.08134501255619198
2675,0.01172774361131193,0.08174290547245427
2676,0.015626338360171334,0.08385710188544783
2677,0.014980765447884705,0.0868652622054394
2678,0.01045894211444268,0.08262898067110463
2679,0.024269282683543277,0.08433076031599428
2680,0.008486583644997176,0.08322957725751967
2681,0.012765538432054385,0.08453490766218133
2682,0.02637155548462113,0.08858368368375868
2683,0.01578996044533987,0.08525490839230387
2684,0.010713613368745975,0.08249403637154658
2685,0.00954123315048115,0.08008252519339248
2686,0.008017894798790493,0.0827596937317896
2687,0.008315537647463872,0.08315088523360423
2688,0.006190735184029912,0.08415903828870085
2689,0.010040374662505234,0.08012055338624127
2690,0.008992737064248996,0.08074861835865747
2691,0.011098130930180087,0.08059415346324295
2692,0.020121528933461183,0.08783258835698728
2693,0.009760546293635167,0.08378935211284418
2694,0.013787800539576895,0.08302421242297443
2695,0.010503377601924735,0.08087646234827232
2696,0.011037468390545127,0.08404599369169775
2697,0.012348696758801287,0.08123056747411427
2698,0.024573729037771403,0.08621771452495627
2699,0.010675954711287747,0.08096729237632942
2700,0.009928669320670509,0.0849336680202257
2701,0.02281598832610072,0.08630732706465517
2702,0.010371372928451689,0.08103432814429577
2703,0.007757347964661249,0.08089182873193483
2704,0.021010237623321413,0.0844116574316694
2705,0.009084787359899114,0.08050081671628737
2706,0.007311977530744943,0.08541132838355568
2707,0.009079771624370054,0.08566561434651378
2708,0.006495676283669136,0.08108771052725035
2709,0.01259957789078495,0.08373972609228358
2710,0.008578126450130558,0.08553469106368254
2711,0.008573644301127116,0.08256317038359798
2712,0.015716294644161077,0.0841816541059573
2713,0.014738173048861535,0.08654102854860157
2714,0.024481583631898167,0.09757239041023684
2715,0.039397203661267845,0.08781673075785314
2716,0.031937869972196116,0.08420504879831969
2717,0.01096834164831005,0.08260122892029005
2718,0.010567185571154457,0.08013494895365005
2719,0.0073461800399105,0.08409934246301054
2720,0.006546984960946917,0.08237688870806444
2721,0.009087000194014427,0.0808460011069936
2722,0.024062864165636345,0.08383323130825707
2723,0.02346368579246501,0.08172994627988428
2724,0.01022825967870816,0.08099583080762013
2725,0.006455502175028234,0.08211881994155415
2726,0.009609546541560406,0.0857042919909745
2727,0.007432536845355292,0.08325927054747603
2728,0.010225237482942665,0.08497882740838188
2729,0.00850082046664714,0.08278425392650422
2730,0.007821917840422694,0.08116826965919413
2731,0.011388007379180772,0.08271144728239317
2732,0.008290526826448482,0.08345669543459303
2733,0.011656159809484003,0.08099922293185591
2734,0.0313329007826909,0.08597430411287418
2735,0.015190813883111394,0.0820026813182317
2736,0.009927155419331639,0.08210837271503338
2737,0.011480618009875094,0.08284232886811546
2738,0.013002205689709202,0.08226858606015829
2739,0.010888445309325352,0.08322375056737646
2740,0.013922343728333992,0.08311374705835692
2741,0.009672818702520061,0.08141267938273293
2742,0.00889777831826651,0.08176687854647935
2743,0.010073630292505773,0.08160962522926188
2744,0.00813783406860963,0.08297790939870633
2745,0.009116064908923027,0.08322914813021969
2746,0.02304258024127319,0.08580654540232249
2747,0.02971226173718708,0.09137777545323647
2748,0.02824272933856914,0.08399672498156253
2749,0.011711322051417491,0.0876392925666986
2750,0.01660110670080566,0.08328061513509367
2751,0.009520609518600669,0.08456084666246161
2752,0.025218898208584157,0.08343913794534846
2753,0.013684296913351572,0.08260507945130045
2754,0.014629757987936743,0.0864863293922336
2755,0.03344930859638793,0.09878118993495043
2756,0.02005969395212899,0.08447445759124923
2757,0.010950292971534041,0.08407703167140335
2758,0.012479513717178828,0.08222847170474236
2759,0.010245060530669264,0.08174066602212743
2760,0.00684638291912673,0.08670479518578465
2761,0.007710444828536256,0.08336529427004936
2762,0.008598481938476473,0.08542205212184958
2763,0.012792131143876097,0.0824260738372504
2764,0.02802629487845918,0.08329024556137267
2765,0.00848139223692279,0.08133380914242345
2766,0.01232681783254851,0.08077873612630337
2767,0.011087005610539808,0.08413637026136082
2768,0.025824193142027503,0.08218796407444436
2769,0.010554086679715347,0.08159160780204568
2770,0.006099793003130482,0.08317882481747702
2771,0.008960030952521066,0.0806093539174338
2772,0.00815305262249325,0.08154902799535814
2773,0.008458480125053736,0.08060137770677868
2774,0.007171027395920974,0.08381126565219167
2775,0.008027199372579124,0.08275283269938968
2776,0.00844916543955433,0.08239317534113288
2777,0.011791066751234397,0.08526445787054554
2778,0.009010474136256873,0.08488051051782784
2779,0.011036857080917374,0.08589001102629759
2780,0.012053135675918253,0.0840488158932007
2781,0.022982453407725572,0.08251678962307167
2782,0.007923005627567491,0.08554184883086006
2783,0.025179983645117022,0.08672381612591278
2784,0.01139086524614346,0.0814050861207166
2785,0.01436465514712853,0.08154718734716114
2786,0.01991246038096078,0.08328613211263093
2787,0.01352134450604456,0.08569460175464626
2788,0.01610655021097593,0.08692516371570434
2789,0.012753144037971115,0.08476332769283376
2790,0.011107594279870157,0.08428394960655007
2791,0.010318891375929957,0.08382636198498551
2792,0.00822032373223372,0.08277377094093122
2793,0.008978905675926926,0.08132818430886232
2794,0.008230162603447803,0.08334070698061682
2795,0.010804018294759866,0.08219205601173535
2796,0.009592907065321286,0.08546341294632818
2797,0.010584960069775955,0.08329915141402032
2798,0.008642934224798948,0.08310722040577341
2799,0.009650724519593028,0.0848304576667628
2800,0.024941349171429032,0.08483353135803887
2801,0.014139642343392192,0.08501370673191577
2802,0.009573472555738444,0.08444094704580785
2803,0.009104575551637567,0.08414820615286217
2804,0.0169378680419352,0.0853468040027714
2805,0.028024794944039425,0.08470162754892406
2806,0.009482810097136375,0.08341239194822192
2807,0.012879287771483575,0.0837171719897361
2808,0.01116872377705331,0.08165205484793
2809,0.026225878092165464,0.08229054379881474
2810,0.010200330542347927,0.08217791090707731
2811,0.007900971913459159,0.08334538235998991
2812,0.008859657743788064,0.08201145632822711
2813,0.009432380648218913,0.08516356724321394
2814,0.008773438454398354,0.08289499325038198
2815,0.006655779759163113,0.07975601425445766
2816,0.008242381012598549,0.08205915494520861
2817,0.006107805070516925,0.084471555001903
2818,0.008738784259623121,0.08246866617361107
2819,0.009252760436701177,0.08230346487951756
2820,0.02206532316148094,0.09495418494506587
2821,0.04033883404699052,0.08692246832345661
2822,0.02945284332881527,0.0869470884962787
2823,0.011615353043783794,0.08293972901981277
2824,0.014171785923147277,0.08257089693444714
2825,0.010529298733826435,0.08155078855448199
2826,0.008716449034940394,0.0816773990341894
2827,0.011299591593234144,0.08539902560767673
2828,0.0068302162657243705,0.08478866045113494
2829,0.006118550052907213,0.08284450085240797
2830,0.00949134175420438,0.08173893668448418
2831,0.019898670710926894,0.08625713270857818
2832,0.011956493638829564,0.08421425181522704
2833,0.0092702553633799,0.08284194042957516
2834,0.014625620793224221,0.08284223359778412
2835,0.00875063007697463,0.08349983547265667
2836,0.010302992636880904,0.08271140782606035
2837,0.026152002512766368,0.08194434194636524
2838,0.012561545739399976,0.08470839422597622
2839,0.021640424870631912,0.08358692370336455
2840,0.008806123377807836,0.08432434493661824
2841,0.009314803326309755,0.08424796050129678
2842,0.007815977599366706,0.08352265236222356
2843,0.005247102569362446,0.080233019228119
2844,0.008933212526352801,0.08175755462102723
2845,0.006443954684529279,0.081183895767482
2846,0.02444000158832645,0.08190362551307917
2847,0.010669350282502212,0.08293289119811882
2848,0.00973045973685281,0.08343587623428282
2849,0.009289686135994417,0.08330303193408445
2850,0.011876367012091379,0.08427203056358155
2851,0.017705531027401595,0.08360507378452703
2852,0.008176337099899785,0.0836021086962002
2853,0.02213250757209653,0.08433504578164944
2854,0.007145179013742081,0.08265514382368938
2855,0.007499034849337089,0.08257776411030825
2856,0.008142967054439376,0.08168232745320576
2857,0.007534810225114367,0.0831439607125476
2858,0.012296075812981793,0.08544474052157916
2859,0.01032619132750834,0.08603914186619875
2860,0.012208945234671096,0.08362091805104326
2861,0.012012094933668086,0.08521065612634023
2862,0.016246956656322024,0.08141465401066873
2863,0.012901809555551381,0.08084569255212196
2864,0.011969376253226895,0.08160983797228127
2865,0.007004946119919839,0.08248541266995862
2866,0.0055709161670136976,0.0825084375595688
2867,0.011526962205020239,0.08530847422013008
2868,0.011029423775040431,0.08345229934929009
2869,0.016707093959972028,0.08507936455328065
2870,0.034997276862540214,0.08298171009112121
2871,0.020028051035624685,0.08406113680069309
2872,0.00940117812613288,0.08278140257623859
2873,0.007681609359117324,0.08791331356778778
2874,0.015260219468872375,0.08623850959957692
2875,0.010573957576693787,0.08911008934926867
2876,0.011973555608532832,0.0848372559761045
2877,0.011139933873832133,0.08347772381135396
2878,0.008090456471804728,0.08292469184350848
2879,0.010708650054415939,0.08519875980857619
2880,0.016565972939133644,0.08563633563748577
2881,0.01476544358980693,0.08710550692371258
2882,0.011329047574565328,0.08215072396255675
2883,0.007484266760709424,0.08400968645225491
2884,0.009852123741632718,0.08263782083166572
2885,0.006515159651193312,0.08396216457648982
2886,0.008840890423187454,0.08337986833394918
2887,0.019301115932252526,0.08887163321849398
2888,0.017494321975938764,0.08696372121721879
2889,0.031090689827410686,0.08713651648290772
2890,0.006687298202507641,0.08463222944273387
2891,0.005273082433706354,0.08307010994145744
2892,0.014306167515759652,0.08606106026056118
2893,0.006481240535604543,0.08408288575503461
2894,0.011044911079715973,0.08329678048615467
2895,0.01103637655350295,0.08357035766418715
2896,0.008334259759506276,0.08260867079920638
2897,0.007464011234806436,0.08451842270175317
2898,0.010504560254595964,0.08551028268155
2899,0.010380887277541115,0.0814731663704516
2900,0.011260498331153187,0.08325007948137465
2901,0.006532009965433596,0.083563498405735
2902,0.007232434837422027,0.08266196119830124
2903,0.007070455349818292,0.0824553758316769
2904,0.01568636262123721,0.08677455599893603
2905,0.010091448888813253,0.08298099563832868
2906,0.009168788100239533,0.08341166128714879
2907,0.009907841089774262,0.08326063523615214
2908,0.008142081141868915,0.08400834000723105
2909,0.02194208687691012,0.08971991128565972
2910,0.021566875112537867,0.08429684846622304
2911,0.024170191196555443,0.08638156311852592
2912,0.007911509218214074,0.08416917145177535
2913,0.008838697088456079,0.08429909921379615
2914,0.006438290716373715,0.08333122128980201
2915,0.006283153915561759,0.08411276396504022
2916,0.00859394791714123,0.08360469199362255
2917,0.006420092902446989,0.08243125542662197
2918,0.007438584026474751,0.08493402456505257
2919,0.00749312628346691,0.08250007507645696
2920,0.015645547498449635,0.0922135837693561
2921,0.013332074319762776,0.08569462085726268
2922,0.011434479441412003,0.08326765640935205
2923,0.014907337117905154,0.08406961457173627
2924,0.011364047675390601,0.08323180148924204
2925,0.008637307591292552,0.08335901402814645
2926,0.01028942567410187,0.08224067217051834
2927,0.007948817847279079,0.08265758389817145
2928,0.009834757679051552,0.08315747513209369
2929,0.007673545212114119,0.0831331219850925
2930,0.022670717801910396,0.08467718717971243
2931,0.009677842066719615,0.08332182009492003
2932,0.015118532139679482,0.0845286628805605
2933,0.013256399293771731,0.08664647084579133
2934,0.013484855395592866,0.08320216952185881
2935,0.011936792690703954,0.08490721097117976
2936,0.008939968608903661,0.08498051712163408
2937,0.011529445227784423,0.08456616983153767
2938,0.009723199369403355,0.0818456899664157
2939,0.007521660570755928,0.08459471324855522
2940,0.0085834846306347,0.08467157597753935
2941,0.006406118582385274,0.08495564321826275
2942,0.04454706961341599,0.10349637389481815
2943,0.044159563871386656,0.09330982770910837
2944,0.019283286018478087,0.08580863683071352
2945,0.01053746236885276,0.08447179063818508
2946,0.024287483939568172,0.08379414123027845
2947,0.007310999110691413,0.082643359918194
2948,0.009346378216852776,0.08314599712988488
2949,0.008108362755490041,0.083260495094279
2950,0.02730099108437993,0.08327092277002812
2951,0.013197470146894081,0.08195952891855311
2952,0.0159497908710686,0.08563076859727539
2953,0.01064642027259854,0.08324802276634034
2954,0.007854824268250349,0.08341897163250692
2955,0.01018992976831465,0.08544017423065682
2956,0.011421708597401653,0.08254414206758179
2957,0.007452027977307015,0.0809480822960237
2958,0.02652240397998345,0.08326852237595651
2959,0.008248398568025764,0.08264263034016267
2960,0.012083232210114085,0.08548445013680853
2961,0.025235479643574237,0.08233481589564703
2962,0.009750654723868941,0.08220720530153815
2963,0.008246881468367521,0.08539900131392897
2964,0.006149147333559759,0.08108210671963847
2965,0.009959684048420209,0.08251062043029862
2966,0.01338178752906924,0.08392435017235596
2967,0.008047315878881182,0.08257651246878736
2968,0.00706978847030375,0.08437018512857887
2969,0.008887323334836474,0.08365779131053384
2970,0.008252428564298489,0.08344948536396624
2971,0.009515608021504827,0.08096953317112193
2972,0.0063619382904264435,0.08125079482943193
2973,0.015047696042443891,0.08296903263880197
2974,0.011108869943639329,0.0827536844370658
2975,0.008313052966419992,0.0834197347474875
2976,0.007626394968958671,0.08241219226653713
2977,0.010167180191211659,0.08328906842565775
2978,0.007068574919035443,0.0830789163036454
2979,0.010282991509475864,0.08539844957882897
2980,0.00683659874486699,0.08309556024713922
2981,0.008784202473430798,0.08143103247821182
2982,0.006502599071501097,0.08395595534851677
2983,0.021707001549474966,0.085115604027919
2984,0.0072288177761491565,0.0838955329324966
2985,0.01701120476217993,0.083094797598987
2986,0.0076300450104367585,0.08032672107219696
2987,0.01556436068211977,0.08805706084969647
2988,0.02980186218296566,0.08793619002465318
2989,0.01472501440388282,0.08447899809457306
2990,0.013492153653857477,0.08152028208687193
2991,0.02435310467855777,0.08298340381909732
2992,0.010572417304912424,0.08382849548394818
2993,0.009021298945253732,0.08345667422191243
2994,0.01018954005360977,0.08623310779793221
2995,0.021434508500544815,0.08709916619952758
2996,0.009403393019960031,0.08349778716053281
2997,0.009880752866170997,0.08223744971038106
2998,0.022642099581728907,0.08538616633504853
2999,0.020568875419297094,0.08349896607019548
3000,0.0063839656706654166,0.08367118007855906
3001,0.006913152102929858,0.08471385774232988
3002,0.02747054866640639,0.08653258250321362
3003,0.008706717931469873,0.08497931044502068
3004,0.00917148601911892,0.08502798833718575
3005,0.011102370278425165,0.08496813016726558
3006,0.028180532898975763,0.08951118661272794
3007,0.030102815327225807,0.08233102237371574
3008,0.013100336019685462,0.08384506268085991
3009,0.010209678491244682,0.0825860092140977
3010,0.008395800893968642,0.08470678906467624
3011,0.006886066847004954,0.08131895582179975
3012,0.015800767867215747,0.08527113676519323
3013,0.008792280115852816,0.08293543117386955
3014,0.0153877831452459,0.08373659264697765
3015,0.008951237477759208,0.08382434138379301
3016,0.008801475998603953,0.0820053225210436
3017,0.0077409238677156565,0.08387113920877452
3018,0.004952722912228032,0.08474682579587277
3019,0.008639255354653892,0.08471609426097464
3020,0.00869732576080811,0.08396842687351064
3021,0.008729584932584187,0.08486087693083555
3022,0.006926838218068067,0.08623305330972623
3023,0.028970498521593297,0.08749629555265408
3024,0.01615752596962835,0.0835124668956998
3025,0.009693231616099146,0.08323218654794502
3026,0.009157422836578005,0.08650750719141542
3027,0.007423141915759883,0.08423666415133871
3028,0.0053479487534764236,0.08256569022970989
3029,0.008460354792730749,0.08357198971480057
3030,0.007166832011064579,0.08345465285512141
3031,0.013581554044832163,0.08373845559089704
3032,0.01291047316920421,0.08280657285959798
3033,0.009527916345616868,0.0849473656979121
3034,0.006090942857827886,0.08430035752162598
3035,0.020923004576171453,0.08800178736373596
3036,0.04323719142349349,0.09222023937860527
3037,0.015002069594834853,0.08667135565427311
3038,0.008036509767863725,0.08299895807316429
3039,0.014827406728716106,0.0828847098059224
3040,0.007266099234826886,0.08370936400534813
3041,0.038208120752149334,0.08377327939920258
3042,0.020988879718038263,0.08325530982629996
3043,0.014070997783931725,0.08467201629004682
3044,0.006856938983170684,0.08559070880475797
3045,0.009068624833219198,0.08276747844945219
3046,0.01570425244620461,0.08812829736330755
3047,0.020108512031982967,0.08559915555972503
3048,0.007685668970864021,0.0849119796228588
3049,0.014290697768996222,0.08507386326117623
3050,0.008896454489938798,0.08380716210021112
3051,0.01024002487972659,0.08389064262534741
3052,0.022641870242815033,0.085234067829928
3053,0.006805928345174065,0.0848961257396784
3054,0.012040538097320119,0.08508910569257307
3055,0.01901883354007637,0.08442497238479461
3056,0.00808178814022939,0.08914888080648312
3057,0.013112272969432478,0.08505606098581377
3058,0.011346933071364336,0.08380319549699773
3059,0.0063995168716602935,0.08284027850194682
3060,0.01533885388912452,0.08923062586918809
3061,0.00722420294871291,0.08647767252715907
3062,0.0070634935150466,0.08586152153729197
3063,0.00740090883439144,0.0834965103663
3064,0.01815268506082855,0.08481530981479134
3065,0.015164122043825615,0.08728084336023283
3066,0.011380149283647818,0.08367055695606652
3067,0.01729403914982996,0.0855193502248678
3068,0.008527761030369979,0.08528961237510643
3069,0.007605121155681094,0.08577045161547817
3070,0.006236001271112212,0.08333689400127955
3071,0.006695558950538545,0.08264542486808055
3072,0.00879500424460184,0.08299862005208668
3073,0.007703892060418301,0.08338923431129981
3074,0.008042722064592995,0.08186903158973034
3075,0.011723428637630139,0.08530870276062112
3076,0.013038475711634353,0.08512040696347267
3077,0.01527497278771664,0.0860342310746212
3078,0.006537520303317932,0.08260464522623479
3079,0.0065339809096765745,0.08330643363763814
3080,0.005340695036662783,0.08487590966293387
3081,0.009281954185038712,0.08421742636010163
3082,0.008825555807242293,0.08375907454051469
3083,0.007517298063129,0.08432627026747941
3084,0.007770131347952031,0.08505462279968094
3085,0.012865052352656484,0.08373306915724188
3086,0.01592027830094286,0.08379174430940982
3087,0.008701408438115938,0.08477354178527244
3088,0.009361195405740817,0.08521599195580136
3089,0.011067951147716061,0.08402818321882931
3090,0.005083216538179817,0.08280489905585621
3091,0.010071915132066579,0.0829032340406774
3092,0.02138178720836729,0.08635155296415314
3093,0.010494442913552811,0.08267670916510106
3094,0.016436534923527587,0.0857906216256003
3095,0.015951113868796715,0.08687041262934979
3096,0.009198112185565656,0.0860903179809862
3097,0.00965253279769215,0.08452119035903075
3098,0.007259926052185996,0.08397570657625533
3099,0.022130374428830736,0.09093489257016577
3100,0.015551867716738423,0.08447241389138956
