epoch,train_loss,val_loss
1,1.987829238363782,1.5505048738685168
2,1.1693843846800942,0.7980654206789825
3,0.6967345292463243,0.624654037313055
4,0.5597848333652664,0.49387159375917344
5,0.45855370632507514,0.43170004545297835
6,0.41005176830591644,0.4110095539039239
7,0.38970664724613885,0.37420123240403963
8,0.3687688264082063,0.3698465652334361
9,0.34803553590984465,0.3487686268369058
10,0.33358693235325365,0.3376117489839855
11,0.32644082427774584,0.32514697589671104
12,0.31476857396041824,0.31518480166755525
13,0.3085363546632371,0.3106103017366022
14,0.3076637417265454,0.3224550594662066
15,0.30119755976604967,0.30031927359432803
16,0.2871349337715773,0.29907202929781196
17,0.2818930375875917,0.287775760231759
18,0.27619935075442,0.2799375778003444
19,0.2663071183663494,0.29018726608806983
20,0.27464709660542086,0.2827208187795223
21,0.2676421433874646,0.2776442522691904
22,0.2565270559217945,0.28525271354462567
23,0.2631327087211909,0.2996705155772972
24,0.27294035940050326,0.29137763351127316
25,0.2579461061542139,0.26769934038171794
26,0.2530983622718907,0.2677090277050372
27,0.249295027188535,0.26628075872447554
28,0.24543570591218816,0.26014789991211473
29,0.24289438137843175,0.2654480426980738
30,0.24929166646123682,0.2704053356832729
31,0.24776147465286014,0.2616561108215112
32,0.24028939964636317,0.25723564094469364
33,0.23121913414706224,0.25074983404991324
34,0.2314900127034517,0.25748979051907855
35,0.23339774998478918,0.25336912920451105
36,0.23178357785602785,0.25373196698967976
37,0.24874408308814908,0.2643126568997414
38,0.23963441610711175,0.25607853612505405
39,0.228226660088923,0.2476805945984403
40,0.23865875001973327,0.2596156226662466
41,0.23871834416809323,0.24813806853796305
42,0.22558422105492287,0.250687283083311
43,0.22949199219169858,0.2541403352915494
44,0.2241449588499729,0.24273160477180528
45,0.21574056626490826,0.2510361516834202
46,0.21823125759010795,0.23625713022878594
47,0.21501590433360646,0.24137388360231443
48,0.21698713499420094,0.23464377306607134
49,0.21020554990138648,0.23457781275860348
50,0.20471641796190035,0.2389275594462727
51,0.207258366470067,0.22720764611000405
52,0.20909278816397084,0.22532429062483603
53,0.2022697961180465,0.22474481176612968
54,0.19933715762582216,0.2225208428121151
55,0.19574352723997343,0.22294750036601735
56,0.1952017864341256,0.21943615462845728
57,0.19285269559554333,0.21933867500390025
58,0.19023539200893738,0.23796227141131734
59,0.2095619928349489,0.24840654724074485
60,0.20979322268153136,0.22643739601275079
61,0.1957656133849666,0.21726258599519133
62,0.19187092003207537,0.21300025840749717
63,0.1849431503306395,0.21372779497974798
64,0.18162985624007458,0.21753466700700888
65,0.18627710781007442,0.20746984058304838
66,0.1830306088774459,0.21099907499656342
67,0.1871599216693602,0.21709527340449186
68,0.18550505521912244,0.208632107179864
69,0.1771031063307756,0.20537853192416647
70,0.18081167087240038,0.209306001663208
71,0.1757415510573477,0.21125713831051848
72,0.17789924772655438,0.21044172802216426
73,0.17807361642894504,0.2124993848173242
74,0.18301871400209344,0.20938454508632048
75,0.17691377095831265,0.21014096309666647
76,0.17671915720093925,0.20163397998887495
77,0.17086608136225045,0.2009160519019703
78,0.17035817415834223,0.1994930984158265
79,0.17277633394085387,0.20990594108600663
80,0.17020723354891412,0.2049537467254433
81,0.175119401336466,0.20134878502155007
82,0.17632202560421806,0.20280804584050238
83,0.16416657842555135,0.1967498775114093
84,0.16919426432570572,0.20219517893211586
85,0.16813070603511618,0.20649747998642742
86,0.16856167723172866,0.20994258897943904
87,0.1684945565911959,0.19941561827832893
88,0.16550214279372738,0.19896036984030166
89,0.16689673665934388,0.2439501942847307
90,0.17719866625917782,0.1952338436417711
91,0.1643415077489877,0.1936257020722057
92,0.15704989995596544,0.1985990794230822
93,0.16206242012902625,0.1975439155012145
94,0.1656360850206711,0.19608900346851588
95,0.15661343829062,0.19118855352091013
96,0.15478125842487286,0.19705314071554886
97,0.15408001587076006,0.19099330431536624
98,0.15742813247554707,0.19534748086803838
99,0.15706820326781123,0.19118975592137577
100,0.15399154195995451,0.1912442785232587
101,0.1554706911058546,0.18782739542928853
102,0.14988514481100645,0.19875062494200274
103,0.15982734847743557,0.19338331728202657
104,0.15457488334028976,0.1857140992294278
105,0.14933740586604713,0.18954614514396304
106,0.15001525406567556,0.19461952407557265
107,0.15527345258859718,0.1933629373858746
108,0.15073769694229341,0.18797366362167778
109,0.14634195438720896,0.19056645487633564
110,0.15116986847898495,0.19776430281630733
111,0.15221708469420858,0.19021360893596084
112,0.15015748864824666,0.18699283972569278
113,0.15233972481211777,0.18752010540107736
114,0.14923618949434292,0.18609881767055445
115,0.14536561765385875,0.18652955754508352
116,0.14691613033507606,0.18198692921857187
117,0.14806088467813888,0.18544877527799822
118,0.14512240530559853,0.18763860148893563
119,0.1466152767340342,0.18986509934553228
120,0.1477875698287532,0.18208780107940348
121,0.14298035682372326,0.19000217352146492
122,0.1482234460377843,0.18659730793390059
123,0.14494029652772458,0.19189213970699406
124,0.1421079046133929,0.1852826833500898
125,0.14458394594162516,0.18239347700188333
126,0.15269495162574,0.18920396245960006
127,0.1516899527431284,0.18867276758329013
128,0.1442561185210006,0.1863801830394525
129,0.14080294395017923,0.17608405377034256
130,0.14175381422417718,0.19061821355556785
131,0.1442791926410963,0.17842648673177064
132,0.1393122879214257,0.18422338594320722
133,0.13477418187466808,0.1785462732079035
134,0.1370372494811532,0.17668106461079197
135,0.1349790498333157,0.1804366679045192
136,0.13506404033996774,0.1746586005863988
137,0.13764385288616396,0.17594596153512634
138,0.13992740757435373,0.17678782384945335
139,0.14192678362318556,0.17513519152065268
140,0.14992462801483442,0.18511537221589483
141,0.1471686726846035,0.1985985104900255
142,0.14400116508861757,0.17597453217757375
143,0.13253787009970946,0.1799136577991017
144,0.13462199795546023,0.17347470347893268
145,0.1554419751624641,0.18613153860383763
146,0.14009402640773067,0.17211260558817917
147,0.12967465246248544,0.17707939046367369
148,0.13651435039703202,0.1775924621668077
149,0.14236449782953323,0.18450539295834706
150,0.14104471135439364,0.17426093116888128
151,0.13630312043915754,0.1716904420975157
152,0.1340860198691206,0.18611487354102887
153,0.13671158788339147,0.17330853995822726
154,0.1359549987616029,0.17775827575297581
155,0.13562628861118411,0.17474601042449922
156,0.13793779534738768,0.17626701202010153
157,0.1286773754740661,0.1702831053270732
158,0.13636716272471086,0.17636471923281974
159,0.13496986115878484,0.17552899440428368
160,0.13152140200887835,0.1764219275169205
161,0.1306291460616034,0.1737425444568309
162,0.12516918272342323,0.17186559576139712
163,0.12982287960794736,0.1713740781584479
164,0.13116239667313653,0.17523684526296487
165,0.13119094045657032,0.1774741658441405
166,0.12807500137473052,0.17211224172348366
167,0.13133697858396567,0.1699434269714475
168,0.1326440991658085,0.18561333836170665
169,0.12874127990044887,0.17154294039521897
170,0.1297059607393337,0.17568087682389377
171,0.1343228388694847,0.1743729065608859
172,0.12662043670813242,0.17259309087928973
173,0.12883817184271304,0.17393387054889126
174,0.12736057335475706,0.17367248035463176
175,0.12931436773553584,0.17151915261470585
176,0.12455427388912477,0.1746048978471517
177,0.1290891981162365,0.17415549182204673
178,0.12888075167652946,0.17398965706054428
179,0.12249059778339458,0.17364312409607688
180,0.12845364803413176,0.19263551643767154
181,0.13598461374171875,0.17802626921568898
182,0.13014112750314316,0.18643938905015625
183,0.12802346894201241,0.1795116482970111
184,0.13614926801162697,0.17244374897695125
185,0.12947531363124368,0.1688176610490732
186,0.12635111433904875,0.17307752195306889
187,0.12230871317896454,0.16862597419205763
188,0.12439850356968694,0.16545916186239487
189,0.1259093498752552,0.1816808865930801
190,0.12894790736759235,0.1706045890287648
191,0.1228762150935407,0.1719450207805275
192,0.11899566687877823,0.16959802477730246
193,0.11963900904985345,0.17125258402418075
194,0.12726052349093575,0.16913520994789918
195,0.1172065924173631,0.1715196170155566
196,0.11979209533277548,0.1650315430155374
197,0.11704329054498072,0.16981207618587896
198,0.1173939531985319,0.16695422695991688
199,0.12026747180230962,0.17142698994107114
200,0.11983538072251673,0.1652963092004446
201,0.11768748667442573,0.1714108994132594
202,0.12374743088236395,0.17028083392701351
203,0.12130249230741705,0.17149931961731205
204,0.12026704374536779,0.16886367090513235
205,0.12070334890166169,0.17767039240153512
206,0.12642485985778412,0.1666792534795919
207,0.11701702509286269,0.1692974604386136
208,0.11936584035368086,0.17452568872680044
209,0.12601379478502572,0.1708715102801048
210,0.12234408047589117,0.17380882347735546
211,0.12327888368997934,0.16572133841968717
212,0.11622015063492756,0.17648085006944517
213,0.11484987846335525,0.16547089848751412
214,0.1141736683605602,0.175017731007478
215,0.11835102437052337,0.16437076420562907
216,0.11843733264590209,0.16671726141208992
217,0.11281948799044832,0.17085513300764232
218,0.11848834981708406,0.17535664312970967
219,0.11471051474412282,0.16297152993224917
220,0.11366216547834049,0.16470748989056228
221,0.11651068541613764,0.1615504365890546
222,0.11466197322749491,0.16932043560166707
223,0.11379323449899566,0.16475397083245424
224,0.11491763137234082,0.16622412570735864
225,0.11637695264891258,0.16790136000267544
226,0.11772543946339649,0.16486452486282005
227,0.11824681478663811,0.16721206085574358
228,0.11691977959946266,0.16198069070066726
229,0.10849912764516266,0.16316827956148258
230,0.11248978546018121,0.1656797588767862
231,0.1232609194498392,0.1659501622195232
232,0.12087411817702108,0.16474173055555588
233,0.11943010803101198,0.1684254158036153
234,0.11751623048722369,0.1624824905903417
235,0.12063663729331778,0.16605642449138755
236,0.11329370188825535,0.16005359989658632
237,0.11133041256253824,0.16175348171614168
238,0.1147993174176546,0.16053887563092367
239,0.11590759521760281,0.16189846904355482
240,0.11280823081919232,0.16641144600129665
241,0.11604284476371682,0.1681399344651024
242,0.11246729154819213,0.1639430421710313
243,0.12129052208279664,0.16451185583171987
244,0.11541603055765044,0.16258030480011962
245,0.1194662092804159,0.17559900976960222
246,0.12076697953092227,0.1660900583915543
247,0.1163244071246693,0.16576834837147467
248,0.12679321450070016,0.175498376364696
249,0.11897962254548222,0.1612514215976672
250,0.11208757622249471,0.16656220000339927
251,0.11083700179866275,0.16642922611164868
252,0.10855915074078541,0.16894572947108955
253,0.11282439984428058,0.16391552689678987
254,0.11055417546311265,0.16680984613590671
255,0.11095265308453602,0.16367110736985555
256,0.10881202433656596,0.15739141079716215
257,0.11005393490663865,0.16391502238604658
258,0.10962522760877069,0.15799734138307117
259,0.1087809684422781,0.1652817889338448
260,0.10949738201855114,0.1734204958554796
261,0.11096394226048728,0.16289273785767996
262,0.11302239560293702,0.16040974257882676
263,0.11177875855996174,0.16989872972469283
264,0.11015079273555264,0.16625742237071944
265,0.10635830789991894,0.1607333848575004
266,0.10784488930454794,0.17039378693229273
267,0.10841576061533682,0.16461120863307388
268,0.11320167119210621,0.1565035122976566
269,0.10610160404968562,0.16362491638439342
270,0.10642106193791395,0.16041126735228345
271,0.10544811854572417,0.1580692128952882
272,0.10614097104319986,0.16158555761763924
273,0.1036664883858003,0.15785287742626697
274,0.10558731090160287,0.16512536251903476
275,0.11312134109390606,0.15916413098648377
276,0.1047623652332234,0.15843212425260617
277,0.10669969823562873,0.15794289541573153
278,0.10697691198789848,0.157077218991772
279,0.11046392976675394,0.16286118631076096
280,0.10941550819753851,0.16272094741202237
281,0.11142150345463422,0.16977054003934214
282,0.11613412482558556,0.17324806981367574
283,0.1089469073516018,0.15611730803523147
284,0.11252271229366087,0.17460827999993375
285,0.11548637781503066,0.1601337077548928
286,0.10845652302293657,0.16289551231197844
287,0.10200298563489374,0.16647373763540932
288,0.10330359487788482,0.1590744760400968
289,0.10593620945447646,0.15860238936461302
290,0.10283740183467385,0.15626281503597297
291,0.10227708345126806,0.15995787102775766
292,0.1057934357591395,0.16039586317419707
293,0.10262521342286524,0.15899571302092463
294,0.10683183629745208,0.15989360848166292
295,0.10945743659757218,0.1582374566031578
296,0.1061477983522715,0.1585820809865655
297,0.10291417280458054,0.1603389048486724
298,0.10744162311531463,0.15690460009383678
299,0.10230024913384479,0.15917453184761202
300,0.10208218197965022,0.15901328641967966
301,0.10384633312435271,0.16517599345299236
302,0.10190043542182671,0.15825395450406804
303,0.10633781402365966,0.15572481025430493
304,0.10258938016006781,0.15676295290465342
305,0.1010748195292065,0.16067981174715182
306,0.10709864875805453,0.16903836113916604
307,0.10993469037912176,0.15464921710186436
308,0.1072641927397476,0.16275741656621298
309,0.10602330514844859,0.15509682184173948
310,0.110153835946284,0.1602617675499211
311,0.10485155491521524,0.15610912408595695
312,0.10099364212661419,0.15213960420368308
313,0.09978948449188808,0.15614496089312666
314,0.1006742832983065,0.1611252298629971
315,0.108358696337391,0.156874303157467
316,0.09883804609940487,0.1615777932163468
317,0.10326301217454034,0.15496792971042164
318,0.10508405051703723,0.15779339650967963
319,0.09958282858133316,0.16435038882837558
320,0.10232246212614407,0.15874111200484417
321,0.09937104788966149,0.16209501920636735
322,0.10309108449790463,0.1588275434827446
323,0.0998101940601127,0.15568004615772935
324,0.10361471420751428,0.16532455504239352
325,0.10253596296475369,0.1740334953057736
326,0.10530036950261339,0.1536236970795127
327,0.10538904593800599,0.16127204809123113
328,0.10506517444766543,0.15708345492232711
329,0.10246974792120592,0.15972997744878134
330,0.09942917291473292,0.16519168359145783
331,0.11015708463371925,0.16575598302192257
332,0.09875088428738732,0.15523781401471684
333,0.10014937471293803,0.16015206131720006
334,0.11277622518674382,0.16702036929309816
335,0.10810370269998815,0.16359442184891618
336,0.10872121984666248,0.16115508215469226
337,0.10216288877733098,0.1530447425624183
338,0.09832536185500007,0.15367248265964345
339,0.09864127307942828,0.15387075172181716
340,0.09876678368580416,0.16164804722432205
341,0.10514537718311046,0.15802047280291268
342,0.09937945139483086,0.15755317100606167
343,0.09789444637373558,0.15812642864864274
344,0.09660653348238964,0.15706054578747666
345,0.10213878118204621,0.15653086063407717
346,0.0997706357881708,0.15965486958361508
347,0.10067917312840996,0.16628269406787136
348,0.10482804678708503,0.1585443512464227
349,0.10141467654480124,0.15921733463019655
350,0.10027942825225913,0.15794872139629565
351,0.09717297760195702,0.15731492205371236
352,0.10240460815107298,0.1546159527803722
353,0.09620465792762409,0.15850617704833658
354,0.09485230407437438,0.15508882626704404
355,0.09461781466906925,0.15820924638954917
356,0.09636907827741695,0.15706538186784377
357,0.09505768303038939,0.15873338438962636
358,0.09746294407724584,0.15047605216204374
359,0.09807338626504694,0.15806663682436883
360,0.0990216889471378,0.15441869005075373
361,0.09810508145663724,0.15997581165237235
362,0.0972833644200421,0.15545087727837095
363,0.10166461231573573,0.15511737151402877
364,0.10189742693361246,0.15877525762358405
365,0.09540251750241285,0.15327744533244828
366,0.09476714365699757,0.16142675493444716
367,0.09927974421085801,0.15404841938711947
368,0.09235869184042672,0.15865190047070496
369,0.09425084344433539,0.15548170893861538
370,0.09328951906858,0.1587539068364858
371,0.09295422119914361,0.16603365533035203
372,0.09423406028522635,0.15600966959071338
373,0.09597281347843087,0.1578075371141123
374,0.09887400236707064,0.16273681352610575
375,0.10489194315372023,0.15547315951875576
376,0.1038659728079472,0.1592873594067748
377,0.09662940470302629,0.15844476913897915
378,0.09903096103068418,0.17529879614972232
379,0.10846240134359156,0.16308776657085372
380,0.10565340312771827,0.1598892082695973
381,0.09266257698430955,0.1539996850460693
382,0.11047341566790575,0.16443115704340444
383,0.09786506568860708,0.15151322653568478
384,0.0919053758371551,0.15191601220527687
385,0.0891805240568125,0.15513808819883151
386,0.09334920665378091,0.1643599520873904
387,0.10099222281443998,0.15722614183162986
388,0.09259279840772257,0.15827425873667972
389,0.09121761419488199,0.15531595921456665
390,0.09222717447288381,0.15510826910796918
391,0.09371660542000765,0.15709798303164335
392,0.09472230728129921,0.15634212741875708
393,0.09156302479827928,0.15458253814014875
394,0.09453120457488785,0.16012102544755863
395,0.0984506442580583,0.15865940094591682
396,0.09190434104991409,0.1570947562766852
397,0.0932216207092663,0.15394977971276544
398,0.09128833102917522,0.15240244862429778
399,0.09159124619181051,0.15551534761910452
400,0.09372308273922722,0.15678126131532186
401,0.09693465114764448,0.1566644663500009
402,0.09601113017437593,0.15567186934159213
403,0.092195710671023,0.15186743333674313
404,0.09367752820253372,0.15907208714867593
405,0.0911598338177369,0.1580383867249453
406,0.0899603083823462,0.1543211113091997
407,0.09066362524369978,0.15444117018901615
408,0.09428145427186534,0.15428670105480013
409,0.09478404016802146,0.15757580852150022
410,0.0944599894420156,0.15467224208484018
411,0.09072473073530497,0.15733966253753892
412,0.08912844412356803,0.15964493857589282
413,0.09529168055679813,0.15351170454557078
414,0.0920843040137171,0.15626626075210429
415,0.09027321960003871,0.1492770783285748
416,0.09316665538639393,0.15245414213429118
417,0.09028493420882795,0.15311322075531894
418,0.09037217572800019,0.15440659217517777
419,0.08759568308321934,0.15247944527700133
420,0.08808715857049954,0.1571612131401411
421,0.0922778086186205,0.1546944315944399
422,0.09950913287371209,0.16021582517856942
423,0.09042823666109229,0.15694992987434367
424,0.09424179937667067,0.15385422603528304
425,0.0905503899140178,0.15480923051374001
426,0.0878771794667034,0.15561721610246146
427,0.09169214832707771,0.1540317961521316
428,0.09162726529739187,0.16319167968772708
429,0.0942666843158644,0.15833868246927
430,0.0931441918858942,0.1574369288028631
431,0.09074204405711132,0.1556582342935983
432,0.09160574342844621,0.15327968483879453
433,0.08441240270182772,0.1498413264826127
434,0.08670915686671839,0.1586097652900189
435,0.08805232110825724,0.1566307585042222
436,0.08974718288430628,0.15448987536263048
437,0.08840572276392823,0.15475730676400035
438,0.08499743606684343,0.15329765597531073
439,0.085228664132784,0.15413254760859305
440,0.08730118215646383,0.1511956461913006
441,0.08388392706899522,0.15468044448317142
442,0.08709375813322247,0.1507352273491092
443,0.0870703917067006,0.15323518298771746
444,0.08889479508752343,0.15372941887617708
445,0.0851732738925226,0.1584294831244868
446,0.0917771967045916,0.15246084485585826
447,0.08950347978176561,0.16214955155562638
448,0.08535377953037526,0.15281927361524195
449,0.08794941706290035,0.15594171394680376
450,0.08389305360849549,0.15410193610460238
451,0.08359707592043487,0.15160166668264488
452,0.08459668554974802,0.15638807023826398
453,0.08740202792035709,0.15388592487588562
454,0.09010567305222997,0.1579344588562958
455,0.08679554920713857,0.15422752850635307
456,0.08622927513887298,0.15904713438865833
457,0.09041632922752849,0.1611213504446479
458,0.09481101216010328,0.1520607567445975
459,0.08524427792561129,0.15458597392217258
460,0.087858166428482,0.15326120751095296
461,0.08432870409773581,0.15423305000278884
462,0.08270093882983585,0.15834225430375054
463,0.08544914522823298,0.1598064600674431
464,0.09261545674793376,0.1561127929086972
465,0.08656687547200881,0.14976471882864348
466,0.08431350969293583,0.1578674220052877
467,0.08706923860049098,0.15353355207538844
468,0.08208800528971653,0.1572787267597098
469,0.08936076334812357,0.15972072326748593
470,0.08905864258607228,0.15362899195879026
471,0.09249689650235686,0.16841982850305418
472,0.09076755044032943,0.1534947603567501
473,0.08865308817827476,0.15050494599910008
474,0.08344929421660285,0.1533998895184438
475,0.08477532141988382,0.1490621914839685
476,0.08592133870664632,0.15858198063714163
477,0.08446452166861708,0.15031424792189346
478,0.08401304998862669,0.1540012919066245
479,0.08792398612266816,0.15224804301608474
480,0.0845846212791197,0.14907196761671462
481,0.08405727049652136,0.1559288208571293
482,0.08620574920432372,0.15006086906245478
483,0.08459677336350926,0.152165491442035
484,0.0825225331310956,0.15046788434635727
485,0.08261801016593129,0.1501306909367554
486,0.08815476213986019,0.1559399681207829
487,0.08742036375234712,0.152840463402576
488,0.08660348729704911,0.15656821261671253
489,0.08548130826005396,0.15897196497684135
490,0.09733905315211734,0.1617311534278076
491,0.0936388244512696,0.1559105080022549
492,0.08852984760917208,0.15276419193971724
493,0.08548744397718201,0.15555789439301743
494,0.08211631154489217,0.1502762425289417
495,0.08238864708808982,0.15939472264663918
496,0.08883551662822939,0.15032121550319785
497,0.08045637762209154,0.14973983508453034
498,0.08080013668012319,0.15126016560503117
499,0.082612507467,0.15378735470293758
500,0.08487296638623723,0.15737404676158925
501,0.08981771659363741,0.16165671174538165
502,0.08877235112137764,0.15528275419894913
503,0.08731838718712705,0.14946628804493667
504,0.08068942550405767,0.1512856795300816
505,0.07987772514047863,0.15414445569043173
506,0.07660955813883236,0.15278368878334686
507,0.07966309959221186,0.15526616984142697
508,0.08087406476151268,0.15375303333265739
509,0.08050266765760926,0.15174186464987302
510,0.07774520524830189,0.15080039770830245
511,0.0875154437040383,0.15311429199568907
512,0.08469845579480226,0.15840878873540645
513,0.08382221386305191,0.15688116235989974
514,0.08236057226950268,0.15570896057257974
515,0.09420059429212187,0.20810046037635707
516,0.11823431777316819,0.15864490824086325
517,0.09701301874417179,0.1565258033517608
518,0.0851216732331042,0.14858277720915047
519,0.08423907347257782,0.15004505478499228
520,0.08175783805877158,0.15607811585255435
521,0.0838198184311015,0.14945948377886512
522,0.08072564357294226,0.1578642021593892
523,0.08234903853644365,0.1533000358289346
524,0.08171971667112794,0.15447363182715604
525,0.08249934303498119,0.15712117584875054
526,0.0829928790060979,0.15666932382977994
527,0.08307538786024418,0.1525639854278182
528,0.07807439973331848,0.15042130182261454
529,0.08059928580275122,0.15557276948651574
530,0.08678076922331217,0.15372277878430254
531,0.0845951940747177,0.15504808548399082
532,0.08290333642899615,0.14949315259779306
533,0.08133975205556401,0.15256036175671675
534,0.08079366301590542,0.15360067639135777
535,0.08002961187992456,0.14797376070106238
536,0.08342740642574598,0.1545679811995131
537,0.07933958076268623,0.14852017037253032
538,0.07690354694360457,0.15081307568346947
539,0.07935999179223799,0.1511053795877256
540,0.0796460693924682,0.1565503888859187
541,0.08317815423386651,0.15300737627616204
542,0.07799139286174714,0.15212362022477582
543,0.07791750953070023,0.15138883597420572
544,0.07565556012047162,0.14805929396385537
545,0.07571512395106021,0.1505777954233619
546,0.07987588400360923,0.15289520571255744
547,0.0817208265733419,0.14760419001854153
548,0.07603066564543443,0.14924235873503194
549,0.08508900993462629,0.1538569465242233
550,0.08318108278063108,0.15488174229038687
551,0.0799073043671794,0.15061464760088383
552,0.07720456220818765,0.15182880695003614
553,0.07668766393414084,0.146639223908422
554,0.08031444649838801,0.1542872921715404
555,0.07929811284602063,0.15417393578921346
556,0.07868761367767861,0.15287482327685917
557,0.07587892121676379,0.15241798504552148
558,0.07723322337341008,0.14879428152751206
559,0.0749048114572681,0.15570986752671406
560,0.08399714857527295,0.15238158333869206
561,0.07889260492234859,0.15332798659801483
562,0.07795722459284764,0.14965739166527464
563,0.07590745384775617,0.15002055294382244
564,0.07691104560153289,0.15607903666215434
565,0.07832625662943102,0.15415789022630916
566,0.07873849355199802,0.15332239029700295
567,0.07752295878698241,0.14937847311186014
568,0.0760920558991672,0.15457905033477268
569,0.08230774334204272,0.16035570786859757
570,0.07799653254402508,0.15099101112151803
571,0.0783526969124686,0.15560987774740187
572,0.08186417902415653,0.15305857027981215
573,0.07891702792554531,0.14703822569142008
574,0.07884609427467082,0.1529847609070608
575,0.0806236446559804,0.15507349827534572
576,0.07628271396055161,0.1526372644835546
577,0.07890500821782358,0.1526268020010831
578,0.07603557749926669,0.15128024277232943
579,0.08349713430089771,0.1536945959081626
580,0.07582744665490757,0.1480531606235002
581,0.07257816153314878,0.14883239727868772
582,0.076976237666307,0.15437351155998116
583,0.07976338108005764,0.15174298343204318
584,0.07877436153731256,0.1536509644865691
585,0.07912066021242982,0.15511177625871242
586,0.07803742962438355,0.15153991642004266
587,0.07497914210430481,0.14820380000990435
588,0.07183832576814687,0.14973976774920797
589,0.0760944312286077,0.14873980852147392
590,0.07580300509554785,0.15370563886368782
591,0.07705744866680049,0.15018894898712187
592,0.0772185318593709,0.15027510996599844
593,0.07713010190230496,0.15769714733263604
594,0.07613757936834539,0.14965494511121497
595,0.0718306024681847,0.15182218090035862
596,0.0806818923110482,0.155954325781729
597,0.07851418206151926,0.15245646563239565
598,0.07398314647517114,0.1476493398273798
599,0.07371117699446168,0.1529438522151837
600,0.08071852414488043,0.14900762160170944
601,0.07730958784151377,0.1619493196856109
602,0.0765573964834963,0.15064338193202675
603,0.07867043713728587,0.15244857283463156
604,0.07412592195114999,0.15739711820332328
605,0.08000033723670731,0.14911151604544848
606,0.07858375169383655,0.14992733807641462
607,0.08042633552221382,0.15379952432069563
608,0.07471668813963356,0.15056222441949343
609,0.07595997500532078,0.15059640738450197
610,0.07824815013123758,0.14914854811994652
611,0.07230864465236664,0.15132569336801543
612,0.07752267041671201,0.1522343988929476
613,0.0758386455335707,0.15023671546227352
614,0.07591244732996202,0.15621733549692876
615,0.07581305086800137,0.1530012474547054
616,0.07647616266267104,0.1503224412824277
617,0.07771855466208367,0.1500944218838723
618,0.07695376830843259,0.1689869231149965
619,0.0844474122771677,0.15317636735755996
620,0.07745104306523905,0.14892270119118511
621,0.07686771072869031,0.15381939081769241
622,0.07360723155474513,0.1479185054027347
623,0.0714738979560774,0.14681685142648548
624,0.07437595823463404,0.15495360932105168
625,0.09015473849930854,0.15811170622669066
626,0.08026149198881485,0.15271707062135664
627,0.0827422133125599,0.1552895273555789
628,0.07672152457372197,0.1491877892262356
629,0.07039495046783543,0.15116256277513385
630,0.07093101458729438,0.1501924029941248
631,0.07327036723588248,0.15030070168332646
632,0.07297444184246303,0.1504415734519337
633,0.0738641895213217,0.149024603584954
634,0.08500119401786313,0.15402120123979143
635,0.07801707918351551,0.15385707092464418
636,0.08652970841470754,0.15887751219266638
637,0.08049178938820677,0.14949954698856613
638,0.07840881524783261,0.14831855340410294
639,0.07667183679229808,0.15427519713428087
640,0.07287703534154771,0.1535924730967161
641,0.07351445284841945,0.15488530097898087
642,0.07640284955876428,0.14708668635901354
643,0.07177388892983491,0.14887837460614683
644,0.07012649836405269,0.15069981427270368
645,0.07507049231409277,0.15673955740934625
646,0.07469454848166532,0.1480689749009627
647,0.07233636779417782,0.15497800446393198
648,0.07149009650233407,0.14779221458841385
649,0.07122602641769925,0.15387128457837834
650,0.07048552178736753,0.1513136121488753
651,0.07592400158726194,0.1482796362393482
652,0.0680007038626281,0.15032779143418284
653,0.06988761616203021,0.14757643322598069
654,0.0702208621228266,0.1468142938419691
655,0.0699415036342429,0.1515809668783556
656,0.07354991728404783,0.14883015851926684
657,0.07274128726255968,0.15167590273651563
658,0.07046874045575939,0.14857596693032965
659,0.07222773134708405,0.1627238242697895
660,0.07463220061746033,0.15104634929121585
661,0.0760393296397707,0.15437189427981698
662,0.0797037032883872,0.1559839629215704
663,0.07171062515966548,0.1507852652990131
664,0.0697191060057976,0.1496352944009585
665,0.07386400559975666,0.1520194233882995
666,0.07640591104450466,0.15056964501103662
667,0.07427321697743434,0.15190053277445914
668,0.07167785024305559,0.15074513565030015
669,0.06873490164677303,0.14905876664440135
670,0.07369766140696388,0.15239250984855165
671,0.07166113779417374,0.1495667212738429
672,0.0677920142247242,0.15046313236978717
673,0.07116846154508351,0.15053579498801314
674,0.07021457622261168,0.157537901349235
675,0.0765660064962675,0.16077626591786406
676,0.0816029798497194,0.14949209573573635
677,0.07012900114996629,0.14829649781822263
678,0.0741637112022196,0.1601075408676812
679,0.07909774831818335,0.149031989257736
680,0.08021531413373707,0.15507820637005015
681,0.07030595332946417,0.14682389866738094
682,0.06948402556795744,0.15040479264313117
683,0.06801339627811744,0.1462137118019257
684,0.07211511778943944,0.1567056494622601
685,0.06808877609810739,0.14937908275234968
686,0.06823557671510948,0.15607329560700514
687,0.07358679807973358,0.15071988692110344
688,0.07427342620285803,0.1500395784775416
689,0.06975251890765796,0.15533769048544996
690,0.06828381228934294,0.14867765379878214
691,0.07243520288534884,0.1517442412543715
692,0.07028720738752833,0.15015158001193427
693,0.07397337595246872,0.15075150262891202
694,0.07012188486145728,0.1494548224043428
695,0.0728002130141798,0.1503626476030302
696,0.07359787090769354,0.15333285490821177
697,0.07094938949968829,0.1505548098406995
698,0.07150347549585426,0.1550075471177137
699,0.07155382755042622,0.14701294701051593
700,0.0653982584675153,0.15334289280095495
701,0.06835359803535654,0.14785938540048765
702,0.06885872589154814,0.15405897953008352
703,0.06803713720174706,0.15330003792032562
704,0.07150212450409835,0.15134576736088085
705,0.07254229514104016,0.14899038301225295
706,0.06638763212370423,0.1499170892145998
707,0.07031224614138123,0.15062437574367477
708,0.06888080856897547,0.14876848649709745
709,0.06997799924896948,0.15190387130679942
710,0.066769947046004,0.15351789166455282
711,0.07027077965391507,0.14777338579483798
712,0.06789829094642363,0.15298964785304583
713,0.06880746842742716,0.1502024933957217
714,0.0708503525868152,0.15237168840746532
715,0.06909948067282731,0.15185895715291636
716,0.07048563659191132,0.1520432181152186
717,0.07499558647286217,0.15107453698502446
718,0.07090799580767469,0.1512247710150286
719,0.0710348000035346,0.15851464628575737
720,0.07120001709686136,0.1535117532824514
721,0.06669402577029834,0.1512513013561268
722,0.06784035809010079,0.1536255499772858
723,0.06772481214325383,0.14967870133413108
724,0.06639526240855644,0.14935727596731113
725,0.06845973054849126,0.15284005722455812
726,0.06879945614802763,0.14968440063615193
727,0.06892529282273736,0.14888562650459453
728,0.07062524950729226,0.15219595453195406
729,0.07541529656206288,0.1558381732095752
730,0.0693245363779038,0.1512911796271054
731,0.06860548042276371,0.1544970410285438
732,0.07088092658317315,0.15566897186868472
733,0.06787962119721766,0.14883298753646382
734,0.06769751354395968,0.15739786912474715
735,0.0680204136004238,0.14977151364610905
736,0.06678101115819043,0.15090970691284142
737,0.06825073883406022,0.15866125582304216
738,0.0715467872672111,0.1457213475964123
739,0.06763531703431651,0.15269366717129423
740,0.06812096579269793,0.15258040564848965
741,0.0686700293946566,0.1535198505136901
742,0.07016080885000948,0.14964754349157625
743,0.06779878005479117,0.15245989984587618
744,0.06724656392006004,0.14904802768750297
745,0.0653603306543902,0.15012368810057342
746,0.06544837955408876,0.15628208518775186
747,0.07071955314597243,0.15347412389173246
748,0.07262629223694592,0.15275798062035315
749,0.0683495026526961,0.1495681084262996
750,0.0690050335518969,0.14932277660471455
751,0.06805423375383113,0.14825480149353953
752,0.0658577876458378,0.15156400640656179
753,0.0706598882873853,0.14820516591233418
754,0.06448948894094371,0.1517813146338427
755,0.06643613617656366,0.1531752434962973
756,0.06448989923832552,0.157339686737921
757,0.06669796651826715,0.15445503689591447
758,0.06785036679708732,0.15024454563034506
759,0.07249604779406914,0.15200426128872654
760,0.07361776386416934,0.1557272651365825
761,0.06884219375608852,0.15069604125387387
762,0.062302803444974825,0.1489505929531609
763,0.06362553226685375,0.15166507093679338
764,0.06395910132043767,0.15244658971041963
765,0.06500580677258894,0.14812765093076796
766,0.0644135187444447,0.15130815268459177
767,0.06641381655661564,0.15336830727289194
768,0.06313863420074091,0.14824953671535454
769,0.06331337112113365,0.1506311074832926
770,0.0640167087878821,0.15047861613277205
771,0.06877374077368083,0.1510204260884072
772,0.06955290634958249,0.1551904410945443
773,0.06601758910425054,0.1487791599486406
774,0.0643695373580141,0.1530657267585434
775,0.06807952064950511,0.15887110099607243
776,0.07131992964624609,0.15082049201753803
777,0.06322548857087609,0.14933970742357106
778,0.06508597103679704,0.15230166463923633
779,0.06893592468410167,0.15060979396777047
780,0.06553040369876525,0.1495611968643982
781,0.06461410768002084,0.14849102724913069
782,0.06530370319601875,0.14919092328775496
783,0.06564081099423223,0.15447807375500375
784,0.06865537171281359,0.15751341213110395
785,0.06392720231563791,0.14914297960455855
786,0.06455653966785227,0.15005461991132052
787,0.06499653480619004,0.15428041489351363
788,0.06316966521290113,0.15357545690428942
789,0.06251674829601492,0.14612666657544615
790,0.06280738724477636,0.15378067860926004
791,0.06736252981724229,0.161240076436136
792,0.0666980209918517,0.14999170425840488
793,0.06879891525461988,0.15095767113648562
794,0.06481205906320668,0.14945838654549198
795,0.06302114697934696,0.15555073843713393
796,0.06539301152499218,0.15246859159236564
797,0.06246587861352747,0.14964804714335536
798,0.06464972314219805,0.15169264267859303
799,0.06508508544860396,0.1533856613743574
800,0.06933135586152286,0.15229916184169606
801,0.06890080836396548,0.15067863979733975
802,0.06224720761086206,0.15165929201252779
803,0.06696724409014924,0.1477994279455123
804,0.06256576292451073,0.1477774441391603
805,0.06589928911354556,0.14840921916459737
806,0.06559439682923023,0.155142311016121
807,0.06841601988991851,0.1517097609757182
808,0.06805931861108204,0.15158020113046305
809,0.06560753627955539,0.14948631669943196
810,0.07234091321064991,0.15804345375463777
811,0.0719358318444318,0.15056407246225162
812,0.062469878638128064,0.15649827762056412
813,0.061733752301653975,0.15144237282132744
814,0.0628598525229865,0.15147801748194492
815,0.06804096914312374,0.15166994843417242
816,0.06681032282001567,0.14942563958185956
817,0.06231595613296677,0.1499082753084656
818,0.06283397101006417,0.1502151503075932
819,0.06801372714949853,0.15612851266275374
820,0.06752466707953117,0.15086846229127773
821,0.06137956842873831,0.15221073861259565
822,0.06125824837564672,0.1510471573150845
823,0.06420524591732325,0.1517943039648515
824,0.07038843608314886,0.15281238565618233
825,0.06576451781035969,0.14894249053079084
826,0.06879778459387005,0.1517868697792665
827,0.06743062793646219,0.14669357464277655
828,0.06395460594937487,0.14813884103059172
829,0.06193784919549834,0.14792650146293163
830,0.06118997835419463,0.14621886390641817
831,0.06379723815985446,0.14710092679002232
832,0.06759540277457088,0.15370229562571772
833,0.06825042986926043,0.14888168105804234
834,0.06511925945773064,0.1493498730778993
835,0.06577926782785722,0.14932456295143692
836,0.06134908468280948,0.1491051724456008
837,0.06031049764568701,0.1498491879095111
838,0.06044243854827851,0.1449763767776035
839,0.06399419104809281,0.14505916255010398
840,0.05971973647111617,0.15071127897964084
841,0.06183808500755508,0.14912207842918865
842,0.06711872385920219,0.15217280238493344
843,0.06453143299188253,0.15118287682981418
844,0.06660753451053451,0.1460040092916417
845,0.061329276845702586,0.149907976351585
846,0.06890655936872435,0.15386245685412472
847,0.06732602743139057,0.15220549613013304
848,0.06182758503083913,0.14836891820855008
849,0.06415910796268182,0.15218867238302877
850,0.06083278852345059,0.14835322041409954
851,0.06119625162590975,0.15596071109735876
852,0.06432835153251323,0.14964145545224497
853,0.0593873235695767,0.14721210289718514
854,0.06546492541923463,0.14996294352345
855,0.06336236178125225,0.15174117198862827
856,0.06286049774795208,0.15378870469585695
857,0.06213748562823301,0.157863499564037
858,0.06750005387566374,0.15515904998719543
859,0.06758181657056389,0.15162432253510133
860,0.06547406681303708,0.15650806906528042
861,0.06637296851419802,0.15461726255136027
862,0.060025668744021245,0.14572047895954965
863,0.06414450869057914,0.14926258737879589
864,0.058271990397816185,0.15094121091796042
865,0.06215525547382217,0.1491584957094121
866,0.06423828863310364,0.1562982933936561
867,0.07113032949701795,0.14736947727233246
868,0.05995991943204928,0.14941505247488954
869,0.06230221735606403,0.14937076902479157
870,0.06389190176935317,0.1475528066693093
871,0.06348275416677103,0.1580010869523935
872,0.06287570138397457,0.15262747800589205
873,0.06166025939977394,0.15293063944144955
874,0.06141040839676587,0.14738913011132626
875,0.06680888865353926,0.16532662667726217
876,0.06706087096775852,0.1471183924821385
877,0.05887681409810324,0.14634804789882555
878,0.05980690718634323,0.14991833187434309
879,0.060570250540596886,0.14896798301908307
880,0.060136942556069335,0.14570264578014985
881,0.06050431248058313,0.14682806102106147
882,0.06000595919366153,0.14960264976610216
883,0.06145460252304497,0.14769477974203296
884,0.05961955207511314,0.14840088269316165
885,0.058604825077191836,0.15105502718223965
886,0.05700377203852126,0.15182162343260638
887,0.060641897127688305,0.14736233733799822
888,0.06096237391795752,0.14685947916710884
889,0.05773994338306241,0.15044198037687698
890,0.06135172282093726,0.15201383100864582
891,0.05816773273659952,0.1457299598326958
892,0.05913945585020683,0.15081440804895005
893,0.06007637181934321,0.14753607023778118
894,0.06105859779149481,0.14952587760181954
895,0.05971701827439122,0.15101544798018043
896,0.05926438659991858,0.15018552452101744
897,0.06070403792198349,0.1539786686574606
898,0.062450044021104115,0.15196244407417184
899,0.062314520467002435,0.1499845149149572
900,0.05741520146341444,0.15217699849964084
901,0.05857021811435807,0.14624673191616708
902,0.05735746988991521,0.14875591839465283
903,0.06178989819010849,0.14891867037106277
904,0.06098506177933711,0.14734889103804616
905,0.06239882388017463,0.1473497848462939
906,0.056055108659297415,0.1485624473196522
907,0.05690207290199568,0.14768964257604794
908,0.05658861509752723,0.15137870620964164
909,0.060121001804587224,0.14774887252570992
910,0.05605282086246419,0.14744262722201815
911,0.05891873225944597,0.15043197878470696
912,0.060013111915041065,0.148201439688379
913,0.055606367499948295,0.1500794677283232
914,0.055629573246967864,0.1465188648019518
915,0.06183941444417216,0.14906058223325208
916,0.057806730481251234,0.14850474389872156
917,0.059297205423409084,0.15083559947951994
918,0.05838201344950394,0.14992066978810722
919,0.062868595545022,0.15204559363667527
920,0.060906858119012426,0.14781026676633305
921,0.05695450608179255,0.15010235945981248
922,0.05833036785230697,0.14848885616114862
923,0.055766023086301936,0.1517204948908703
924,0.05639806912286476,0.1531363079198321
925,0.05819510366275625,0.14782581413001344
926,0.05687432834562266,0.1507597554820522
927,0.06376775241685363,0.14857253155911476
928,0.059191108663689415,0.14900436209407367
929,0.05985029702478985,0.14778464270713634
930,0.057082499254424615,0.14501177808993443
931,0.05808559709093856,0.14604682544419043
932,0.05617096748367046,0.14871096577411308
933,0.056855306123037755,0.14652388421515175
934,0.06048735055439877,0.1495181849053629
935,0.06138632320008188,0.14438310411191524
936,0.05783573449032862,0.14823696069550096
937,0.056140814562263726,0.14726973924421727
938,0.05435714894120798,0.15273771179200413
939,0.058394674399176484,0.14660634705446718
940,0.05681258932037173,0.1642939061449285
941,0.06739697202384097,0.16447012477500694
942,0.06790606808737389,0.14706198034579293
943,0.0665590468114652,0.1511922382695932
944,0.0613506628469851,0.1589766799432592
945,0.058902276340145734,0.15166334647283816
946,0.0595593993675034,0.15448966461763644
947,0.05950838416439932,0.14969076268505632
948,0.05837185727725239,0.15029339018023402
949,0.05964811254035002,0.15830117116745254
950,0.05979442123159672,0.14730041610417807
951,0.05975848466813939,0.14916710256783286
952,0.05380789375623817,0.14649809661664462
953,0.055752599014426175,0.14455290665303855
954,0.05767657652309856,0.15004818619492657
955,0.05470336057573744,0.14736198673122808
956,0.05501103274664789,0.1442120263451024
957,0.05414548987206423,0.14783612080385214
958,0.062029365450143814,0.14966301463152232
959,0.0555650736175993,0.14591975913460092
960,0.05847326342789632,0.15347301209331454
961,0.056233781594900216,0.14570772259456471
962,0.05535567090290148,0.15015888789243864
963,0.05733292036742534,0.1521467491797636
964,0.05499655987669087,0.14926582948307046
965,0.057114021911186245,0.14856601362688499
966,0.05437967752885518,0.1489982709550021
967,0.056910797508445174,0.15201615286351444
968,0.05361663646199418,0.1469209097456514
969,0.054766408138492574,0.14870009072741172
970,0.05351567999371942,0.15099886858971195
971,0.05687860275308291,0.1427504101716785
972,0.05465553265135243,0.14568145255695908
973,0.057196105918232,0.14464687382368216
974,0.05317837227159326,0.14785813721349664
975,0.05901539178108269,0.1456295348946612
976,0.05578886527778967,0.1489585158520175
977,0.05421863964893533,0.147850820818043
978,0.055115898122202675,0.14968499571159669
979,0.05383808992849956,0.14508773263235739
980,0.05320756884772073,0.15567510270683987
981,0.05821267192093831,0.15180670617517075
982,0.05768566545825334,0.1476367977552844
983,0.05282980302032435,0.14610585521785238
984,0.06390488925594953,0.14514074304647612
985,0.05559667750443303,0.1475964576603476
986,0.05508018905917803,0.14825399518759927
987,0.053913628834785905,0.14825841720988578
988,0.05452930142388404,0.14854691459570912
989,0.05423991126740504,0.1437862885924509
990,0.054510422519542884,0.1438692346177902
991,0.054833289306118804,0.14719938234727187
992,0.05371413909414279,0.1486805352874866
993,0.0530770516854787,0.14737451054099807
994,0.05317877336118206,0.1469298135816005
995,0.056557847924952234,0.15227894212369034
996,0.05839644442751722,0.14979849091000424
997,0.052885702781894674,0.146119799530297
998,0.053680533859527334,0.14561524344864943
999,0.05471474344625413,0.14744137365716442
1000,0.055033428559325775,0.14819056512717915
1001,0.05433606021340538,0.15177807533053825
1002,0.05450354160377814,0.14540319073767888
1003,0.05719151638401379,0.15540666168644315
1004,0.05832210722022087,0.1501424318193493
1005,0.06057216419176486,0.1494502164890294
1006,0.053659911636473996,0.14554081573372796
1007,0.05542904771161529,0.15201350949461898
1008,0.06027321412034754,0.16119051890863212
1009,0.0651826689593822,0.15438085533024973
1010,0.05956917136626424,0.14666459972697093
1011,0.054288823251266896,0.15258247242834336
1012,0.05343887228635872,0.1451620099165087
1013,0.0534934586136596,0.14375375730351994
1014,0.05224849435986963,0.14922392398193665
1015,0.05370498715706591,0.14987894668614954
1016,0.05216158598473987,0.14816733320852868
1017,0.051905061323312844,0.14662121833864608
1018,0.05303104521718415,0.14353043057566
1019,0.05410108773869538,0.1478114053046793
1020,0.0536515510307168,0.14532001014042617
1021,0.056500022399163095,0.14722263794345664
1022,0.056479982117999275,0.14365451508446744
1023,0.05690892675668938,0.14783974354129686
1024,0.05432288737604453,0.14906903350711764
1025,0.052721312960738655,0.14622246360121513
1026,0.05405025081064716,0.1483645773023591
1027,0.05880280951940039,0.14780466814985252
1028,0.053789477397061,0.14667841037712
1029,0.05331151564634821,0.14397955758679182
1030,0.05419226820176502,0.14930435697685807
1031,0.05319687382042783,0.14735806686686992
1032,0.05153507889254288,0.14101348589536242
1033,0.050669794023599266,0.14708598768501951
1034,0.0543267659186942,0.14634827104278078
1035,0.057475869760573284,0.14254310831689
1036,0.051651431868473686,0.14413302289065263
1037,0.05320658185665712,0.14568221516776503
1038,0.05220920344193777,0.14571642117542133
1039,0.05183516784846408,0.14868731300036112
1040,0.05078358114140589,0.14398524437781265
1041,0.050497088323599136,0.14696705748413438
1042,0.05096818628551075,0.1468062827685722
1043,0.05188988132765458,0.14722415528500588
1044,0.05234097586300388,0.14798467283260852
1045,0.05328305342099952,0.14634098247029728
1046,0.05096466616733269,0.14451815990875838
1047,0.060077767912884175,0.15043146512412786
1048,0.054216451778914196,0.1427480783827024
1049,0.05319801535246507,0.14885311026620984
1050,0.050260205079549515,0.14270097838906118
1051,0.05273001880015967,0.14013524693355225
1052,0.04845189298473814,0.1449542418309023
1053,0.04748019142626966,0.14332765135400577
1054,0.048613396807099286,0.14464713345494187
1055,0.04916102401677917,0.14445613037075913
1056,0.05127197344722988,0.15059225967055873
1057,0.052572693488320464,0.14431261672710716
1058,0.057926609011003806,0.14514065998837464
1059,0.05470012222071114,0.14793090630593456
1060,0.05132027933338903,0.14071522201213024
1061,0.0495106725244777,0.1472489837566414
1062,0.05216012133648561,0.14534657592313333
1063,0.051362481343108904,0.1429034837131811
1064,0.05248713530834366,0.1505256855771655
1065,0.05380702960603642,0.1449926486215496
1066,0.05013139243676977,0.14285025751232205
1067,0.055343876212085565,0.14253138289565132
1068,0.04981927510421231,0.14293165680459866
1069,0.05299058978287679,0.14048328390695097
1070,0.0531693475098355,0.1570382655264441
1071,0.05423116102908392,0.15006934315489048
1072,0.05211121844326925,0.14869243612414912
1073,0.046265254792927195,0.14308099549515804
1074,0.046288909144559,0.14384483919481286
1075,0.047563331072810314,0.14318663527941644
1076,0.04838548193000398,0.148147258207314
1077,0.050264787819213085,0.14960195643262456
1078,0.047655315472269956,0.15042293060542947
1079,0.054833858221207024,0.1481620762357138
1080,0.05098303318398554,0.14559133630946167
1081,0.05014595279247506,0.15102606918429373
1082,0.04796344817340749,0.14180103874296174
1083,0.047213305467329686,0.14493644573634729
1084,0.045798395203906786,0.14564795310335948
1085,0.046185290499490765,0.14152064964287264
1086,0.04480912042020252,0.14908442943167866
1087,0.04939042811967292,0.14282146723646866
1088,0.051169859421140745,0.14607099546376326
1089,0.058157013014614956,0.14959766964117685
1090,0.05575477362335103,0.15077033467161327
1091,0.05698796649867634,0.14720252126380615
1092,0.05498459522829116,0.14201273856903976
1093,0.04900698897973547,0.145498150236027
1094,0.04757733706314609,0.1433104324833791
1095,0.05135244311495397,0.14432621584799057
1096,0.051171520221158395,0.14928161186681954
1097,0.05133181098122267,0.14315028727652138
1098,0.050164477887955854,0.1433580435607069
1099,0.050042822816461885,0.14552733526194006
1100,0.04511426422018675,0.14779038899076313
1101,0.0506833423186773,0.14721590407510152
1102,0.0504259761868033,0.15621342926395865
1103,0.05458660187117709,0.14763099761833823
1104,0.054777862304973904,0.14611128364738665
1105,0.05290754659558242,0.1443638100958707
1106,0.05242621148907164,0.14660571750841642
1107,0.05188979545854173,0.14830501553110012
1108,0.04780386580423739,0.14152196251360097
1109,0.04822391102898796,0.1448390172014858
1110,0.046476077546113694,0.146124459747085
1111,0.047661045929358443,0.14302318847567813
1112,0.044240374844404136,0.14395511366968466
1113,0.04519306587160758,0.1437599195872333
1114,0.046668869495954154,0.14227941083280662
1115,0.04928767313278696,0.14306723440350747
1116,0.046441490615501346,0.14394473114557432
1117,0.04888646119514351,0.14676982362318158
1118,0.05293704402990311,0.14606008019513056
1119,0.04902413679556277,0.14284937042640267
1120,0.049026086926460266,0.14754011622048857
1121,0.04719976825440455,0.1497212077367276
1122,0.04949580643724345,0.15035857566466607
1123,0.05008828447862241,0.15253433738286631
1124,0.04981045591287643,0.14397545487510233
1125,0.044689108951474134,0.1459070444853981
1126,0.047701285367116986,0.14240366459490364
1127,0.04529415684863456,0.14463549837432707
1128,0.04289496146470496,0.14579303809126518
1129,0.04576774642058888,0.1494331559292356
1130,0.05551018315197537,0.14633246819327647
1131,0.0464612825674081,0.14211820465580263
1132,0.05198596471791747,0.14549927432136728
1133,0.047915742082415884,0.14475211254636147
1134,0.048387131132419756,0.14483301718730973
1135,0.04718959183906609,0.14794778943360598
1136,0.046889589220847724,0.14660172679818662
1137,0.04577200077239822,0.1495880239962934
1138,0.04721625964596586,0.14395744822228462
1139,0.04404570089664849,0.14284385934957586
1140,0.04597965506075313,0.14407667368276975
1141,0.047953082189994785,0.1460310808922115
1142,0.050685000096289616,0.1394528496571651
1143,0.048907083488485346,0.14475197548555552
1144,0.046427354240005124,0.14265825289457962
1145,0.04524250483175494,0.141186704126217
1146,0.046159431291451246,0.1409644220295108
1147,0.042846743298589056,0.1469582209088151
1148,0.04726358849859837,0.14498395840625716
1149,0.04503197975034984,0.1424515231286075
1150,0.04388276639880624,0.140340791160899
1151,0.047986781658054145,0.1439031953538271
1152,0.044208114744169906,0.1395624549802682
1153,0.04442981604791287,0.1440100631394183
1154,0.045911481029957346,0.1447461038678511
1155,0.04455953149956727,0.14148432595239846
1156,0.04248163895974369,0.1424258690803571
1157,0.04859740818915127,0.1487044004121221
1158,0.045723084219784105,0.14799954288436057
1159,0.04501337436197689,0.14244498036110909
1160,0.04366482531874435,0.1400471665805444
1161,0.044513988958777125,0.14134169592146287
1162,0.04360365356851674,0.14299054074108153
1163,0.042902583713239094,0.14442161087852373
1164,0.04212181387270022,0.14444597095325776
1165,0.04168829659246049,0.14586062337222852
1166,0.0487827386402484,0.14493490064652043
1167,0.04192777584839917,0.1428851143534022
1168,0.04353673022779279,0.14672106198200904
1169,0.04617158091574345,0.14329751623901807
1170,0.04928612024904047,0.14222170789737748
1171,0.04604571919489957,0.1430122553928753
1172,0.04418208611742506,0.14263362838959037
1173,0.04171302265622331,0.14159801628505975
1174,0.04388276089287404,0.14515306608270584
1175,0.043329781378215214,0.14516138231246395
1176,0.046952899451713145,0.14745080429957924
1177,0.045200365214790185,0.145596769892781
1178,0.042097969554692694,0.14372949298461876
1179,0.04583419236184666,0.15150391801556848
1180,0.05399924422959861,0.15078289653723104
1181,0.04628428151397585,0.14724257778852506
1182,0.04165893938368971,0.14101784681915341
1183,0.0429987667023011,0.1494900546127692
1184,0.045690707393787194,0.15293504940089128
1185,0.04566792632986165,0.14922626962637842
1186,0.047244001601664525,0.14635465561148517
1187,0.04484231952788695,0.14235346530911916
1188,0.045908179040412486,0.14106440585209312
1189,0.04794266716864124,0.14157330358685707
1190,0.052398121324162814,0.1472657096565218
1191,0.04843238497492652,0.1442756981852658
1192,0.04400089626792092,0.14635631770717172
1193,0.04865829545840527,0.149025367726957
1194,0.046470116800482165,0.1419469167415361
1195,0.04570071853744159,0.14187132580238476
1196,0.04063812296532985,0.14558091606562001
1197,0.046891695275059285,0.14554682512181744
1198,0.043179042473341686,0.14673797435180885
1199,0.04464812710318925,0.14543850570543668
1200,0.04159191866996903,0.14347459711974725
1201,0.046999292787890765,0.1446331830177092
1202,0.04424595561042522,0.14529723623641452
1203,0.043762511521015526,0.1449722140504603
1204,0.044521623086067115,0.14188238063402342
1205,0.04572669606444971,0.14112939676246547
1206,0.04480376940384601,0.1433078630974418
1207,0.04277895580766336,0.14889165015895864
1208,0.04690229353852242,0.14776989272363802
1209,0.04728479657626752,0.1429730594755713
1210,0.04252659405271212,0.14620802699025712
1211,0.04233954964006472,0.14107731302131088
1212,0.04426106025681556,0.14616587929857106
1213,0.043677763603393385,0.14319375239518053
1214,0.04145482712009418,0.14302502710717663
1215,0.04079260140563707,0.143706548221428
1216,0.042139035210294544,0.1442155282486949
1217,0.04328426186862232,0.14315242647079
1218,0.040524630684335275,0.14119814015121987
1219,0.04133119068618091,0.14320174748437448
1220,0.04055062824356481,0.1441274072442736
1221,0.04557693248274941,0.14565193582148778
1222,0.042607959851903736,0.1473457662384014
1223,0.03933473915423987,0.14418170856951473
1224,0.043056796931620664,0.1495274250444613
1225,0.04416953184226024,0.14360567669671281
1226,0.043967902496363384,0.14213855150050686
1227,0.03918368589578185,0.1420516657425945
1228,0.04322988125232031,0.14141441939543364
1229,0.04230200157225507,0.1458156659713664
1230,0.043858496155941264,0.14648594275901192
1231,0.04124189812526013,0.14566968168531144
1232,0.03874829247500162,0.14724808662457572
1233,0.04123761734497622,0.14347049241003237
1234,0.041680666307608284,0.1463981003017354
1235,0.04407870888991176,0.14977166209752696
1236,0.04558660619476306,0.14538709752093582
1237,0.03928172485258594,0.14488525445897477
1238,0.043159581908265,0.14514853213365214
1239,0.03921975108718722,0.14921200533110396
1240,0.039706317860187974,0.14341801169671511
1241,0.03988117445846024,0.1430300772190094
1242,0.03953966643637831,0.14245900029974773
1243,0.041109180769080635,0.14482151655326211
1244,0.042017303922641205,0.14756316764462263
1245,0.04732209629139061,0.14168139776789157
1246,0.04774106947599717,0.1553769993378704
1247,0.04852257303471835,0.14025734471423285
1248,0.04332952822248141,0.14307998427024163
1249,0.043532319156066424,0.14886331871936195
1250,0.039427457014157334,0.14201265730355916
1251,0.03764683130027363,0.14558257203651848
1252,0.038934227594602036,0.1398517390652408
1253,0.039824290517366155,0.14264007734326192
1254,0.04046476941626027,0.1435972346473756
1255,0.04023418896509416,0.14741813411987514
1256,0.03902044114451738,0.14266272714562284
1257,0.03834375954648984,0.14108256498972574
1258,0.03939735915207263,0.14662330980438337
1259,0.044837014620783947,0.14163466007040257
1260,0.040505778606770175,0.1417511983174728
1261,0.04010345831325969,0.1414468575240974
1262,0.040164691519062476,0.14547763464220784
1263,0.04177610993197879,0.14641920419265153
1264,0.04441537288656025,0.14275652084284857
1265,0.037448779006236756,0.14238894508596053
1266,0.03987308350280396,0.14473348008211992
1267,0.03966656064837234,0.14626248319047436
1268,0.04218542151762254,0.1453687510544196
1269,0.03874190491419168,0.14274630226885765
1270,0.039950148489490245,0.1431438283140498
1271,0.040452468952855224,0.14307535273538796
1272,0.03919964197015612,0.14628930124722628
1273,0.039758638133230446,0.1479182515228004
1274,0.04172847663643975,0.14523242066677353
1275,0.03938983727551106,0.1434453917587909
1276,0.04137516031100315,0.1440448592928119
1277,0.0430742398888435,0.14531536064201728
1278,0.047211080110110576,0.15190324796022928
1279,0.041560857550902934,0.1453237078318321
1280,0.04581354310115179,0.1434455776871894
1281,0.040323454558661896,0.14071126461477207
1282,0.03751289174429276,0.14322461699483388
1283,0.036568349895049944,0.14490175306946412
1284,0.04194300380424134,0.14207366510366737
1285,0.04042056615247666,0.14621289186459735
1286,0.03945175270145794,0.14432176342584135
1287,0.038242217692189245,0.1426213041209338
1288,0.037442208015881245,0.14220429751508518
1289,0.041143034637536643,0.14266933429808842
1290,0.0366062804962854,0.1427838400118333
1291,0.03920237966022402,0.14312255819489186
1292,0.04018301099726239,0.15229876500024533
1293,0.04183065907666518,0.1458770392607328
1294,0.04011559575421255,0.14447333165129325
1295,0.038988257541596516,0.14556571968217244
1296,0.03619773479752571,0.14469038782860702
1297,0.04214397611670524,0.14283276306357898
1298,0.040713817935507254,0.14596350647901235
1299,0.03845404161128608,0.14056240137955897
1300,0.03962390569958297,0.14384893759300835
1301,0.03635553551732369,0.14388523189196908
1302,0.04154309328153448,0.14684179985433593
1303,0.04703305324293532,0.14429505419611632
1304,0.04582606996380308,0.14282764412257307
1305,0.03832902543762195,0.1417182803452762
1306,0.03995475960227678,0.14113112436350725
1307,0.03958508864326297,0.1446435869038852
1308,0.038589371684587224,0.1407423704339747
1309,0.036248384547308554,0.1429668399400281
1310,0.03523958113583379,0.14438056083101974
1311,0.04076267146276978,0.14194832480790323
1312,0.03996230495519608,0.1417464581423236
1313,0.03628443891428552,0.1403374379141289
1314,0.03711801903240336,0.14221758744621038
1315,0.035885561070164794,0.14643504931813195
1316,0.043293298954296414,0.14463876710649123
1317,0.047794206688801445,0.1477843738513483
1318,0.04055661466792695,0.14391089068319565
1319,0.03969002076945965,0.1454332004812427
1320,0.039330851286649704,0.14124906010795057
1321,0.038200392405379494,0.14426974298661216
1322,0.035293488405972906,0.14609744905827934
1323,0.038062337340798766,0.1440586367047819
1324,0.038406163079183805,0.14365507019940474
1325,0.04139881271798656,0.14622610454496585
1326,0.03847105918252993,0.14505026805072202
1327,0.0392252339413331,0.1448427938055574
1328,0.039755863471413556,0.14024782550514192
1329,0.03980421509195424,0.14365478371617788
1330,0.04149310635227078,0.1429833569622279
1331,0.04524844706808246,0.1514433859882498
1332,0.04199444851691618,0.14119341530671395
1333,0.03921309732041269,0.14231429728947786
1334,0.03628119411614706,0.14090424228954435
1335,0.04160473973683591,0.14085091822278828
1336,0.037434471267386804,0.144198837585019
1337,0.03742127387591128,0.1410391234365621
1338,0.036307570202358114,0.1437673766287347
1339,0.034488695386633184,0.14074158242770604
1340,0.040378021509767326,0.1441938021502698
1341,0.03565200214397232,0.14962075004601538
1342,0.039214698679792055,0.14378021590243606
1343,0.036841129848979554,0.1451276048158942
1344,0.03708061934360918,0.1420857886921493
1345,0.035347270468870796,0.14549701218318223
1346,0.03708315572742396,0.14549157303526886
1347,0.03719289586791452,0.1419481995671913
1348,0.041103272669532766,0.1414085665815755
1349,0.03740255040286472,0.14614786267429963
1350,0.038792308794814837,0.1442596384681257
1351,0.041135239643308355,0.14481514053685324
1352,0.04185747055325118,0.14470655555115605
1353,0.04183973395412073,0.14669165549272284
1354,0.04309543836041816,0.14491556525081023
1355,0.04151999217065625,0.1437655249260422
1356,0.03849754241183869,0.1426414553458828
1357,0.038691582123063645,0.14225943285719791
1358,0.0413009376036671,0.1483714688840068
1359,0.043554512022426294,0.1429315554841718
1360,0.04021224412340788,0.143827886920525
1361,0.04012111035532921,0.1438982295511958
1362,0.03613324718748998,0.14686166343832374
1363,0.04502451040272443,0.14253855823424824
1364,0.03842205915061183,0.14284682990913106
1365,0.04118710444689547,0.14660194564732096
1366,0.03477391211679147,0.14203620074610962
1367,0.035288271406349145,0.1431820404932911
1368,0.03937562864344075,0.1435137776690617
1369,0.03674135945221913,0.1432482262228366
1370,0.03696456956882147,0.13931372216470858
1371,0.03558720788865719,0.14157703470317343
1372,0.03544633807438725,0.14646992542988674
1373,0.04070543015153153,0.14411706113277523
1374,0.03605045317291464,0.1412979528345261
1375,0.03866069665494955,0.14275714534715303
1376,0.034497490187860885,0.14250566132534714
1377,0.038131709181287755,0.14671876974273146
1378,0.03506730583572538,0.14930644530550877
1379,0.03794232873046923,0.14215714150204098
1380,0.035120890598814444,0.14234062009736112
1381,0.03547297401716874,0.14348307991386355
1382,0.036266345319882876,0.14518856822996212
1383,0.03706476694476679,0.14338530215404385
1384,0.035059539519203535,0.14471648663357087
1385,0.03983917157605009,0.14066342579989805
1386,0.037231345596553396,0.14456169071950412
1387,0.03626320459557779,0.14441515761135815
1388,0.03503855800478713,0.14578244030326232
1389,0.03524222456902828,0.14178375126723958
1390,0.03807779275021463,0.14242590463400484
1391,0.03512394603974414,0.14046977396895713
1392,0.03508514934365854,0.14376412455300638
1393,0.03786417729449722,0.14487437724618984
1394,0.03471066657477205,0.14621633089574657
1395,0.03697724710657911,0.1429522458772014
1396,0.03607173207795845,0.14337484049319027
1397,0.03640054173345836,0.1387844979202837
1398,0.03815519369248324,0.14174541039275645
1399,0.03723020476740111,0.13964702820120597
1400,0.03367285875591842,0.14364298662744968
1401,0.03385282518728724,0.14418082708553562
1402,0.033847211807403924,0.14186074534305057
1403,0.03400090615610656,0.14003394947464304
1404,0.0354306253856458,0.14543067658306064
1405,0.03313334583767555,0.142775652757414
1406,0.03399236668955605,0.14584401541186454
1407,0.03592874133174524,0.14616815928827254
1408,0.037546923770657124,0.1445087256437555
1409,0.04051458521646523,0.15689884073901594
1410,0.04856677283093615,0.14875719436726773
1411,0.036645719020059274,0.1434591305733922
1412,0.0378926878783313,0.14081215456987084
1413,0.035002390777914776,0.1460163274355102
1414,0.03283586078938448,0.1413665507222178
1415,0.03772653194156083,0.13994314614916803
1416,0.0344791073094374,0.14319602637213275
1417,0.034962228118623574,0.14187443271316683
1418,0.042395460600935436,0.14227829701769024
1419,0.03330968313340871,0.14522658361304075
1420,0.036015630705551534,0.1470594915531034
1421,0.03611051414232209,0.14568430715635008
1422,0.03796221416607593,0.14751310777245907
1423,0.03576329933866015,0.1461962173905289
1424,0.03423363617006338,0.1438008050870776
1425,0.03758400046038178,0.14659036875219272
1426,0.03952478188669906,0.14104481045166053
1427,0.036361181628216735,0.14837668664323955
1428,0.03645473887335579,0.1445655003003309
1429,0.03276012261521141,0.14335273818712785
1430,0.03751899686249547,0.14642210838788733
1431,0.03470655493203949,0.14345994899819667
1432,0.032683667287511646,0.14595887625127807
1433,0.03404391786587313,0.14279194900714665
1434,0.03513699786374404,0.14525308827857925
1435,0.03866400279151569,0.14571123896983632
1436,0.034917290925792176,0.14407875252546823
1437,0.03312635433467679,0.14573991937296732
1438,0.037234861544280684,0.14656002927842296
1439,0.03799966879704463,0.14395296674473843
1440,0.03848045096738533,0.14688973890659504
1441,0.0393963041920332,0.14590461914401903
1442,0.037320089087171375,0.14250915458327845
1443,0.03686696506521237,0.14809147442193857
1444,0.03665043455812166,0.14287075990423523
1445,0.035232619224291925,0.13939402540001952
1446,0.03558575073784252,0.14603166102914883
1447,0.03691769110144309,0.14526228898001792
1448,0.03518395020433192,0.14419178414464295
1449,0.03449609815933794,0.1466106759725059
1450,0.03520239620182499,0.1431845891520493
1451,0.03274331829926503,0.14374245654670217
1452,0.032649996672879975,0.14043889017332167
1453,0.03399069722062387,0.14279229248077946
1454,0.035208771954167564,0.14458367482462622
1455,0.03467961555381991,0.1459637017999974
1456,0.03713291731176886,0.14366068001976587
1457,0.03950541635166924,0.14294237608001345
1458,0.033903025910726886,0.14045037306789168
1459,0.034886839934302576,0.14234318298504764
1460,0.03274505006723434,0.14444519183540105
1461,0.03395743382239492,0.14520212078004852
1462,0.03302833824506346,0.1463670030348283
1463,0.03708245544313635,0.14397474473580382
1464,0.03398586840093511,0.1458800215843626
1465,0.03371333005199642,0.14797149150443256
1466,0.03592708274581522,0.13982978011283062
1467,0.032217852935288685,0.14410692468322908
1468,0.033010160983920844,0.1436770918562
1469,0.03585371846016848,0.145748799792806
1470,0.03527736734106855,0.1464790494220896
1471,0.033198906097022245,0.14583104180363485
1472,0.03278422217417813,0.14509324404530058
1473,0.03441703125084721,0.14485482090995425
1474,0.03361052680034308,0.14393970605574155
1475,0.03566769956839534,0.14450207139764512
1476,0.03322362351530003,0.14601776465064004
1477,0.03521607774046232,0.14293691921129562
1478,0.03655417181504597,0.14072596511446445
1479,0.03858074998049616,0.14364674188812873
1480,0.03462340143866509,0.14801045311124703
1481,0.03252757467188925,0.14518267454061293
1482,0.034764348581995605,0.1438983305728525
1483,0.03629153331964271,0.14812523686796203
1484,0.03234022296965122,0.1444843555788946
1485,0.032156080335566085,0.14379825388877315
1486,0.03387132818875073,0.14167885773612143
1487,0.03641912618757419,0.14511831556645252
1488,0.03763940821419347,0.1427855306400691
1489,0.03148901862027885,0.1453840336704015
1490,0.03136607135335604,0.14603381068037266
1491,0.03340186963572442,0.1444501967769219
1492,0.03228454622176458,0.14396893309620687
1493,0.033116767499244436,0.14327469781825417
1494,0.037888301360719606,0.14828937614621376
1495,0.03586708058444959,0.1451881407272248
1496,0.036646066526384476,0.145684275449368
1497,0.03524905911781503,0.14434176649814262
1498,0.032215724459046836,0.1472248284514984
1499,0.03173411003776691,0.14521842731867818
1500,0.03435688997683285,0.14330687831368363
1501,0.0327453595709126,0.14433365884729496
1502,0.033549430047940906,0.14501024797596132
1503,0.032734928687788406,0.1430617220569075
1504,0.033813837142485495,0.14781987069543442
1505,0.03327076432277572,0.14078868441937262
1506,0.03455004508390366,0.1432808658532929
1507,0.03220520480155195,0.14513522050434485
1508,0.035479210223416865,0.14200990383786366
1509,0.03138750360446906,0.14367503577605226
1510,0.03536035155631461,0.1410296023788309
1511,0.03207712933280558,0.1428539696940802
1512,0.03262222282963354,0.14721305918574035
1513,0.031888434440834716,0.14479274961882665
1514,0.035421524513161405,0.1466116393195059
1515,0.031410794951162245,0.1469718142036806
1516,0.03354316441424238,0.1439588776880637
1517,0.03720201216872383,0.1440680211498624
1518,0.03544418452858175,0.14676050300287424
1519,0.03183144968260759,0.14559941908769441
1520,0.03219758634859661,0.14619093524632895
1521,0.031266796478779064,0.14321264983119822
1522,0.034461926809459364,0.14533616471708866
1523,0.033148590733045304,0.14665980722969935
1524,0.03330850045917169,0.14762943680573226
1525,0.03609524943731116,0.14785146578810268
1526,0.03457828130830759,0.14221215261179104
1527,0.03506790737639058,0.14298618971405172
1528,0.031993024016045174,0.14733518781443886
1529,0.034000161613495845,0.1458261321511185
1530,0.03390638820780148,0.144234859181526
1531,0.032391774837138516,0.1429012792749811
1532,0.0313013854243283,0.1452044972351619
1533,0.03211275797407582,0.1434802567226845
1534,0.03371953451127376,0.14864892611527503
1535,0.032521924847420655,0.15916379076197631
1536,0.039869687396962686,0.14588394942214913
1537,0.036722226759547706,0.14340874982208834
1538,0.0356581689286157,0.14847909780522636
1539,0.033378254739368486,0.14556683204078436
1540,0.03375225509487608,0.14482129079506809
1541,0.03367245013374578,0.14464264891500161
1542,0.03449422690384793,0.1444856308979498
1543,0.03581688820191149,0.1491771378836835
1544,0.03796025869325272,0.1454959975224091
1545,0.031451345450660716,0.14334209513544738
1546,0.03262411779577627,0.14356927986357146
1547,0.03618414618028035,0.14443762873049668
1548,0.033908193356960825,0.1459949304884239
1549,0.031745040390945084,0.1437738781286063
1550,0.03408636641249342,0.14176748765814573
1551,0.036490954165844795,0.1463831207880699
1552,0.035093891241078104,0.14623054596863894
1553,0.031071762267336156,0.1423142769731077
1554,0.030945045967240754,0.14568931547770822
1555,0.033348305256299254,0.14473802952987508
1556,0.031109388566242076,0.14467634372693255
1557,0.03431254020839367,0.1441382192131272
1558,0.03622210925480105,0.14576250930925957
1559,0.03445597140575355,0.14341387972422412
1560,0.03116032125065162,0.14255825334921815
1561,0.030861986625307012,0.1414239596678201
1562,0.030759700556408684,0.14569686876054397
1563,0.03273788727117034,0.14390908741861358
1564,0.0317551388914855,0.14614064483564898
1565,0.031966253107636226,0.14239547392330074
1566,0.030681976462778805,0.14367512817072092
1567,0.034853339195251465,0.1486747731316956
1568,0.0358857808388629,0.1469562243586196
1569,0.03398919920876341,0.14554802210707413
1570,0.033159296936209094,0.14543363149452926
1571,0.03878462199801169,0.1489101424626539
1572,0.032661216860672214,0.14328455889508837
1573,0.03389952819114961,0.15006462538750248
1574,0.037187894068236624,0.1435399764313136
1575,0.03171779030242806,0.14788933778018282
1576,0.03233173501285367,0.14179126051882454
1577,0.033482214482794016,0.14432308331766822
1578,0.03302412969792414,0.1509574760022319
1579,0.031249766056455155,0.14586475883659564
1580,0.03250265751713477,0.14035574983534657
1581,0.03084651398349483,0.14619225207576178
1582,0.03358342152955772,0.14440837823657462
1583,0.03265998329756395,0.14579696083128602
1584,0.03286264504089295,0.14520458968584998
1585,0.03399469644862151,0.14241329709390052
1586,0.030468207473556202,0.14562795223448807
1587,0.03009745295879976,0.14695103854911967
1588,0.03127508650317132,0.1463630732363627
1589,0.028486710170623642,0.14749742092046522
1590,0.031190788994232815,0.14599511998339107
1591,0.03508016625243538,0.14381376061971324
1592,0.0318934754614935,0.14997378996290958
1593,0.037004189858646515,0.14573053782222264
1594,0.03099056967071392,0.14652359231671594
1595,0.031778289872051786,0.14830590291578966
1596,0.031144177482562995,0.14443497878865788
1597,0.033315483082390435,0.1457847566308832
1598,0.030557731318773713,0.14655248301668575
1599,0.030623917333172553,0.14261753778708608
1600,0.031595274044563935,0.14600286780294022
1601,0.03473519365180214,0.14782148166407919
1602,0.032062896533207326,0.1482383404160502
1603,0.0312686876727725,0.1441678992638313
1604,0.03520529834354449,0.1491504743657913
1605,0.030299458242718527,0.14468999184612044
1606,0.03084101700136122,0.14417530510359838
1607,0.029460209005939885,0.1474315459678944
1608,0.029458204717756068,0.14318853898678807
1609,0.030318187772290513,0.14830675848145833
1610,0.030777656877378247,0.14507308456682622
1611,0.03144626588847652,0.14326688800389903
1612,0.031272737203903916,0.14697256762730448
1613,0.03018774870056776,0.14663331337590566
1614,0.033661760471808085,0.14487690241414503
1615,0.03228639731617094,0.148649491612475
1616,0.030491384472580825,0.1508746685315493
1617,0.03614488504124137,0.14416532244598657
1618,0.03122751105506465,0.14943107604084158
1619,0.0369785265680754,0.1440001987947856
1620,0.03127922848710474,0.14355497398322686
1621,0.033611876292611066,0.14427963395913443
1622,0.03184043435649302,0.14689450496270842
1623,0.03251741779675274,0.1456010249772466
1624,0.029115106348159177,0.1455497005977726
1625,0.03329431748240249,0.1511608635946025
1626,0.03159277906067341,0.14536917422498977
1627,0.03181593094325665,0.1488798618839498
1628,0.034106681627110114,0.14861029479886056
1629,0.030829805002178787,0.1472403844421669
1630,0.03428704091259893,0.1472849633012499
1631,0.029441562241072174,0.14560747613434805
1632,0.03110159680528461,0.14586180868677626
1633,0.03511678163875949,0.14927801097694196
1634,0.031471273738820596,0.146118828676697
1635,0.03186618253213804,0.14761260189209366
1636,0.030264731285707006,0.14767837636452869
1637,0.03049632926828831,0.14560191590983168
1638,0.03248817338930361,0.14590950672489061
1639,0.02930205560189748,0.1449491201262725
1640,0.028307014033666946,0.1476784322345466
1641,0.033604324988599096,0.14873029063817553
1642,0.03195802744407699,0.14462195041783174
1643,0.034313157481967275,0.14795644540237007
1644,0.031497633752395525,0.1476774158931914
1645,0.030071309363504627,0.1493508154362963
1646,0.03289115273118394,0.14624298645888356
1647,0.030188952379350393,0.14634233410645248
1648,0.029320595024516748,0.14735706770479828
1649,0.03160825509976291,0.14558757150681095
1650,0.03159216960083763,0.14907033498723404
1651,0.03319104470359455,0.1455426263368518
1652,0.02899420734658931,0.14460085433228573
1653,0.029238291155054885,0.1499412861234861
1654,0.02880547141785142,0.14552390429758488
1655,0.02930310452884098,0.1485150115457095
1656,0.029363082569537673,0.14449091016648705
1657,0.02966438150677666,0.14474102869667207
1658,0.02912855088570208,0.1462189663472331
1659,0.02949785997610797,0.1449053174160178
1660,0.028937659653946287,0.1440650060362087
1661,0.03239294038441196,0.1454079072539669
1662,0.03523469266464126,0.15114686217971315
1663,0.030029095568746892,0.14581150899554854
1664,0.028943378759442636,0.14726632725176655
1665,0.02915904536234133,0.15237784729266823
1666,0.03126604548134144,0.14545447407360362
1667,0.02938617505836037,0.14639622563108765
1668,0.034316739383733495,0.14557209159049175
1669,0.03176079423360105,0.1478736468574457
1670,0.03180545314256125,0.1459387224494365
1671,0.030036227660452795,0.14487740083744652
1672,0.0314417764216474,0.14593525298107834
1673,0.033753494983949,0.1470877106177777
1674,0.03349344180486862,0.14501531078552543
1675,0.03364839121324461,0.1445420561428357
1676,0.03163526050230992,0.1514026706753518
1677,0.02975832406173712,0.14585197195970923
1678,0.031072146803984103,0.14720346227773748
1679,0.029206069666634565,0.1424790978767818
1680,0.02785219928050566,0.14334849813453535
1681,0.0289068525926497,0.14705387911850348
1682,0.030689604955274355,0.14737956588130846
1683,0.03003195230409784,0.15021408074780515
1684,0.030967493266242107,0.144254693317981
1685,0.028191893871100444,0.14916245717751353
1686,0.03361772203454806,0.14711475151971468
1687,0.029579325608393683,0.1470990470776283
1688,0.029595818183144683,0.15066445064275785
1689,0.03188267591520675,0.14995631202121726
1690,0.028046964556447364,0.14627439833075778
1691,0.02889810784854604,0.14578002530679965
1692,0.030382594035106635,0.14784574422770574
1693,0.0301693708594865,0.14598584016388222
1694,0.03078243489019901,0.1481536779188572
1695,0.029670488019034547,0.14617094274302175
1696,0.029265337184352695,0.14867460712753142
1697,0.03023933434167748,0.15263029230865918
1698,0.028508034329744254,0.14826988837772742
1699,0.02923824960283888,0.14928683026093886
1700,0.029648991102505032,0.14450369353282422
1701,0.03022395281718587,0.14724610346301756
1702,0.028278157923300313,0.1461519711373145
1703,0.02803144339214331,0.14941312794697315
1704,0.02907002553250055,0.1481275141313859
1705,0.032665372304852655,0.14484263803427083
1706,0.0349345382232711,0.1463991980766294
1707,0.028238228270374005,0.14833981441077135
1708,0.028092585304904286,0.14474603003427797
1709,0.02995822808277682,0.15077050575486997
1710,0.030639420995641056,0.14666714121524552
1711,0.030225546280824165,0.14540592328946395
1712,0.03149265944723438,0.14688443315955332
1713,0.029525271118999278,0.14815291736209601
1714,0.02865107868265056,0.14984037303237388
1715,0.02930612510667657,0.14866799724878824
1716,0.030120022243486262,0.14999140907349742
1717,0.028568462287105103,0.15127803751251154
1718,0.02991627683898188,0.14802365568944983
1719,0.030848870229608607,0.14825493052489774
1720,0.032832254005490606,0.14511509616870927
1721,0.029461703702526272,0.15209595646177018
1722,0.03180464403996677,0.14964289701821512
1723,0.02739998629117537,0.14789949525567822
1724,0.02823881260207239,0.14894286597282963
1725,0.029374476615925255,0.14747099182510137
1726,0.03212720493100724,0.1480103243413127
1727,0.02849377436364222,0.14668246237257668
1728,0.028529652587647707,0.14922632590720528
1729,0.03157914603281321,0.153135130616059
1730,0.033196171862805414,0.14803811392389743
1731,0.02919950859867177,0.14596719360142424
1732,0.029553480294046912,0.14886837891468727
1733,0.028984085990572877,0.14787698695832924
1734,0.028467237070765136,0.14822762181286825
1735,0.030663610055292927,0.14431581011317426
1736,0.029051569050306793,0.1512673549858251
1737,0.030955612542306853,0.1475838855991985
1738,0.03216401467673809,0.14625009472358197
1739,0.027596736033944965,0.14948837750388266
1740,0.029277841203242727,0.15019771957158445
1741,0.0275093961694518,0.15200060790866837
1742,0.035462773164863105,0.14940755502472544
1743,0.02839384155359658,0.14893171370477604
1744,0.029756245256032585,0.1500800303498605
1745,0.027152378557238187,0.14725840659368605
1746,0.031960529679397366,0.14996248760020225
1747,0.027695964529829205,0.14795715165765663
1748,0.02717881998832121,0.14760240740644603
1749,0.029000025031701574,0.14613080865010283
1750,0.02823755770640553,0.1496266972152213
1751,0.03066885994993291,0.14622448298865393
1752,0.028040299754378932,0.14625587816674607
1753,0.0311683298867641,0.15018289586655179
1754,0.027891369477945304,0.14681716293171235
1755,0.027808226867573067,0.14682025594968245
1756,0.029188363408704975,0.1521331826434996
1757,0.03007771209491499,0.15167772381526784
1758,0.03195398216539959,0.14881642327123418
1759,0.02934222383740938,0.14821851253509521
1760,0.027331170573268296,0.14965050856122994
1761,0.026903291765905026,0.14737547986340105
1762,0.0307382612413018,0.14859924874359504
1763,0.02949168456940906,0.14796842193991916
1764,0.02773776612941574,0.1470038254831668
1765,0.03242638324088645,0.1489901950484828
1766,0.027549833609904133,0.14766536964883184
1767,0.02653051399678554,0.14605616514844105
1768,0.027512416735572635,0.15001834753461948
1769,0.029223611636919045,0.14973085577177225
1770,0.02788868306333539,0.14907335734606386
1771,0.029902561257282894,0.1472987759680975
1772,0.02983333613231497,0.15172164310190014
1773,0.027175017029234447,0.14827810354848256
1774,0.02949981762787456,0.14929793928201335
1775,0.031151555642579338,0.15128754198849947
1776,0.029112466628540237,0.14717603775492885
1777,0.02681621343319146,0.15116710438017258
1778,0.02863460491007229,0.1477023021768508
1779,0.027918859660250584,0.14808983536889977
1780,0.028821093856163743,0.1509557646094707
1781,0.027580835827210413,0.1482592719539365
1782,0.02931550716829,0.14686303524146402
1783,0.028760885362917522,0.14930728574593863
1784,0.029949968844745895,0.15038890182449108
1785,0.028353827413897845,0.1492453451667513
1786,0.030067561276303896,0.1479468694456239
1787,0.027038723722381412,0.1491620741168359
1788,0.027579262641803274,0.15101712915981025
1789,0.028907811421455827,0.14841486958035252
1790,0.028988426305213064,0.15201096584026078
1791,0.02856876382475379,0.14861046752535312
1792,0.02754226865820915,0.14829959425337633
1793,0.03233392966571469,0.14897265361813375
1794,0.029669734456066816,0.1504084903345371
1795,0.028957537193811913,0.15185894251317905
1796,0.028559911457247705,0.14902286097071224
1797,0.028760924513609905,0.1480288436463602
1798,0.02912278206280942,0.14791644657763622
1799,0.026340646306111378,0.14704786341889461
1800,0.028870992795944964,0.14953969855953878
1801,0.027682948482673872,0.1490619691242849
1802,0.02635690926006005,0.14878894870442555
1803,0.028480205427175796,0.1501243749918197
1804,0.027611145152235932,0.15133444873387353
1805,0.028090700741458988,0.14960899097578867
1806,0.027583003512718394,0.15254299940172591
1807,0.028951011352100462,0.1483104673020523
1808,0.02984540524113478,0.14919431227490418
1809,0.02896511302850906,0.148400820324893
1810,0.030420227866596396,0.15017988975334884
1811,0.027641071510389918,0.15086011999382412
1812,0.02995199535580926,0.14982761420253524
1813,0.029258945218797,0.14916464271850155
1814,0.0287231158980596,0.14848964323376054
1815,0.02747081030371054,0.15007585623210534
1816,0.02864814300160363,0.15257431133498525
1817,0.027294561512908846,0.14712312511334144
1818,0.030488481698264867,0.15065439631765648
1819,0.030725647841796936,0.15263556097085612
1820,0.027742346596417937,0.14847247007496675
1821,0.02882131332027837,0.15138177864981772
1822,0.027837340913291247,0.15170567525658094
1823,0.03005478575638255,0.1517054783670526
1824,0.02811688943853918,0.14812768637237692
1825,0.027085741068113525,0.15254698880483633
1826,0.03054420549258496,0.15027521479697453
1827,0.02758133364548473,0.15209889075809851
1828,0.02949406179663895,0.1507678020717506
1829,0.02614818956210928,0.14828045270347356
1830,0.025928517288100795,0.14963717022934056
1831,0.027180583667267794,0.1506859980206143
1832,0.02641074723745667,0.1522304970668372
1833,0.02713627279179651,0.15030251338816525
1834,0.025972503419004898,0.14926680429537492
1835,0.030605035500144057,0.1490315335212196
1836,0.025926679899951198,0.1496941626893548
1837,0.026371949897059856,0.14935433364153505
1838,0.03123155119096708,0.1510041518169537
1839,0.025921664991468755,0.15091705949682938
1840,0.026550362413784244,0.15096597608767057
1841,0.026796271263053582,0.15044643261229484
1842,0.02581777482193971,0.1500344398923984
1843,0.02890673480084482,0.15116050387534283
1844,0.033156749599103655,0.1502314985993512
1845,0.027379834520741827,0.14839241285820054
1846,0.027173396445951372,0.1493765863036751
1847,0.026805125797788303,0.15241165261220813
1848,0.02693185603843545,0.15151698592312654
1849,0.026657279299677542,0.15179685157791414
1850,0.028230001880500302,0.1506256781201016
1851,0.030635754079938685,0.15291604074768553
1852,0.02646128348303291,0.15177674311444275
1853,0.03262651896795387,0.15371028152772956
1854,0.02564457149110125,0.15173663344598354
1855,0.027904238915012317,0.14997921013891846
1856,0.028681100961172355,0.14984489118395591
1857,0.027170852353831508,0.15044731786824705
1858,0.026177438971756388,0.14945406677728906
1859,0.027339434626061213,0.1516451460675787
1860,0.026628649319117924,0.15137668562712228
1861,0.03111708643348337,0.14924944227650053
1862,0.02917721429429714,0.1510912038778004
1863,0.025723127859099856,0.1488292511729967
1864,0.026077744357709615,0.15213472203802048
1865,0.02699878344417743,0.15145476957909146
1866,0.0272213220010576,0.14925354200048854
1867,0.028044583838222163,0.15197104148398666
1868,0.026372983313675196,0.15166076894541433
1869,0.027306882570843276,0.15048841332881374
1870,0.02773290675766063,0.14847228050530703
1871,0.026789591794118942,0.15146659101758683
1872,0.02584119937704794,0.15237326961113395
1873,0.029004772035580762,0.15198856386773868
1874,0.026019058945887494,0.15303895389077657
1875,0.026124215116665798,0.1517469871014282
1876,0.02699994075598207,0.1506592058074803
1877,0.03263238087624499,0.1535080624627589
1878,0.027883369873904582,0.15200316577328177
1879,0.0255771629840323,0.15238908280555466
1880,0.030062865934469416,0.1503217244954934
1881,0.02651088092030969,0.1536633292012346
1882,0.028751098041264515,0.1545399930841642
1883,0.03122423421708668,0.15106695759714694
1884,0.03021122693265759,0.15141835909588894
1885,0.028378732162732748,0.152162955593047
1886,0.028207687356468267,0.15345464684162521
1887,0.03096421667427387,0.1531607556089124
1888,0.025657976854522275,0.1537682096611587
1889,0.028404344974448846,0.15041871043972502
1890,0.027316139917234954,0.1513991324898593
1891,0.027583463199483522,0.15174104071649394
1892,0.026008322108654107,0.15255784902506903
1893,0.025753314296404522,0.15111316718105086
1894,0.026137834602275735,0.1531594798603751
1895,0.02727417078501773,0.148839446723013
1896,0.025123570067515165,0.14966557273888648
1897,0.028802548904182775,0.15013676560612252
1898,0.025234734311512432,0.15224163555411765
1899,0.026470580718146182,0.15023344023185864
1900,0.028041583925204457,0.15176053031494743
1901,0.0257574384739189,0.1507686459106909
1902,0.026909550195032696,0.15679107781938442
1903,0.028801815842026436,0.15126185922096846
1904,0.02694379673017271,0.15024740504740475
1905,0.02794381711374289,0.1528454517810267
1906,0.025553468591387168,0.15517013604031468
1907,0.026239423397577035,0.15132441698459156
1908,0.02765071101533542,0.15272119103517748
1909,0.025433306271831196,0.15367023818624348
1910,0.02521880621195964,0.1497844925575089
1911,0.025342464306444493,0.15384582738230998
1912,0.0281801543450393,0.15165067996297563
1913,0.02641553428234919,0.152463223439709
1914,0.02606107049721217,0.15084039625293927
1915,0.02490580718050588,0.15131999115298564
1916,0.027490151085474954,0.1521296835782235
1917,0.027415125015771615,0.1528150975554808
1918,0.02589515839123501,0.15046833261361994
1919,0.02623165045050705,0.15064290490813723
1920,0.025146441780171305,0.15122113498231224
1921,0.025710394149119,0.14976256081185543
1922,0.026723521919745318,0.15173087043122838
1923,0.02586883854753566,0.15109125280141233
1924,0.027940829548071016,0.15348878177933226
1925,0.027155760136790247,0.1515827580800929
1926,0.027404541583181178,0.1511026118184092
1927,0.027864523243697936,0.15208283492497035
1928,0.027688255100130284,0.15266354060860207
1929,0.025332664602301404,0.1512357011848225
1930,0.025856747145547806,0.1528711647243428
1931,0.02541927698085893,0.15098037677151815
1932,0.027502551663128084,0.1531470735419663
1933,0.025900465184412663,0.15410252356140836
1934,0.02728373258603069,0.1534034988485781
1935,0.02870587394250639,0.15190134598945915
1936,0.02776777595515896,0.15291448662006168
1937,0.026954835034766287,0.153303990761439
1938,0.025391987999374012,0.1520933477875583
1939,0.025710239901014093,0.15023526616562577
1940,0.0267198845603556,0.15364612986270645
1941,0.02520874279709357,0.15264215845063814
1942,0.02716329775797496,0.15559591341735726
1943,0.027518146841218637,0.15506507052962942
1944,0.02482902280892591,0.1539474533389983
1945,0.02654013902230083,0.15630116737576058
1946,0.024329683456405904,0.154120249407632
1947,0.026049365728812397,0.1507556854110015
1948,0.02676727239675117,0.15034144227964835
1949,0.02562743323450943,0.1497437331760139
1950,0.025170324475697753,0.154463609657192
1951,0.024840894430500905,0.1513434633201824
1952,0.026031163198955404,0.15032731773411123
1953,0.025262764871776477,0.15234354425940597
1954,0.028666574742246723,0.15232780269512855
1955,0.025966803947428486,0.15429351013854034
1956,0.025389943389022875,0.15426736677947797
1957,0.026839027380418476,0.15350497090129325
1958,0.03059292714691387,0.15013771718904786
1959,0.025729916919514817,0.15135611153037326
1960,0.02565887340772077,0.15345184975548795
1961,0.025209417449509573,0.15203375359973811
1962,0.026847979756739904,0.15476446249580622
1963,0.029318447418089182,0.15438142844608851
1964,0.025432767428504595,0.15301631943773208
1965,0.02458752893239447,0.15323958405874727
1966,0.025102323823192583,0.1543697534796588
1967,0.027771959936468856,0.1520916015133822
1968,0.0279279277900105,0.15394124818176852
1969,0.025662755558513245,0.15231365163374067
1970,0.027520032259840635,0.1535649199533582
1971,0.024372420654450572,0.1531009634485221
1972,0.026266372135881358,0.1508780626724836
1973,0.02493315097530308,0.15294091448299868
1974,0.025544223908639554,0.15326950682285137
1975,0.02462249031325556,0.154308692629176
1976,0.025312170070016158,0.15384496501962044
1977,0.024987648293938278,0.15378769967042116
1978,0.02445459543908917,0.15429775442993432
1979,0.026936797800022852,0.1515900620018928
1980,0.026354614785819682,0.15353892523244508
1981,0.024431214744002564,0.1515775926429825
1982,0.02443102332499792,0.1535400087597376
1983,0.025182582496565842,0.1541857349693327
1984,0.02491232695397716,0.15287862602331884
1985,0.02384098213892313,0.15621955539648397
1986,0.025320959576177148,0.1515982317969315
1987,0.024263236812263164,0.15254186814590207
1988,0.027480397314864135,0.15254809380623333
1989,0.025678815331848914,0.151689608331611
1990,0.02649264325791935,0.152486097618452
1991,0.025078509178645205,0.15304713488969587
1992,0.025013559011730756,0.15208151630291664
1993,0.025298044436945104,0.154524299509842
1994,0.02546044279756786,0.15251198074871436
1995,0.02535324158299269,0.15171211722650027
1996,0.02552870786368097,0.152156194499262
1997,0.026387446612681983,0.15189675669323532
1998,0.02435939448575179,0.15321973186537138
1999,0.028970380741282827,0.1539369718846223
2000,0.026807248791527447,0.15438643348097503
2001,0.03001601736313142,0.15350362471769327
2002,0.024112111531526037,0.15434823706185907
2003,0.026849022580298986,0.15187150647018785
2004,0.02569495919365553,0.15287598280380843
2005,0.024955057533188437,0.15363244305278426
2006,0.02652056579647949,0.1522510933472698
2007,0.023658262612590998,0.15417710723434774
2008,0.025233148111018743,0.1528173130481763
2009,0.02639460746409758,0.15220507796396288
2010,0.026342159676008253,0.15329356872497646
2011,0.02581468660314128,0.1545580964638177
2012,0.026703560795142967,0.1525271067717918
2013,0.02630730723060152,0.15338284214188283
2014,0.024623232208332926,0.15616234214532942
2015,0.027375848624128965,0.15539227265463137
2016,0.024661386596425524,0.15502079062742696
2017,0.024821827527861925,0.15444104253946989
2018,0.024553976847596887,0.15477829895222694
2019,0.026702585577402474,0.15696317162878232
2020,0.024724204760958563,0.1549502322100159
2021,0.02468988927280378,0.15504056596218196
2022,0.026298106419590284,0.15215222481498145
2023,0.025652486620084295,0.15455030547198198
2024,0.024797953712115496,0.15129483941204866
2025,0.026737636271512735,0.15701583763561153
2026,0.02404421827984306,0.1543069062824536
2027,0.024050500091610465,0.15693914382380053
2028,0.02449316031199956,0.15620785570682438
2029,0.02614984396587378,0.15408949266400254
2030,0.027453374726779806,0.15579317360742947
2031,0.025809271694541728,0.15400145832159765
2032,0.024018414084266568,0.1543523890706232
2033,0.0254533782531068,0.1550572018575549
2034,0.02800658019552441,0.15382750280070723
2035,0.025667932118822193,0.15368512115980448
2036,0.024793126555921148,0.15203083233725756
2037,0.028402272108122236,0.15451865406114057
2038,0.023922260335218982,0.15367235340420762
2039,0.024895726673820482,0.15566231702503405
2040,0.026074159738121543,0.1568903394958429
2041,0.024039600103062653,0.1548074084639848
2042,0.024716608776892506,0.15618490321295603
2043,0.024749750950895016,0.15538644570306429
2044,0.02965084026397774,0.1524879537280042
2045,0.02365433001808775,0.1542711744556451
2046,0.0261845802243963,0.15536259047518997
2047,0.024465062626221643,0.15613950169026702
2048,0.029625927174241288,0.15481307165216385
2049,0.024188869146618452,0.15204774967411108
2050,0.026423372222848657,0.1548167761032444
2051,0.024406706434000964,0.15386928505915448
2052,0.02442158247877217,0.15466561924694175
2053,0.026048695293706167,0.15493187521185195
2054,0.026136303051087842,0.15766743531352595
2055,0.028206048627038422,0.15487168747978403
2056,0.026398774131007913,0.15753889513344393
2057,0.025283687648439558,0.154014253115893
2058,0.02694630614663445,0.15399690151662754
2059,0.02790463169884382,0.15801631444528288
2060,0.024047758371668792,0.15565607164587295
2061,0.030559189008466853,0.15501795160142998
2062,0.02410005973710579,0.15598727359359427
2063,0.024232994109017292,0.1561438495055177
2064,0.028370802753470228,0.1554289264487742
2065,0.026474543642135535,0.15449986590030498
2066,0.02586622914568808,0.15403913316272555
2067,0.024324592495770573,0.1546808168628162
2068,0.024002191382196714,0.15684467397238078
2069,0.029275265598447068,0.15582866421468874
2070,0.025401213282496674,0.15566048377139824
2071,0.02434763625123591,0.15424137639073202
2072,0.026419501447077817,0.15569877997974405
2073,0.0240745817152959,0.156350368694554
2074,0.024942073115856393,0.1570398744036978
2075,0.027292939910442574,0.15724188854969234
2076,0.027372136618356285,0.1536686092540435
2077,0.0296930101869991,0.15443117976338044
2078,0.027062460053829278,0.15371270967007877
2079,0.026131500753591646,0.15642082937678
2080,0.02439698929541141,0.15522364640893196
2081,0.025099220679803465,0.1552820769990596
2082,0.025264982684696995,0.15482505879605324
2083,0.02635715473091827,0.15652016918163253
2084,0.02503827302101648,0.15561514398209134
2085,0.027104016229416588,0.15569071214001878
2086,0.027671509018203,0.15644594302452297
2087,0.027244789689873,0.15578517758457883
2088,0.024769510148362543,0.15528040418499395
2089,0.025063623434061523,0.1556106725506914
2090,0.024368573273034214,0.15458810236071585
2091,0.024708419042469572,0.1547171245690874
2092,0.026538753518893284,0.15471631572360084
2093,0.024974536548995372,0.1554476307298904
2094,0.02537410742597385,0.1554163752641893
2095,0.023948447931112733,0.15470417445166068
2096,0.023755364389445796,0.15480372698085948
2097,0.024799695800779002,0.15672134538939722
2098,0.028258581347060652,0.15501624390594942
2099,0.024563858578415036,0.15629987112412178
2100,0.024799644267596538,0.15711018084583425
2101,0.027470077686714677,0.15761541995338926
2102,0.027785851262837835,0.15775541274021743
2103,0.02500967151901257,0.15395766855182505
2104,0.02377724512802355,0.15595887907614983
2105,0.024195042339229735,0.1561216140973538
2106,0.024010133173949313,0.1567371994779821
2107,0.024801971847718617,0.15428362047313748
2108,0.029152077792575525,0.15774836912191004
2109,0.026656464538859122,0.15563883458761343
2110,0.02588986502316013,0.1600190025000345
2111,0.02366136870809696,0.15489524236896582
2112,0.02405068226767786,0.1554267136076638
2113,0.02663182888953191,0.15773901406834298
2114,0.02324907532043802,0.15518455629360706
2115,0.023252352310707734,0.15618289727017395
2116,0.02626552694014408,0.15318536612772404
2117,0.030069332698699814,0.15638084392201035
2118,0.02609179990143521,0.15735213731165817
2119,0.024814510389975033,0.15608327494079904
2120,0.026314925906137102,0.15679490827677542
2121,0.02347873701895558,0.15563320277030007
2122,0.023572384420805757,0.15807060075732401
2123,0.028991976460008503,0.15431119195351325
2124,0.02542435159941889,0.1558554873131869
2125,0.027595861469331028,0.15617924062231728
2126,0.0237723513851938,0.15824712678453975
2127,0.02361122986196347,0.15561347714342869
2128,0.02713988166091577,0.15698924119161783
2129,0.028903069267482876,0.15567261417557424
2130,0.023773339313437353,0.15718950603838852
2131,0.025649418222641794,0.15927680945934208
2132,0.0261588934457527,0.1558610376035958
2133,0.02632588043855796,0.15642867814329334
2134,0.02310030853504655,0.155949391854138
2135,0.023320630532484385,0.15734464131799855
2136,0.024508164715279574,0.15655451572329776
2137,0.024054371945138247,0.15770233525220015
2138,0.025516626360656332,0.15442464009562232
2139,0.025104650653570704,0.1547965902956506
2140,0.028071746335558173,0.15694813452717057
2141,0.02426719977139677,0.15716564371472314
2142,0.027218552950605657,0.1550109550394211
2143,0.02339647520544394,0.15680016502551267
2144,0.023858580890597787,0.15432839715540558
2145,0.024459826578415413,0.15471275113429642
2146,0.024288277264754726,0.15654113993310093
2147,0.02409301572860037,0.15647238911243908
2148,0.025329457068780682,0.1587648532145603
2149,0.023224094988040206,0.15787105139036825
2150,0.025036189248258213,0.15727336861585317
2151,0.023932380812629214,0.1561355367116163
2152,0.023777323370834567,0.15578756255464146
2153,0.025041675675402646,0.15493767841119216
2154,0.023881834164355537,0.15724197526772818
2155,0.027639110484775506,0.15634145858443171
2156,0.025493558449377805,0.1573233545424048
2157,0.02322317044830547,0.15725809899637275
2158,0.0233438899213413,0.15628008880561456
2159,0.029426868840958336,0.15796730665485362
2160,0.023663066573581606,0.16033380622403665
2161,0.023505124491903017,0.15574460631623901
2162,0.02309530846915155,0.15620995010424377
2163,0.0232480433798811,0.15627739509394892
2164,0.02346546119723305,0.15896774742537573
2165,0.02432895916859684,0.15645797670186312
2166,0.024219952652570587,0.1547682110154838
2167,0.024467741016228246,0.1559232673549413
2168,0.023821551200447592,0.15635199744002262
2169,0.02430625804612097,0.15726851281665621
2170,0.024458960952155245,0.15660168988662854
2171,0.02606607419467947,0.15746623423314632
2172,0.02428719148320972,0.1568425895650883
2173,0.02812336967473135,0.15567429759598017
2174,0.026402649194377025,0.15741745429230214
2175,0.027739669729328755,0.15705301412813047
2176,0.02487641176993742,0.15562315274001962
2177,0.02459554207868546,0.15532267433509492
2178,0.02446039079588914,0.1585040113755635
2179,0.024760583884217455,0.1588765327494246
2180,0.02645145428115092,0.15653951301759944
2181,0.024770812348187343,0.15641904190966957
2182,0.025889077487419237,0.15624023376401505
2183,0.02774080679804649,0.1577086019187344
2184,0.02348028943411209,0.15780508615319291
2185,0.024207294455864146,0.15743790402597652
2186,0.023452470887382077,0.15717566345717973
2187,0.022859429764860082,0.155195326882795
2188,0.02512775550145398,0.15558364288998128
2189,0.026614765490188538,0.15777804431759923
2190,0.028274525027230102,0.15968201079762967
2191,0.029814958384951705,0.15740980924968434
2192,0.024666386580317275,0.15645644546750195
2193,0.023086619147527142,0.1571222218056968
2194,0.02597026578472845,0.1579123401178752
2195,0.023241750263380555,0.15679009430539936
2196,0.024616705839457752,0.1563393596494407
2197,0.029060996073128294,0.15744745705211372
2198,0.025114663964453735,0.1566846585811529
2199,0.02353426054963526,0.156110400357342
2200,0.022782421325268986,0.15700931742525936
2201,0.024992175564263603,0.1570441281063515
2202,0.023276179642328677,0.15638398507932075
2203,0.025514466594318923,0.16055777538241
2204,0.024221247167519805,0.15429480803341494
2205,0.02444028041366511,0.15647231341155252
2206,0.023693897767261888,0.15615720826581606
2207,0.024894008834688168,0.15636116822710014
2208,0.023392040669074597,0.15777881450969772
2209,0.024955219103011694,0.15657069756273637
2210,0.026174794671670446,0.15528591619547746
2211,0.02307384437734976,0.15706714674046166
2212,0.024905135702786955,0.15655649877281716
2213,0.02402407612721875,0.15783486476070002
2214,0.025990784250246653,0.15613901574061928
2215,0.026163878212185025,0.15730957029606765
2216,0.023810150933528097,0.1586835018002001
2217,0.02390193946237834,0.16005899930806985
2218,0.027501030889509608,0.1604325228317041
2219,0.02532869832789373,0.157813859725357
2220,0.023566783177402784,0.15886459415568446
2221,0.026440771378623613,0.1583272333730731
2222,0.0255140372604694,0.15701999098884134
2223,0.024898760688473593,0.1594672940279308
2224,0.02651375208823186,0.15914681721898846
2225,0.02481019651552416,0.1602238813289126
2226,0.0247370719487937,0.15532960778190977
2227,0.029620777991301608,0.16100213002590907
2228,0.024186669069828477,0.15722075627561202
2229,0.02396270030605718,0.15862155319156504
2230,0.024765944752678182,0.161254961911897
2231,0.023718521151246515,0.15904407233074494
2232,0.023152641132005356,0.16111104328530773
2233,0.026723606289370254,0.15538428003029117
2234,0.024865321662722144,0.1572393092296476
2235,0.023441170863572905,0.15789508707541272
2236,0.02415123387421452,0.15692085737273806
2237,0.025141285252083773,0.1580574750003958
2238,0.026816052331958176,0.1592184444866085
2239,0.025451007632995553,0.15836012161763988
2240,0.026894546424349148,0.1570597158413483
2241,0.02384896406540706,0.15979639016894767
2242,0.023156531881423865,0.15761288978103408
2243,0.02573026248119162,0.15816034537210202
2244,0.023557766686258075,0.1588283589385207
2245,0.028745644825434534,0.15854492073967344
2246,0.024476767968644137,0.15848492750697268
2247,0.023408907588641597,0.1564770357351853
2248,0.023288438084927744,0.15613203318346114
2249,0.022641951956276624,0.15862444129055903
2250,0.026670565172655026,0.1598271348123861
2251,0.02353321150554426,0.15893656101292536
2252,0.022954243580875156,0.1567980461476142
2253,0.023497629371829004,0.15828586647982584
2254,0.02477673236163532,0.15789186876071126
2255,0.026595793488734174,0.1581410246161291
2256,0.02267303171350896,0.1585543230736166
2257,0.027149581871692488,0.15878272639181382
2258,0.0238218089600779,0.15802004320878432
2259,0.027108734415012336,0.159600578827368
2260,0.028073540144840127,0.1593081321483268
2261,0.02248167315697145,0.15817658308155855
2262,0.025708188718688563,0.158816277084494
2263,0.02363075816172099,0.15752062989506208
2264,0.02289751298585028,0.15706966724013327
2265,0.024799607002978806,0.1568974663963294
2266,0.022511806245307502,0.157141649782807
2267,0.02325250892519201,0.15692549858027532
2268,0.02589251417315231,0.15896255592056982
2269,0.02332585539270497,0.1557446349234808
2270,0.029160462378424668,0.15835098126777133
2271,0.0225019939360941,0.1559288798642338
2272,0.022864637837844825,0.15843737734140909
2273,0.02862971860610839,0.1565270520615996
2274,0.025466611046554906,0.1582515176973845
2275,0.026313279831559403,0.16146888656723768
2276,0.02464699811952294,0.15619658478967527
2277,0.02313846135336273,0.15934212756037414
2278,0.025590086554956135,0.15999677205892435
2279,0.025241738536729,0.15728079264325306
2280,0.023493173315465077,0.15701133408642054
2281,0.024609719151220982,0.15869654685184173
2282,0.02447486969894208,0.1590757546642968
2283,0.023251977309865772,0.1601760383312565
2284,0.024296733626873238,0.1593450611097771
2285,0.02603913684311153,0.15975790581010038
2286,0.02272006370267778,0.15789019277221278
2287,0.022697281045546323,0.15831957126321053
2288,0.023532847235412716,0.159181805892397
2289,0.023173997506686726,0.15740060757724264
2290,0.024053791889323377,0.15797037655548343
2291,0.023191479122582473,0.1593464863554278
2292,0.0255578820294929,0.15962022027574985
2293,0.026287127637638234,0.158962693429531
2294,0.02290576322695369,0.15670077891128703
2295,0.02659215104514323,0.15659372896927043
2296,0.02880851207476742,0.15751807115281136
2297,0.027736163493128692,0.1577569654113368
2298,0.0231267520864992,0.15922748452439942
2299,0.02339717573574129,0.15961057743183651
2300,0.024804888867169805,0.15832518384719552
2301,0.025070936448356642,0.15702011131851895
2302,0.02611813689552763,0.15746262344650755
2303,0.02605375297273855,0.15820346630754925
2304,0.023648643069578416,0.1590314451465033
2305,0.023855794092300552,0.15955696839437747
2306,0.02523816113342654,0.15741675453526632
2307,0.025422284215594986,0.15929472681723142
2308,0.025522866948220715,0.1569927714223551
2309,0.023215916253766924,0.15887364390350522
2310,0.024235644571061404,0.15863550060374992
2311,0.023272027150265075,0.1561704914746129
2312,0.026151668467799073,0.15781923239691215
2313,0.024350534456799616,0.15858924870652363
2314,0.025998922521775623,0.15813643419951723
2315,0.023626872625365947,0.15633529428401985
2316,0.02857826694658717,0.1578313416257538
2317,0.02337228812558471,0.15655230374115153
2318,0.02339406722699696,0.16050064675790027
2319,0.02555691806962655,0.15857697619979544
2320,0.023306824454346543,0.15869402635217011
2321,0.023461604877462926,0.15993937610982353
2322,0.024983395664197095,0.158309298947939
2323,0.024847943980082776,0.16152092818180122
2324,0.02277211361101963,0.1578577525708311
2325,0.026048521259389584,0.1568960417108727
2326,0.02326490783935073,0.1577630098302263
2327,0.022776527084269613,0.16011538485387214
2328,0.024475095945896592,0.15846299953329235
2329,0.023291085969726993,0.15974960160584079
2330,0.02704599420042158,0.16034048818107835
2331,0.0232303732619533,0.160953537488641
2332,0.023239910684572825,0.15966360898394333
2333,0.023574710185141682,0.16028993134211778
2334,0.024410166420370527,0.15728353124513364
2335,0.023556649544329015,0.16083234802523352
2336,0.02401874123035737,0.15744178493817648
2337,0.02283324712430531,0.15861472610692331
2338,0.02347513440551248,0.1572948147479753
2339,0.024733528401116905,0.1583472228139863
2340,0.0264779611508239,0.15987247527392587
2341,0.02458453080001867,0.15856117069870607
2342,0.023734202596751398,0.16015301342297317
2343,0.023228568183082453,0.1589230701215285
2344,0.022544054209061387,0.15926878031035116
2345,0.025434368354438235,0.158715802326537
2346,0.022533855195971404,0.1589533946941371
2347,0.02244476540564741,0.15905627048105225
2348,0.022988223464890097,0.15927750929107046
2349,0.023337449187283997,0.15919499379351623
2350,0.02409233751490056,0.1604295140295698
2351,0.023900539327248838,0.15690202921404875
2352,0.023437449474285985,0.1582485803760084
2353,0.0242970947223077,0.158367513564595
2354,0.023443848386688053,0.15994383129559664
2355,0.022463585279366507,0.157197242504672
2356,0.02248654028389064,0.15833329381351186
2357,0.023194194952928047,0.15898223654518748
2358,0.02296969884971403,0.15815882687281846
2359,0.024336058869020745,0.158773821211399
2360,0.022772978768689826,0.15783297716824332
2361,0.02577368563638543,0.1605580669820757
2362,0.023151759046522325,0.15730058993761403
2363,0.02276964914405121,0.15989123830072263
2364,0.02322295695871302,0.15864261760747522
2365,0.025144849370860454,0.16119778447581412
2366,0.02625641313457639,0.15862368921140083
2367,0.023674692993737617,0.15938486663022436
2368,0.024364029531771282,0.1587426002536501
2369,0.024639266080357745,0.15956410231596246
2370,0.023853402912804165,0.15953731559272996
2371,0.026301058372424083,0.15847530408311905
2372,0.023715669546955788,0.1602505855168914
2373,0.022871086479357955,0.15880424927051803
2374,0.02588055265259068,0.15984562775096797
2375,0.022327144694684435,0.1578708335122369
2376,0.023027191735194914,0.15893668496519103
2377,0.022398487131738063,0.15929544946752994
2378,0.02337122396946703,0.16018247731347432
2379,0.025870936881727393,0.1584657059800356
2380,0.022965121229395927,0.15837626237618296
2381,0.02501625729338178,0.15769505004088083
2382,0.024620872881240066,0.15739070401902786
2383,0.025688700284223136,0.1591243204616365
2384,0.026690174245609426,0.15861503910600094
2385,0.023589780975906353,0.15888849065118565
2386,0.02439045467935268,0.1624811363399477
2387,0.023088345550141245,0.15892688769445681
2388,0.027160656632586096,0.1615213623695206
2389,0.024052089865102707,0.15943172357434915
2390,0.02656965877321906,0.16032043932225173
2391,0.022349067079196185,0.15964179383334062
2392,0.024502036765030346,0.15957750107411453
2393,0.02223281606844386,0.15729507325884692
2394,0.025811667618511606,0.15897808289318754
2395,0.022862498654322053,0.16329586121223325
2396,0.0254452738372035,0.15846981772952212
2397,0.0229338897193003,0.1582718621519275
2398,0.027265366096541566,0.16231586606729598
2399,0.02457376002515637,0.15790336935741262
2400,0.022851434870148606,0.1607129051347723
2401,0.023233199995831125,0.15649637464144475
2402,0.02817104031689137,0.16133595454065422
2403,0.02282094048722735,0.15871624114519373
2404,0.023699297891847743,0.15982527395985777
2405,0.024679214652604278,0.15885250610217713
2406,0.025176938400609687,0.16124757194429412
2407,0.023258147081770236,0.15891941429528975
2408,0.02822674220463015,0.16082906622187534
2409,0.025294932542638208,0.15785737429047586
2410,0.02553036593416202,0.1617727285638489
2411,0.023285486987270648,0.15816908757340042
2412,0.02317553879283134,0.15990526384130158
2413,0.023520513806702954,0.15842955505340023
2414,0.022467419879991304,0.15927056759073024
2415,0.02275312233880256,0.1595016058375662
2416,0.02350280800564859,0.16029125190617746
2417,0.02657362733200286,0.15808109117480448
2418,0.022556505113277794,0.1616697075746412
2419,0.022435424123076524,0.1580565823498824
2420,0.028188288410973247,0.15797803724618784
2421,0.021930450596993074,0.16046988736268572
2422,0.023280890857648548,0.16063624949084787
2423,0.025697199721475068,0.1612134855940826
2424,0.0231774342392788,0.15995444842896664
2425,0.02346771519701436,0.15817196241446904
2426,0.024821532691049877,0.1615484873005621
2427,0.02375760873627363,0.157622246067028
2428,0.023331196592101512,0.16180500903523953
2429,0.023852222194930293,0.15841872288021527
2430,0.024466292581187106,0.15982370661165482
2431,0.02306982749522482,0.15910531124823674
2432,0.02554199310406199,0.15896213734359071
2433,0.024622788805069414,0.1613537697564988
2434,0.02317103997763223,0.15876679301710056
2435,0.022600446763278555,0.15811657401403986
2436,0.024236547286218067,0.1577162714231582
2437,0.022804190457429527,0.16036249148218254
2438,0.02228168545747703,0.15936736747585142
2439,0.02255435675710627,0.15951002234205566
2440,0.022679365983924026,0.1584458639074985
2441,0.02281346247068741,0.16033633777820377
2442,0.026027276174827193,0.16077425280459842
2443,0.02697053760196428,0.15958618714397116
2444,0.026477300942693866,0.16091020315661467
2445,0.022798688016222708,0.1607527847502166
2446,0.022732071379351917,0.16136290267445988
2447,0.023867675179393037,0.1588158226177507
2448,0.024198123775188277,0.16080682894639803
2449,0.025903874539635465,0.1586029429483533
2450,0.024351741321994073,0.16006302049285487
2451,0.024904296106699877,0.15945169396866532
2452,0.024968437651324574,0.15935827593755603
2453,0.0243281253478812,0.16013679625396443
2454,0.02534696929531652,0.15915095391578243
2455,0.023460820809287845,0.15875299995704403
2456,0.02504090964794159,0.160296686908655
2457,0.030485611502666893,0.16040351038289846
2458,0.026062953631458042,0.15777600610764103
2459,0.028404498765678524,0.15896144490642355
2460,0.02239195021958846,0.16157493249216773
2461,0.024545762430197036,0.15686227933954178
2462,0.025311739107816474,0.1595044246965781
2463,0.02355991209031276,0.1588871123871409
2464,0.024527132393991423,0.15910907918797398
2465,0.022839226590106322,0.15875980523146482
2466,0.022818837584283366,0.15849104695451588
2467,0.02406209410876973,0.15989271949108383
2468,0.02278609761277085,0.1599347653768415
2469,0.02579005739692622,0.16056255529398905
2470,0.022862713022520707,0.15820519883829848
2471,0.023208457238550455,0.158736074628089
2472,0.023478271123373282,0.1586482152156065
2473,0.022757694382899964,0.15861967870764865
2474,0.024809141133753758,0.1580527689223899
2475,0.02434078357973189,0.16139261540314906
2476,0.025332965519068378,0.16142713243053072
2477,0.02367150033794859,0.1568467562135897
2478,0.02403212864678236,0.16126330622604915
2479,0.023499443014181633,0.1590328737533182
2480,0.0257994903239814,0.15945078637964444
2481,0.023690485823079473,0.16011174344329307
2482,0.023045122189997876,0.16120742537772148
2483,0.025609162220227643,0.1582207233087162
2484,0.022537088736235722,0.16000343650056606
2485,0.02563643545708941,0.16245780261536888
2486,0.022524070873294236,0.15892571479754342
2487,0.024735043809380172,0.15853673891913622
2488,0.023813351192189462,0.15889544250971094
2489,0.02293690687642907,0.1595906397528517
2490,0.02578562856563982,0.1595692897500251
2491,0.026979120905106922,0.15950012573024683
2492,0.023199348411751242,0.16024165303635418
2493,0.02333695073641321,0.1602129491424202
2494,0.02516245034833749,0.15990984260587765
2495,0.023505479975972535,0.16028766677642525
2496,0.025243933951048732,0.16228042091044567
2497,0.02290553590224224,0.1603314248018695
2498,0.024904263258542655,0.159017562455402
2499,0.02537223051225989,0.15757064700574802
2500,0.022426688012743147,0.15692759288432903
