epoch,train_loss,val_loss
1,1.0092011618914094,0.928958014736797
2,0.8987249698279038,0.8235490450584201
3,0.8604408918686632,0.860106909484194
4,0.7715655164148822,0.7255357411272245
5,0.6943471330516743,0.6856314024530855
6,0.6662140308686022,0.6647150113170308
7,0.6469316190143801,0.6326099858248144
8,0.6187883281857712,0.6020164306002452
9,0.5860273496909711,0.5974931107427841
10,0.5700817490523716,0.5538696044668517
11,0.5689342696711702,0.5572768543895922
12,0.5555302605688947,0.5521944056178693
13,0.5345587490489648,0.5272756947909382
14,0.5110252724503571,0.509475270757699
15,0.4952047637798501,0.4789004213080968
16,0.4737457462451743,0.4650465894611856
17,0.46326057566036966,0.46228409164531487
18,0.4645443584933971,0.4576513015835506
19,0.4456632708978353,0.4297297368372293
20,0.4175414283695461,0.4218438452945317
21,0.41668785480583237,0.4187003204547672
22,0.41226253700706195,0.4086527114822751
23,0.4061402680364045,0.40181091218663934
24,0.4047751411701898,0.42566425377563727
25,0.4044417017285929,0.4041242083361872
26,0.39672051117105306,0.3963001306194411
27,0.3914682977604416,0.3878249473739089
28,0.3868355959091546,0.3834116314736225
29,0.3748934568849,0.3890116738346884
30,0.38673661564880946,0.40609378137982877
31,0.3859711448726414,0.38533177097937216
32,0.3805441933233033,0.37215302753866764
33,0.3620066850815179,0.3741998512643322
34,0.3716135516106707,0.36686298542452933
35,0.3589782999746455,0.39277046776953195
36,0.38005354963008714,0.37902210551993293
37,0.3740073136938443,0.3803534039429256
38,0.3588197169438848,0.37251062515684236
39,0.36142384649822545,0.37390044383835375
40,0.36594543873139146,0.34829920717050555
41,0.358255460952063,0.38700379412574576
42,0.42064454364326764,0.41201854103191154
43,0.39422525568578226,0.3827128614249982
44,0.37733027582648415,0.3781095209874605
45,0.37077974410926773,0.3641697319229145
46,0.3652543521152352,0.3625764843067131
47,0.35143670833335733,0.35648386983345626
48,0.3478072493706109,0.3615643646484031
49,0.3553183039404311,0.3708914669982174
50,0.35090349755197203,0.3610728672124389
51,0.3454495777124129,0.3611166103740683
52,0.3448765590880652,0.35478906621012773
53,0.3395391674536579,0.34935604196443293
54,0.3389019233250768,0.34386336855721056
55,0.3347019465089594,0.33930568527757077
56,0.32469939866905695,0.34499903900880263
57,0.33838011596187856,0.3583737969547884
58,0.334854726896346,0.3414785093382785
59,0.32275640945764456,0.35006074887469296
60,0.3389735386806464,0.36182145038642977
61,0.3508852613422106,0.3536619270654549
62,0.33425356494555686,0.34330576045770095
63,0.3398478979584556,0.37497460027983914
64,0.3564921786200325,0.3559539803586209
65,0.3394655529058205,0.34031395080095544
66,0.3380881075589162,0.33863885047142966
67,0.3253501901086771,0.35953902892002787
68,0.3456421801878971,0.34389744799836236
69,0.3299152378766042,0.3374088814384059
70,0.3304698510364916,0.33672791637274857
71,0.3380811190080343,0.3580695071017234
72,0.3334968043198376,0.34012878068108904
73,0.3191594234052694,0.3236763139715171
74,0.3112402908832022,0.32514666599737374
75,0.3046920423237783,0.32251553188888055
76,0.37855111221847293,0.4063192836025305
77,0.36929808416456544,0.3509913685178398
78,0.3459798420000376,0.3604166447219992
79,0.3341249163795567,0.34671590105632794
80,0.3239687083277312,0.3321787631302549
81,0.3201917758527792,0.3275899967752901
82,0.3139264248077225,0.32673812734154534
83,0.3141852750343347,0.3190479630366304
84,0.3330317894992588,0.34844466252135753
85,0.3267009996768064,0.3341287841324818
86,0.32515442615035195,0.3378979554003044
87,0.32304150597104486,0.32652021096762557
88,0.3204236384832634,0.34640046483591985
89,0.3202070397026134,0.323844614856524
90,0.30821417243975513,0.31291671093543966
91,0.3017545331199214,0.31488967905367227
92,0.3022676449526781,0.30813113684044746
93,0.30136100994715903,0.3563077105465987
94,0.33891075024814726,0.34660263370750544
95,0.32290213812822066,0.33023097976706084
96,0.3168737764628428,0.32222999778009
97,0.30042126324941526,0.3105021349170752
98,0.3434216340757766,0.35590687842297375
99,0.3222719209748994,0.3381014805389825
100,0.31746473739731984,0.31974273486842486
101,0.2972608767215561,0.31822551969896284
102,0.3011932000049255,0.3340351378409785
103,0.30652826874511047,0.3236814402697379
104,0.29837375448184944,0.30089538789034487
105,0.2962240235610578,0.3146889823719971
106,0.3461119388259432,0.34522945331152816
107,0.3204216638451102,0.33305623522378447
108,0.3240667476594073,0.32533813590991467
109,0.30323931349898287,0.3043809904341112
110,0.2947407138047728,0.334782139998032
111,0.30395222141307854,0.323177065690956
112,0.32666828497400824,0.35031490868195553
113,0.3172285412467501,0.32354330389123215
114,0.2987564869646756,0.3146808343124868
115,0.2946541352466967,0.3046194767593441
116,0.27603659071262526,0.29246769050010163
117,0.2801830912910917,0.2958960282175164
118,0.29482307017974135,0.30765754865823236
119,0.27687629832411714,0.28726248088337125
120,0.27634376549870715,0.3103907445170228
121,0.32184305974522476,0.351953786641434
122,0.3162868174741853,0.3178089978103351
123,0.31975667637849003,0.3281377093086864
124,0.30628265299887025,0.30997700634456815
125,0.30024427119291053,0.31701937751064924
126,0.30471908333916337,0.32471779631194014
127,0.29660314527697534,0.3020212721256983
128,0.2874513845773613,0.30725984122221334
129,0.28396100817986253,0.29804020201353204
130,0.286628617055761,0.31117025966333567
131,0.2823377345343056,0.29025739909413467
132,0.278990239467261,0.2987542028415173
133,0.2846710687538363,0.28941895258157774
134,0.2677191194123442,0.28457761916301605
135,0.2614406424123536,0.27534413823209014
136,0.2727102108721463,0.33428513309113067
137,0.29161743004367036,0.28897044451015635
138,0.26987129730998344,0.2832398571466145
139,0.2541233827857851,0.2730183324270081
140,0.2533620710267961,0.28656306489368427
141,0.2520034723686722,0.27369190539632526
142,0.25752970763722305,0.28907824787579683
143,0.2892390453965409,0.30253164929554877
144,0.27402529401599235,0.27574850405965534
145,0.2615387331014909,0.2967012353558887
146,0.2583231123738319,0.2610995579034762
147,0.24175633096470023,0.2707126127149826
148,0.26529836129842316,0.28132327293094833
149,0.2624798638265838,0.26382918659606974
150,0.241321640194587,0.23442242225459345
151,0.2722286896885566,0.2923621612234522
152,0.27963038116880934,0.2952777561089748
153,0.25465151105286943,0.2607053840220124
154,0.24614568495150632,0.27365354465362723
155,0.24071877313859807,0.2689548935507772
156,0.2499431885263455,0.27339657513718857
157,0.2451341489575944,0.2752045466935724
158,0.2549389030948375,0.2601294844670403
159,0.22434242219670014,0.2603806393935268
160,0.22983262701979223,0.23600967445020987
161,0.22376797652844363,0.24535874417401793
162,0.21948011013321905,0.29128614396678476
163,0.2229801945903766,0.25194761956245976
164,0.23836090139248087,0.2969596883408109
165,0.26714289619487785,0.2644175722037342
166,0.2369346042286675,0.279826370471701
167,0.23404722037555287,0.23851749454076426
168,0.1972685586543953,0.21352049697162515
169,0.20779871771920402,0.25251970053615425
170,0.20822173741253666,0.28647908209858086
171,0.23654400590080885,0.25772793908465774
172,0.22211237223643177,0.25259799863162796
173,0.209430012969101,0.2281316713357629
174,0.19559361949656745,0.22682831371039675
175,0.1952743816113322,0.290049511014967
176,0.28051993738180436,0.2954126262575164
177,0.2589842165416142,0.2568055107480004
178,0.22192658633930878,0.2318092149899418
179,0.21946977594363615,0.28208763945969123
180,0.22613249091232349,0.24713019455285898
181,0.20090823062935714,0.22248692186852745
182,0.17691111545892632,0.19868589511939458
183,0.20026195808401648,0.24740921950579287
184,0.21316177337049688,0.21840882816709073
185,0.1799966260884543,0.19291532872464126
186,0.18017291685320297,0.2445414124948339
187,0.20067805351701173,0.21320830532034538
188,0.17419158203421897,0.1768730528895419
189,0.15726412204826404,0.18804520764446497
190,0.16307791383386408,0.19401025973764577
191,0.15922220079404004,0.21873426863125392
192,0.1570471962855297,0.16874729582390988
193,0.15487249851601678,0.18877799962098735
194,0.13832375913296105,0.16458251172289215
195,0.14668462233348462,0.19048116757606803
196,0.1565601278401021,0.19423124179206694
197,0.15335293226646926,0.1852029969444251
198,0.15831637157584136,0.1679975205943698
199,0.14386022976546917,0.16522415068215296
200,0.1345086671271414,0.16079193861562208
201,0.13257587626107833,0.15798262239697583
202,0.15988200649900255,0.1984420455338662
203,0.16763968400235446,0.18660668349056914
204,0.14519378186771706,0.18152790996514467
205,0.14954423356168675,0.19002390456827065
206,0.15317976371672168,0.1870624130605755
207,0.14527395545686567,0.16800269361277273
208,0.12404564585325853,0.15194096250044076
209,0.1734657657783736,0.21275071194745543
210,0.16894339437379777,0.16992281705962686
211,0.1322527938293961,0.1617191164639958
212,0.13223088312448947,0.18698238247169888
213,0.1296592931140144,0.14447693336278872
214,0.12408431455399255,0.17198554719599865
215,0.1324497990825641,0.15257527826722703
216,0.12490704674390876,0.1489362600901372
217,0.11514541403677478,0.16588830731267618
218,0.14996788046270046,0.15360985408749497
219,0.12315968972332073,0.1536206911530411
220,0.11387711154214991,0.14564439209929683
221,0.12129611259548918,0.14653722829836652
222,0.1098858986823064,0.1609070656218923
223,0.11574402142245814,0.16909318038246088
224,0.1205045093061789,0.17983360483981015
225,0.11853751483953225,0.15259770623275212
226,0.11065256928310455,0.13873112491124256
227,0.10752398066175808,0.15239160323053375
228,0.14692473542765253,0.18409718427442967
229,0.14796682639316944,0.1571758330465857
230,0.11791392129922063,0.15319626600969405
231,0.10409712215077202,0.14509709199941845
232,0.11955708715150941,0.15409483452488607
233,0.12539818812653702,0.14121746171013752
234,0.1023858367647015,0.13620443279880629
235,0.10954902653799117,0.14065279322384594
236,0.09830268266253502,0.14245578816585375
237,0.10370381757523278,0.1556723017740369
238,0.10724412190651744,0.1334082560805151
239,0.09697434362375511,0.13501144734615073
240,0.10425578245201951,0.15810690181595938
241,0.10885046117898053,0.14660846589501939
242,0.11503016002148202,0.15255808214047797
243,0.11292839003433972,0.14722680985778197
244,0.10648219371741673,0.13701138974057703
245,0.1045420913482612,0.13596601377154952
246,0.10000052987217153,0.1419407304068257
247,0.09900233683721074,0.15026895914758956
248,0.11089548810660464,0.14005455849015325
249,0.09347170441405578,0.12886318314194978
250,0.10178987250762915,0.13325890241410202
251,0.10271477502471996,0.12967657992490253
252,0.08763472717138207,0.12890903571419848
253,0.08669107885293241,0.12987379378692848
254,0.09288245472330717,0.13106498755234525
255,0.08481846642006868,0.1355475185807785
256,0.1035327673333246,0.1374802785857877
257,0.09052526913348984,0.12137226502698167
258,0.08496217818567588,0.12708223030381932
259,0.08857872454250383,0.1428474199801758
260,0.09400940035124244,0.13568542367384248
261,0.09960761839676203,0.1338100421212072
262,0.08642333314853644,0.12310058375199635
263,0.0854185643904614,0.12495486701565578
264,0.08601607532246308,0.14504775180852503
265,0.09973212411193727,0.1394049753073164
266,0.0993265632375981,0.1335368055037986
267,0.09218456971008072,0.12389583204100306
268,0.09619142016712225,0.1494095350118508
269,0.09712148926355554,0.14321210054227881
270,0.09024810655124532,0.14777359037769766
271,0.10853678756539926,0.13927756541205527
272,0.09021206031430443,0.14157736749577343
273,0.07954966347172575,0.1278904598757139
274,0.08108619844201226,0.12811895937922604
275,0.0781481127787686,0.13069117917004683
276,0.0793521318982982,0.12349437302291244
277,0.084733673189796,0.1377860266052392
278,0.10176136667998333,0.1427411369064398
279,0.09184426383214926,0.1251626970213756
280,0.0844952366168394,0.13250941934442162
281,0.09098078315175555,0.15792344383577953
282,0.09292662274912468,0.13477245929247156
283,0.08641154112868339,0.12916861119724454
284,0.08622568611453914,0.12177936618862893
285,0.09552952736241263,0.13003047964626685
286,0.09016495207383197,0.1352806810037534
287,0.09086669751870557,0.13199184939526676
288,0.10092066950018301,0.13761773671870842
289,0.08707053893767062,0.13591680950240084
290,0.08590392107671162,0.12212410623343069
291,0.08182121597745884,0.13095477410127646
292,0.08504963586540343,0.12391096080903123
293,0.07854343243177582,0.11993514724019774
294,0.0779365505906021,0.11709522513817426
295,0.06890078031885549,0.1108869672344442
296,0.07506692868733555,0.12098192093067599
297,0.08685652972579752,0.12654126551291697
298,0.07287352686783052,0.1271126680729682
299,0.07260868375031453,0.1268925149563261
300,0.07832871625820796,0.11686717715105019
301,0.0742795298215728,0.13604677741166046
302,0.07693463760726857,0.10929922817419645
303,0.07249964450327855,0.14104893235933214
304,0.08725525251349563,0.1529602251928253
305,0.09729849097301375,0.14014536556892826
306,0.08337524589502586,0.13763274596000374
307,0.10251715043618244,0.14514773874952083
308,0.08755922973530847,0.12451107889637911
309,0.08721575923498322,0.13758285313769988
310,0.07780835009033575,0.12323819985963348
311,0.07320274253311397,0.1314122601596634
312,0.0765018863779194,0.12004298722385463
313,0.0683392491074478,0.11820860405016065
314,0.06212278399265037,0.11522853880523141
315,0.07675429072769933,0.14553878441415632
316,0.07850153153797365,0.12263615489155427
317,0.07340592919093258,0.11842760725651767
318,0.07588773450386599,0.11975918452542528
319,0.08084421215942071,0.13174386171245933
320,0.07992443625094756,0.12797851892267553
321,0.08027975851634764,0.13015894164193542
322,0.07752853397678279,0.12614057129038905
323,0.07581719948248293,0.12035312837825383
324,0.06423376383459044,0.12122675638300434
325,0.07317297755734725,0.11930846185761884
326,0.07156261230039897,0.12347678401341713
327,0.06973237235028788,0.1286894599521967
328,0.06757233882287764,0.12563191933141915
329,0.07257197891016426,0.11925677830040604
330,0.07212699692016877,0.1247427167562315
331,0.0705985206196893,0.11861681299550193
332,0.07070559513925007,0.12245119975548341
333,0.06758190105733632,0.1172420999460053
334,0.07030591762290811,0.11851323276459423
335,0.06901313341076269,0.12313564674447951
336,0.07072503122050057,0.11593129377541386
337,0.06871119560966701,0.12181870945563592
338,0.0758581261777278,0.12403832094038937
339,0.09382355105389589,0.13637013189998784
340,0.08558829691050188,0.1410901664865943
341,0.07986515844767948,0.13834869183768006
342,0.07038674683971975,0.11782550901398622
343,0.06606272130079989,0.11989041985500426
344,0.06562949735788429,0.11034781971297468
345,0.06236795500014563,0.1160891906248597
346,0.06446990183314437,0.11772570818812028
347,0.07012820555447782,0.12282437946936839
348,0.07049475961698676,0.12027924533998757
349,0.06927260184812846,0.12292988912055366
350,0.06449597830292564,0.12384942627714988
351,0.0597104566792647,0.11278631424246575
352,0.06253150770874144,0.1218657783211622
353,0.0664120854915313,0.11994202350987528
354,0.06914738158010086,0.11692901637246435
355,0.0608627512676161,0.11871913372349918
356,0.06399065202230927,0.12806584448892072
357,0.06065240321950343,0.11471486741438844
358,0.05456582869186341,0.11434177542688853
359,0.05718884368737539,0.11099799371378165
360,0.05339221963248913,0.11094569737899274
361,0.059861655692634345,0.11326648197825391
362,0.06632987433259592,0.1113662616650861
363,0.06256310280951315,0.12379589984963711
364,0.06418569896768474,0.10933082821524531
365,0.05514145609717699,0.1079283270770147
366,0.05967493762947478,0.11998107592414196
367,0.06993826469347912,0.11655591064153757
368,0.05825306854720386,0.11801812851936895
369,0.0607098418774095,0.11849869586023173
370,0.07682837934801413,0.1271793379408674
371,0.06674821773227656,0.13023425373517183
372,0.06685257670264574,0.12343047051352068
373,0.06993320176623902,0.12008883686442125
374,0.07245884362444188,0.12649515932215785
375,0.06260076422923766,0.12310850506363656
376,0.06412940791005609,0.12093896990207802
377,0.06315089185845177,0.11627206680619329
378,0.057868616901478674,0.1187188141514783
379,0.06120170442000875,0.11779637638488807
380,0.05869046247230386,0.1202100590618332
381,0.06214322763606437,0.12169384708007176
382,0.06898029200123541,0.11822026172526796
383,0.06056546197278694,0.12286055889120676
384,0.05828092605719026,0.11201200090852895
385,0.05390292708322687,0.1135830084109366
386,0.057434946673471224,0.13724510108393834
387,0.06347948626714682,0.12007593938656021
388,0.05829695696538349,0.11840825753851343
389,0.05328409406561522,0.12549934461526105
390,0.058464436481396355,0.11148003852905188
391,0.056205292730211465,0.11394913983823064
392,0.05797448264634084,0.1174228815618613
393,0.05960362271036742,0.12354641316229836
394,0.0662588024242494,0.12465388223267439
395,0.06804837244299222,0.12388023244856593
396,0.0681239849881931,0.13627432213914126
397,0.07237860372981185,0.1271315927157426
398,0.06412396889250234,0.11774867287554537
399,0.05709663309953498,0.1182935252823029
400,0.06081913969239349,0.11833399763905016
401,0.05510896102249997,0.11206067164888359
402,0.05596850737460754,0.12443695826115166
403,0.07153026159829314,0.11999255396369704
404,0.0696686806637536,0.11998155539421211
405,0.059561760287802176,0.12075863380853395
406,0.05487180742546447,0.11873943733989745
407,0.055128193829419476,0.11452082497882365
408,0.05448960728427899,0.1212130453540269
409,0.05538452676725837,0.12260078003905471
410,0.05313180183183472,0.11709699861910708
411,0.055897300067187856,0.11488433417521025
412,0.052718416652964346,0.1196724424759547
413,0.048783553752509305,0.11262789869069456
414,0.05253581641792501,0.11896509475501857
415,0.05541239894411099,0.12702164980104394
416,0.05251833257622689,0.1158999220881247
417,0.05156801959628579,0.11909268787107372
418,0.04997310496913562,0.11942117143991896
419,0.05297445707351157,0.11661994515131589
420,0.04871880089711843,0.10770917605412633
421,0.05158990096746001,0.1227495986641499
422,0.05950526487808557,0.11755976392735813
423,0.05186588150806397,0.11301175859712419
424,0.05245724711684311,0.12060528523043583
425,0.053216695363791484,0.11987888381669395
426,0.05335197764091522,0.11507655413153775
427,0.047106432746041496,0.1149258465695202
428,0.04371538020248683,0.11699893432004112
429,0.04998679705104738,0.10914674195878786
430,0.050160760915129436,0.11724092671297547
431,0.05233737624853662,0.11453934704749506
432,0.051814951963207255,0.1271416485346947
433,0.054249142724200616,0.11742283661562697
434,0.04965905257084834,0.12395957833095302
435,0.05726270333119908,0.12522709130643303
436,0.05353452684650631,0.11246373773293387
437,0.04310106926556653,0.10963828585351021
438,0.04376332150221621,0.11808980583098896
439,0.047662781164893565,0.1114624357761297
440,0.04996373218560369,0.11901965765352536
441,0.059577488205717795,0.12151333471213964
442,0.05957502747575442,0.12318619751467143
443,0.04932025517776327,0.11211884996496645
444,0.04975870984998889,0.11292513613040585
445,0.04372220441886464,0.11335782923345876
446,0.05049285721385254,0.12308035839470406
447,0.05879550455313808,0.11419169526351125
448,0.05745282668456341,0.11745095917754304
449,0.053802206081414373,0.11337143289191383
450,0.04850515264010279,0.11998871663459261
451,0.05381437679225544,0.1252998443213023
452,0.059018025022445235,0.121742320090607
453,0.04988938869920167,0.1162638236444098
454,0.04779460072611113,0.11518188668671706
455,0.050589054471479274,0.11628960041249904
456,0.049268979063761306,0.11806406975165944
457,0.049439292424504865,0.13414625808559263
458,0.052577715882527756,0.11613046932489351
459,0.05026903577476927,0.11807342898800857
460,0.04935020679291689,0.11702751562484823
461,0.048338611545802664,0.1362656630332906
462,0.055316442494872234,0.1290540725254176
463,0.051353105677748624,0.11787408623928414
464,0.050399762607595454,0.11797525987663962
465,0.051077303880790494,0.12073797476769689
466,0.04992663832205647,0.11613462389187705
467,0.05434695975679272,0.12140879318827674
468,0.05537925423972262,0.1172349249995442
469,0.04397618100515702,0.12079916442546032
470,0.046737693203320295,0.1108318487354986
471,0.046708914211148735,0.11316038690563432
472,0.05360085299273707,0.11814219510196743
473,0.047573633445133955,0.11799395528801701
474,0.04352309671962786,0.12375644433841969
475,0.04366124013684831,0.11451267469721031
476,0.045920742031350825,0.11392658523150853
477,0.05459079076096697,0.12576563676870556
478,0.05316714180996583,0.12110746672428341
479,0.05063959862451133,0.11682874363914766
480,0.05015029233394179,0.11656521191647776
481,0.04906952920012504,0.11450529438361787
482,0.05203694526879293,0.12411775858255855
483,0.049516764615879116,0.12125105872040703
484,0.04540150244749567,0.11497858592442103
485,0.04377037361732819,0.11983939811101832
486,0.04639977024598691,0.1197575281810641
487,0.048594909058239474,0.11618866534310773
488,0.04247689743836721,0.12289029402765714
489,0.046995662269914674,0.12269889180522814
490,0.0497692456269789,0.11587726726269065
491,0.04681758741912602,0.11839952220892846
492,0.0501487172390305,0.13259570302446386
493,0.05165358923328747,0.12887486624986605
494,0.05248064852360659,0.11847560427018575
495,0.04287817097216282,0.11628442410762448
496,0.04560485925033407,0.1242023620913202
497,0.05568288004248397,0.1435164919771945
498,0.06256693620351875,0.11668062688115247
499,0.05175227910842536,0.11737754100695588
500,0.04625562198881833,0.11107257292384193
501,0.045090950603755016,0.12834242214086958
502,0.053852055573238515,0.1162206258129954
503,0.0451924186785641,0.11726092057942149
504,0.042152374725109375,0.11910276589238256
505,0.04480699386517956,0.11342649679061464
506,0.052214731397868704,0.12876754790021663
507,0.052511066057772005,0.11761172614375451
508,0.05135077219339287,0.1199573639565542
509,0.049822381996321226,0.12179313971658697
510,0.04729413295035842,0.11639224788300077
511,0.04800283716722104,0.11373196536661091
512,0.04381753523019875,0.11757165546479978
513,0.042160084295385286,0.11187710570064105
514,0.039508206617532286,0.11375664703006434
515,0.034645953244945536,0.11459571905527498
516,0.03712244819170274,0.11419604453526642
517,0.03930062315655204,0.11449938392579406
518,0.04006885772324958,0.11842118819853417
519,0.04333855157846925,0.12529940781811424
520,0.04799744294686887,0.11553717666027839
521,0.04340250762003773,0.12437384437424198
522,0.050053125563657506,0.1299853227789838
523,0.04951910637084793,0.11916385275454151
524,0.04215756604600253,0.11044941315973612
525,0.04198424349415977,0.12305860449198194
526,0.041799716909164154,0.10977350207125035
527,0.04132024845424688,0.12345903211817108
528,0.04024210846367872,0.11513718568666238
529,0.0365896445447169,0.11187442918693212
530,0.03689510251084963,0.1140387140046385
531,0.042235696582861665,0.11742144193789714
532,0.04000567391795932,0.11220527354413107
533,0.0365346426718265,0.11298962499488864
534,0.03840394554741727,0.11454674278509647
535,0.039281019320090614,0.1125100557890751
536,0.037095953903670584,0.11581315619306158
537,0.041221451600017785,0.10951514861413411
538,0.037584438451431085,0.11578448443559178
539,0.038658727218145096,0.11320849733992029
540,0.03914607805932093,0.11209123766511903
541,0.0358776865796473,0.11740437990292571
542,0.039586836085566936,0.1146995935934528
543,0.03584259579766472,0.11826551390022862
544,0.03644805581970784,0.1089042326934953
545,0.03562822602923561,0.11525143882759233
546,0.054733444309834414,0.12410269020344679
547,0.05136411566779299,0.12466702696150705
548,0.04955206005453314,0.1392536549490496
549,0.06607786373897169,0.14633101172614515
550,0.06045040460127705,0.1281815059576417
551,0.05553570504552163,0.12648677859539376
552,0.04717252902546019,0.11457469073453344
553,0.042910876888898934,0.11551694540227565
554,0.04585027315144269,0.1139368872744099
555,0.036566461172868624,0.11026368969888017
556,0.040953757370230534,0.11386337024824959
557,0.04556293764485503,0.11934658377092883
558,0.05111234007204104,0.12783634830686383
559,0.04708012795579508,0.12116896596394088
560,0.03890073144773267,0.10868677577204573
561,0.036525252714472,0.11413300711484183
562,0.03378271883201299,0.11126717958683358
563,0.037245905460239204,0.11629942832584668
564,0.034197185891416834,0.11236571781990821
565,0.036223036266347895,0.11041780777817083
566,0.0400447593591873,0.11222930131176659
567,0.04640567473739198,0.11626668125017543
568,0.04642187637634247,0.11742924982891943
569,0.05184769686662926,0.11448153222264502
570,0.05599209523332194,0.12050959391328028
571,0.04828479715019652,0.1158469008249149
572,0.043032706885030435,0.1164746525368296
573,0.04202721942708178,0.1108317979819195
574,0.04108206782513445,0.11555172052972
575,0.031710340120132616,0.11026049560323395
576,0.03160423688215654,0.10816425051456108
577,0.032465598973556886,0.10933388926480946
578,0.033905296088577064,0.11106277023789876
579,0.03581139264897731,0.11069703361668383
580,0.03744386007669587,0.11824159387657816
581,0.03865222888266515,0.115496370241158
582,0.03361819099939469,0.11081098632555558
583,0.03652645912279123,0.11135522207072504
584,0.036428182122280016,0.11475286087520738
585,0.03766085399584201,0.11261393749773652
586,0.03419928936838354,0.11232771218420569
587,0.032445214091325704,0.11626429936117995
588,0.03198445153733095,0.11076737772253223
589,0.03553771513438075,0.11384322100265283
590,0.03833115869348154,0.11437314481738217
591,0.031843723166944844,0.11438338641534772
592,0.03452863893325224,0.11038399534416676
593,0.03506790135500941,0.11263805470968548
594,0.03233213835167435,0.10823109531238265
595,0.0337645171573327,0.10982987032573026
596,0.03839097575009244,0.11289499406901218
597,0.0411500576063522,0.11353664395205658
598,0.03911790228302374,0.11519521560734675
599,0.04455838143919249,0.1205781183221884
600,0.0339874397705561,0.1093099022792993
601,0.03648315248249462,0.10988200543667738
602,0.03983202557893669,0.11956771218537687
603,0.03252894656275803,0.10794468328618166
604,0.03126407482620305,0.10775089794233031
605,0.03355640517372006,0.113901120920976
606,0.0379353458729555,0.1123984684061287
607,0.03227989117866792,0.10673363275247111
608,0.03189131118497759,0.10951402572387442
609,0.03704523222532662,0.1184176598724566
610,0.041880004553112596,0.11613888493307252
611,0.03968386209142283,0.1222254650522593
612,0.03736808073689353,0.12150672033317107
613,0.036431786164922535,0.11007396757303921
614,0.03327945181689922,0.10967082156797399
615,0.03582473064087472,0.11106152410495251
616,0.035100846217488345,0.11018361147483788
617,0.036585564414660134,0.11436535670120913
618,0.03472710503909573,0.11800380889559749
619,0.03560968849269099,0.11568342974610198
620,0.03721917886872712,0.11625420119155917
621,0.0381704274588411,0.11844244377132047
622,0.03591744585325883,0.11035597688497457
623,0.036044016246150876,0.10923446070654948
624,0.03383946271156365,0.11248711298656344
625,0.03543093985637779,0.11879862891626836
626,0.034208724357234606,0.11338655165114199
627,0.03281733435842226,0.10769966679781601
628,0.03154402360929258,0.11567187016096928
629,0.038472271940243316,0.12285427657658593
630,0.03909760872897862,0.12073481908268797
631,0.03855772000157608,0.11418724902216952
632,0.04439305150939983,0.11615166168912013
633,0.039744241327141064,0.1139708443691856
634,0.03739186826179612,0.11312773829340038
635,0.042520519181992275,0.11811966124109756
636,0.0381363386159423,0.11119431442111954
637,0.03214865198956346,0.1158695670409609
638,0.03477419458282818,0.11266218613188966
639,0.043409542069307666,0.12350207223629295
640,0.04434207077108839,0.12496026504532735
641,0.0432540699371002,0.11975467587846861
642,0.03393850595040141,0.11324508279039149
643,0.030413285424967983,0.11304300185059545
644,0.0330137497739597,0.11622000106594019
645,0.038378873453387675,0.11505225412827685
646,0.03952643455668065,0.11763359053541246
647,0.03936399043824688,0.12299704015777822
648,0.037463115352504656,0.1127672761043809
649,0.033843289322729384,0.11789762671280624
650,0.03775318573762036,0.11423373534192417
651,0.03591409983968585,0.10838922882513295
652,0.030952764042424707,0.1139438996338904
653,0.036428265554724996,0.1171578553162123
654,0.0325064886619085,0.1179586467811637
655,0.03375842832263161,0.11294404114771606
656,0.030934692694331117,0.11367890869913842
657,0.030255590477642022,0.11528653681352921
658,0.033936555257195945,0.10800341815503318
659,0.03759415194673358,0.11313993011351516
660,0.029935467238508682,0.1104008739529397
661,0.029044022807066545,0.10875813900154635
662,0.03241909159429418,0.11166901630641225
663,0.031016565039285324,0.10584519465540286
664,0.03385095548985889,0.12057374944364217
665,0.03544478338656935,0.10722736469038148
666,0.03475792795044821,0.1209932804518475
667,0.04344842744604597,0.11159496816029225
668,0.03411666556911649,0.11396537771574537
669,0.033665673772119126,0.10991050573742778
670,0.030255681934690325,0.11037935230666235
671,0.02795754831120278,0.1125103171569363
672,0.02878596767220857,0.1120222061685751
673,0.02894593597208179,0.10960188842282857
674,0.031230046665705974,0.11137695130623672
675,0.03384372575571702,0.11288055254701983
676,0.03533230035466218,0.10896884670532436
677,0.03148683790796958,0.10920845255965278
678,0.033436314712436695,0.11683175455134615
679,0.03484007828640488,0.11625066209108309
680,0.03408313297766185,0.11271708482937108
681,0.03606166596870002,0.12255869359524925
682,0.04354126357807303,0.12222780009036076
683,0.03247703632937288,0.108697767021662
684,0.03048186020562484,0.10959001363518842
685,0.02923775130425984,0.11039833511625018
686,0.028422807419450028,0.10767032004388652
687,0.027221115903472,0.11299051215550057
688,0.028970203508839668,0.11196857087668918
689,0.030151330368042743,0.11425704460469703
690,0.03358673105168643,0.11135990346284737
691,0.030028839671761735,0.11855388410333403
692,0.03149757923195197,0.1094818541168569
693,0.02680141012529907,0.11149527248284571
694,0.0299407810956802,0.11630102538300637
695,0.03811476691245283,0.12320744558085774
696,0.041442112610587535,0.1256059687724687
697,0.034808203882578784,0.1133132998021623
698,0.031202487635818666,0.11165253149536916
699,0.03142070161096705,0.11190355668091834
700,0.02921403522761363,0.11376234913305532
701,0.03448600788255158,0.11366476116697292
702,0.04254826767452108,0.1206761226431469
703,0.036763851560136805,0.11140571304954085
704,0.031237082017011614,0.11308111659342185
705,0.03057563984356586,0.11206255978286117
706,0.0278472364557989,0.10856088164979055
707,0.029320793296649772,0.10819942836549348
708,0.028911009442600066,0.1105377631528037
709,0.03204823272455039,0.11201169366077672
710,0.030407990346539696,0.1251401434416759
711,0.035141542073596946,0.11498636162295975
712,0.033461693006585226,0.11589255932727852
713,0.036455772161108894,0.11017573006768573
714,0.02833850773156814,0.10903138308820867
715,0.028087859282141213,0.11127870866006478
716,0.03289897564165997,0.11707842062439835
717,0.031301217341104394,0.11324409415996761
718,0.030600479833266272,0.11329656555539086
719,0.02783121777780401,0.1118287074760088
720,0.031557741100495716,0.11056704727704064
721,0.02624913248813377,0.11964310629101924
722,0.03314751706455114,0.11106644148814648
723,0.03027351991326179,0.10767586355594765
724,0.026919552939211798,0.11397557384462882
725,0.02871596874118601,0.11196767105569218
726,0.028483167630415293,0.11173322005080699
727,0.032331589867109024,0.11280888729824458
728,0.029536070255269796,0.11663042681109637
729,0.03737626925298253,0.11649673643118158
730,0.03716201660861759,0.12289686682155557
731,0.039100643364513445,0.11425872231112387
732,0.03177829483910551,0.10846684466029767
733,0.027746815210993186,0.11196004530242212
734,0.03274743043401706,0.11987479025484028
735,0.03499069423326906,0.12103809237032008
736,0.03629715061225231,0.11414814589167
737,0.04308473269613284,0.11535235929459259
738,0.03828851267133119,0.11405182185403087
739,0.03529722456755878,0.11524720385409239
740,0.032520151995825315,0.11806740303684894
741,0.03233118330673227,0.12006299197673798
742,0.02896183451532193,0.1103754859221609
743,0.0249389592534716,0.1092035207047797
744,0.02565612642785663,0.11192274310236287
745,0.02670671152384401,0.11105530921901975
746,0.02959535561455121,0.11025584246356386
747,0.024710131738826913,0.10595576005770747
748,0.02445489024075697,0.11190960877446603
749,0.02842302086218348,0.10745172925237426
750,0.03186359557575025,0.11498094243662697
751,0.02898663138302992,0.11697992256709508
752,0.02692455109560265,0.11389274095981043
753,0.025698711053005554,0.1099125306894606
754,0.02524767984759133,0.10889329025545216
755,0.024684465132981726,0.10707209371310428
756,0.024531355818862434,0.10659910747804738
757,0.02538520059073871,0.10931870494420666
758,0.02869375375737934,0.11503854941081881
759,0.028940446089086292,0.11147636950090714
760,0.029969861028048227,0.11235306109476806
761,0.028572262434652017,0.11802137835432115
762,0.030513747753399722,0.10974183069882835
763,0.029171590511716385,0.1119428321084283
764,0.025931920762519416,0.10629149266801084
765,0.02569904662200115,0.11229992144388662
766,0.03173912799208419,0.10991875164416201
767,0.03998153912102651,0.1160619378388675
768,0.03510399281088286,0.1175785038741609
769,0.030629128615998622,0.12382984137101878
770,0.031068420904518675,0.12080618643895127
771,0.025371223055529146,0.10680315837749563
772,0.02531442951715592,0.1130362384973612
773,0.03247188711128895,0.12133308597151797
774,0.034004112600155595,0.1164928224301876
775,0.031637036915189064,0.1238938292539807
776,0.03783599043604713,0.10798377556759015
777,0.031946170512797696,0.11229362374260313
778,0.030544226098829095,0.1105347393934888
779,0.030248294297441747,0.11665414055263189
780,0.030982300873447513,0.11068918100350483
781,0.031179014593362808,0.11337014818027205
782,0.031283231346674684,0.11221646831223839
783,0.02316691350402697,0.11447351887112572
784,0.025073738546116546,0.11153265180294974
785,0.023193118531467778,0.10847557948570802
786,0.0294042170375773,0.11008159300886598
787,0.023981426168912613,0.11408831989556029
788,0.032676105721379224,0.11348700984602883
789,0.03083387257402423,0.11120341731268063
790,0.03247882228977275,0.10925671786891487
791,0.03227021812268023,0.11989726712530419
792,0.030422835030926847,0.11213961480778262
793,0.02480825512382969,0.10487839318158333
794,0.024154347139147093,0.1153525846046314
795,0.03252887759802851,0.11287026053159159
796,0.028624434387252765,0.1151535360511383
797,0.0254654328356374,0.1117779241132557
798,0.023035901112470236,0.11131194779149871
799,0.030978008448702733,0.11087613513595179
800,0.029269186205833964,0.11873092029925277
801,0.032185334126529457,0.1240304151461238
802,0.033546413253969364,0.12025647866247889
803,0.03624371357215275,0.11504828646069482
804,0.03346859003013035,0.11794432075250716
805,0.030213148667002625,0.10974807025197156
806,0.029059120459751512,0.10970344990118404
807,0.026403865021354746,0.11075534964713238
808,0.030022339860223374,0.11047357933264329
809,0.026105983159358397,0.1106434324219412
810,0.02447629708257861,0.10956586611674245
811,0.02493923578013039,0.10751922548116001
812,0.02468083419327466,0.10855097263902053
813,0.028967729787219246,0.1147663009383326
814,0.029194679778983008,0.11388826007980452
815,0.030430928985558967,0.11678928286210637
816,0.03172606407846295,0.1163473412170446
817,0.03153160720501306,0.10739524819348988
818,0.024975543115405167,0.11230765525858503
819,0.022700896299203986,0.11364655047281642
820,0.025107674042946136,0.111014561134771
821,0.02748904805981888,0.10908658757693786
822,0.02808153010764212,0.11450871657159992
823,0.025305051965720998,0.11306282834973849
824,0.02483527460750544,0.11542400695327529
825,0.023379330517454718,0.1130662959321101
826,0.027585740863058553,0.10771787345857549
827,0.021133932946894154,0.11376637446327616
828,0.02156725949929945,0.10524968078411312
829,0.02400256872598855,0.10850121379645546
830,0.027003544306605117,0.11205374365462396
831,0.03681971345963718,0.10955562928042616
832,0.029254255336035723,0.11067646599951245
833,0.028792996592116805,0.1142129191479886
834,0.02707730690544506,0.11063165759158912
835,0.0246903112497907,0.1088228397127381
836,0.0230126919564586,0.10997928516533141
837,0.02514647658469167,0.11573940956204158
838,0.03144597406235506,0.11009588206471656
839,0.030519800553531765,0.11389884089392827
840,0.02821312059865058,0.10980627181610667
841,0.02624766577808362,0.10855277924609363
842,0.024799119880270656,0.11248446048650526
843,0.027074558449522505,0.10989409645921305
844,0.027061252532608854,0.1140905059220498
845,0.02431851955798437,0.10698177215449493
846,0.024008551753073367,0.10570742886392097
847,0.025371876949409268,0.10382969427228272
848,0.018268511941035587,0.10589012731436201
849,0.01943852922310994,0.1084723201834767
850,0.01952219026971538,0.11293181694838636
851,0.021500798352297,0.10638927188433502
852,0.02505461463950715,0.10826114107642257
853,0.019171969906526542,0.1083153584099055
854,0.022807292183333973,0.10741069393797327
855,0.021063882260108895,0.10911531249682109
856,0.020989506968162343,0.10807278399404727
857,0.020877848490604065,0.1115253899143752
858,0.020411843551123666,0.10538856001724874
859,0.020140652866952075,0.1108473997964596
860,0.02593756451874784,0.11052163845315613
861,0.026268675501616497,0.10771370583907106
862,0.025868448071509786,0.10723171181472621
863,0.023547714751846385,0.11256097822933268
864,0.021655184386661218,0.11076890757508147
865,0.02723400298295156,0.11457351496195733
866,0.024646557551228774,0.10717690095566866
867,0.021040140645309065,0.10795897887762926
868,0.025310298603660655,0.10873469734625112
869,0.02269903060821992,0.10607623803735078
870,0.02282240943479463,0.10889342632658201
871,0.027217085115939565,0.11017663941198125
872,0.02677527902964151,0.10815895647557457
873,0.025881684543389193,0.1074620157218816
874,0.025636003077405056,0.11510173688855088
875,0.02326405185432929,0.10989666789919511
876,0.02479288752817508,0.11378657946685203
877,0.03322677773499639,0.11454725612823229
878,0.024394896244571643,0.10935086021223164
879,0.027097479352411233,0.10961991455172536
880,0.022619002387396194,0.11207661807611771
881,0.024933234114879334,0.10915211121315944
882,0.02263337405363344,0.11201084246462151
883,0.02426505116921551,0.11430577866565016
884,0.024313168459624616,0.10919853591157082
885,0.02769275186524826,0.10892566082471594
886,0.027717074203603673,0.11085779752050128
887,0.02617746535337196,0.11038508286751003
888,0.02501202017396876,0.10932689849147223
889,0.026027707465039858,0.12270387465643105
890,0.027007637861764657,0.11378546992788338
891,0.027099659104111058,0.1169725305454474
892,0.024952692266717647,0.11563234231002946
893,0.02057672548547106,0.10885605173078097
894,0.028312282297033933,0.11572932915057156
895,0.0280513086783811,0.11193601081245824
896,0.027851044885673613,0.10846599783365589
897,0.02173842246052604,0.10656758519192985
898,0.020726575522021676,0.11326117214179576
899,0.023698380099808646,0.10998139433320005
900,0.025243918593012313,0.11190745904854964
901,0.02155478132314652,0.1144197634176204
902,0.021919676284276466,0.1067822841101123
903,0.019922388436378172,0.11325155075331379
904,0.022269616981253685,0.10752988662710763
905,0.023609885371893458,0.11777600151180923
906,0.021221391352936155,0.11030060674687077
907,0.021505465074998776,0.11004769841307088
908,0.02287046674568698,0.10713579627057365
909,0.022096984299286356,0.110648941967571
910,0.024741523904995347,0.11407294053406943
911,0.025114317360164236,0.10776762789428085
912,0.0278198491641373,0.11168954362695976
913,0.023664946626848395,0.11042691122992594
914,0.023268842905666092,0.11582408059285697
915,0.02364687664938048,0.11345178740365165
916,0.022146540020340645,0.10580900884735256
917,0.018889966403257172,0.10745055297562353
918,0.021681806107736984,0.11031314351579599
919,0.01985387976205199,0.107512821921878
920,0.019425155723807198,0.10778700689175971
921,0.022373537901999814,0.10945943627217061
922,0.025635206146435167,0.10902289499092221
923,0.022151123580036673,0.10848732393487055
924,0.023161714345966495,0.11188309221414097
925,0.02304395980570676,0.11136567768148312
926,0.023185061665732157,0.10908860519042887
927,0.02010655255531365,0.11090774593272604
928,0.02390701707991414,0.11078282654808279
929,0.032029231213642366,0.11117666851458394
930,0.023550784437911317,0.10831187829786076
931,0.026785338461492798,0.10935171015728685
932,0.02524963159512424,0.10867285306441754
933,0.02331300195798559,0.10619791145238064
934,0.02146170438273148,0.11140124636111702
935,0.022398190279989124,0.11102773953126487
936,0.020266614280313067,0.11080709835491084
937,0.024528971890795906,0.10895764426255883
938,0.023366722167006828,0.10997482872845833
939,0.02573799565668751,0.11542341307291112
940,0.030560077642494778,0.10797265648169625
941,0.026907246454425576,0.10961473413876124
942,0.024415033383283224,0.11081434907695106
943,0.024087403813060723,0.10953860875583232
944,0.021409312368563888,0.10872871774181089
945,0.017966493981767376,0.10524136955875502
946,0.01616826038456188,0.10837462146703462
947,0.01842137981417044,0.11061856314950719
948,0.020477105916108726,0.10873410469831381
949,0.020095783315083517,0.1103268162835212
950,0.021894186571146706,0.11013361195424445
951,0.022681712752805568,0.11103970264283039
952,0.021633587449601612,0.11188650385180213
953,0.023219737077846466,0.10982320508114378
954,0.023732019318912015,0.10977713184846673
955,0.028967458801636904,0.11720067077785506
956,0.031449999121375055,0.11505185287996642
957,0.02733584261446629,0.11302667746044938
958,0.026425899469158933,0.11420123336981412
959,0.02869415027821589,0.10817833769515642
960,0.022710279215994122,0.11476089439371176
961,0.024774149645986798,0.11394886409205601
962,0.02383048579377948,0.1078909305776271
963,0.02225022629465697,0.11063019839818017
964,0.024389909627208918,0.11196347882499671
965,0.019887323813430918,0.11044168670225263
966,0.019874491828417627,0.10804481948154014
967,0.02285500960248821,0.11445611381067668
968,0.02641394429799146,0.1152174901544002
969,0.02493383895910386,0.11108362603755224
970,0.024867908490247698,0.10748872849950217
971,0.01982400011060373,0.1059509849637971
972,0.01820781371269211,0.10772315758212767
973,0.020633556792196237,0.10945280893404681
974,0.020839807091269102,0.10613649140548587
975,0.01612135220857911,0.10665020845214226
976,0.018351495189814823,0.10779729980349839
977,0.01681780511712503,0.10794974904610101
978,0.01705850989985391,0.11300078163245567
979,0.023569436439271993,0.11035829952411484
980,0.02628923110289019,0.11098937421364892
981,0.023885368375377084,0.11331493803358317
982,0.023274443223603867,0.11153758664552431
983,0.021793797495042753,0.11105535480014064
984,0.02491256320532763,0.11182931409145058
985,0.026160105980885855,0.10916399160273989
986,0.024643359940100765,0.11456489518172759
987,0.02119253472712055,0.10476276958197878
988,0.01659220331729208,0.10894260023321424
989,0.019629974047061783,0.10968980181934242
990,0.02135752392171314,0.10839734026662688
991,0.020109478372541612,0.112423331460409
992,0.02241661085647607,0.10859206931334092
993,0.02168428487841438,0.11128013827522895
994,0.02559831995024996,0.11398265195221531
995,0.02277520346988297,0.10847601501789308
996,0.020103529880537926,0.10882207758743363
997,0.019068043456418708,0.11469141554488872
998,0.019013038654840966,0.10623013218841457
999,0.01938753430409439,0.11109479589569837
1000,0.01965199832646352,0.10983169528849442
1001,0.022683114996589954,0.10946001009758852
1002,0.020669180073968646,0.10855850521335028
1003,0.02039164790895375,0.11209004973633248
1004,0.018380198803431582,0.11248594679330524
1005,0.023263696159394283,0.11407341514912464
1006,0.02412657970386856,0.10556492325207942
1007,0.02057108960155421,0.1112217344437028
1008,0.019882026403767506,0.10599799648412786
1009,0.022268830195256748,0.11228669826921664
1010,0.023087517996816517,0.10840862212623271
1011,0.02047460766380313,0.11037292038288929
1012,0.020195259132756375,0.11197435674736075
1013,0.018551365630525462,0.11055879821454671
1014,0.02183939716866556,0.10825706407763905
1015,0.02033222401104633,0.10620957489748646
1016,0.0165324182770912,0.11039536451934871
1017,0.014749573754533282,0.10686993750190377
1018,0.01912416271724791,0.11065492203883957
1019,0.023670875309210904,0.10971512768725704
1020,0.020275234098329483,0.10844621555249494
1021,0.027197901112665922,0.11597763199854016
1022,0.02149766650777193,0.10973219799442697
1023,0.0157373078144009,0.10852950990648198
1024,0.016651465457940252,0.11032465061074809
1025,0.0215938713448415,0.11550473924119371
1026,0.020007490795457137,0.107576355114019
1027,0.01940989210826796,0.11441600813826822
1028,0.019540101816912868,0.10553839253751855
1029,0.018859194954798656,0.10773309090531859
1030,0.01802416723338688,0.10838340857722108
1031,0.022530868497190985,0.11098723895941164
1032,0.022000658237990342,0.11558006485377935
1033,0.024763394826613133,0.1167438856529114
1034,0.025492328681848333,0.1119787543638607
1035,0.01779192033569393,0.11070753693730012
1036,0.021278563722874382,0.11362443701889281
1037,0.020382389402801886,0.10758496656603084
1038,0.01809838871067425,0.11400443201599862
1039,0.020214002122575382,0.11483280933963924
1040,0.026861811068447882,0.11137209485348006
1041,0.0282631885939799,0.11083983099624925
1042,0.026401140076934167,0.10902904758327886
1043,0.018947828127621854,0.10647828770535332
1044,0.01857585071017907,0.11045793768830765
1045,0.018197580527678225,0.10849505485523314
1046,0.01979396161886881,0.11364269331284334
1047,0.018829369437207217,0.111960552259346
1048,0.020787472338796412,0.10974328488783729
1049,0.023831453900667106,0.10972288773770918
1050,0.021413291330045124,0.11227087256379593
1051,0.021934137287192373,0.1090482181699055
1052,0.01636346456530334,0.10605011583494961
1053,0.016139559377476853,0.10854638496735938
1054,0.022634255412802007,0.10830251941630117
1055,0.017889487680118037,0.10923946391146883
1056,0.019419384452531923,0.108865057447351
1057,0.018441354762177047,0.10862535865683305
1058,0.01713042897201559,0.11074394768192655
1059,0.019195263080720632,0.1092320546731913
1060,0.01625526613268837,0.10641420697956755
1061,0.02165465773838871,0.11348827808796612
1062,0.01938045747671862,0.11263339899312284
1063,0.021998647670700866,0.11126143335922618
1064,0.0196662417630542,0.10981272738006778
1065,0.01818608576959034,0.10614880659899915
1066,0.0154874444874765,0.10634523336974003
1067,0.021442182877528592,0.1095752076322871
1068,0.017944468044728604,0.10695445531965199
1069,0.023722466772551055,0.10832171607062333
1070,0.021219291612974502,0.10951491501322366
1071,0.023177446328900144,0.11502810881326073
1072,0.0219842514620637,0.10829861144672957
1073,0.017063997744483018,0.10962941400464017
1074,0.016748485793857456,0.1102609428248011
1075,0.019667614602817678,0.11202695573631086
1076,0.021926470522610646,0.11077105806659636
1077,0.022535065200718695,0.1117175669038206
1078,0.019533681161935976,0.11632046058661956
1079,0.02569570466173145,0.110769499420074
1080,0.02417878566438672,0.11446094552153036
1081,0.018008093343778227,0.11227258556244667
1082,0.016516234772572726,0.10836246359467805
1083,0.017166700214147568,0.10957464850262592
1084,0.015078928450462204,0.10971639426728538
1085,0.01648335156481971,0.10309394239856486
1086,0.016777891735985595,0.10732843364614592
1087,0.01932141368728389,0.10571103533706569
1088,0.018059549279182963,0.11160821983016524
1089,0.019379289035902084,0.11437884034742986
1090,0.023100722768584138,0.11384692009454384
1091,0.020360861161032563,0.10974890936660886
1092,0.01920911266743762,0.10979584959291276
1093,0.0221906803876349,0.11140749534419306
1094,0.019102955178457236,0.1102855294420008
1095,0.01905389372610821,0.11180044170982557
1096,0.017427406127347885,0.10866133056412962
1097,0.01819936403969549,0.11036019467919093
1098,0.017413393928194947,0.1089359576951591
1099,0.016641654437349277,0.10798016087826631
1100,0.02256310428932028,0.11294696666767125
1101,0.01831641355119411,0.10799187927840646
1102,0.01784785013388163,0.11495339502592135
1103,0.02262144403403285,0.11078009347344998
1104,0.020181169381962634,0.10960175840179424
1105,0.01714189536869526,0.10979406023981578
1106,0.014597145219643911,0.10785958732952151
1107,0.014981145929521735,0.10768094953887146
1108,0.017088677523271093,0.10590523843627825
1109,0.01651764302602354,0.10783030703327709
1110,0.0151002501612002,0.10830279846762057
1111,0.014545146862056645,0.1098592774312299
1112,0.017731516885588754,0.11137318745591587
1113,0.02065176280133379,0.11254740052653435
1114,0.018705334116078023,0.10597554463566396
1115,0.018078657019438234,0.10952376912261609
1116,0.01935070928233037,0.108775298790376
1117,0.01680435451134196,0.11048923819360876
1118,0.015079495385757782,0.10624387572731889
1119,0.014470960880459854,0.10818320053412502
1120,0.019242258660448423,0.10936674865938369
1121,0.02495658575738751,0.10901447792623874
1122,0.021348855089185374,0.11024125394665807
1123,0.019394839697945043,0.10926487154903866
1124,0.021298533200093034,0.1108957975542635
1125,0.02273978575267507,0.10799856696810041
1126,0.020087334544122593,0.10487514513925203
1127,0.020667841154261953,0.11205522630148962
1128,0.018828037845076254,0.11114225855895452
1129,0.021018986478916504,0.1059098406356379
1130,0.014066814023228187,0.11028734895220973
1131,0.015876739080878173,0.10872059487235874
1132,0.01633272002562412,0.10690290288518843
1133,0.01420963465370847,0.10880154165857119
1134,0.01711891270564787,0.11167778511692707
1135,0.020525845857161395,0.11131787085368819
1136,0.0183570385447838,0.1078403168789725
1137,0.01802107445755095,0.11020417987628091
1138,0.018336537171084927,0.10713025468184535
1139,0.01910792088499234,0.10737952647875425
1140,0.019416361719182453,0.10901829654486257
1141,0.016550431871470414,0.1094032982200907
1142,0.01635509845947132,0.11079739850191843
1143,0.015428527732783894,0.10760136990618885
1144,0.013088298973234944,0.10579854038947806
1145,0.014506302814954106,0.1051660883508828
1146,0.015937918111822515,0.10680477685274038
1147,0.013732871298426352,0.1123326571102728
1148,0.01640755219279595,0.10840175442752384
1149,0.01987172303569017,0.1082739278039239
1150,0.015739162634097557,0.10724820661589615
1151,0.015068965184988466,0.10456824192501847
1152,0.01454813458002026,0.10781469397751012
1153,0.014861373324532929,0.11053641850040072
1154,0.01583037383666953,0.11017509564794693
1155,0.017061638616540895,0.11265569721771064
1156,0.015956515083148045,0.10876464035203283
1157,0.015427891065442713,0.10798083977741108
1158,0.012615546379121219,0.10794345595708169
1159,0.013508945357921364,0.10671596374726833
1160,0.011612757349257949,0.11058644526509713
1161,0.019950522262157884,0.12065530544086207
1162,0.02460458811442807,0.11128065113286327
1163,0.02009847549335012,0.10871126993855737
1164,0.018779301816749874,0.11033448069017932
1165,0.017362052855907747,0.11245597882154293
1166,0.01982956066868215,0.11130294825573613
1167,0.022307888915141422,0.11436818949037925
1168,0.02078414168325985,0.11103985680822741
1169,0.01856967086359015,0.10926145147112079
1170,0.018433384773022723,0.11000997222082358
1171,0.016190392615379027,0.11014764698077563
1172,0.017730759210743994,0.11195180243940879
1173,0.019457540609551675,0.11127644202165436
1174,0.016782435149235546,0.10823682544374824
1175,0.013340824008362848,0.10933720494123329
1176,0.012231770047695382,0.10630946475685689
1177,0.011782852581368302,0.1050523296372036
1178,0.01436458078195464,0.10751348029924813
1179,0.017924200309991086,0.10875944225561052
1180,0.014457057482041654,0.1058568203060848
1181,0.012067993335519571,0.10810867252579906
1182,0.013231640869060403,0.10976497433089971
1183,0.015688491680618352,0.11145085990802388
1184,0.017322725780401966,0.11093906933128983
1185,0.015461613090251977,0.10959303926181674
1186,0.015392083809388883,0.10779605886168349
1187,0.012223284902437678,0.10565002751828435
1188,0.020392432668299047,0.10950124073297457
1189,0.013622100740296286,0.10754563681837312
1190,0.01265062447988762,0.10779259865519994
1191,0.014198017886505937,0.1049061407869621
1192,0.0126593707000497,0.10699454153465447
1193,0.014542647385559741,0.10811473944581541
1194,0.01758153897669143,0.10822873006114983
1195,0.018768030962666625,0.11277879711081808
1196,0.016212213971892243,0.11074571606509369
1197,0.01723354826417734,0.11321669374417542
1198,0.016896023010870197,0.10971496089882121
1199,0.013328903782292732,0.10959137712878392
1200,0.01205684140957189,0.11229876961026873
1201,0.01657295683340269,0.10783168772482932
1202,0.014087443263416394,0.10541625877370811
1203,0.014148338738852326,0.10603153929674536
1204,0.016607904537293897,0.10939206664723561
1205,0.017552205355568503,0.10930003634745017
1206,0.015861096376049443,0.10925012763430898
1207,0.014182385642948391,0.10793648066377282
1208,0.01574881359606794,0.11076357266060392
1209,0.014157955159884205,0.10658603428599231
1210,0.012383227324429548,0.10850283370953157
1211,0.012477699760933342,0.10570859014614482
1212,0.01358778373508146,0.10715110982793913
1213,0.0131600858737369,0.10741456200305681
1214,0.014661492358119983,0.11153170554186766
1215,0.013207631519521182,0.10652176948044832
1216,0.01568842754236557,0.10780456449304308
1217,0.014416245942783056,0.10555171996429749
1218,0.014125131334195722,0.11068431353359892
1219,0.016155708346914197,0.11218309744184178
1220,0.01655564277356713,0.10866725132952358
1221,0.0157949575838053,0.10467680168331117
1222,0.015796486499174586,0.11474611615776119
1223,0.018691256782918605,0.10943418334151868
1224,0.01695810546571354,0.10963619580693114
1225,0.016730402209708152,0.10817681641357585
1226,0.012247895985935469,0.10833950813178132
1227,0.01419139813350619,0.1098627638361209
1228,0.0137113084981464,0.1064792457678563
1229,0.013994537586779715,0.11030321041668269
1230,0.015243932651648731,0.10835550312783784
1231,0.014002720450502147,0.10836660187868845
1232,0.013897914867028125,0.10854512208461164
1233,0.013904760943128253,0.10738763511927803
1234,0.013535554022908961,0.1089644575664274
1235,0.013398323582965622,0.11418588855362177
1236,0.013797792693916356,0.1130439733951014
1237,0.018229118460473023,0.11395119270659927
1238,0.018714796494013107,0.11070022900077633
1239,0.016372733567870636,0.11055768434341091
1240,0.018491315813559405,0.11015529977274419
1241,0.014034212432192557,0.10642315490278684
1242,0.012249010029313324,0.10697545581742336
1243,0.010684570877478932,0.10733540860333837
1244,0.01380826655845597,0.10774482534568113
1245,0.012476659584907616,0.1093102070061784
1246,0.011764737724695565,0.1080014832448541
1247,0.011978534770742903,0.10686783124704409
1248,0.01159055130966242,0.10902688039798186
1249,0.01235110888480203,0.10826115450240616
1250,0.012820245774240239,0.10855711863976075
1251,0.019000520601681194,0.1108329536808762
1252,0.019864901244265477,0.10963107964822225
1253,0.017079237215923814,0.11238799208686465
1254,0.017511084734362626,0.10749239973107674
1255,0.013626567017779036,0.11101714433882769
1256,0.01306284986342649,0.10834525871022901
1257,0.01864951659204825,0.11260160557309487
1258,0.01579995325081191,0.10873079004891235
1259,0.01600985687647788,0.1092559137477313
1260,0.013141694472833249,0.10549552307317131
1261,0.01382333709735353,0.10648372132601894
1262,0.011989533444339374,0.10717432413782392
1263,0.012318628547279714,0.11050147228969966
1264,0.014609371347106853,0.10919106282984703
1265,0.0131304477042747,0.10867536116512795
1266,0.012205739212720274,0.10772754838293358
1267,0.012740567994286429,0.10771176099478451
1268,0.012844097753693847,0.10654743523675397
1269,0.011655846060072101,0.10638797361599772
1270,0.013568408353804792,0.1060888034695372
1271,0.0106856870002248,0.1051600308047799
1272,0.01194374451308318,0.10599979444553978
1273,0.013514063227335987,0.10570733127812096
1274,0.012069223319771904,0.11022424886474633
1275,0.017537873285184115,0.1100143288684668
1276,0.013687994172972328,0.10581984873254198
1277,0.011227148298010137,0.10787012020970944
1278,0.011170778113106886,0.1086205668317943
1279,0.013688934474902333,0.10956952054249613
1280,0.013519027914687898,0.10701295589668709
1281,0.012357290904476957,0.10685166249747265
1282,0.013468322513988183,0.10744340252831466
1283,0.014842417583150684,0.11112950577921138
1284,0.016623131169369386,0.10607442666862842
1285,0.014357911715717436,0.10782154031415332
1286,0.013068768799117525,0.11043505333270644
1287,0.016481363407845766,0.11077107993283666
1288,0.01678408378348598,0.11559873666231495
1289,0.01799372865367423,0.10951627572452215
1290,0.017413668094331737,0.10794891693388908
1291,0.013998610371688628,0.11135258787033851
1292,0.015508524183207337,0.11225996700519308
1293,0.013980443729966317,0.10838668970834642
1294,0.015136951440066661,0.10973603050586275
1295,0.013598375467571823,0.10625209857273221
1296,0.012461874528594737,0.11040801299096349
1297,0.012947050128249253,0.11082867062405537
1298,0.013733135917042411,0.11090601549336784
1299,0.017007698720824794,0.10711474978087242
1300,0.015711811845594982,0.1083803380977241
1301,0.019064739487081202,0.11061399375884455
1302,0.013629644710875157,0.10845610273437094
1303,0.011974271978456644,0.10806653269550257
1304,0.016210293245015654,0.11276629673583168
1305,0.016660657658610703,0.10948012582490917
1306,0.01554621565126398,0.1109825723564117
1307,0.017518237772040396,0.11209346055237572
1308,0.014781943317385589,0.10733911955266967
1309,0.012681936060295164,0.11016828902906045
1310,0.01152379728221106,0.11108880510605068
1311,0.011395888918507024,0.10503059147593372
1312,0.012074073565737257,0.11106449563551068
1313,0.012465404147434534,0.10569442112120171
1314,0.014405516105112415,0.10823002242877669
1315,0.012094637906213975,0.10767907277683268
1316,0.012833880096580248,0.10754800451578651
1317,0.013736892339287314,0.10749025863214842
1318,0.01486685870906467,0.1051573428257665
1319,0.013014834672915485,0.104935062222911
1320,0.010815257247560803,0.10588915196053665
1321,0.013585964651227748,0.10771088649455766
1322,0.011278349343898162,0.10461816878844622
1323,0.010842610970608093,0.1058442436139984
1324,0.010162127508822852,0.10862197366573458
1325,0.01092166293693601,0.10592317551299743
1326,0.01486978716211124,0.11267149812520895
1327,0.014134309916470036,0.11033285851765395
1328,0.014255963851633312,0.10634402762678333
1329,0.015507809677213992,0.10749743910585728
1330,0.014427841459430239,0.11025390492047284
1331,0.01117249079774948,0.10353957542351314
1332,0.010812510232552417,0.10728631609289867
1333,0.009933804296566255,0.10784785386016195
1334,0.010173221230038307,0.10751007999617952
1335,0.010929130761644,0.1074276415253044
1336,0.010181258198272132,0.1090795533325439
1337,0.010673697106540203,0.1104072754955232
1338,0.009524264741899833,0.10618389115895245
1339,0.013916025207664981,0.10860106001671095
1340,0.012980301723868217,0.10577984645327829
1341,0.011736416416066998,0.11232246581773113
1342,0.01222560418265983,0.10912700910541348
1343,0.012401264219445252,0.10663905642683942
1344,0.011715780340322534,0.1097457387057462
1345,0.012047907407834844,0.10672439664676972
1346,0.010695550438461814,0.10646032258158639
1347,0.012369240915297338,0.10572998524459083
1348,0.009650426369113554,0.1058353237565
1349,0.009344960656602803,0.10668752975481793
1350,0.00894880400232549,0.10958995220057648
1351,0.013527930854766999,0.10727442128765852
1352,0.014197355417429277,0.11042903802523338
1353,0.013841893635221623,0.10691619774602111
1354,0.01103976613156638,0.10676836831154381
1355,0.014284028818116247,0.10964568571787431
1356,0.013077993432071599,0.10993097080174544
1357,0.013645534374335277,0.10955876860776939
1358,0.011455986115776893,0.10595444963315974
1359,0.011112016297689398,0.105262174828907
1360,0.01290173572048826,0.10628748873720192
1361,0.010037842235943806,0.1072034264790982
1362,0.01063520700301764,0.10776973385037038
1363,0.014635623631846605,0.10564940077320376
1364,0.011226239596616547,0.10522275823250152
1365,0.012478644180597749,0.10704880738094039
1366,0.011090699600864132,0.106996115493147
1367,0.010982360995415621,0.10895475509919618
1368,0.00923379555742883,0.11006765948949303
1369,0.010590328547939565,0.10676210580911852
1370,0.009700279999172912,0.10508006773795699
1371,0.011523625415123109,0.10781612157597578
1372,0.015062638072285263,0.11152010440901108
1373,0.012946542949890191,0.10654390504336297
1374,0.01188445831033981,0.10709531694874727
1375,0.010393295483956547,0.1072038801428967
1376,0.012236675206548388,0.11072831361888345
1377,0.009936761995484619,0.10656641354611643
1378,0.010385562408036031,0.10719559444371321
1379,0.012648806942380825,0.1087857868923878
1380,0.01021173793775668,0.10817074404100428
1381,0.011054761578920502,0.10852883896209244
1382,0.009826666306493417,0.10561682776849073
1383,0.010958445363871331,0.10755440025102525
1384,0.009934446012964414,0.10865724344450728
1385,0.009906134017561592,0.10619752002613884
1386,0.01097293099119041,0.10575277037115623
1387,0.010630364477072121,0.10841289735901027
1388,0.013955971460391141,0.11161537744795769
1389,0.01456027920797186,0.10926839001570131
1390,0.016813521402296406,0.10830772884731603
1391,0.015034360301522713,0.10814289619824044
1392,0.011847356445618771,0.10712077716986339
1393,0.00987358929577676,0.1070898063200757
1394,0.009206180794621413,0.10642264324023311
1395,0.01106335109088031,0.10814891641674783
1396,0.01302827627591367,0.11068687279869739
1397,0.013260943030223906,0.10665994370939738
1398,0.014120611567167367,0.10704370983934641
1399,0.011466934187513477,0.10839844509996567
1400,0.011594955358396537,0.10649145911809496
1401,0.013172638151536948,0.10861040573371084
1402,0.01191677315359783,0.10771410725543971
1403,0.011375612878012207,0.10583903573285368
1404,0.01195754212145723,0.11218197290834628
1405,0.013540444116594282,0.11219839985134608
1406,0.017154360834345128,0.11436219694545693
1407,0.014426323503208984,0.10947548387044653
1408,0.011963793568594276,0.10781899557675335
1409,0.010307388538318986,0.10756355589419081
1410,0.009420328978566254,0.1076665563242776
1411,0.009308571845246185,0.10591451330740649
1412,0.010326273446469187,0.10806773728072494
1413,0.010858622578751741,0.11012494651820127
1414,0.009534323008133555,0.1083511158002349
1415,0.011050272926266463,0.10770522078550548
1416,0.012309497099299476,0.10854619498689073
1417,0.010839292012248774,0.1084840681992079
1418,0.011533383092602843,0.10765793658139412
1419,0.012126625322227209,0.10501159230868022
1420,0.010495401801740599,0.107046206007924
1421,0.011305932681890403,0.10577423465356492
1422,0.009635013153296223,0.1088619990306988
1423,0.008986777139815895,0.10560805053639233
1424,0.009317529780216187,0.10757877896154734
1425,0.00922823825605073,0.10630798844018377
1426,0.009573370183132729,0.10588712159329489
1427,0.008041451187253749,0.10660501997124282
1428,0.007654084455011026,0.108575452464565
1429,0.007848822904176682,0.10703703236385695
1430,0.009149476259056502,0.10669750279576558
1431,0.009251299858936723,0.10759705142643218
1432,0.008819364023002438,0.1068717639771918
1433,0.008580584653049894,0.10713256113137816
1434,0.010430398649014768,0.1072328467304844
1435,0.011006182645383122,0.10819238689459655
1436,0.012768062323612987,0.11016960611991715
1437,0.009330782945613441,0.10596787382412076
1438,0.010573578711435105,0.10782341737496226
1439,0.011298671429215363,0.1089116908180385
1440,0.012160949092709794,0.10972469486763005
1441,0.009891684085083832,0.10729220858716726
1442,0.011387846397481999,0.10909784579635563
1443,0.010673464533621035,0.10891681097279814
1444,0.011150785956133462,0.10723188476529635
1445,0.010413682012110011,0.10534642526604478
1446,0.010314584639415427,0.10912883933400151
1447,0.009774504276285382,0.10827461745879405
1448,0.008580490589469858,0.1076949608318489
1449,0.007535548892411046,0.10817526484417138
1450,0.009925623579571644,0.10900547508533139
1451,0.009642465438389178,0.10843273523009211
1452,0.01020099117813058,0.10889287025931485
1453,0.010467107519038819,0.10775101980320494
1454,0.01224109280924752,0.11048340974819093
1455,0.011923295621461463,0.10911907914811209
1456,0.010218203296217154,0.10569058119653162
1457,0.009444523989310805,0.10798776947092592
1458,0.01124529434520306,0.10578993997328862
1459,0.010935191047500889,0.11148379660937421
1460,0.011370191491156255,0.10717354248042095
1461,0.0110605139191608,0.10744989758595488
1462,0.008002113714907904,0.1079474507567279
1463,0.009200831605765805,0.10998514974326418
1464,0.01313685249748095,0.10771500700174418
1465,0.01076761921926302,0.10602696083093945
1466,0.009339034715491646,0.1099785463440986
1467,0.009464101748740149,0.1081990039251502
1468,0.010032664205433812,0.1062637610655082
1469,0.009607111519706325,0.10903531213974893
1470,0.01333426978181368,0.11076891887232773
1471,0.011467241746543339,0.11028224629417696
1472,0.012721494267805942,0.11163321092612762
1473,0.009126258229122221,0.10909073215379451
1474,0.008799117609108769,0.10860975940051235
1475,0.010451153857902911,0.10841184882517148
1476,0.010369061972688205,0.10925075561181645
1477,0.010021989204504955,0.1096637592765323
1478,0.009959686330794913,0.10909010531534825
1479,0.010046736659400118,0.10818723824463393
1480,0.0101535000176456,0.10529356369547975
1481,0.013401577840764192,0.11095764101447916
1482,0.013717804830404197,0.10853844401158187
1483,0.012934536134250134,0.10599160648154136
1484,0.010087929496178462,0.1074313774966357
1485,0.010090471649507307,0.10619302544005234
1486,0.009608431648955031,0.11101911379430528
1487,0.009398744611432717,0.10665900028663172
1488,0.009532392821596854,0.10778480389139108
1489,0.00830678272781507,0.1083530060069304
1490,0.011040572270329268,0.10641273557392876
1491,0.009877807595444925,0.1084639676718186
1492,0.010168367539936642,0.10710894279088591
1493,0.007433301142457896,0.10482221225598701
1494,0.009270816435158815,0.11041872347133201
1495,0.011038963507228303,0.10812511052329439
1496,0.01010581493119961,0.11008506124479729
1497,0.009071275082258683,0.11128515229189306
1498,0.011565149392721788,0.11056890812956899
1499,0.009508901152689502,0.10905925423504416
1500,0.011148894299407425,0.10981090422859766
1501,0.016817002393211582,0.114408682070131
1502,0.016694033811302304,0.1119945048912426
1503,0.011549518098058941,0.11263202965483629
1504,0.01237306221382423,0.11309548995847392
1505,0.011643010507917629,0.10692353167554788
1506,0.010349681144053081,0.10977547064909063
1507,0.010345854521172601,0.10856571562009348
1508,0.011101639817861267,0.1070009844755768
1509,0.011575463286501431,0.10868600107972186
1510,0.010239068143444616,0.10872741870787508
1511,0.009933387280775691,0.10617533079663613
1512,0.00836010974298858,0.10674427473978292
1513,0.007764986045541441,0.10859137986387525
1514,0.008247402965225888,0.10820630999436055
1515,0.011416420481115018,0.10855977084104877
1516,0.012082569699429866,0.11154449837548393
1517,0.012797022572244113,0.11203345531284958
1518,0.013976209135081782,0.1095047839415402
1519,0.01249508704966719,0.10623138440880261
1520,0.00886490512873579,0.10688377769295136
1521,0.008681564527393886,0.10696441329138022
1522,0.010734696415657143,0.10579438283479303
1523,0.008701260667294264,0.10977002610464144
1524,0.010594593800323189,0.10584358598355363
1525,0.012470993002490053,0.10820131248474718
1526,0.007508305809314146,0.10685448004936515
1527,0.008261320725926813,0.10995870382340629
1528,0.009341556772167952,0.10821335482642166
1529,0.014800535602811372,0.10857184010938295
1530,0.01202648178726997,0.10862535441803155
1531,0.009930138247755339,0.10846418575535442
1532,0.00861492615966302,0.1085908012207887
1533,0.011008845958507285,0.10830063484889224
1534,0.01482194500430575,0.10829050267549385
1535,0.007966417110519214,0.11013942949455184
1536,0.00892261515881093,0.10940638261107274
1537,0.00988524456936046,0.10725587021960949
1538,0.00805049681298013,0.10558154712195385
1539,0.008836842540346976,0.10959080558148841
1540,0.008319232334622985,0.10904306576664287
1541,0.010745984285413844,0.11019588902331236
1542,0.010036523512465024,0.11218011302682093
1543,0.010802136493975637,0.10926783372435653
1544,0.009697845114875326,0.11210264945239351
1545,0.007386149285044873,0.10735030660877251
1546,0.007996093013189124,0.10755285562802676
1547,0.008295566792476852,0.10788434620638539
1548,0.007490183314624822,0.10667118827875395
1549,0.007840966287438036,0.10698253265523672
1550,0.0075417139549862665,0.10712056418409324
1551,0.0065181173981641825,0.10459493970811218
1552,0.010872282896120593,0.10701325614201396
1553,0.00873006330275873,0.10908038673320211
1554,0.008059015292557155,0.10573513090685197
1555,0.007415935567011998,0.10634034319330278
1556,0.007900563800859751,0.10719505932770278
1557,0.00639300822696221,0.10913399211072683
1558,0.006794055010069092,0.10459707701639424
1559,0.006818516338068359,0.10647720154514886
1560,0.008125756234633472,0.10674695170164705
1561,0.007657733807375409,0.10610421524758924
1562,0.006114278770631777,0.10558909357042241
1563,0.005885031498945171,0.10477037470143541
1564,0.005316270005731088,0.1068751513771246
1565,0.007923994933799753,0.1082158306226097
1566,0.007815050801742563,0.10742575742472384
1567,0.009577658648292223,0.10723910245456193
1568,0.00817865808055086,0.10654104024844062
1569,0.007547620745410897,0.10837944046148382
1570,0.00700267711537158,0.10489918536186815
1571,0.006107824705189692,0.10625647811363813
1572,0.006126123495142227,0.10735210660555608
1573,0.006427570044080603,0.10804121411011033
1574,0.006162296075655042,0.10799459123372435
1575,0.007603377159450602,0.10719521705966845
1576,0.0059843583372216555,0.10748250657379776
1577,0.006309301718343167,0.1078344334038278
1578,0.0071958027422756145,0.10765969572135978
1579,0.006910218959732813,0.10634309311110274
1580,0.0068339385156689575,0.10685775886502183
1581,0.006954395730610726,0.1097471580506865
1582,0.007000041487128855,0.10705191556149557
1583,0.009466005445299845,0.10864335742958806
1584,0.007170524957747954,0.1074725568555949
1585,0.01229415848007742,0.10920266807079315
1586,0.01356267697125111,0.11034902004072242
1587,0.010805341883697224,0.11073492639196247
1588,0.009000693608965701,0.11219320909346554
1589,0.009036794656290198,0.10606003345403456
1590,0.007694704393686363,0.10940425402314442
1591,0.00842580960700347,0.10563022576104429
1592,0.008133236034744003,0.11037877635250713
1593,0.008157043706086822,0.10622037450472514
1594,0.007814227114285126,0.10721499909807865
1595,0.008237810471569592,0.10908383078742445
1596,0.007390354654558425,0.10593027223769884
1597,0.006329290270102474,0.10955264240055156
1598,0.00545897005043877,0.1059883351724847
1599,0.006060154112817356,0.10535029338714771
1600,0.0072228337649794866,0.10670324200227446
1601,0.00970159786747499,0.10809877253415291
1602,0.008465810447532989,0.10909057044445124
1603,0.008009256461178357,0.10944235093312754
1604,0.007027996050885076,0.10826843427984338
1605,0.00841825461870282,0.10771487462789492
1606,0.007578354645169007,0.10923887021783599
1607,0.007577412258013614,0.10804303481539987
1608,0.007292957408295112,0.10911341715501365
1609,0.00614264789593857,0.10944424496781557
1610,0.007671259138616001,0.11149727950866957
1611,0.008807233859837617,0.1083213425145711
1612,0.008271101305741558,0.10919436483753654
1613,0.010964577396710714,0.10704839694544785
1614,0.00952981377266488,0.11247208120679497
1615,0.009701509971710496,0.10981857067062742
1616,0.008375984786441491,0.10841091890308194
1617,0.01280960092707625,0.10930742017159187
1618,0.008688437342409443,0.11250736256291095
1619,0.0078005445652506635,0.10855052851719366
1620,0.009385357417587965,0.11050695683200258
1621,0.010398537482855455,0.10778890647236865
1622,0.008536492858035196,0.10601869012628283
1623,0.007178738101168811,0.10678419638845257
1624,0.008169318039743405,0.1087242806689781
1625,0.007614299584672136,0.10746970404882479
1626,0.006214011024168265,0.10728104184743456
1627,0.006174177575692441,0.10773199680903203
1628,0.006053972263006294,0.10803328079164476
1629,0.007633180978397529,0.1112550595649203
1630,0.006937525609988462,0.10912648711661647
1631,0.005947565144431666,0.11080004119858108
1632,0.0064992374570677115,0.10780225466367296
1633,0.008058605012747477,0.10689830242243029
1634,0.009507310544521367,0.10883555101944987
1635,0.006342838934195117,0.10729769632257614
1636,0.00628159350112268,0.1064552630024745
1637,0.007367130043863688,0.11043358457865272
1638,0.007807246740298264,0.10864056813014779
1639,0.008888681943428779,0.10772092046594262
1640,0.007362298128552407,0.10866793353381313
1641,0.0074967736079586,0.1084315540049608
1642,0.007643425845945219,0.10839283014449261
1643,0.007003620855580523,0.10843353746528912
1644,0.0065563403936864445,0.10612266383747708
1645,0.005996995746105347,0.10750878996269446
1646,0.005853635039321094,0.10788715776420177
1647,0.006312508121390575,0.11087051680064142
1648,0.005949593781722042,0.1087821809234177
1649,0.006834846730900448,0.10830693607939813
1650,0.005688275380423234,0.11090378123417236
1651,0.006603056061192878,0.10885459707494367
1652,0.005860358142768437,0.10665738403348994
1653,0.007293833208815107,0.1092138324950572
1654,0.007538619585944421,0.11220060150724903
1655,0.0073687719860635464,0.10718893513718344
1656,0.009628130866905803,0.11102554476574848
1657,0.011740020066265415,0.11067297671895876
1658,0.00795857798683006,0.11003451336894118
1659,0.008282144791183044,0.1089742938826855
1660,0.006673574778573506,0.10675760296950663
1661,0.008269030466066592,0.1080744596837756
1662,0.0075465749140899135,0.10820357540720388
1663,0.006034530019797619,0.10659252004441164
1664,0.007103415159215717,0.10751692186994362
1665,0.009602456839766892,0.10752707045702707
1666,0.010102396965636022,0.11097221276291032
1667,0.008297961199386689,0.10711412223284705
1668,0.007093201903919192,0.11018413551767967
1669,0.008457122148020463,0.10954219246642631
1670,0.006896839081749039,0.10845277622752919
1671,0.006211171023336784,0.10782189633613243
1672,0.005652780893534047,0.10807057628804878
1673,0.005623749758954505,0.107020227289887
1674,0.005728189127648589,0.10945668237699303
1675,0.005376899450923661,0.106867297848962
1676,0.0054895283783194405,0.10554019800553047
1677,0.00545919620953266,0.10841660881251619
1678,0.0067127020238845975,0.10848868412332129
1679,0.006380162234037365,0.108769915437788
1680,0.00638641496101078,0.10814003702393152
1681,0.00607376208868604,0.10944379212563499
1682,0.006203387424630939,0.1063021674266734
1683,0.005762006264507958,0.10896776028369602
1684,0.005814069741458263,0.10692228642023895
1685,0.0054090914591772,0.10890762239022363
1686,0.005468151599473361,0.10820548888062474
1687,0.005140699077186719,0.10660472853963536
1688,0.005550159158993442,0.10843686109646819
1689,0.006624668517366708,0.10795968378845014
1690,0.005800519677453071,0.10967926341190673
1691,0.005707041044139637,0.1074296798473014
1692,0.006240209503064178,0.10714830099640035
1693,0.00589365903991011,0.1069336951451194
1694,0.005571998474217436,0.10737133423860808
1695,0.006401017425382662,0.10688579543715432
1696,0.0089596538781042,0.10713779226057511
1697,0.007883909858364917,0.10852732632617305
1698,0.00767719715177638,0.10682234397732225
1699,0.006563717317796728,0.10782926496034279
1700,0.006386506634781945,0.10817881856571164
1701,0.007126240109521075,0.10744272209797288
1702,0.0059586662810834695,0.10691560638653007
1703,0.007521254350226255,0.11024844612842216
1704,0.006370285783642493,0.10884896942173927
1705,0.006109185059959034,0.1080026512307332
1706,0.0058987698306874285,0.10891499123851159
1707,0.009007819049622653,0.11179399184117042
1708,0.008222216787109585,0.10743356641746105
1709,0.007262425415171018,0.10755616943713717
1710,0.0066709901182765855,0.10915410499973106
1711,0.007751065414726922,0.10959276303014062
1712,0.007220698546899378,0.11002493946623981
1713,0.007466962839236612,0.10774121035758714
1714,0.006242252857008445,0.10981906113917367
1715,0.005349378614047976,0.10750391918764378
1716,0.0057241640364130335,0.11050413410765186
1717,0.006203707471583625,0.10701923761376761
1718,0.005156308266117513,0.10833614265410822
1719,0.004807595652674542,0.10881622331707101
1720,0.005382218919460129,0.11051697877788902
1721,0.004972431896570718,0.10657311826570888
1722,0.0053390550292419185,0.10835470759629606
1723,0.00551619022826916,0.10698985045117543
1724,0.005245339306973436,0.10852242442300744
1725,0.005333177156676099,0.1076944903622295
1726,0.005524594325033374,0.10857589098445156
1727,0.006669236757095505,0.11026212052071005
1728,0.0056892773224357165,0.10840451147846111
1729,0.0050923898903969325,0.10769817681240856
1730,0.005733098032292705,0.10724561002320215
1731,0.007876013985501145,0.11302617449957625
1732,0.008865716867148876,0.10812713653969586
1733,0.008893045227763787,0.10793289491780718
1734,0.0064876038059826545,0.10777567707954493
1735,0.0060083256395967125,0.10643057011646734
1736,0.006359939721161089,0.10866085352156694
1737,0.006816441614953977,0.1065761912100596
1738,0.005306394518874351,0.10893808269784563
1739,0.006257889546313376,0.10640024242544532
1740,0.007120543279620649,0.10660391685583238
1741,0.008212106929119653,0.10945367857925874
1742,0.00923396745966103,0.108494547860963
1743,0.006915884408748375,0.10942168193950988
1744,0.006706495614101489,0.10929530601304277
1745,0.00627311590894963,0.10913996361102675
1746,0.004957997691143984,0.10762611031532288
1747,0.004935225032551109,0.10839598693121645
1748,0.005153147781958933,0.10833097598457098
1749,0.004711844094402198,0.10602913851053793
1750,0.005529685256381829,0.10818219070969369
1751,0.00525619021365009,0.1100412139804441
1752,0.004970527347763005,0.11311061908129164
1753,0.008792555803116763,0.10759693466332323
1754,0.007479664854963058,0.1089543693869335
1755,0.007456084695767681,0.10892290375510552
1756,0.006580561715758072,0.1101174530454148
1757,0.005756584473493151,0.10957511473344382
1758,0.005883126320469679,0.10683828500802056
1759,0.006505929085912195,0.10886507455194205
1760,0.00539951059240965,0.10789182447924052
1761,0.005317595184036771,0.11168748256108516
1762,0.00503487432808996,0.10741024102110014
1763,0.006738596136019852,0.10844755348256954
1764,0.008099965209363954,0.11029339456617981
1765,0.005519720848720029,0.10787035629414675
1766,0.0055788710578666915,0.11017518094682455
1767,0.0062700613612695685,0.11140985411584825
1768,0.005163911153099635,0.11173225619963237
1769,0.0058939315308377425,0.10980864554494246
1770,0.004992472385671342,0.11032099631570634
1771,0.005609950109285378,0.11081268718666899
1772,0.00991418127134536,0.11123981000038616
1773,0.006388901498567009,0.1103288963399734
1774,0.006106985888133447,0.10901686226141483
1775,0.006269427818837781,0.10765000761376885
1776,0.00570704109685601,0.10850375875793304
1777,0.005517073781024547,0.11015456883157405
1778,0.005208784131532382,0.11286555221280956
1779,0.004476765489920318,0.1087339049517959
1780,0.004343013656940663,0.1091552607733803
1781,0.004400483771877468,0.10728282386198976
1782,0.0047737078861269,0.10899748322658968
1783,0.004515876029998814,0.10908723374207814
1784,0.004361072654759734,0.11059275073440451
1785,0.0039951983464401476,0.10889178376299397
1786,0.004278173555953885,0.10745943673795327
1787,0.004520937346460871,0.10884972818587955
1788,0.004307654853207323,0.10715348527470328
1789,0.004477521269904368,0.10831977662287261
1790,0.0056599885629454874,0.10859654199584086
1791,0.0054455022064020045,0.10812297030200337
1792,0.005636402727954043,0.10931805267295144
1793,0.006716965249616583,0.11196362957321014
1794,0.009433882943582985,0.10901478308259993
1795,0.007595841154901299,0.11108700566946116
1796,0.005806411642862379,0.11009908577702697
1797,0.004877509077741478,0.10946251748871982
1798,0.0046991497635513356,0.1068388141859743
1799,0.004703764422978245,0.10836942949540035
1800,0.00494793998721823,0.10688474266451403
1801,0.0056959625052393605,0.10804860092195354
1802,0.005474917988919612,0.11157556903317459
1803,0.006190290618922163,0.10835010412716328
1804,0.0052411533546569584,0.10874189475649282
1805,0.005846499746559926,0.10739265018163767
1806,0.005617339764399536,0.10918800058520228
1807,0.00857141477483436,0.10933834790511239
1808,0.006719723496140924,0.11165409049668108
1809,0.009808743621497971,0.10851710945143736
1810,0.007288072554031445,0.1098613560685239
1811,0.008418158291247469,0.10796737293701124
1812,0.0062498222573795035,0.11034832610970452
1813,0.005855005105617661,0.11061820477471315
1814,0.006188962248347278,0.10795772092458897
1815,0.005612407318966568,0.1089179200822847
1816,0.005724407615339231,0.11027593322490391
1817,0.005012564984905832,0.10825671175294053
1818,0.005119607511486085,0.10962897208624316
1819,0.004484155496476956,0.10895666455789317
1820,0.004678977053003304,0.10968793082730215
1821,0.004381292774898451,0.10948678567295983
1822,0.004116070509519217,0.1092944482626174
1823,0.004190905725454572,0.10813350176303309
1824,0.0038296206804496126,0.10893302468727704
1825,0.00477267555166153,0.10812140188943174
1826,0.004570481730566459,0.10769579699613098
1827,0.004319143294116611,0.10766417249327614
1828,0.004651692271256035,0.11051233413449504
1829,0.004696360329435494,0.10727055574344811
1830,0.004180457817870866,0.10873048890727505
1831,0.005118319190710595,0.11228046510228537
1832,0.0076853038784139936,0.10979590288603813
1833,0.006063713976211331,0.10853031529743869
1834,0.006879825077646371,0.10842811355465337
1835,0.0053060319825257145,0.10843679219260252
1836,0.004847809643068779,0.10990520859870098
1837,0.004407188796537852,0.10749541032583193
1838,0.00528094766415515,0.10817461079896841
1839,0.006018583038997538,0.10796774180610676
1840,0.006135432676371164,0.11270584393862196
1841,0.00862925750959032,0.11180173480570466
1842,0.008265367556808505,0.1081046761762827
1843,0.00552941070072962,0.10790584137415826
1844,0.0047834072783355065,0.10942019690248303
1845,0.005347888357351598,0.10855003037398919
1846,0.004824718460440636,0.10941089370421
1847,0.004122188636951102,0.10842803510881606
1848,0.0037833635692349956,0.10912710389024333
1849,0.0037784160439909066,0.10781641170046383
1850,0.0036477581217135274,0.10972039470621817
1851,0.003931809115698034,0.10785910298576332
1852,0.0039868201187712215,0.1093548821252689
1853,0.003756628816935626,0.10784283418553814
1854,0.0038912129286770365,0.10906597109217393
1855,0.003858888022449313,0.10940939596945182
1856,0.0038282943467767734,0.10742929570358199
1857,0.003751555768152078,0.10896258930066474
1858,0.004310808317302345,0.10717199005205232
1859,0.006149087235940702,0.1119755152472876
1860,0.005397416739109552,0.10879765576064437
1861,0.004797939542071812,0.1100404642914471
1862,0.003876343515918315,0.10954804864144863
1863,0.004038683015782878,0.11090023445903807
1864,0.003757135799072636,0.10848550972783177
1865,0.0037493309073454743,0.10903438223633252
1866,0.003802447160998793,0.11013347237256535
1867,0.0037281331576922406,0.10700340339339766
1868,0.006794669205592301,0.11115220106932752
1869,0.007089634956030539,0.10919982198635139
1870,0.005727192794072366,0.10775239791786462
1871,0.005598365894442647,0.10839297708338663
1872,0.005047205134160207,0.10811486959756168
1873,0.004934218852728043,0.10915980663589367
1874,0.004510932899250081,0.10968253505707982
1875,0.005140866226159364,0.10952521914751608
1876,0.0042110488694395475,0.10763688122195408
1877,0.005409753553381881,0.10889061930633727
1878,0.0040366823738148,0.10923150114547041
1879,0.0037799652449130635,0.10995117382596907
1880,0.003628495503685572,0.10857602451603514
1881,0.003800043590226263,0.10770194768382792
1882,0.003510529260332667,0.10837450696337492
1883,0.0035655367621601377,0.10845783535848584
1884,0.0037842851729606684,0.1093412686447452
1885,0.004135875007922544,0.10781145704569374
1886,0.004611108821096286,0.10757251362080562
1887,0.006226251279618943,0.1101857124265274
1888,0.005631319270615683,0.10897904873491827
1889,0.005076014492426466,0.10829613740581617
1890,0.004565242692570454,0.10796419073615157
1891,0.004254881166648002,0.1100179656667817
1892,0.004108677665064545,0.11165767915565568
1893,0.0038040929046348204,0.11070622240466282
1894,0.005665945278703229,0.11032332028063915
1895,0.005494042548626286,0.11195282692225057
1896,0.0062629737533956955,0.1096868913499335
1897,0.005026436123832967,0.10757606792121303
1898,0.004110160277886961,0.10736773691529918
1899,0.004089953010292642,0.10891971064913542
1900,0.003968068307745944,0.11055733973071688
1901,0.0034639780210483375,0.10975104447146107
1902,0.004226507437444708,0.10865103225585512
1903,0.0038932621180308314,0.10800039947481084
1904,0.004748779949409969,0.10851981277976717
1905,0.004255692541903857,0.10901540450583723
1906,0.005098573905972284,0.1086795133979697
1907,0.006541906800355364,0.11099708786136225
1908,0.004379399618684496,0.10758606516254277
1909,0.003778652091797605,0.1096315568961894
1910,0.004093900024188015,0.10882849509554698
1911,0.003938698810203083,0.11115023743986785
1912,0.004169184188856362,0.10816331319791034
1913,0.004212193486848904,0.10760428836769927
1914,0.003341656100625793,0.10728436523586288
1915,0.00330006738878646,0.1080601312276116
1916,0.003377069155363448,0.10766443660608808
1917,0.003490588903052252,0.11127263486833501
1918,0.0034788384647020756,0.10945559276225872
1919,0.004033428417671027,0.10835853730676168
1920,0.00524343229221098,0.10801686959009721
1921,0.004371317381730432,0.10829879141839824
1922,0.004926056779757049,0.10940149286411759
1923,0.004631426652495122,0.10699622949263207
1924,0.004289666297640534,0.1092179058899258
1925,0.003543588647665749,0.1101423925288339
1926,0.00432110326686792,0.10863322051321354
1927,0.0043836862358422775,0.10879621088952947
1928,0.004497012094178665,0.10973076485004042
1929,0.005633061819083098,0.1084298303066041
1930,0.006516986005242515,0.1102038569804421
1931,0.005477823381482056,0.10942299092622627
1932,0.004330612966533071,0.10744101550420723
1933,0.0037319267933028488,0.1089754984305616
1934,0.003787905021728772,0.10922243744881828
1935,0.003433762911894599,0.10863758491020753
1936,0.003623553296937695,0.1077791624387404
1937,0.0034102717232919713,0.10816607105179239
1938,0.0036552831407566117,0.10839424207619856
1939,0.0038070701862210933,0.10812278386943024
1940,0.003287915181392019,0.10962359078769994
1941,0.005578974803687079,0.1083107161006533
1942,0.004443965623822977,0.1083416438715201
1943,0.0048160964781242726,0.10938678543669239
1944,0.003862265298295321,0.1086117726818362
1945,0.0050801087387562175,0.1098552824261792
1946,0.006196740856569893,0.11021250419150617
1947,0.007036825536556964,0.11315398988194932
1948,0.009435587041314293,0.10926220554830436
1949,0.005806545451658327,0.11030773723259904
1950,0.005226747405205695,0.10858295015747983
1951,0.004374188467649356,0.10913177738362984
1952,0.0038131728003961297,0.10743546990075506
1953,0.003961134133801895,0.10966581345202032
1954,0.004848552463611342,0.1077217948728038
1955,0.003969662007143568,0.10865688351984311
1956,0.0036754343767047117,0.10753520649103891
1957,0.0033568414894617955,0.1099529856615198
1958,0.0035067574375853786,0.10810030466482454
1959,0.003406459786314166,0.10783739066811134
1960,0.003657019102606196,0.10936137143158375
1961,0.004630774892163726,0.10919719708518576
1962,0.003910366835295217,0.10809760809616935
1963,0.004650986249669918,0.10745149124460411
1964,0.004366901603603513,0.1101390423818041
1965,0.004960496122099506,0.11089868809943809
1966,0.00540362214728159,0.10999898164344013
1967,0.0038645351437394913,0.10932141953243647
1968,0.00445098932481037,0.10890714626264453
1969,0.00472851438775846,0.10991138251577702
1970,0.0038999846884570782,0.10735119750401131
1971,0.0034963649715173918,0.10895978349417373
1972,0.0036460999194415484,0.10908816457915127
1973,0.003995286466249224,0.11009541979260314
1974,0.0039037043293176582,0.1076086832019022
1975,0.0033163529829526284,0.10768116883616101
1976,0.0032770090396721033,0.10871402956638719
1977,0.004290734622744644,0.10776426615123462
1978,0.007418839788099505,0.11090224036447387
1979,0.003891235557179781,0.1127680454188421
1980,0.0036954465717569276,0.10769454479441606
1981,0.003327741346222425,0.1090135060642895
1982,0.003278794812635993,0.11084699053737454
1983,0.003277845502063726,0.10738646031770491
1984,0.003576805961535037,0.10805836794221013
1985,0.003438765618001234,0.11051254058466818
1986,0.0034035762842252568,0.1106933989657794
1987,0.006285993897783681,0.11154744247520777
1988,0.00735777921084338,0.11021639483240911
1989,0.005533358142213346,0.10780543660310875
1990,0.004174988762235398,0.1089117502732982
1991,0.004087490350324309,0.10813398405274652
1992,0.0034948529781035657,0.1109896797994922
1993,0.0037430120945421965,0.110678093344496
1994,0.0034217791830968556,0.10776180204442867
1995,0.0035496182350219234,0.10929298481173384
1996,0.003881709535940076,0.11004808565653057
1997,0.0031628239879372922,0.110941368741051
1998,0.003345000907579589,0.11292463188108645
1999,0.00326709566878026,0.10805094628629827
2000,0.00423616276315923,0.10921202344180349
2001,0.006689515125896758,0.10950106182567458
2002,0.0034628742998290174,0.10825193036618388
2003,0.005645879632178342,0.11143522543417182
2004,0.0042888163457150165,0.1092621456822357
2005,0.003495605825007243,0.10760166107637242
2006,0.003183258846753611,0.11017456669407082
2007,0.003573243504788422,0.10860496841576464
2008,0.0030374852808649246,0.10774313292482443
2009,0.0031627984629627667,0.10925921715590589
2010,0.003044475493776911,0.11138086388807249
2011,0.0030060123751795144,0.10755961479847892
2012,0.00387948084880346,0.10815633144369699
2013,0.0032591424639330908,0.10838010621474202
2014,0.0030391540000531472,0.10896824481418557
2015,0.0035168054621994684,0.10875229937092104
2016,0.0033669123695518987,0.10996209133537789
2017,0.0046592352460812095,0.11067724188691691
2018,0.004472090241809686,0.112281827083357
2019,0.0038217584025583367,0.10949461016439854
2020,0.0034754741834418018,0.10891974162786527
2021,0.0031622487981364414,0.10941696979273531
2022,0.0031309824805917604,0.1073786677013065
2023,0.003426262053057739,0.11165623665602882
2024,0.0029280289052839173,0.10937648823013282
2025,0.004284348409130888,0.10978366199292634
2026,0.0044960718435006885,0.10901594686702379
2027,0.0035750869597138473,0.11050343252064888
2028,0.003422367354304348,0.11444143204013806
2029,0.003143201101829046,0.11045239721996743
2030,0.004449206915443892,0.10985019506144345
2031,0.008344346528533119,0.10745287070372947
2032,0.003849879863420091,0.10874142789078835
2033,0.0034249516704805056,0.10681558359311637
2034,0.003421303706313923,0.1111629042858468
2035,0.0035632645503365958,0.10943869839336041
2036,0.0034047464588247006,0.10863806339060154
2037,0.0032244663489338177,0.10921993347487055
2038,0.0030953027952298428,0.10927834828619969
2039,0.003063812424317471,0.10921204299257513
2040,0.003130544943488994,0.10972127706783458
2041,0.002871670823181107,0.10875684682065084
2042,0.0033613294128726863,0.10854487522577583
2043,0.00291114805248689,0.10875169083214643
2044,0.003352862145786859,0.10900261981370754
2045,0.0032571820343065563,0.10987440274472822
2046,0.0036852673126630624,0.11101647244210829
2047,0.0036307511098518873,0.11172067510304894
2048,0.0035770610018791456,0.10811444732330198
2049,0.003130666391760017,0.11150606710435752
2050,0.003577384570578359,0.10974249155972536
2051,0.0032586864775644158,0.10841382530174758
2052,0.003080111146324648,0.10971092425268096
2053,0.0032031017182828306,0.10740106550971966
2054,0.003314260525172049,0.10913839097832677
2055,0.0033740469784645727,0.10939865624695494
2056,0.002950720194692038,0.10972522494189423
2057,0.002916535643755265,0.10856272864685322
2058,0.002978517586049044,0.10885209058012281
2059,0.0030774577058055117,0.10948022451242409
2060,0.002971182050148271,0.10845486326773364
2061,0.003896643262672818,0.1094516117807319
2062,0.004225195006250679,0.11301196276917494
2063,0.0034706181928562292,0.11113027038804271
2064,0.0030703244543394204,0.10827630048706419
2065,0.0030432643336624657,0.10863847257499408
2066,0.0029525233479509565,0.10979479237606651
2067,0.002897124591066777,0.11088568203730093
2068,0.005067165211756837,0.11156919564967765
2069,0.0039908286204573306,0.11003908849225606
2070,0.0032463072105047277,0.10720302943224297
2071,0.0031211758852473597,0.11142539287121374
2072,0.003317160956538136,0.1099857018705
2073,0.0029600444161948167,0.11088024514883682
2074,0.0030517618394450947,0.10967857252460972
2075,0.002934441178357639,0.11134066135811627
2076,0.0031986817521330135,0.10940290774617877
2077,0.0029370497426006404,0.11071236588452991
2078,0.0033152210204012737,0.10761938264644832
2079,0.003672133563027817,0.11070395664388973
2080,0.003294019587923708,0.10857777695234556
2081,0.003169470654109364,0.10862892931490614
2082,0.003041770877375168,0.10879119379179818
2083,0.0031346663973241483,0.11142275273277048
2084,0.003009979952853056,0.10999614760317002
2085,0.0030887330905680762,0.11254634693227615
2086,0.00323688934715289,0.10853964818599529
2087,0.0033830835355106014,0.10891881047334886
2088,0.0031195589818599277,0.10938733457622671
2089,0.0030476768741255285,0.10944715181463643
2090,0.0029133308148773024,0.10968655831458275
2091,0.0028619569281127842,0.10836992276491676
2092,0.003651348667500435,0.11140719388511247
2093,0.003211351817344907,0.11096805022249843
2094,0.0034059316209816147,0.10908657982758711
2095,0.0028649618330780628,0.11024504571331474
2096,0.0036205114129016984,0.1095819900507915
2097,0.0038659011816266197,0.1085875185397932
2098,0.0033598050735773716,0.1104217447844663
2099,0.002888312299718272,0.11383823116769767
2100,0.002925806699332389,0.10963801572794903
2101,0.0031193654776298964,0.11048135884050139
2102,0.0033925014149702197,0.1097128394440302
2103,0.0038404001359411944,0.11088321255263231
2104,0.004041365561596815,0.10907221770376191
2105,0.003986570533107287,0.11217430250761204
2106,0.003389885952204185,0.11008490269121371
2107,0.0029813901612054813,0.10858965857435289
2108,0.00304792579204875,0.1104968122036236
2109,0.0029050746841836465,0.10999411277304914
2110,0.0027899085514762867,0.11020712640351221
2111,0.002828928445752874,0.10836937071237349
2112,0.004469583674960729,0.10889003110260594
2113,0.0031522219713613297,0.10971250667010334
2114,0.002902191281670107,0.11148166865633245
2115,0.0037105141717167396,0.10883369016692154
2116,0.0031626615395078305,0.1099849841685821
2117,0.006535901049585463,0.11019777542068845
2118,0.0038491856063710256,0.10951496124790426
2119,0.0032195272422014917,0.10932594901861105
2120,0.0031899180872447834,0.11018382199575429
2121,0.0028116265751140295,0.10876373586275224
2122,0.002800066810417569,0.10973866403401646
2123,0.002816118488861424,0.10857867316942765
2124,0.003100007995025917,0.1081730463637744
2125,0.0029480881145540275,0.10946236360341982
2126,0.002705755457574935,0.11066173754613799
2127,0.0029755648248975383,0.11129048429336165
2128,0.0037561630868241658,0.10860435597430494
2129,0.003954713368999227,0.11137863390502475
2130,0.006327485971726805,0.10931215403522167
2131,0.003285063309126399,0.10904836861934877
2132,0.003169946611197021,0.10970039859899602
2133,0.0034697073623069425,0.11223025431385017
2134,0.003007295361351011,0.11069250756636598
2135,0.0035019189546927343,0.1113699677780756
2136,0.0034634598000736544,0.10879313520022801
2137,0.0034345109923596276,0.10996165348772417
2138,0.0033550686437238313,0.11087986511320698
2139,0.0029218079443177523,0.10916208671896081
2140,0.002819638812047599,0.110081937341463
2141,0.0031631664847427943,0.10902272198433266
2142,0.003081777808110013,0.11000492356549528
2143,0.0038251259815205566,0.10952898520126678
2144,0.0038266295095636224,0.10874023637676
2145,0.004282832861754973,0.10936002715264347
2146,0.003583891567651112,0.11170438615451182
2147,0.0032818032803494227,0.1102972916493141
2148,0.0029577405027951457,0.11049441483459975
2149,0.0031335293520359125,0.1140564153890562
2150,0.0028717688492751157,0.10859471088961552
2151,0.002676455257167606,0.11153127391236767
2152,0.0027889453677120823,0.10904755915764879
2153,0.0028348945025588918,0.10866592116747285
2154,0.0028980491395875717,0.10922611036097496
2155,0.0027120956029368084,0.10875976503941051
2156,0.0027645001636009735,0.1093792202590701
2157,0.0030366794188629908,0.11237561456242898
2158,0.0026682424285806388,0.11163373564120223
2159,0.0027802284607816043,0.10953250824284733
2160,0.0027313445454592226,0.10911167170245546
2161,0.002642843769804674,0.10802498958388665
2162,0.0026218703502800854,0.10975034413555809
2163,0.0028026380895420254,0.10938235198644768
2164,0.002760028583729792,0.10988439714774154
2165,0.0026435245563563125,0.11031978467203919
2166,0.0027060342817889446,0.10928817534058315
2167,0.002865800461233974,0.11090864788246035
2168,0.0028240881573244835,0.11162415346630235
2169,0.002720484107369616,0.10951197931641027
2170,0.0030595861205468013,0.11068571530711979
2171,0.0026780455153576047,0.10982317285131392
2172,0.002867778935967564,0.1097089896225989
2173,0.0029335865024594393,0.10888286879785676
2174,0.0031305607759727623,0.10791547124024321
2175,0.0033599796540941455,0.1100612062596737
2176,0.0030473421339484506,0.10951555904962663
2177,0.00314033748699153,0.11218707978650741
2178,0.0031488316013542172,0.11085951610241916
2179,0.0035371710809896577,0.1121606751902958
2180,0.0030533336176179677,0.10943899292470817
2181,0.002993541645214149,0.10921254395542287
2182,0.0026103460124500518,0.1103831857330817
2183,0.002713315278209699,0.11021477555421959
2184,0.004160630093512576,0.11319828845728609
2185,0.003851089891596879,0.11125465943699792
2186,0.003774846001944077,0.11140024718037225
2187,0.0031742379391483918,0.1104830280879984
2188,0.004181255229145476,0.110420764015432
2189,0.003458513020180494,0.10897777819618545
2190,0.002932647087921699,0.1098489598149345
2191,0.002760546167714978,0.1095418837621696
2192,0.0028390583403572534,0.10976353793738779
2193,0.002577669943430982,0.11092329533177808
2194,0.002858771708260917,0.11227235610697203
2195,0.0025607771855199113,0.10931382285323657
2196,0.0025914334296688155,0.1084108864678476
2197,0.002608649526377144,0.10922639949578689
2198,0.002539996233470035,0.10984122463709728
2199,0.0024865681185451505,0.11067800728001989
2200,0.0025085159826367717,0.10850027808569428
2201,0.0025512282926964122,0.1100034640172968
2202,0.0025918485784211997,0.11025904524221755
2203,0.002988495861045407,0.11012051896866701
2204,0.002494492759904678,0.1082947363418744
2205,0.003229063947292619,0.1081536507098597
2206,0.00320901511436176,0.11455103840893671
2207,0.0034072425029000398,0.11162577401426502
2208,0.0031830219715927384,0.10968858733735885
2209,0.0027500764326245154,0.11223432584140534
2210,0.00423987723781534,0.1099320704439529
2211,0.0033042771205798074,0.11299247748421547
2212,0.0030410958017638456,0.11032219074274364
2213,0.0030928779709732757,0.10960529057453748
2214,0.002603836878899883,0.1123709322179768
2215,0.002715369226680424,0.11120879571688802
2216,0.003085829570901188,0.1122269857310711
2217,0.002746185984860801,0.11098150933222066
2218,0.0026493194196724667,0.10850594500850018
2219,0.0026601564809797134,0.11103518264260806
2220,0.002583677922931951,0.1111456296945873
2221,0.002499396934718737,0.1094392311939022
2222,0.002773619398954998,0.10911073330276293
2223,0.002879292512335961,0.10966592752619793
2224,0.0025725163630672594,0.10854884461128622
2225,0.0024694155582443535,0.11100642622114722
2226,0.00249844771200709,0.10990043264582641
2227,0.0025844109792309174,0.11165897944069147
2228,0.0034889996728315106,0.11029068065018284
2229,0.0029706513017134844,0.11106410693554651
2230,0.002783326673725585,0.10968292269267534
2231,0.0025915942453550844,0.1104824575863984
2232,0.002512216995581516,0.1106936259564003
2233,0.0026147890712995576,0.11349489087971829
2234,0.0025589485497524342,0.10971996529882115
2235,0.0026125185258991128,0.11095079228767477
2236,0.0026687146281624365,0.1115727011758582
2237,0.002574263746797476,0.10982266092733632
2238,0.002521202546608804,0.11029514293174696
2239,0.002505048462219021,0.10954693803811133
2240,0.0027422004016174834,0.10895988107997373
2241,0.002706821873174898,0.1079098297129
2242,0.002734148459005281,0.11105514310281676
2243,0.0028508098359635602,0.11035720214135665
2244,0.0025050485617943903,0.11006391780418262
2245,0.002723325191815413,0.10732931076061158
2246,0.0027308744735687783,0.10839672412788659
2247,0.002554688318603256,0.10875304269237925
2248,0.0024865893090624106,0.11188671993731257
2249,0.002531592952345246,0.11031098379975274
2250,0.0028734649443682633,0.10965554621584135
2251,0.0024969546013048987,0.11008740356542114
2252,0.002545215956773023,0.10859644190784086
2253,0.0026076998980423,0.11053144838427541
2254,0.0026881466605026953,0.10962436051297009
2255,0.002424556832268553,0.11397764753354223
2256,0.0024222938692396354,0.11132275697805528
2257,0.002497659507061138,0.11027300934818454
2258,0.0024895144482992545,0.10944015904327382
2259,0.0025486953866978488,0.10924301621385087
2260,0.002416263725432866,0.11369814068303072
2261,0.002449811048184832,0.11133227170559398
2262,0.0027507578019849346,0.11062787284603096
2263,0.002929335536212666,0.11009089221108827
2264,0.0025891499497207268,0.10904387263277718
2265,0.0026929679300354897,0.11048195987267602
2266,0.003019018617089627,0.11249423994306933
2267,0.002565162616588597,0.11000201677469383
2268,0.0026559761473499005,0.10973228245301354
2269,0.002515111411423803,0.1093960394499296
2270,0.00251300308308652,0.11194883770587151
2271,0.002481325548552211,0.11156079182424641
2272,0.0024038464571905773,0.10841778042098335
2273,0.002471408115571025,0.11114743635767982
2274,0.002417513191313395,0.10858607648832158
2275,0.00275277616690446,0.11007882199042424
2276,0.0028991469287506814,0.109625937029682
2277,0.0024526739118140447,0.10857381053586353
2278,0.002452096581142747,0.10879489568465933
2279,0.0024554961970157966,0.11181140930058066
2280,0.0024191778586626802,0.11184314593560714
2281,0.0025915042409357034,0.10989619240650259
2282,0.002489220466663909,0.10959458293248538
2283,0.0025797031611883604,0.11204161201802113
2284,0.002654586310949434,0.1105380400380395
2285,0.002422228156817409,0.11029658393752306
2286,0.0026632564262422565,0.10964508748666983
2287,0.002679183989845263,0.10959303039207793
2288,0.003267619146748721,0.10965131210130558
2289,0.0029404016560142707,0.11307921249391441
2290,0.0027688867763950016,0.10945989490302284
2291,0.0024754751763605286,0.10894734376952761
2292,0.002628638240678599,0.10879004953947283
2293,0.0027466928190991,0.1111710710371646
2294,0.002514952131834045,0.11398347980695261
2295,0.0024572056396015033,0.10917371675782933
2296,0.002757269184766982,0.11002551271279055
2297,0.002405505642037159,0.11102959616366484
2298,0.0026845468102761035,0.11070551394594642
2299,0.0026802486701979766,0.11063703943165322
2300,0.0025086379697862662,0.10946491797615711
2301,0.0024688203406151173,0.10878806387571464
2302,0.0024505134308769267,0.11033195479397188
2303,0.0024752537090237596,0.10972649406146884
2304,0.0029740824610135466,0.11031159017244377
2305,0.0024379910169017014,0.11086487691653402
2306,0.002423285411483368,0.11227464548926007
2307,0.002433356149532135,0.1098172648396707
2308,0.0026398387315841217,0.10973326600434487
2309,0.0024260543316087257,0.11267485383683279
2310,0.002616349184510749,0.10809067414517988
2311,0.0023888440483466446,0.10969310427518715
2312,0.002399398362463188,0.11173738438383977
2313,0.0023787020406914206,0.11073210644990877
2314,0.0027020804718745953,0.11031677187385416
2315,0.0027279769372101285,0.1107634289895084
2316,0.0026564122991835546,0.11165290167158409
2317,0.002521563801656729,0.1117256825094235
2318,0.0023922539922356044,0.10884225067862294
2319,0.0025589078102471693,0.1111643413702647
2320,0.0023683061627026813,0.10900405671139408
2321,0.0024242653854121016,0.11229091768799569
2322,0.0025439629178939374,0.10851261546289113
2323,0.002490675589362593,0.10762965298236761
2324,0.0024037302278403965,0.10896817663857214
2325,0.002811894479717286,0.10930999177963213
2326,0.0024798827204829867,0.11006013890331551
2327,0.0024441764968207236,0.11012395437722816
2328,0.002379049501621967,0.11101350966925011
2329,0.002596618294270721,0.1099045407353786
2330,0.0025854406324830256,0.10888062277458664
2331,0.002540383280003033,0.10940085889253401
2332,0.0023886621080385813,0.11015630455542925
2333,0.002422238938779857,0.11121608363581181
2334,0.0023700431525215224,0.10868138952512191
2335,0.0024264792402116757,0.112147499445387
2336,0.0025052265454458553,0.1100100239640788
2337,0.00240871681298756,0.10994705298266615
2338,0.0024159754225222757,0.1104945805026475
2339,0.002351295965893557,0.11054657786188268
2340,0.0024262290761319907,0.109625019693285
2341,0.0024687786463577794,0.11136130514300258
2342,0.002466498134634311,0.11119665278303892
2343,0.002427820785486567,0.1093592864640972
2344,0.00238500882684013,0.11044108102046757
2345,0.0027731390136920804,0.1103438594212807
2346,0.0025338364117808124,0.11229891273984335
2347,0.0025621563322115806,0.11027503553264421
2348,0.0024320850421164957,0.10934921206537644
2349,0.0023849596981099755,0.11177205044150651
2350,0.0026026533655939426,0.11043399897284974
2351,0.002671396125506305,0.11200759614021856
2352,0.002580171366040624,0.11053211176604555
2353,0.0024860904101024635,0.11243280536847605
2354,0.002620040113984976,0.11394914700871422
2355,0.002394119734471699,0.11233798067148466
2356,0.0025977356646373962,0.11033802714787032
2357,0.002714861377651961,0.10945132938692145
2358,0.002427440990383426,0.11115814250588119
2359,0.002439875712137927,0.1083901847028792
2360,0.002590391755619514,0.10952568885153696
2361,0.0024675591760930024,0.11096660141135219
2362,0.0023863322669698756,0.1120335870704854
2363,0.0027721615130398072,0.11074788692899815
2364,0.002540588619058612,0.11134434244910577
2365,0.002383705541936669,0.10983043010895115
2366,0.0025621187168835377,0.11010687747844179
2367,0.002346681861452899,0.10903782851265785
2368,0.002612049501014393,0.11254475265741348
2369,0.0023861376996263395,0.10857087444691431
2370,0.002366437171087981,0.10963755367991321
2371,0.002372590994825528,0.1113573142273683
2372,0.0024933098674804533,0.10977262127817723
2373,0.0024649679321069387,0.10929972433804869
2374,0.0027616029040032773,0.10972064955715548
2375,0.0027602839125496037,0.11132200314362246
2376,0.0024040532561967957,0.11157038074014779
2377,0.0023922633845359087,0.11028300296692621
2378,0.0024201952978242305,0.1102124978986599
2379,0.002435675148600302,0.10900381694834932
2380,0.002527256910659888,0.11309715366005
2381,0.002430809519704689,0.11086917735804293
2382,0.002375743786786806,0.10973875917363585
2383,0.0027392283726319576,0.11072819101108346
2384,0.0026000098460031754,0.11066733608792599
2385,0.0027420623110806417,0.11414329184774767
2386,0.002400480146349976,0.11179121111269881
2387,0.0025178562782400245,0.10882200028065751
2388,0.00241522909048359,0.10930060163924568
2389,0.0023715921850441576,0.11200315346544548
2390,0.002443246366221856,0.10957651023279157
2391,0.0023636010200160104,0.11133091088225668
2392,0.0025968798992675054,0.11257538178884297
2393,0.0027301861266107678,0.11105514478339885
2394,0.0023405505644462114,0.11025302496769075
2395,0.002590125157210812,0.11150627728915752
2396,0.002548339253924084,0.11190835827200633
2397,0.002459268270165853,0.11037592752311463
2398,0.0023629471803166017,0.11060884559438341
2399,0.0023628154977476633,0.11002054696617868
2400,0.0023389785527105226,0.11031880726416905
2401,0.0023469221675709922,0.11233382322883845
2402,0.0024402813807293867,0.11071302246927917
2403,0.0023556018391706094,0.1119132603619033
2404,0.002472049975474863,0.11022377303593739
2405,0.002316275090213467,0.11010673998815373
2406,0.0025277894792738575,0.10944926680852297
2407,0.0026862420004048625,0.10985316748831206
2408,0.0023810326739700525,0.10938759990279238
2409,0.0026071921441961758,0.11052125294629793
2410,0.0026289083608338295,0.11195217909520133
2411,0.0026796754250455203,0.11032373215396303
2412,0.0024934707212396576,0.1097520335687133
2413,0.0023239335710030493,0.11023989269383867
2414,0.0025899057780281176,0.11045192273562415
2415,0.002397424443302758,0.11157633166265368
2416,0.0024089982730201766,0.11103427716365136
2417,0.002643762302801669,0.10944103907074845
2418,0.002363599265732293,0.1103139265550109
2419,0.0025429176488809243,0.11017546855043947
2420,0.0023761556641954296,0.11229700126444786
2421,0.0024903588283971046,0.11086970905686978
2422,0.002845636148696894,0.11025478944817282
2423,0.002339658403546555,0.11003095355995915
2424,0.002435040914998302,0.11057066301206
2425,0.0024633508354261423,0.11041279215561717
2426,0.002322445774404039,0.11228899347752258
2427,0.002444987810574144,0.11064494113650239
2428,0.0023724345941354267,0.10819241462420102
2429,0.0025136578160355675,0.10876197461272243
2430,0.0023697296614354512,0.10910357484467943
2431,0.0023728084674327628,0.11353265714451186
2432,0.0024528028663107246,0.10961047819533144
2433,0.0023469579004852465,0.10870640183376488
2434,0.0025186807344778905,0.11024581538256548
2435,0.0026544568043951906,0.11172457915126231
2436,0.002726894791630454,0.11066351737593648
2437,0.002375705579131748,0.10976744166815788
2438,0.0023627856690670896,0.10969170393949762
2439,0.002341875591192324,0.11020447138258091
2440,0.0024932923641805566,0.1097089650861004
2441,0.002410726059439047,0.11054259122239617
2442,0.0023557278620512604,0.11062748472493394
2443,0.002345626172170324,0.11153408802840345
2444,0.0023210034500690375,0.10937808437230892
2445,0.0023084505147786824,0.1124837696739008
2446,0.002661981116160282,0.11153863422703325
2447,0.0023896937806206116,0.10847651818417069
2448,0.002483540277564957,0.11199950914185747
2449,0.0026112123064509353,0.11089062235110386
2450,0.0022917936860624723,0.11055248594821844
2451,0.0023688077487332643,0.11161986297757405
2452,0.0023685235752718254,0.11017378968627829
2453,0.002671811902462124,0.11007269397191237
2454,0.002418411063885539,0.11037719160094298
2455,0.002299789061078673,0.1106179114944654
2456,0.0023217507105016107,0.11097157959427152
2457,0.00272769585937121,0.10784193694143367
2458,0.002689146111666594,0.11103851308948115
2459,0.0023476510138819053,0.11076661096629045
2460,0.002328454614939086,0.11106572111597038
2461,0.002627210966867846,0.11218875622316112
2462,0.002305387451208003,0.1105408117287141
2463,0.002354053431922722,0.11081608078608238
2464,0.0026072178024259753,0.11038087239316233
2465,0.0023403610864291026,0.10916614676253837
2466,0.0023841290374479766,0.10883611472402897
2467,0.0022988291296217613,0.10984908897700466
2468,0.0023713502183603415,0.110503449774625
2469,0.0025223685214706,0.10970268820536166
2470,0.002426089985448422,0.10972721286510166
2471,0.002412056472773353,0.10993518424512151
2472,0.0023406556948035394,0.11060818732905209
2473,0.0026619658005898293,0.1115814012692387
2474,0.0024457743110240632,0.11053219685951869
2475,0.0023895650325963893,0.11032379020873766
2476,0.0024137638535631717,0.11320126542172636
2477,0.0023523253570281485,0.11120031070066873
2478,0.0024790921550150373,0.11168941885307618
2479,0.0023719733522373177,0.11081332369779884
2480,0.002558020570274419,0.1092027804270424
2481,0.0023349045977910173,0.10926953725572816
2482,0.0023846118374136072,0.11125559731384267
2483,0.0023442479641229475,0.10950721469812823
2484,0.002315075649241419,0.11035783252769843
2485,0.002450091576894874,0.1115170213064753
2486,0.002605950175755241,0.10957367527753786
2487,0.002379634764642929,0.11178478914170635
2488,0.002668508458091825,0.10895664812553496
2489,0.0029114347695132848,0.11236056875913664
2490,0.0025183337963180347,0.1108022171042318
2491,0.002360813802916486,0.10989876289415479
2492,0.0024900023895755127,0.11254950498877313
2493,0.0024168827650049387,0.10950366039772082
2494,0.002294295048634024,0.1095899671204108
2495,0.0023703872703554683,0.11064443462773373
2496,0.0028252689337721036,0.1127062525814936
2497,0.002344805315289201,0.11149601662592183
2498,0.0023585084852112354,0.11183164438657593
2499,0.0023964325715816995,0.1092739905741878
2500,0.0028084611839398086,0.1115269822472319
