epoch,train_loss,val_loss
1,1.7972744748136467,0.5969644705753279
2,0.5381669326448889,0.43286491254517306
3,0.3993518065696226,0.3893170044535682
4,0.3493063357369653,0.3365884500189234
5,0.31036589736101394,0.2936688109597467
6,0.27692875051199456,0.27108668276391235
7,0.260630749703201,0.25124050307094603
8,0.22514892334474665,0.22191002722222702
9,0.20699435145503675,0.18914695184929928
10,0.19069315077369117,0.18121462705589475
11,0.1834779748909152,0.18552524897090175
12,0.18948418299045683,0.16546865703916191
13,0.1659679471699048,0.1443819793916884
14,0.15585651190303337,0.14664127623526974
15,0.14136523923903796,0.13379768265369243
16,0.1260752959124347,0.13778632494590634
17,0.13402538137002426,0.12021783565668236
18,0.12033643272229497,0.11961708878888223
19,0.13310704667553258,0.12282430121026243
20,0.11388124327020585,0.11347124643418424
21,0.10623557433532697,0.10604807859599441
22,0.10851964349843865,0.10464701609205183
23,0.12007808162127169,0.10654393900979432
24,0.09979114249395353,0.11951766652346853
25,0.1018612677213914,0.10045072167439568
26,0.10374857265747453,0.09476542187140401
27,0.09780812779657519,0.09323206009870783
28,0.0925027032070399,0.09626894378871248
29,0.091895643563293,0.09452421089312188
30,0.09637547896293264,0.09324984035844493
31,0.0816952669555117,0.09344839306552906
32,0.08614782820861541,0.084053501449432
33,0.08248255301418723,0.09140542171951524
34,0.0845035677512985,0.08968540340811387
35,0.08221352546472908,0.08007134314168964
36,0.07887195408063996,0.08213254469528533
37,0.08808361183046173,0.08319254671421863
38,0.07354418524660661,0.07932119551383164
39,0.08816706470934949,0.07901490246293538
40,0.08546337508669467,0.08074210688733217
41,0.07755983718977452,0.07503743716200492
42,0.07804149034254977,0.07559822221522343
43,0.07353077819541703,0.07517643859213158
44,0.07108689793224993,0.07311712726390451
45,0.07293405592861968,0.07592392772585527
46,0.0726774821647656,0.07110377653200824
47,0.07912911883435653,0.07563477328845433
48,0.07078741864537744,0.07490574874749459
49,0.06926449064784289,0.07342314848998435
50,0.06551485625460604,0.07477322292693875
51,0.06724760296015904,0.07398266756071482
52,0.06360003634773452,0.0759360542460193
53,0.06729939159554747,0.07130827922794156
54,0.06565910984169353,0.0696412385593082
55,0.0646156030342123,0.06902227642243369
56,0.06567463195856463,0.07123113800783205
57,0.06507890404064827,0.06932691572453444
58,0.0600033602604298,0.07040647609640184
59,0.05733646109092946,0.0678316567998781
60,0.0654207204109449,0.06844451903064448
61,0.06401500808875016,0.06839391867394436
62,0.06142092152822728,0.06374212270392511
63,0.05700122786913546,0.06336105059374843
64,0.059450423993100195,0.06554323745737399
65,0.05932021738967178,0.07044540502523121
66,0.06021663822163609,0.06714088722764698
67,0.061810808238751465,0.06805984915834024
68,0.056728834373917326,0.06955529058487493
69,0.05825292865590989,0.0654700210873495
70,0.06489376520568674,0.06273548363855011
71,0.0657827172626896,0.06935934498345941
72,0.05720015684125192,0.06281497590897377
73,0.055061227954386914,0.06530787916223806
74,0.055659950456836006,0.06664278531881203
75,0.05702402435686895,0.06739520406663269
76,0.05094927871675701,0.06391074146169767
77,0.051576460743772576,0.06442325652803395
78,0.05444167418913408,0.06569376687769006
79,0.050893062918350614,0.06239463096685278
80,0.055185306034865426,0.06253295474893467
81,0.05320074171014714,0.06851718370291524
82,0.04668204398784891,0.06273398411117102
83,0.052622329992560384,0.06303782931022477
84,0.047912087536717655,0.06473385213983986
85,0.05931829591062749,0.06147915632802442
86,0.05596793087952563,0.061393511577282935
87,0.0500392252842087,0.060010169952510295
88,0.04889248000884131,0.06185985336028842
89,0.05289946301463629,0.06877806930240234
90,0.06162251104662037,0.06684223233831856
91,0.04814091584058391,0.06114787987449713
92,0.048233827710338524,0.060941394054351894
93,0.04546474365278098,0.07058689117730411
94,0.05551684313806994,0.06034292995855026
95,0.05384006183068954,0.06507454359703195
96,0.04493206679867726,0.06292213839397096
97,0.047880593792398146,0.06462615392261878
98,0.04658903914932921,0.06165592110059913
99,0.047504361520366606,0.0641725657503109
100,0.05303056312719109,0.059227606706451955
101,0.042669920957294,0.059232832756556365
102,0.04395220950712978,0.060717089834592695
103,0.04329952758774862,0.05955732934979867
104,0.04362317995638309,0.06361468194197294
105,0.04470526406010117,0.06167772145274289
106,0.044178433319244266,0.06231018880330829
107,0.055150155188241345,0.0666819467841832
108,0.042052311454914205,0.05808644528899874
109,0.040597525393140724,0.06082021573880561
110,0.042754170487760375,0.06049208962043425
111,0.042797812789118025,0.057953058356853354
112,0.04531439685709424,0.06234268705946461
113,0.05000078936215478,0.06152084110337391
114,0.05256310252466919,0.06375149695347425
115,0.043284588718208776,0.05966515729862048
116,0.04266225511564357,0.060806839425761
117,0.04587384003877266,0.05607887900861582
118,0.04146628887582349,0.0629872007010724
119,0.04164687476374886,0.05960174470691752
120,0.03931257539782031,0.058874163505875675
121,0.039032015657537035,0.06052586395190772
122,0.04133826519908576,0.06194863550570376
123,0.04193544914496356,0.057695576272213965
124,0.03837223273926768,0.06353733024762985
125,0.04059976732889686,0.060960149313124795
126,0.04820781515263091,0.060672833637934284
127,0.0388460328166014,0.05940647608131394
128,0.045571933952992236,0.0586051713665924
129,0.03831046873405809,0.05857667016953155
130,0.03739017071815494,0.05737209378888732
131,0.038459677237515165,0.05745667724270271
132,0.03743571813764243,0.05720878778058186
133,0.04694293328447028,0.059008497623423285
134,0.039797815946762835,0.061267190652532985
135,0.04808248544468028,0.058785705255311835
136,0.035986166114577306,0.05868739720648691
137,0.03731826470937101,0.05715482965821311
138,0.037685780117410854,0.06182568580061571
139,0.04482317121471731,0.06137900034848012
140,0.03601151187451655,0.05912576929519051
141,0.037405352233719304,0.05838438287788166
142,0.03342335463317584,0.056799224080671944
143,0.03291284013831503,0.060458835830589884
144,0.03735107022299662,0.05735032027937416
145,0.03393564842711422,0.054530778297580275
146,0.0376592939807143,0.05862648920494512
147,0.03797743781279994,0.061207972317560574
148,0.03569169870364629,0.05850493905127497
149,0.038202140141617165,0.05686225354634132
150,0.036779773342758885,0.05850252378405186
151,0.036140365473529015,0.05889203200550904
152,0.042983977048187794,0.05787576247650878
153,0.0367504192230096,0.056888498085782044
154,0.03442588189272298,0.05826562598235625
155,0.04243815463725302,0.05700926771177385
156,0.032570007388541315,0.05937898082467249
157,0.03342716771887388,0.05830581742047068
158,0.0346910964499073,0.05865015954077991
159,0.035452126580813086,0.05770604589715936
160,0.03273734368594089,0.05706016864991726
161,0.03417685478458584,0.05960146952093693
162,0.03548765258402286,0.05719830836157751
163,0.04038892588271616,0.06001801420946169
164,0.033776257117059914,0.05750913117874535
165,0.04050379113343816,0.0608870928598227
166,0.04397047632213297,0.05819225220714595
167,0.034417048592972906,0.059240428744850304
168,0.03151625308403774,0.05831640052205339
169,0.034757202391900985,0.05920866261560815
170,0.03326270542454944,0.05820131975980032
171,0.03485424352406895,0.058940460377916656
172,0.03836983902420744,0.059485036524988356
173,0.03237089561444465,0.057604990563446416
174,0.029705574940364562,0.05563748195618017
175,0.03355815077673492,0.056504414213779275
176,0.03311014107682488,0.054738501287567284
177,0.032885266543836056,0.058475382775441745
178,0.03117042930569021,0.058325261764583136
179,0.04022712842050391,0.05515296539679207
180,0.03237697901350204,0.05757293951018412
181,0.030871587837564534,0.05829424058136187
182,0.028957868456186545,0.056363078343091455
183,0.03013195653904381,0.06224884082537546
184,0.03646272327458971,0.0605668566448796
185,0.030582566316411788,0.05845106269856144
186,0.043789829089536936,0.057901153905798024
187,0.03246783969637742,0.06024354195833804
188,0.028607083338555123,0.060961863217422536
189,0.03605878599525245,0.056312818528342065
190,0.028962881704296065,0.05794893728013624
191,0.04319451923327386,0.05791158722083371
192,0.028229506785593064,0.05626549332736429
193,0.04134783768284844,0.05597682364453051
194,0.04219820523243339,0.05622961824960577
195,0.030722110540982697,0.05540604673718151
196,0.029451840630145654,0.05891304147572147
197,0.03199587746006568,0.056324968726040425
198,0.039144235625162394,0.06186310944140406
199,0.0289213848898777,0.05549708962029682
200,0.0308525894059096,0.057218828184861584
201,0.029940218550845,0.059020086889503
202,0.029210077446876648,0.056320503139331526
203,0.027534293162645218,0.05647436429496696
204,0.03617538289870588,0.06048942839068578
205,0.033818455827553814,0.05616795027950652
206,0.02779234378222014,0.05562864155286834
207,0.033407538078234864,0.05971266579508483
208,0.027140145607549567,0.056043420565830435
209,0.028960975581855983,0.05503761969077259
210,0.02717933312151873,0.05611305654907884
211,0.029285354609820163,0.05983984972674745
212,0.0280920046448801,0.05563311325502874
213,0.032350068765934735,0.05646050706468429
214,0.03771075481391252,0.060639459901211556
215,0.03220993255886912,0.056986091233659206
216,0.029692876161452744,0.0571867321480187
217,0.026313688535955632,0.05604803325949157
218,0.026787512891905434,0.05937582189987477
219,0.026156598404283433,0.056155590905357426
220,0.024566459945376765,0.055636963851395105
221,0.029798777604644947,0.05958472675921624
222,0.02935688486060005,0.056868864760213626
223,0.035586361484280946,0.059396313564072274
224,0.030454800747405024,0.05728089723521307
225,0.02883607385020271,0.06387654213902347
226,0.027141741012751495,0.055291248891586646
227,0.026659938889237407,0.05696738975351317
228,0.026239335431854555,0.05753826989528529
229,0.037152206081441576,0.06026343225424451
230,0.03413263807032362,0.05787934030506545
231,0.02931453609914989,0.05615866668802455
232,0.025343809089970814,0.05664023045534478
233,0.02509987658491142,0.055729296263820845
234,0.02779225125722003,0.05613354317153008
235,0.02594624920441626,0.057275191864423584
236,0.0285441781332874,0.054584728567896035
237,0.025391709491563816,0.05656711958852926
238,0.027908287650458864,0.056020956038308325
239,0.028224036739817982,0.054449513900026045
240,0.03275755660310621,0.05744780856826551
241,0.025327746490699743,0.05598282524592297
242,0.026920665143098578,0.05714177763215581
243,0.026771298887027093,0.05637694705735173
244,0.025059371579403415,0.05532997387244289
245,0.026459369481450713,0.05902071201935746
246,0.02565971846023697,0.05653449775356995
247,0.030443421357711282,0.059120894262665195
248,0.02597419640814249,0.05675842894012468
249,0.032652409198375705,0.05673951817148909
250,0.035716514345433645,0.058169274243122356
251,0.02653034200722521,0.05644905745497622
252,0.02379675136534585,0.05608389179285308
253,0.028895676836698407,0.05565162785444642
254,0.02652984542836403,0.05755568889522911
255,0.024873497729484564,0.057120461334336674
256,0.03432286727507847,0.05693287635805613
257,0.023736076400291208,0.059808883171780666
258,0.025869238234145515,0.058526650360577685
259,0.030760207998808648,0.05719303713182459
260,0.028445782805544828,0.05847487148635071
261,0.025595921392444532,0.05639035463855978
262,0.031389141145825014,0.05411592532033311
263,0.0256309671893856,0.06012330120219324
264,0.028594631538215474,0.055560683938943055
265,0.023035519554930793,0.057826536490504905
266,0.03093200014629708,0.05477067811372585
267,0.025745565906680864,0.05794583169514673
268,0.030141991472636645,0.056935088218827
269,0.023521368371375303,0.05675173986861879
270,0.025407269363493006,0.056385241150109094
271,0.03040084286029436,0.057538402371836786
272,0.02550170205673641,0.058333171330821845
273,0.023078772575130285,0.060249499631181994
274,0.025756048196255227,0.05604200413389911
275,0.026499133662183455,0.056872996097818054
276,0.02449461679940687,0.05515164158360701
277,0.023223712608264904,0.055416261921998555
278,0.03185757862690101,0.05945731350279093
279,0.02570903542390251,0.055522445131812176
280,0.02636591242889065,0.05481172747966042
281,0.022896857611064254,0.05426911457924914
282,0.022540328300158056,0.057461027774894445
283,0.02563888247951071,0.05986214740047777
284,0.026614035079752015,0.05491848191932628
285,0.026314264233443057,0.05704516534667864
286,0.02651282246326765,0.05676025447241943
287,0.023114825677722224,0.054909624280711465
288,0.02324327173698285,0.05607267177866814
289,0.02362598724032644,0.054057721888884566
290,0.022822573716784346,0.05600511348038389
291,0.023431138336938752,0.060288934891385246
292,0.02680237398579203,0.05458899513633927
293,0.02144066341875302,0.057095238009939216
294,0.023898918479447456,0.060631838405416125
295,0.02905649117845166,0.05588160024811152
296,0.02610727000783043,0.056234724623592275
297,0.02491743080785095,0.058674342304766924
298,0.023959848352453926,0.05524935831028716
299,0.02965247229348903,0.05667007442815859
300,0.028424125357434667,0.05736300111153072
301,0.02304829879544185,0.055436247030744575
302,0.020564780059653016,0.05544518727930566
303,0.027455902999985182,0.055440184447849004
304,0.025377112449523422,0.059363981582840585
305,0.020446746904975194,0.05537846753546469
306,0.02227472423993308,0.05554240380873656
307,0.02907336666175751,0.05704837290565472
308,0.02166087615382522,0.05463248695758052
309,0.026297432793812317,0.05624401807448918
310,0.02271910203871869,0.056675439453065246
311,0.02030029384343415,0.05426883057954915
312,0.02171193543809895,0.05802692518683902
313,0.027305949403434338,0.05659465050152071
314,0.020925466017943564,0.057434210222317164
315,0.02188140309786535,0.05471488226550564
316,0.018979752249431835,0.05548095252168806
317,0.023036965545628885,0.0551141992510112
318,0.021968840268151515,0.05728075396558993
319,0.023396688837522998,0.05649467962875701
320,0.022966231216550996,0.05732960655426322
321,0.021878255064070786,0.05731801942625739
322,0.01949258582508863,0.05853546984997907
323,0.027737892755426957,0.055768464208769616
324,0.021268622435886283,0.05485707440210464
325,0.022570852791674458,0.056051419408324366
326,0.023128937497781735,0.05361714614625264
327,0.021655337476291253,0.058160257322671716
328,0.02071005587690863,0.05860068047778648
329,0.0204770539458082,0.056422075905596704
330,0.02179570760005694,0.056366421590398126
331,0.021496385476058553,0.05535343300579186
332,0.02070498572761736,0.054707741472207215
333,0.021409552532677366,0.054478352595316734
334,0.026020854361191812,0.057581841292088494
335,0.02616363757970191,0.05666411211504076
336,0.022035062803556927,0.06156286243395997
337,0.021532325690092526,0.05702544573255649
338,0.02055635784977469,0.055308846294655836
339,0.020600058795259477,0.05683786940193714
340,0.02065201242655796,0.05666177335164899
341,0.019493695179169827,0.05463702842257077
342,0.020366059359291505,0.05735743795533228
343,0.018875333401710263,0.054549870158272576
344,0.019218276806619475,0.054039575962494486
345,0.018591716488513828,0.056705262773392495
346,0.01948182040761257,0.05650757429631133
347,0.02642558181664226,0.05286109931113427
348,0.022673538159053527,0.05846333628833145
349,0.019518790865860017,0.058089416791547215
350,0.022694432033593753,0.05516280295481359
351,0.017967824710293623,0.056313781091070415
352,0.028038687212830614,0.05426210159421863
353,0.018843920475169782,0.05639842881781416
354,0.02040662820856773,0.05605694871013027
355,0.019639283395299342,0.05531726396621618
356,0.02238472402796476,0.05842016384304317
357,0.02207211289426376,0.05752654428731529
358,0.01908534054051746,0.05729683082466735
359,0.022682179326080604,0.05729437777235693
360,0.01970891444578907,0.06023816844649183
361,0.01810165244770648,0.05592034478907597
362,0.020907371588121386,0.05470835055250273
363,0.02145845121864615,0.05559784826591499
364,0.02196851440451362,0.055972446344400704
365,0.024904903906126007,0.05543717170568337
366,0.022738051171586806,0.05786517380099548
367,0.019795727603674682,0.05706755171779702
368,0.018741653946032718,0.057202666820514766
369,0.01969173438496724,0.05636823310850557
370,0.02007860944936268,0.05665199984247822
371,0.021744664822672975,0.057575055699151265
372,0.019241343634816173,0.05538933344166679
373,0.020415921272201973,0.05653801618288633
374,0.02146241081101954,0.05549643045865504
375,0.0277613100703794,0.05673120093338173
376,0.018841724013646942,0.056954676934277505
377,0.0264193242047928,0.05582589667318459
378,0.02370004254308614,0.05898825935365861
379,0.02582015650679699,0.05633463563962389
380,0.0211394870869792,0.055694809879052606
381,0.01924360622900033,0.05702550861433634
382,0.020078571472422084,0.05576017556856748
383,0.019571239227972062,0.05682265097485449
384,0.019165203179638587,0.05562648793360345
385,0.017112442207607357,0.054049840827185405
386,0.020077694960662563,0.056044111415781174
387,0.02007924274871342,0.056370108414039874
388,0.02100531097653331,0.05453620239494737
389,0.020474838075406124,0.0547868439316152
390,0.019391867194943666,0.056036556209612606
391,0.02274305072137181,0.053147223070824055
392,0.01996587499462325,0.05391277672540873
393,0.01795007630038224,0.05496858935196298
394,0.02002375202726421,0.056272787361739574
395,0.021140784106938443,0.05524329503153201
396,0.017450354105813377,0.05823128211094921
397,0.01820936912910131,0.0583126177185012
398,0.022853944871025773,0.05517530787670821
399,0.01953133672102118,0.057321679818077495
400,0.01781553437577146,0.053911660538804265
401,0.023389318765237414,0.057458690748104176
402,0.017752366017865538,0.0592767302516409
403,0.0176683725631536,0.05746910098314584
404,0.021440019328906244,0.05626956461216871
405,0.018530418348957006,0.056263745363269536
406,0.018913817647435823,0.05713889808545734
407,0.02775423861689702,0.054892497870109434
408,0.018088587495530474,0.05605374590346688
409,0.01856765542529687,0.05514783500915482
410,0.022650256653704612,0.056753267228304594
411,0.019129888075739614,0.055694290747245155
412,0.018745365380353315,0.05276168795083101
413,0.02606078837545688,0.05835151401602833
414,0.019172160477497174,0.05925427378157625
415,0.019143424320930972,0.055224657945689704
416,0.02527925598677423,0.05715639958330862
417,0.019770035164016167,0.05822850956131043
418,0.02385327257916658,0.055466015825519584
419,0.02169969450787504,0.05390176669061931
420,0.01694205543464254,0.05394923190275828
421,0.017904513883389837,0.05682780531078652
422,0.017369665041986303,0.05551615588012196
423,0.022190015021489706,0.059735458792376336
424,0.0173108281223191,0.055971021640270874
425,0.01772548140356533,0.05601612251616062
426,0.017430711692333407,0.056191713766271904
427,0.01790601187341826,0.05488510318754012
428,0.021065009816266526,0.0570894030475975
429,0.0187896027763996,0.05902118548601492
430,0.03284385174419439,0.05500492859715806
431,0.016095674231788582,0.05487969887435885
432,0.01848138930118383,0.0638695838756131
433,0.020525463369199103,0.05554825131008798
434,0.017663998955562945,0.05543853857911619
435,0.016637202962462246,0.05920548469089625
436,0.016576285190810232,0.05337187345314743
437,0.024560751872236452,0.05947853469833694
438,0.0170946240039735,0.05417196307900854
439,0.018204565557029366,0.056545393462094445
440,0.01671859217941948,0.05424442336448751
441,0.0187417824159969,0.05551089712402277
442,0.021328815413773246,0.05758235153548401
443,0.02491905252364549,0.055648156929583775
444,0.02541889033067189,0.0572167542065146
445,0.016810033563816437,0.05547670668042393
446,0.015987730377753702,0.055278207537225614
447,0.015256008728871525,0.05627825426726712
448,0.015647162832202955,0.05645978081980744
449,0.019704872076647784,0.0561061250909528
450,0.017010731856137235,0.0572513307358388
451,0.01942403581822554,0.054646283192069905
452,0.01667100156082255,0.0552027399434631
453,0.020369152885899647,0.056613626476741376
454,0.01643707401478272,0.05419279169057844
455,0.020860655312090644,0.05526292799297431
456,0.01648704449538153,0.05445863834972071
457,0.022004357127466918,0.05611276453860421
458,0.020441512025448968,0.05611664929746984
459,0.01849222142354448,0.056126993980473446
460,0.01723096752393302,0.05721482195725716
461,0.016733900813216514,0.05563694067803541
462,0.017398544216417594,0.05495896199741459
463,0.019101236517713362,0.056062299870234686
464,0.01735484888514381,0.05496092582294218
465,0.016769504729296347,0.05634130585126411
466,0.017016290736656205,0.061006803401654826
467,0.02072423262387327,0.05645503141079331
468,0.01983429454734146,0.05718520884973961
469,0.01608716526293549,0.05663551358426722
470,0.021855095722552002,0.060424150502248516
471,0.01743273717587738,0.05559966121251721
472,0.01651761373709362,0.05405506231170848
473,0.017557016138839872,0.055856013404471536
474,0.016656958874677042,0.055759181803031674
475,0.018619628024629103,0.05551640034879658
476,0.016055516478223113,0.058011388018689956
477,0.01805744703485394,0.05421163594550955
478,0.020283258166806453,0.05664725203935365
479,0.021655629596272978,0.05570750356766216
480,0.024964615965384674,0.0569177828635787
481,0.015717176276735002,0.053459987959317994
482,0.017237495750679305,0.060022268425626565
483,0.015924090577937592,0.05472312488576822
484,0.015300551073211113,0.05431862592809182
485,0.021110699841968693,0.05772554614863599
486,0.02128925969748288,0.05499430866281789
487,0.01929984681109743,0.05549867014239605
488,0.018232089388519994,0.0545858611028296
489,0.018986603534170265,0.05570754079255544
490,0.01801044092773457,0.05616071172301333
491,0.014854970618755466,0.05757674121094825
492,0.01497322774629421,0.05585243979604322
493,0.01618504728596412,0.05632707048067473
494,0.019930741174561104,0.0618728711304808
495,0.01647674865717051,0.05603060544582836
496,0.016539462342811603,0.058560265158128025
497,0.017441663739262703,0.054225931807717585
498,0.019420839814019614,0.05726310605169239
499,0.015595416214352117,0.05344908345574723
500,0.014460275615317321,0.05339452528154342
501,0.018813963734244106,0.05544745395506235
502,0.015895042971337103,0.05652997931255434
503,0.02091280811796181,0.05545008482229441
504,0.018970616529681093,0.05559559436258218
505,0.01866889927466181,0.05604842072702888
506,0.01793626640108779,0.05422761805710338
507,0.015541036400161566,0.057679214227692524
508,0.017466999847313452,0.058221100313696345
509,0.01656348633413498,0.056065309008485394
510,0.01578799483357552,0.058268052416113686
511,0.014923553951785296,0.05706889500706118
512,0.01702641277956458,0.05579099077778054
513,0.015572020652642632,0.05619144670310475
514,0.014934647349541464,0.057053191890767345
515,0.016233211593428002,0.05470997335057808
516,0.015226980128258374,0.058337896866233724
517,0.017201243937716215,0.05588995255436515
518,0.014863395383201984,0.05606217397596304
519,0.014376657968241032,0.055578732335552536
520,0.01605278481276805,0.05596720088357316
521,0.01608085795816583,0.057387423685245346
522,0.015983741555281195,0.05821503604526508
523,0.023745925332124704,0.05604708985539905
524,0.015715467547968636,0.054112664169461505
525,0.016546680875192614,0.05744030008227903
526,0.017017330542253475,0.053889924786368705
527,0.014691364119372398,0.0546559643439183
528,0.01459837887658034,0.055042617769916556
529,0.01973718696720548,0.057035940771637705
530,0.013985147361050953,0.053529816341205946
531,0.015483999829213821,0.0534540265145009
532,0.01666005283337215,0.05612380861451751
533,0.015984915950128277,0.05566861648532681
534,0.018358174877877706,0.055669524065011126
535,0.01364024765906289,0.05483834422135114
536,0.015831917903873612,0.05872650838510733
537,0.014888045769243219,0.05591116476813355
538,0.014586876216563498,0.05487603947221486
539,0.014310577040579064,0.05644584990533671
540,0.01533274662018196,0.053881889886052386
541,0.0194442978181342,0.05473037409528455
542,0.020493410813817784,0.05660318638335792
543,0.01655027207547688,0.05458462573494529
544,0.02027834336445623,0.05476789548993111
545,0.01571940015534342,0.0558258774491928
546,0.01413189269730757,0.05632671280612324
547,0.015041493115870743,0.05466363028177343
548,0.014443702721343519,0.05924514696039353
549,0.014140584946939937,0.05672521085331315
550,0.01673189512100713,0.05567215795729095
551,0.014550742941403464,0.05620586549989263
552,0.02444808945340049,0.057369750833376906
553,0.013711166646927129,0.05599329553376463
554,0.014851681610750367,0.057274904905031794
555,0.014108127023919623,0.05625836843423975
556,0.021189659463130756,0.055653088616398644
557,0.015127508746325782,0.056974885214988454
558,0.017399660781679857,0.05599144872343331
559,0.014946360249060636,0.05326020847399133
560,0.015005459442594581,0.0586327175075249
561,0.016215477197147835,0.05446239514159678
562,0.015148072830491867,0.058436125955710135
563,0.013370236200878986,0.0552429219516447
564,0.018388954081739003,0.054186076065875534
565,0.013983013195957883,0.054414106472243644
566,0.014811283777406597,0.054176884598301764
567,0.01386932279260648,0.05395110364172393
568,0.014247811808131144,0.058889085917096386
569,0.017455335367809643,0.054327488561770075
570,0.013801032829107163,0.05765129746238988
571,0.015086155840221991,0.055164119588178503
572,0.013524067690333229,0.05891892395185349
573,0.014303069082920828,0.056847763334151195
574,0.01516703747761754,0.0550616385046402
575,0.01404730528943404,0.05705287610939272
576,0.017291761727472273,0.05607435065216588
577,0.01563459858415082,0.05545612738320702
578,0.015134609494136418,0.055086624614875714
579,0.014050531209823107,0.0561532954636373
580,0.014553537344133779,0.05809475976348222
581,0.01593290088365444,0.05452358014974976
582,0.01716810337568525,0.056350791196625935
583,0.015456969697950962,0.055583804827136804
584,0.017620003037738575,0.05997793584651218
585,0.01697387301062342,0.05667322019773318
586,0.013549762985269104,0.05684615259892062
587,0.013730623905304645,0.056322861938996424
588,0.015505334993001062,0.05778197170162858
589,0.0158688508960941,0.057685638140690956
590,0.012344925477516875,0.0576605104974338
591,0.01824385396038477,0.05946501392992517
592,0.014823232015425509,0.05846461734003889
593,0.01338050237982344,0.05787265519226404
594,0.01736724989190931,0.06242964794873295
595,0.013948865012969342,0.05466473417211894
596,0.016807751753440472,0.05634956527734759
597,0.014352466712551058,0.05658054604827611
598,0.016726101909218163,0.05960202625110036
599,0.014053506093525962,0.05612512014078019
600,0.013776439966102566,0.05688268232875898
601,0.01340971000165588,0.057500011238612626
602,0.01789614934544298,0.05443576887660755
603,0.015965128521840774,0.05488271852558418
604,0.013336514534434555,0.057540494313739
605,0.01401945268063803,0.056023353313966504
606,0.014805648989718536,0.05527660888351295
607,0.013415610543262435,0.05417330459432494
608,0.013377706079413899,0.05547851629387167
609,0.016457814478014705,0.057619345600817135
610,0.013910072117016233,0.054691415858970846
611,0.01608810041298313,0.05662667432935316
612,0.017804415190014345,0.05712607403969705
613,0.013133567798777621,0.057381165384275276
614,0.018655014986341648,0.05405197607208613
615,0.01477187093300599,0.05733401899723182
616,0.014937582901652703,0.05578296155409705
617,0.017363995293207864,0.05801506144435782
618,0.01528045202263844,0.05546364648487036
619,0.015968152056200002,0.062370350346305316
620,0.01468525268137455,0.05615665469514696
621,0.017189894575146858,0.05479159684184201
622,0.014826051193088012,0.05434444026652733
623,0.014236526919943412,0.05587139379298478
624,0.0157753314274045,0.056664274627328814
625,0.012718134749458874,0.054619259572118745
626,0.0147878483031237,0.05581602963962053
627,0.013888036499389661,0.05429719590154806
628,0.01726340785692665,0.055997062157045925
629,0.013342189301844675,0.057843747863868124
630,0.013003870287215261,0.05671800556300875
631,0.015314206726218466,0.059669751711283116
632,0.013625958443949215,0.05648362521726386
633,0.012633080932904373,0.05714928510045647
634,0.013775298377750062,0.059644956944655055
635,0.01380173685934196,0.05754096081531735
636,0.012656073386672895,0.054009963041708284
637,0.014769917751040577,0.05580367677305874
638,0.013662947954896101,0.05614876795681497
639,0.013580636760704569,0.05506368168165212
640,0.013980634189371404,0.05646278437479098
641,0.013187988115281895,0.055163053081447914
642,0.016411020026358317,0.05395624425290223
643,0.01352088125918913,0.056739982945802514
644,0.02244314868411861,0.06209454414689152
645,0.013345184011916195,0.054973221997868145
646,0.012756938824202386,0.05512343181815362
647,0.012506927705156766,0.056851308251308616
648,0.013329186281160128,0.0546910333491507
649,0.012179914117443338,0.05733827224239371
650,0.012672103579421775,0.06087663298225343
651,0.013388952941029424,0.05567977708159832
652,0.013129609657398959,0.05711190066391364
653,0.013437704261987935,0.05474896794348432
654,0.011945221608148473,0.05920428756559104
655,0.014150104453337604,0.057017925939987175
656,0.01312379959713796,0.05556255904840945
657,0.014643615374464226,0.05893581816203015
658,0.016214613577929037,0.05836664265334457
659,0.014879724991779343,0.056729355019360855
660,0.014096862341636401,0.05607307787265694
661,0.01354261044249359,0.05454705785353082
662,0.013967764590134067,0.05533795232387414
663,0.015608494050310322,0.054973202082970386
664,0.013322210394803633,0.0551768211381776
665,0.012588862353077502,0.05595485946364271
666,0.016129961301540506,0.05429329345922422
667,0.012826632042663598,0.05680403093758382
668,0.013579219311102057,0.055729443632196965
669,0.01411843667723542,0.05651796546608284
670,0.012970395397897051,0.05440129922296768
671,0.01257399349330361,0.05617090785189679
672,0.013030833666881424,0.05609258851573282
673,0.01756362073987629,0.056687792356973306
674,0.01292207984247925,0.0530710731887429
675,0.01416511365378912,0.053872993706088314
676,0.012154565995623326,0.05702938265482286
677,0.0149965000376806,0.054477951309660023
678,0.013700541500060536,0.05515847882643379
679,0.015879846084570996,0.055734086903115564
680,0.013830306160272476,0.0560749016683502
681,0.013704132046375342,0.05444520074211266
682,0.012900826436552134,0.05621100970564928
683,0.011988126012995886,0.057803163683055936
684,0.012159688672675608,0.0555644445494751
685,0.01462715580697437,0.056749898958997916
686,0.01413794581816301,0.053676660599789226
687,0.014917486998308041,0.05745843309619672
688,0.014021572312427726,0.054669686604786036
689,0.015142159933533787,0.055675359195411056
690,0.013326684491808138,0.056400125178702194
691,0.013925418651846697,0.057663827368938235
692,0.013881501610329533,0.057926927032626065
693,0.013704511935481084,0.05508262218725413
694,0.014033707197416912,0.059553111172783044
695,0.01535613501450298,0.057922279746983586
696,0.0123546412302222,0.05735866172720017
697,0.01253433002386721,0.062276179386410196
698,0.014129487383047989,0.05714120464702895
699,0.012310090868917753,0.05555340209812449
700,0.015649408417342223,0.059055695221537634
701,0.01244691719058726,0.05951656485186484
702,0.013881948213078385,0.05506414423386256
703,0.012637944950438965,0.05657467169495752
704,0.013871816772278573,0.058018174218504054
705,0.012459538082904576,0.05449321053754118
706,0.012503969030554018,0.0548895015042826
707,0.013456015914771998,0.058215164376380746
708,0.012392901573154994,0.05415081825658193
709,0.012358302501582053,0.057932723603003604
710,0.018569314315167715,0.0599509000330043
711,0.012899788925686974,0.05824653777226171
712,0.013536896708430168,0.05641933567915345
713,0.01780834934180807,0.05770806245561829
714,0.011804153062519982,0.05543952454861842
715,0.012257722641420214,0.056481413160425084
716,0.013751819700609928,0.05664743863998499
717,0.011765440432559173,0.05771982953661964
718,0.018822915618509333,0.05640953572882447
719,0.012353731666729555,0.055074056148304976
720,0.011998526769512125,0.05445786155666923
721,0.010870919840229342,0.05540698936633896
722,0.011943173539302193,0.057004114766990334
723,0.012548827174992583,0.055273172289207764
724,0.013343692123656362,0.055838856771401595
725,0.015186302457296736,0.055813749967362346
726,0.011833815750750628,0.055264036467574294
727,0.012770229842525477,0.0588675291933362
728,0.013871476325705694,0.05528869599402698
729,0.013258315056422287,0.055649014521287496
730,0.012737458822869209,0.05658783251069542
731,0.01207929370241666,0.05659546396860801
732,0.011680182098735089,0.055196905018467655
733,0.014156744354127155,0.05591364503653725
734,0.011816078782385232,0.05595257068823155
735,0.012750610177840184,0.055667333472940256
736,0.011405752513405858,0.05320447276260022
737,0.016528675198368144,0.05398818093321676
738,0.01211299468707702,0.056421434959597457
739,0.01201689349586687,0.055974710387245455
740,0.012909014688857297,0.057385522134620746
741,0.01461677266092136,0.05662992502326954
742,0.012593095906102171,0.05638576870350013
743,0.011515862247132956,0.05664797148720961
744,0.01381860212437505,0.05874631141212052
745,0.012887914997867095,0.05647813434476841
746,0.012203529628933785,0.057511611325773676
747,0.013697826931235559,0.054965447289005556
748,0.01290451407397522,0.05934011292898266
749,0.012623931573219248,0.05656932917117774
750,0.010779880571141138,0.05467649336372103
751,0.012422017128349845,0.056972108361192215
752,0.013483760277025377,0.06002405319446908
753,0.010719521455817088,0.05654422734352879
754,0.011757852506698299,0.05572559801222089
755,0.01175078284871242,0.05869961684023527
756,0.013245205187638725,0.05870972493462694
757,0.011301183979666346,0.05600974396020548
758,0.010972356747800841,0.058605618158677465
759,0.011304271462896026,0.0544580205677446
760,0.011861062760473606,0.058666418817706574
761,0.011838106310059285,0.057086516993311714
762,0.015918190182306363,0.05511417755282911
763,0.011429405488003757,0.05788462638929673
764,0.014984259273868556,0.05867415013020499
765,0.011632295275766834,0.05412857517375982
766,0.011822280497363181,0.05605484799185492
767,0.012132910080254078,0.05576249664850103
768,0.013469624502415007,0.0582345305547529
769,0.013141139025061295,0.05852215798725759
770,0.012995647143887876,0.05552670692926959
771,0.010589613298940995,0.056645178369113376
772,0.011781900986842227,0.05616217423090361
773,0.012720934293440143,0.0564291331086093
774,0.011208396977204887,0.05614345951150533
775,0.012884725016603088,0.0556870580074333
776,0.011131660659508458,0.06395400559207551
777,0.011727409539481502,0.056375452795796525
778,0.013241863765733369,0.05510274446884492
779,0.010632035751654811,0.05514977503577271
780,0.012268098293100032,0.056828196148824575
781,0.012061108140198975,0.05459279699582504
782,0.011338518804003453,0.05752316809126309
783,0.01252054386891915,0.05817643707071928
784,0.011431631474495869,0.056795788102580194
785,0.012757987402916702,0.058023616139377863
786,0.01078975786889982,0.05596304986448515
787,0.012248335528803469,0.06119686289501369
788,0.011610970966704773,0.05426550726581337
789,0.012685615691972376,0.05700544670298882
790,0.013357364283553485,0.054975901966106924
791,0.018565168983790566,0.06255481384675902
792,0.012202429325322747,0.05663137696216578
793,0.012336112623070848,0.056727469564978046
794,0.011909033455024693,0.05633848930772086
795,0.011856753892939666,0.057215955453857145
796,0.010660452178466282,0.05766948536598593
797,0.01244677706303361,0.05538991932992947
798,0.01192821000869091,0.055101828355538215
799,0.0106343485029607,0.0564737519562095
800,0.011767415067058373,0.05674630906759647
801,0.013014284298291027,0.056470732734466254
802,0.012795305813788247,0.05718179754819488
803,0.011300277052488072,0.05580736651904601
804,0.011067103174132613,0.05944690742252166
805,0.01213447507879577,0.057317695494059635
806,0.01109373528031533,0.057034386634677275
807,0.01100838795993302,0.056825692296252214
808,0.011014703491872007,0.05887866256417786
809,0.011273288445366214,0.060509362232341504
810,0.012720529588529123,0.05544539900463924
811,0.013556988471914609,0.056572399165173225
812,0.014660911745505647,0.059595485817743724
813,0.011328608241387669,0.055144905735899634
814,0.01253303841083401,0.057308140068424676
815,0.01050942628513029,0.058086007403998746
816,0.011501408012753183,0.054478724956288374
817,0.013643550006293205,0.05508989678289657
818,0.010570450361853109,0.05749578967242312
819,0.013353846260699732,0.05621509618104849
820,0.012216772487077594,0.05575804696196601
821,0.010657836023286031,0.058945436889590475
822,0.01596086528327398,0.05704871618321964
823,0.010804859889221603,0.05614897197948064
824,0.01079161632455722,0.0569112124785146
825,0.012049552091166704,0.05474041689906204
826,0.010532872009800518,0.05603032344415373
827,0.010760217093421749,0.05602579740317244
828,0.010758898288104975,0.0543040048919226
829,0.01104571889840697,0.0579817854054739
830,0.011282027918016276,0.058296347611156624
831,0.014095540041670343,0.05584077079567993
832,0.01367101637313732,0.05687276125514418
833,0.009897566295366115,0.05640340303269245
834,0.012130057100545277,0.05671371753913418
835,0.011682107197967443,0.057114533809268085
836,0.011005421399743205,0.054486886955293495
837,0.01068807470387426,0.060747580514067694
838,0.01070388772621237,0.058732915100149045
839,0.01055730063596676,0.05642844873823618
840,0.010928061376194408,0.056363581219935475
841,0.010359101093791682,0.057500956341960376
842,0.010248646268556857,0.05763814912964228
843,0.010946549165725334,0.05935794185090782
844,0.009869177936690168,0.05409615953688633
845,0.012754441066688878,0.05745053001887219
846,0.012378417682428158,0.056379861830918115
847,0.011466258398160852,0.05979737888713528
848,0.01044010954871073,0.06117429927850427
849,0.01126820419485853,0.05869353292766669
850,0.010476522626454553,0.0556415350720249
851,0.011722261845177991,0.05654665402003697
852,0.010276955964049575,0.05566818646171637
853,0.011398596262857084,0.05584184210140603
854,0.0101981778778019,0.05659722217491695
855,0.011177865630687218,0.05607596825910989
856,0.013272769334594658,0.06171329842324842
857,0.012454391264453017,0.05795899809415179
858,0.010967100693093946,0.05595728612147776
859,0.012088012507880183,0.0616340125469785
860,0.009882119825828038,0.055047516862775446
861,0.01221502636527193,0.05523763794013133
862,0.010354930091193851,0.05666729522154743
863,0.010362157148533854,0.05707513776264692
864,0.012510378453822158,0.057972587122206105
865,0.010389712513614225,0.058091417468505394
866,0.011840829403843251,0.05872983849586401
867,0.009713529384341734,0.05916865967344819
868,0.009998124250470657,0.0573958633350848
869,0.01109534506116728,0.057330914243196786
870,0.010058707595572203,0.055588287807870326
871,0.010488822629973058,0.057359541381212104
872,0.01143384791712122,0.05742167753347179
873,0.011433785191523991,0.0579975854073252
874,0.009734426759370255,0.05451805731818491
875,0.010091029265223999,0.060874287160416894
876,0.010505725445698794,0.054887044502604274
877,0.011436573985882314,0.056529749997128224
878,0.010401517036005994,0.06023878497736795
879,0.011163893824320602,0.059372774799141964
880,0.0112790159449028,0.059066129404874074
881,0.010804458372411683,0.05787296196385135
882,0.01278218081904149,0.0578156331073222
883,0.010877532201314048,0.05994680808637674
884,0.015158274295655165,0.059434920652094936
885,0.009880620767260232,0.05584574814764479
886,0.009998994818114936,0.05520088774593253
887,0.010765934792175002,0.056358358036157186
888,0.009844604914651769,0.05643196079067718
889,0.01017023328703399,0.057106850449378625
890,0.012144056799877026,0.056324144260477
891,0.011579491151350792,0.05627198123319406
892,0.01314690021570293,0.057811893083920755
893,0.011771243153180821,0.05874180369882058
894,0.010332083008412657,0.058061165319648306
895,0.010173827252090912,0.0571187155083158
896,0.00972450425889238,0.0616114864541325
897,0.011956069802392427,0.05489905313927129
898,0.01177755301543818,0.05824485155088561
899,0.00990567506410672,0.05784685348620391
900,0.010204721598369201,0.056535028154613975
901,0.009317959667560076,0.058187650119825116
902,0.009925353200668265,0.056890306578841726
903,0.0102549059795315,0.0605168891953944
904,0.01006157185917364,0.05538050220686391
905,0.010230251403998431,0.05630327828396532
906,0.011628885470260647,0.055786492671808206
907,0.010131306052908629,0.05609225589119103
908,0.010289631381070353,0.05614188608519714
909,0.009884320780471387,0.054661567628682406
910,0.009584128567627791,0.05553639177839858
911,0.009710172973689988,0.056303302465674276
912,0.010373593077390546,0.057020834355351324
913,0.011267705548986746,0.056082927997697866
914,0.00999441947262489,0.05583550291775462
915,0.012607165045896106,0.05660542736488177
916,0.009672362094622421,0.05527364753914955
917,0.012197842547045232,0.060959186610347944
918,0.009753675296388823,0.057121741564426204
919,0.010990075813752357,0.056429550976009296
920,0.009670069890803304,0.0581053548718903
921,0.009478565930245812,0.05447842908047494
922,0.010105880812324327,0.05626241596681731
923,0.010998575291289805,0.0565006860571547
924,0.011264056595024831,0.06115079798121799
925,0.010154895198335841,0.056995315341871786
926,0.00990841576543441,0.057608631423168015
927,0.009797338463459456,0.055386150008380264
928,0.011409859494145575,0.05690556666568706
929,0.010260175574909557,0.05510700800290383
930,0.014549454277071834,0.0570534057261651
931,0.010487168951421322,0.05488143598002599
932,0.009828069854562745,0.05832649378063984
933,0.009283582706202907,0.05627123778102392
934,0.010533054636610339,0.055866615786065436
935,0.010268049113172162,0.05740896475158239
936,0.01017371821436202,0.056697952680121684
937,0.011252683374248328,0.05520522230325785
938,0.010506245112017405,0.057325911196999084
939,0.012454242461585793,0.05673375433511602
940,0.012691471868758105,0.05484024485699216
941,0.0104762435128743,0.0572123568887848
942,0.012135696451422002,0.05615830954565739
943,0.009372801960775844,0.05476034904146254
944,0.009098998606672107,0.057745374897891714
945,0.012318929044243684,0.0568371140363073
946,0.010509553998942286,0.05637195443076299
947,0.009650952203146716,0.05811862435593342
948,0.01287198422307318,0.05403281120877517
949,0.009734824019539692,0.05565275122087104
950,0.011640529378921634,0.0578536808882889
951,0.010380316397239422,0.05515508819604876
952,0.009625785502380338,0.05646315370137829
953,0.009017678316343914,0.05529227177787544
954,0.009793402764327287,0.060516070742580225
955,0.011396010841321795,0.05946543441156397
956,0.010469858064593567,0.058702576419987475
957,0.012228978548175583,0.05697672715163171
958,0.010979433484130238,0.05547728865666497
959,0.009244331885654725,0.055796415043205844
960,0.012179399344217627,0.05848878488542143
961,0.010229823748846786,0.054878386255717816
962,0.009140293992658768,0.06009315338013764
963,0.010982261608620422,0.054305839546043476
964,0.008870784164082294,0.0596070850179309
965,0.009014686686351756,0.05864384193393521
966,0.009500367274992517,0.055999531865792165
967,0.010807008368655058,0.05659222695276253
968,0.010461628101298989,0.05509312726314504
969,0.008928870820209711,0.057390239799306506
970,0.009639901491495136,0.05550361462030793
971,0.009287092250809774,0.057035254561960846
972,0.009447311080384964,0.05534475818649868
973,0.012842333139880884,0.054359613168508486
974,0.009444277441613726,0.05541134307296354
975,0.0114550038027726,0.055838491739635183
976,0.009744210989100619,0.05698702081029577
977,0.009681662112521154,0.05755448325497465
978,0.00934963114851601,0.05789358508691453
979,0.010433960510388625,0.05774329254464398
980,0.010388459175311286,0.05728154270944739
981,0.010099070555410788,0.06021680046143687
982,0.011002462351443625,0.05769505109964756
983,0.011405720124400708,0.058488425885077404
984,0.009869606891022207,0.05906780946411585
985,0.011243759426740831,0.05446816370227283
986,0.01121330950379979,0.05959869065044219
987,0.010195272525065932,0.061687584639641274
988,0.009412586467112866,0.05605130132875944
989,0.010618406619444536,0.05579771642062001
990,0.009075882862143942,0.056191720890072655
991,0.009401078403089487,0.05590647517850524
992,0.009499503096688223,0.05827405072169794
993,0.009756636140184903,0.05546482107170243
994,0.008621989531868771,0.054840350920395145
995,0.009121222865291897,0.05736134879122999
996,0.010531159644788802,0.0570709483329216
997,0.009566237328159491,0.05893241504865481
998,0.011556422851722816,0.05629249235479754
999,0.009597138808251922,0.058824805622187476
1000,0.012197564309316929,0.05620723140232246
1001,0.010313372702854554,0.05898003993476542
1002,0.009751199747561288,0.05792642928155741
1003,0.009160469202937845,0.054582720767137105
1004,0.009126176394895887,0.058142757197295815
1005,0.008705666320848054,0.056940175051378425
1006,0.009141093076186307,0.05640622336688197
1007,0.009310403980349765,0.05796362485801965
1008,0.012889176548741828,0.058133442262957864
1009,0.010411611781528564,0.05699578850042252
1010,0.008668388705700636,0.05561640868920431
1011,0.009623134187583265,0.05676115926980674
1012,0.009993050335015996,0.054838665931445915
1013,0.009402161747287247,0.055678948395906536
1014,0.008999286601933006,0.05807554172842126
1015,0.009894853235926,0.057113438107091984
1016,0.010341069710712449,0.056278256452023834
1017,0.009536805530560428,0.05777194661865557
1018,0.009918097561359593,0.058187689156012426
1019,0.009796615138206176,0.059138862598211245
1020,0.0112783678932857,0.05549054758105063
1021,0.010415005129776592,0.056551379125966764
1022,0.010290843542653565,0.057437616379413386
1023,0.00836067458141747,0.05828705759611644
1024,0.010267331685322019,0.05961639402354869
1025,0.008851486085957868,0.05747301321952863
1026,0.010452586696205841,0.05424434234175766
1027,0.00939580261251863,0.05797614752872845
1028,0.00928452617100507,0.0568895552746186
1029,0.008964782966108158,0.0584593492006897
1030,0.008922769343568053,0.05793723461211176
1031,0.009241218798353008,0.05665067171579913
1032,0.010352655900729861,0.054789396128932334
1033,0.009661180954017795,0.05520823453191229
1034,0.009972539330397654,0.05839946015474193
1035,0.010210509630953631,0.05561411166026777
1036,0.008922584170948562,0.05777212160459736
1037,0.0095756830746851,0.05838349413938988
1038,0.00951045194821765,0.05441895033930776
1039,0.009742071936753664,0.05844930522050475
1040,0.009421231695173489,0.059206407685252954
1041,0.008826088206988518,0.05681729654695157
1042,0.009579677911341003,0.055933100061682534
1043,0.00912347034227138,0.05983013038833936
1044,0.009672302082706488,0.055494875182633414
1045,0.009404463753349449,0.0546016779665212
1046,0.008975383653349264,0.05457639930429017
1047,0.008851610051123513,0.058604669899570014
1048,0.008771496865793269,0.05670142498679627
1049,0.010578359871355345,0.05572288038027018
1050,0.008712531035316402,0.05479088364014948
1051,0.008442854120463226,0.05683268883025138
1052,0.008585992073611033,0.056933347957400154
1053,0.008889999351578073,0.05848335494336329
1054,0.008797813732422258,0.058021288075692075
1055,0.009672154104599852,0.05420349924860144
1056,0.010198393189946779,0.05569820253547272
1057,0.008896926336200633,0.055719903742609767
1058,0.00884856272278628,0.05724042941603744
1059,0.009230825397533402,0.056508761254094896
1060,0.008749634344247534,0.05751242214127591
1061,0.008533580100228047,0.058034672268799374
1062,0.008674303244881122,0.056464246770642455
1063,0.009760084258374936,0.057629562503562534
1064,0.009779575337775542,0.05769828990811393
1065,0.008723377977092064,0.05735700658725617
1066,0.008541592166154736,0.055936262683760854
1067,0.008926646995612166,0.057495888359938054
1068,0.009232041522346694,0.058720735081455165
1069,0.009399307398329894,0.05758751081046006
1070,0.012940776873041283,0.055745174692836325
1071,0.009627061545685354,0.05534301900811363
1072,0.01142808313402683,0.05701890705447448
1073,0.00936774271876087,0.055458476202081615
1074,0.009197196289663404,0.054703815735148306
1075,0.009682707657868212,0.05509867270787557
1076,0.008716569466043416,0.056648860010960346
1077,0.00854633613650141,0.058979036757969915
1078,0.008942274277486771,0.054773859875766856
1079,0.008759040700791398,0.05572980150281636
1080,0.009180671296032806,0.05558157166965623
1081,0.009501828966796586,0.055277835306965915
1082,0.008640835033934037,0.05796202797825474
1083,0.00822277367698922,0.059404616162442324
1084,0.009495889262929793,0.057110243171154706
1085,0.00831769133529693,0.0560578151995825
1086,0.008169435767521119,0.05932199369583811
1087,0.010893745213560176,0.056479244089141525
1088,0.009470159777653255,0.05878712790539689
1089,0.010095417464508158,0.05714368644662967
1090,0.012179998917429238,0.05891373543474907
1091,0.008410867925464733,0.058990337813557836
1092,0.00861831875313599,0.06138371783577111
1093,0.008477330788806501,0.056452371002662746
1094,0.008285913514236111,0.055860109029706555
1095,0.00858215525524463,0.058324961080437616
1096,0.008998904902733232,0.05728567007901077
1097,0.009064701149316044,0.05632070063573675
1098,0.010739678876083287,0.056631771422791896
1099,0.008618924206233697,0.054210389579149115
1100,0.008502025735275498,0.05646563796583274
1101,0.00854137915020172,0.056554282406218966
1102,0.008990028458516052,0.062131929003579875
1103,0.008338499320875327,0.05487373661726041
1104,0.008606153271718646,0.058314337850289236
1105,0.009086841638535728,0.05375998805190686
1106,0.012354655138751183,0.05864490515419415
1107,0.010001514533236857,0.05682139274171719
1108,0.008110696756424014,0.056035788276963365
1109,0.010444448859398735,0.056703396272241025
1110,0.008733624542791828,0.055140768264170574
1111,0.0095629440357786,0.05635481992535723
1112,0.009570263019619878,0.06021002415838397
1113,0.00849875201672596,0.06074647029352965
1114,0.009228337960475385,0.05866596607822822
1115,0.008361384316367976,0.058391724519412914
1116,0.008207521328358067,0.05998196245584273
1117,0.008763644453079722,0.056061751309567524
1118,0.008225835296310787,0.05519694212198556
1119,0.008854871534021296,0.05773670316900227
1120,0.008702817031395473,0.05903834227780651
1121,0.01029000368237869,0.05835135073814177
1122,0.00816543397952023,0.05772367907795392
1123,0.008053535340079413,0.05508419328875709
1124,0.00842474238088699,0.05646156303976711
1125,0.008247309665087622,0.05538834726676009
1126,0.008338896592722791,0.05971655805121388
1127,0.008834417515250395,0.0603595255292896
1128,0.008242784225641746,0.05699553949417626
1129,0.008334615083884295,0.056294661071291545
1130,0.008606101263629793,0.05551008654193472
1131,0.009015551987206301,0.05688394985178061
1132,0.008712947329208489,0.05570339586090922
1133,0.008787540142310543,0.0544396033860687
1134,0.00901859441661162,0.056127342579881646
1135,0.008112691973444063,0.05991619206348756
1136,0.0077415549993328165,0.057061121362567246
1137,0.009711780782415295,0.05765047650737571
1138,0.009012430744263165,0.058840757819420116
1139,0.008231508954308436,0.05498458330232398
1140,0.010331266451638694,0.058195141109084726
1141,0.009249996399758004,0.058460198893657604
1142,0.008172118471392363,0.05780881728258049
1143,0.008196369248521178,0.05593208189969672
1144,0.009348963883626611,0.05874019639011015
1145,0.010284810833527844,0.059758453767625314
1146,0.008876488184947578,0.055624170289526605
1147,0.00800357232465873,0.05923262149805114
1148,0.007703579941817025,0.0571090447947495
1149,0.008476074530997059,0.05910073549376992
1150,0.008489980822177983,0.054493301457032225
1151,0.00897176401415215,0.05580392940189306
1152,0.007976811240517702,0.05780122755912312
1153,0.008719508048602406,0.05490715077198239
1154,0.00881021436257142,0.05595322014918005
1155,0.00929755487458833,0.059366624942399505
1156,0.00908780780833997,0.05715712617363846
1157,0.009149127552244918,0.058275577110380755
1158,0.008207211930736853,0.056248757063894345
1159,0.008303292229958462,0.05858034950524643
1160,0.00887968060108001,0.058423611510517004
1161,0.008880836597197107,0.05777649479663761
1162,0.00828557236698167,0.05967913765021434
1163,0.00984598074085006,0.06021605631836076
1164,0.009138834363486045,0.060849853289455996
1165,0.007919993453008067,0.057827095508127285
1166,0.00843047555594422,0.057508293978104315
1167,0.0077620382700991294,0.05670448027569847
1168,0.009352247423396028,0.05723143705075845
1169,0.008060253601883272,0.05658946862271555
1170,0.00849803451004914,0.05586974270511092
1171,0.008316566777885614,0.060497862615979704
1172,0.00808175980495902,0.058863298215887004
1173,0.008676303044066627,0.057200629021365544
1174,0.008697766004871798,0.06083918300300911
1175,0.008756392320098361,0.05901987644327912
1176,0.00837467963220464,0.0593026977097779
1177,0.00806466208735837,0.054787970435126385
1178,0.009328562732739227,0.05956186946098667
1179,0.007940762984306555,0.05816026347546948
1180,0.007994155327973415,0.05840353017910979
1181,0.008145728662353137,0.056474985970291575
1182,0.007835310051760703,0.056323854117315816
1183,0.00763961797153875,0.058558301846111625
1184,0.008635748907643426,0.05694501394205225
1185,0.008223520434201699,0.05812877759262733
1186,0.009120423406607773,0.05623565919529226
1187,0.012004262589642246,0.05738896294905428
1188,0.007831096958637611,0.05571888885775903
1189,0.007729231251467918,0.056773348961184196
1190,0.008447461860797435,0.055468274639886725
1191,0.008137348818893437,0.0588010966983206
1192,0.007470650081654141,0.05681112375960015
1193,0.008399757813533833,0.05713764328817676
1194,0.008133166466714073,0.056844095566443036
1195,0.008494156193817297,0.05588267219806076
1196,0.0076657653812517565,0.05896822105448945
1197,0.008014865599128894,0.05506688620624387
1198,0.008373902027486446,0.057924277081450724
1199,0.008012308451554338,0.05486167449140011
1200,0.0077284593135118484,0.05652784220967675
1201,0.008006278775795874,0.059088421551356636
1202,0.007976732675137939,0.05587196368770791
1203,0.008746472657380806,0.05610998817964604
1204,0.008533449986581705,0.058257995514119774
1205,0.008051372828037948,0.05619683238049796
1206,0.008503535156631638,0.05550167912192512
1207,0.007751396318553103,0.059023063769914154
1208,0.007797355276056591,0.05583310215955689
1209,0.008423908815068137,0.05696499257122066
1210,0.009368394971547829,0.05858670094781054
1211,0.007605230689726092,0.05559628688377844
1212,0.010825724321998492,0.05657844887789628
1213,0.008414075885049789,0.056829631730055154
1214,0.007568396687752868,0.057529619659173456
1215,0.007980021039391853,0.05673882399772044
1216,0.008367853040652216,0.05740732036736376
1217,0.008106486699587686,0.059082382575685814
1218,0.008118083666963356,0.060631472654734044
1219,0.008856591774401807,0.05631463221253309
1220,0.00834710299268038,0.05911163998800412
1221,0.008130262179597978,0.05602276798589785
1222,0.008155994029674785,0.054714596277116834
1223,0.00862790550890621,0.06013349686424834
1224,0.008575008659503863,0.056283431963290186
1225,0.007644149041252917,0.05833664528073225
1226,0.0074316195875032565,0.058910902477520746
1227,0.008226855824406618,0.05724213306878444
1228,0.008377069445344441,0.05519603344058632
1229,0.008349405105304568,0.05797865747807916
1230,0.0075251009799890385,0.05723598075652481
1231,0.007562822799510717,0.05642718438964739
1232,0.007655804387080632,0.0592998665078242
1233,0.007446915695157638,0.0554916033133827
1234,0.00773029236654316,0.05750185427697081
1235,0.008173946572940644,0.0628623472979493
1236,0.007763812943218644,0.05822882087980596
1237,0.008183908686742514,0.057491799447694815
1238,0.007421085098612365,0.05626664303224487
1239,0.007347702308555008,0.05875939601346066
1240,0.008723049353060772,0.05818621587372364
1241,0.0077414854070562925,0.055169559128227685
1242,0.007682542264064464,0.05975195257586047
1243,0.008277714249552417,0.058007156845172846
1244,0.007557738677461319,0.0614747697940297
1245,0.007688542495140087,0.056291433877514716
1246,0.007823693081386224,0.06093504288254824
1247,0.00801123378558966,0.0586910102058921
1248,0.007290694839248089,0.057992804954225256
1249,0.007854455994401233,0.05911789088507643
1250,0.007975257810520529,0.05770332235516163
1251,0.0073505144064142415,0.057683066149851435
1252,0.007879685245594448,0.057558316046507435
1253,0.007235589918905291,0.05771318265706077
1254,0.007246695596105813,0.057459324560966106
1255,0.00772513940253041,0.05528885232550757
1256,0.009038732486388713,0.05766538389605986
1257,0.00747050128900519,0.056654493378143864
1258,0.008802734805872448,0.05519200651381249
1259,0.007733500988856191,0.05672578531361762
1260,0.00721941272024544,0.060197769587201286
1261,0.008143272726770292,0.06031470431159612
1262,0.007831036393475196,0.05651906240068581
1263,0.00872355185268114,0.05652938090395509
1264,0.007754863269019837,0.0573729285900306
1265,0.008186912496915805,0.05506188114334766
1266,0.0074363509251452915,0.05936681020790174
1267,0.00816362230895455,0.06083009898065027
1268,0.007777889078150161,0.05808098676770851
1269,0.008205564353953709,0.05710339342666449
1270,0.007567150630699149,0.057000863914352315
1271,0.008252802153109196,0.05657408238951126
1272,0.007811791898513382,0.05673736329178762
1273,0.007544774786922438,0.05819417708051533
1274,0.008285112965116307,0.05808062139982568
1275,0.007710453403126857,0.06019071291637301
1276,0.008137627204056818,0.056168483462847564
1277,0.007911944922445149,0.05577707666913071
1278,0.007813051191149833,0.05531409357611398
1279,0.009959536776834147,0.059250260532873314
1280,0.007350871311705034,0.058753475966982376
1281,0.007978460598199812,0.055560538764660224
1282,0.007871637351483947,0.057277340329903406
1283,0.007499561369197215,0.0565036325003569
1284,0.0072648945369620495,0.05774118032371789
1285,0.007477776986783294,0.05523539216894852
1286,0.009287406234975705,0.059183973809680844
1287,0.007919835236192123,0.056092739319965654
1288,0.007229882174209461,0.05670676893907083
1289,0.007147934254212159,0.05915393301269464
1290,0.008452083848323381,0.05763043449225282
1291,0.008017252279638216,0.05679137253186159
1292,0.007291011299155535,0.05765321301786523
1293,0.0072337607677944215,0.05726448175751774
1294,0.007722497811149747,0.057177879355082235
1295,0.0076555742102683896,0.05716614518548014
1296,0.0074112732153164,0.05811113041631859
1297,0.007741482823293037,0.058491957170846764
1298,0.007900035496345695,0.05605822092010861
1299,0.007134256017362249,0.056828939731706656
1300,0.007761313749307936,0.05880822764154066
1301,0.007152100858573443,0.05665504099581774
1302,0.007816765901156727,0.05843477708317881
1303,0.008119634456266896,0.05924659072979351
1304,0.007353992507936065,0.05842436402849386
1305,0.007528702599992012,0.0576881661656357
1306,0.007619829235312334,0.05667955784085102
1307,0.007399253525295321,0.05909532912654387
1308,0.00841998447427602,0.059112556147993656
1309,0.008762372038721291,0.06036767540943055
1310,0.008434596094872137,0.05753590161900472
1311,0.007547784189410438,0.05726751913888413
1312,0.008226418952372942,0.055595502556117254
1313,0.007934125038126606,0.05891758126012962
1314,0.0072079339958026675,0.057706595680916815
1315,0.007845738926044078,0.05545270849103318
1316,0.007308788854500343,0.05721965780421009
1317,0.007980445951667138,0.055518556190164464
1318,0.008624341260046233,0.059898922850090755
1319,0.006858354434370995,0.05964770844967144
1320,0.007053984393333566,0.06021950726296967
1321,0.0073572018922402945,0.05925566147555385
1322,0.007456257127715876,0.0576691889206419
1323,0.00816651502606637,0.056844835321332575
1324,0.0078555135301615,0.05562104225009306
1325,0.007018082889036325,0.05723350552053081
1326,0.0075735477365693514,0.056615836451525674
1327,0.007251157337758795,0.05769477582030129
1328,0.007201145076102411,0.058668809921893855
1329,0.007487694084714386,0.05506445735431554
1330,0.00749068251200791,0.055998009090360845
1331,0.006736680552900585,0.05456791143108131
1332,0.007547776170985826,0.05810273548863586
1333,0.008869702727782034,0.057316888730627555
1334,0.00753710564622965,0.056353393643347544
1335,0.00920639182426339,0.055770880689746456
1336,0.007194860175625657,0.05625531168883307
1337,0.007411982143023358,0.05562495966827063
1338,0.009328114864384306,0.056337260064624604
1339,0.007090221202952734,0.059116420543806295
1340,0.0071986401453614235,0.056996371905158334
1341,0.007157417507637817,0.05824545914666694
1342,0.007255739409791825,0.0572873193836003
1343,0.007103552507546068,0.057199194747254364
1344,0.007118325601667633,0.0585291690956381
1345,0.007222016019378804,0.05817868381290507
1346,0.007263968095802308,0.0585690030739421
1347,0.007386062575977144,0.056135685334827067
1348,0.00700881482367652,0.058788403924694636
1349,0.007051620594456465,0.0557087226899196
1350,0.0071917223323685435,0.05721063298502363
1351,0.007064256246338911,0.058233406002584254
1352,0.007185772160611182,0.05777412020883763
1353,0.006923765367404981,0.05820754478524502
1354,0.007218602475444538,0.061546932130977325
1355,0.007371622526019718,0.05599053918306989
1356,0.007326590108939193,0.059561768215252345
1357,0.0074892219354553285,0.057255026270497715
1358,0.006952496788531636,0.055534920344750084
1359,0.007700700461747691,0.05844895061768386
1360,0.008345063291139737,0.058849244497548366
1361,0.006994091835585321,0.056335074467617166
1362,0.0068813496383146435,0.06078921967095002
1363,0.006966080376440455,0.05716392920728315
1364,0.007384168334468779,0.05666074651599229
1365,0.007181743367175137,0.05802311606350399
1366,0.007690442623833317,0.05533907567162562
1367,0.006897992901153699,0.05687400533404565
1368,0.008042274539280088,0.0569528147933029
1369,0.006725679138576069,0.05559717839523067
1370,0.00714440729036974,0.058464963371891124
1371,0.007246422563857606,0.05645038112811277
1372,0.00693260096480667,0.05937841623311951
1373,0.007083623293425222,0.056816527437894865
1374,0.007156556199208416,0.05667652718181299
1375,0.007812071509869495,0.0585468348237058
1376,0.006854260096554192,0.06035034832799046
1377,0.006923662809520773,0.05795105987398846
1378,0.006738826784314033,0.056616957567837606
1379,0.007750692374443746,0.05780802499082752
1380,0.0073646136346422015,0.05545745368925551
1381,0.0069299218241931125,0.057756602484032624
1382,0.00717339774179141,0.05639375281289108
1383,0.0069845623371766466,0.059182034305910715
1384,0.007346513940949799,0.0559904480488378
1385,0.007797361728165964,0.05989288757170053
1386,0.007714906094309679,0.059278831838217
1387,0.00717535868964412,0.05831287138369448
1388,0.007904123322203242,0.05902039268075075
1389,0.008493161541307607,0.055781775894096323
1390,0.006780821278247527,0.05801733647634212
1391,0.007000451291499654,0.058221972610493354
1392,0.007054936438565344,0.05760134382168751
1393,0.006643004051254928,0.05865253730301272
1394,0.007714633222634329,0.056200705618039706
1395,0.006903403514534889,0.05777197866175408
1396,0.00720439352048415,0.05886254749986761
1397,0.00754056252147944,0.05597059745201491
1398,0.007103173123514951,0.057066429499770165
1399,0.006723040890030353,0.057616065851503744
1400,0.006743046414212186,0.05784998202047551
1401,0.0070310048817373745,0.05754261549776957
1402,0.008004784119843875,0.058199097834210047
1403,0.007667254757276243,0.06080357414812671
1404,0.00746528068732552,0.05964244482922076
1405,0.006836221538787725,0.060331172998387715
1406,0.009254081970296776,0.05665741526617442
1407,0.007893808358305113,0.05692753887602261
1408,0.006838720941443148,0.05533553538540551
1409,0.007196845688206088,0.058190116495416874
1410,0.0068149504771450285,0.060585125813956246
1411,0.007928712611731878,0.05802447757774726
1412,0.007275368657757216,0.058095696659987435
1413,0.007091814167447225,0.0576895853051715
1414,0.0067938892287567115,0.05494220644459689
1415,0.006699257552168306,0.05707213055706562
1416,0.006863191993877899,0.057524887830915306
1417,0.006499762851219379,0.06056004249138342
1418,0.00694075604129968,0.0587418873171161
1419,0.006743225273398864,0.05529157825766649
1420,0.00845909530448736,0.05666156215849975
1421,0.0066700069697976675,0.05871396560343286
1422,0.0070248588563459795,0.059217839788897594
1423,0.006902111227095688,0.05861464850511169
1424,0.007169646840122146,0.0573142036086037
1425,0.007548527774579099,0.05651486696754781
1426,0.006908908769558403,0.06239832051677214
1427,0.006902113237175916,0.05764540226051682
1428,0.006488041591693335,0.058456823201780035
1429,0.0068018729258387065,0.05712504903400751
1430,0.0069868774051109455,0.057124567360507514
1431,0.007037520499135073,0.058548890362332635
1432,0.006564399373475287,0.05687594435231429
1433,0.007041391785195255,0.05681450407307847
1434,0.006560275484413656,0.05885315183223339
1435,0.006970512432551309,0.06264734171088178
1436,0.0066348413855047625,0.059039721251430366
1437,0.006837834964643545,0.058605262696892396
1438,0.007580574216513798,0.057378557046179786
1439,0.006989876313432818,0.05718338626780008
1440,0.00702649243409544,0.05682573393734177
1441,0.007043521968081453,0.057104801212934625
1442,0.006918513458397321,0.05723647538918003
1443,0.006912446776434172,0.05693138745569047
1444,0.007069407976860163,0.05786011452999031
1445,0.0069914076281682265,0.058561335642236215
1446,0.006814320034531403,0.06040401270328309
1447,0.006521512437495038,0.059487857456718175
1448,0.006885110340767239,0.05619265878559055
1449,0.006561620044157049,0.0575236807528295
1450,0.006670480926862705,0.05775236481226476
1451,0.00638138080675587,0.0572970995684166
1452,0.006851409904974101,0.06002458848787429
1453,0.006759536824828498,0.057837728541671185
1454,0.006948440268542326,0.05622477793977374
1455,0.006456556610272596,0.05695947121483341
1456,0.007928375943000414,0.05782771067586459
1457,0.006539977697194277,0.05617969753897579
1458,0.007003881844478808,0.05942616166364878
1459,0.007079867208172161,0.056514258279388115
1460,0.006698982562390988,0.05751919356130418
1461,0.008776982866671392,0.05959610260070715
1462,0.006494476265773224,0.0554438309375206
1463,0.0064616508746875865,0.05683915729734832
1464,0.006425749431699982,0.05735865513558376
1465,0.006865989612444628,0.061435677830064504
1466,0.0064374765302390325,0.059850428393460754
1467,0.0075784673035541854,0.05923643583119065
1468,0.006575653808290682,0.0619524004670761
1469,0.006533582195592898,0.05658870227728272
1470,0.006696693467846298,0.05950254544541053
1471,0.006572139120973109,0.05847449398093056
1472,0.0066603856996215625,0.058895449553217204
1473,0.007085075975632219,0.05700035176629709
1474,0.006519084202189897,0.057449625240158016
1475,0.006815801062227043,0.0571627030359175
1476,0.007391592160708105,0.05753488284080548
1477,0.00767418931363892,0.0620047072681568
1478,0.00682424711863449,0.06097125702707989
1479,0.006842530347103235,0.058016416479023475
1480,0.006318539433578339,0.05691989285306524
1481,0.0063873441849009,0.05858535296225309
1482,0.0064779918518232706,0.058519630541180014
1483,0.006697436895361608,0.06021203405053394
1484,0.0063692318993769466,0.05812197816289756
1485,0.0064189997136733,0.05853456477249475
1486,0.006437071762558622,0.058205318266063705
1487,0.006687980930563237,0.06175783757391131
1488,0.006602247642662645,0.058939729334044275
1489,0.006323349519069292,0.059526655664270685
1490,0.00691542101930535,0.05807500545467649
1491,0.006356448013931045,0.05960265384580856
1492,0.006524974785359769,0.056881392612717206
1493,0.006912381864126573,0.058717566315915654
1494,0.006820889459893714,0.057306485955503056
1495,0.00799972151893667,0.056857260126144366
1496,0.007038076974591678,0.056507477018618045
1497,0.0066223409651635584,0.057589740448054816
1498,0.006587667082696219,0.059096786275244596
1499,0.007047671255389912,0.05821746795958744
1500,0.0063106574141493415,0.05842920305921619
1501,0.006356042230262372,0.05808983464027407
1502,0.0065368693029992635,0.05687850883655381
1503,0.006931095515439129,0.06194368330645083
1504,0.0067542686118367695,0.0566676336254243
1505,0.006404357172583805,0.06012268001237011
1506,0.00631316977941364,0.05670376684992833
1507,0.006415394022418508,0.05954516504454732
1508,0.007036757957610684,0.05771290968384659
1509,0.006216914852830029,0.05756189097139172
1510,0.0066408516100511465,0.05782437705455866
1511,0.007084796497113652,0.057913808483527715
1512,0.006393321830674212,0.05730529975398142
1513,0.006660967142697785,0.05763052021127596
1514,0.0067015194631879415,0.056900103998961005
1515,0.006642896576921768,0.06076737851800775
1516,0.006198727535988937,0.06052054826142196
1517,0.006943388973424053,0.05858216403906507
1518,0.006151920371341481,0.05895593626083886
1519,0.006380187084775733,0.059343629677716954
1520,0.006686422422084502,0.06028870938527853
1521,0.006490931847661173,0.058335717814159874
1522,0.006209186089975427,0.057600726898675576
1523,0.006081715538560597,0.0590336445280185
1524,0.007117163900834826,0.059452642511604425
1525,0.006435272708640296,0.05695382260103572
1526,0.006354102638599734,0.05810221639417466
1527,0.006622019101249574,0.05747555622032711
1528,0.006365048083065072,0.05919494967263444
1529,0.006268861211637812,0.058366568969156506
1530,0.006188984862514144,0.05802806761853378
1531,0.006390177917763077,0.05802312593225548
1532,0.006225617333872939,0.06197485212880866
1533,0.006657836656597061,0.05866191160858126
1534,0.0064643519276572055,0.056151751923680604
1535,0.00610932751725133,0.056780841929796044
1536,0.007235001511346303,0.05659274296615656
1537,0.006198170867844902,0.06006901285478047
1538,0.007366568962444893,0.056495975161480125
1539,0.006252037098508643,0.059586139428511
1540,0.00660318809599385,0.06019744692477666
1541,0.006213070684606005,0.058636353306827094
1542,0.006310774273236157,0.05871501135497464
1543,0.007195436925595176,0.05875798227979725
1544,0.006429753130517877,0.05776597614537803
1545,0.00723589571385548,0.060625348137434865
1546,0.006130762188038482,0.05755398090097839
1547,0.00656996589142327,0.057840389995497274
1548,0.006286329454027093,0.05676719272756636
1549,0.006569886002047309,0.05964874441649083
1550,0.006913873212277702,0.05880374261609893
1551,0.006267089168993657,0.057921083648700765
1552,0.006391199388859507,0.05945978602184389
1553,0.006331885972156607,0.055954155775912125
1554,0.006683628482095967,0.05983722420936838
1555,0.006366453956824298,0.05818302606356174
1556,0.006346508673739658,0.056679499403277135
1557,0.0066182062651693446,0.056723727599570624
1558,0.007394447819064123,0.05703464507085638
1559,0.006953797084177176,0.059838265498031055
1560,0.006244169048918265,0.0608713640866423
1561,0.006713745686397844,0.059128003517039736
1562,0.006344605956903913,0.05772766889187328
1563,0.006272147158540342,0.055923830951216225
1564,0.00647515720661531,0.05818685005071169
1565,0.006122856406746053,0.05964203969689838
1566,0.0061450687508598015,0.05693779215403368
1567,0.006691508726465011,0.057284342195082424
1568,0.006494652960145828,0.05812626799806617
1569,0.006242770711865077,0.056816313658516505
1570,0.007666299645102884,0.05997878102058157
1571,0.006881309277596986,0.05673120208177949
1572,0.007526225214794885,0.05886071194009972
1573,0.006017321989313935,0.05550188952146616
1574,0.006125224859316521,0.05803633822982473
1575,0.006810201656038298,0.0573710496992545
1576,0.006631607540115294,0.05931490009888671
1577,0.006563297712293725,0.060097834846952504
1578,0.00651395631527826,0.059871588901320195
1579,0.006727708699210871,0.05706521429887093
1580,0.006273248621195461,0.0604736595729688
1581,0.006241372768945268,0.05795675081978167
1582,0.006050965274307515,0.058929570654131715
1583,0.006432793876827697,0.061993030901242016
1584,0.006350092548982103,0.058839047724441776
1585,0.006501074743144751,0.06011787156824181
1586,0.006056717988162018,0.05796698469640617
1587,0.006433948019058167,0.05753220655117417
1588,0.007418329668374364,0.057131187752225344
1589,0.006261262995976266,0.05697962842452198
1590,0.006095508079929131,0.05944648931237092
1591,0.006361800920346688,0.0572824633696623
1592,0.005882179408354632,0.05694647293005671
1593,0.006680579600581275,0.05652729960573945
1594,0.006245383176789108,0.05842357283845581
1595,0.006173061469692422,0.05898720459232952
1596,0.0061755441362768134,0.057834772323083164
1597,0.00612489171588916,0.05850749397486971
1598,0.0065900301911100325,0.056238210888434774
1599,0.006165080525705059,0.056629788195877745
1600,0.006743784865428661,0.06197982514860636
1601,0.006067965696434429,0.05866147572160663
1602,0.005982638335258329,0.058494159284241516
1603,0.006065084321605374,0.060053305742435885
1604,0.005944991717844921,0.05817292749246858
1605,0.00639407960902374,0.05761846933597909
1606,0.0060436772211778875,0.05847818733083276
1607,0.00591733133373636,0.05899247066829737
1608,0.006175543637041201,0.05784831586338225
1609,0.006810678687343683,0.05877551405613584
1610,0.005993814762319704,0.05743374049962314
1611,0.00670127217368833,0.058741387698734014
1612,0.006765621539123566,0.05684378384647513
1613,0.006296965016233136,0.06051325012829369
1614,0.00587024923478221,0.059907626351318265
1615,0.007608006093767837,0.057609337342338154
1616,0.005935530855574391,0.060814451846413146
1617,0.00768565746946815,0.05916864485631611
1618,0.006163207231655857,0.05648553892409891
1619,0.006305365337111453,0.05809263091413001
1620,0.006253547487681189,0.05818255029077219
1621,0.006215234631584916,0.057546443256892656
1622,0.0062313815432843,0.05941982859544886
1623,0.006254197118751308,0.06034831859563526
1624,0.005790751497480189,0.059679959538885226
1625,0.006085323636948502,0.06126124171871589
1626,0.006026726718232923,0.05764790936221455
1627,0.006143096834421158,0.06360512470504395
1628,0.006077521752134012,0.05809909773799112
1629,0.006016027754563897,0.058578645861836004
1630,0.005856996822553369,0.05711645271657105
1631,0.005918084169361379,0.05774816496293049
1632,0.00597337104940676,0.06355108379533417
1633,0.005948597403260701,0.057152388706093744
1634,0.0065769395823108735,0.058610946042719936
1635,0.006052100934602064,0.057171605900863655
1636,0.005939316985468879,0.057645788682358604
1637,0.005933855838349621,0.05943020255792709
1638,0.005813916537875666,0.056870566517637486
1639,0.005952600091929346,0.05910046013039455
1640,0.005815439885277826,0.059531636115975846
1641,0.005930975733505895,0.05819497808328547
1642,0.006241873677434592,0.05964436049673492
1643,0.006342268134335926,0.060749120366080364
1644,0.006000366826836592,0.06161783756058019
1645,0.006451086244811552,0.0588693253714638
1646,0.006775321135279901,0.06065517180321509
1647,0.006192245022875482,0.05973828520467108
1648,0.005961146071366382,0.061969135731533356
1649,0.005794563222688193,0.057784771756794216
1650,0.005852803342674967,0.05721857408084965
1651,0.006469349630854346,0.061888041978417185
1652,0.006752381054538545,0.058217190159368035
1653,0.005831791450003845,0.05998155097465467
1654,0.006211842541644192,0.05987772358614102
1655,0.0062684499334578975,0.05944100197843442
1656,0.006205921094911319,0.05731934152151409
1657,0.005818852416143335,0.05974109344800612
1658,0.005772708118148732,0.058605403146872244
1659,0.00585230414793596,0.05782337262666315
1660,0.005973577192841466,0.05886433699301311
1661,0.0061637548551687436,0.05861442151449079
1662,0.005868298089172586,0.05878680359039988
1663,0.006043134684905083,0.056608523809372036
1664,0.006348672442628672,0.059313873347259106
1665,0.006069424165103316,0.05830792858636469
1666,0.005944410336078334,0.05593691930585636
1667,0.005874195492309649,0.05852836309780453
1668,0.005825953779969843,0.05709012279422361
1669,0.005900315105401236,0.05878232967547307
1670,0.0058362073554047225,0.057446099575002095
1671,0.007020940055317453,0.058812372498494345
1672,0.00578627975505768,0.058306069890583366
1673,0.006436299447986213,0.06083506734150095
1674,0.006117772534314461,0.06394833845452856
1675,0.006050620187179048,0.059199442596812
1676,0.005964652465825731,0.05812634679869303
1677,0.005904242390515662,0.058656244461697746
1678,0.005858359732854889,0.05760314427596286
1679,0.006392844754116476,0.06041597793424936
1680,0.005820781893175691,0.05825175893000493
1681,0.0065667556925767265,0.060391784722643685
1682,0.00591952472393836,0.05694281660897989
1683,0.005792876074913901,0.06256350947726042
1684,0.005869808352806352,0.059265525456060446
1685,0.005734579263949843,0.05769004063087896
1686,0.005643925352203061,0.05729947820828672
1687,0.005826812344063132,0.05804388312842314
1688,0.00580917926487691,0.05948346036306599
1689,0.005884765482399625,0.059137517058834396
1690,0.0059360543902391176,0.058479278803543935
1691,0.005840391197992156,0.0587722473126605
1692,0.005923993367304716,0.059682657470679225
1693,0.005712199264255624,0.05926392613011494
1694,0.005783740118683132,0.06137223040362946
1695,0.006277551261422029,0.06024878200395663
1696,0.005730939465560323,0.05812426436141619
1697,0.005787826696451648,0.059827576062284914
1698,0.005845132788941031,0.05735001488959879
1699,0.0056744754828255755,0.05936302318422119
1700,0.006262102648966178,0.058660808026342465
1701,0.006062907648497614,0.057570965750549076
1702,0.005704274332460285,0.059528250275249765
1703,0.0056507606730799315,0.06090460887603592
1704,0.005831286540330858,0.05805975730930056
1705,0.006079063566874561,0.05643975796332037
1706,0.005798332155229623,0.057681019424944
1707,0.005705003330314701,0.05747166721332342
1708,0.005580413207808819,0.05759487925727565
1709,0.0067315103608799574,0.06050198809955652
1710,0.006181737504385668,0.0605198913405563
1711,0.005659806296859976,0.06062253078161027
1712,0.00607495398923381,0.057463817718557846
1713,0.006010542209128788,0.05958843699896844
1714,0.005989156583131388,0.0599849903419203
1715,0.0066140181761597016,0.061205145961285234
1716,0.005744199510838918,0.058953642200930675
1717,0.005551831280012676,0.05723818152545389
1718,0.005786794369170284,0.05966448364662646
1719,0.005672108088576214,0.06064003314776229
1720,0.005609107627110047,0.0575422450788039
1721,0.0059654909656105745,0.06124330481005492
1722,0.005976504713390314,0.061020365101577045
1723,0.0058594446857007315,0.06009378762248166
1724,0.005796467952523672,0.057869796279379
1725,0.005749078359466548,0.05874379591684891
1726,0.005904603863374379,0.058481668208475994
1727,0.005705668447907068,0.06184889941025796
1728,0.005849077713713751,0.058525236822982184
1729,0.005809230988313879,0.05695724342587896
1730,0.006002715555221123,0.056641023381984325
1731,0.005853041524774042,0.059116829494784646
1732,0.005783264715002622,0.05821310805348227
1733,0.006044792898910173,0.06025489825839387
1734,0.005614943727909304,0.058802344558531776
1735,0.0056063196852476245,0.057639488292143756
1736,0.005576043553229971,0.05951475454751113
1737,0.005646562462141241,0.056820429189312724
1738,0.006000328756471786,0.06066999715148357
1739,0.005873278837335708,0.057383208010429725
1740,0.006059722293191663,0.05907122878577177
1741,0.005533742011877997,0.05940729009925871
1742,0.005481117997657169,0.05636117344063924
1743,0.005566422547269204,0.059062459527101735
1744,0.005537080782871448,0.05996963803780109
1745,0.005694817894701861,0.05934042439686326
1746,0.0057448032136924775,0.06021661420625852
1747,0.005692173096243304,0.058243444231443835
1748,0.00603175425440727,0.05759887381417112
1749,0.005548479391676505,0.059694728503624596
1750,0.005746212640491119,0.05794076506692664
1751,0.005642254876270657,0.06195314036201415
1752,0.0057680881917943775,0.05834575493196796
1753,0.005557074904920633,0.05904285602252884
1754,0.005492759226211186,0.05697804886408916
1755,0.0055742310973170405,0.05706802658493955
1756,0.005520245787281788,0.05764519267325712
1757,0.005659998993047726,0.06041509056823295
1758,0.005686801569215183,0.061034132327352254
1759,0.0057626768879499,0.057380939831485726
1760,0.0059117162600159645,0.05891533682407592
1761,0.005484347130963141,0.059283423730006495
1762,0.005707377078869967,0.060309951569427526
1763,0.005790099206739645,0.05798717711428951
1764,0.005696580754038308,0.059486362084111476
1765,0.005741254518503399,0.059243865572569665
1766,0.006018654215602105,0.057944761024307186
1767,0.005576726173263826,0.060538674114192635
1768,0.0057232863967508355,0.057907572338231524
1769,0.005630840423303805,0.05965675309038999
1770,0.005687562322541838,0.05948019567363543
1771,0.005709772955824775,0.057067144382044785
1772,0.005794686571837966,0.05927422983492526
1773,0.005557878526821032,0.05976405159049763
1774,0.0058367989233294995,0.059347419838484065
1775,0.005870897830887275,0.05956635321665527
1776,0.005497105807930137,0.05979388810339428
1777,0.007260444150729613,0.06063331031522954
1778,0.005742579565725076,0.05703073127526687
1779,0.005522339807700681,0.059944761856307364
1780,0.005702020200465727,0.05870030392754944
1781,0.005845706723046527,0.056810841048346425
1782,0.006185683842199537,0.05767876476534925
1783,0.005728530036256324,0.05957255789772012
1784,0.0057065833249015496,0.06001566319649381
1785,0.00556242979806045,0.061608842030204926
1786,0.005501440105825476,0.06023140951879043
1787,0.005517108482673624,0.05992705307732847
1788,0.005407678805653671,0.061063380244381744
1789,0.005546046628216778,0.05747677287773082
1790,0.00555626066477508,0.06275154525101334
1791,0.00567709282040596,0.05894475995112481
1792,0.005568883355508404,0.05981152468269929
1793,0.005540927658937754,0.056803689956814424
1794,0.005749646277928894,0.05848629250749012
1795,0.0054208997689584575,0.058791536753787135
1796,0.005684473386857671,0.05699676883063818
1797,0.00544821503382398,0.06229628731769727
1798,0.0056656360375143145,0.0604227261062254
1799,0.005752885557979719,0.06056256404608712
1800,0.0055230198089372025,0.0608953262368838
1801,0.005546880570651969,0.05923438285078321
1802,0.005651550679861752,0.057194776991779044
1803,0.0054727095474129935,0.059439708891891894
1804,0.00596788832713444,0.058687339039673485
1805,0.0055563459639965925,0.06073214420885371
1806,0.005655735293198902,0.05772946971027475
1807,0.005401321059110396,0.06155172679433249
1808,0.0055790819916699,0.060628947001277356
1809,0.005917671229982264,0.060687252257327386
1810,0.005583456606490298,0.06038611759443331
1811,0.005468922630711502,0.060357366494815747
1812,0.005432663235790023,0.059229352812569844
1813,0.005595373608709129,0.0571709435741256
1814,0.005509937713419008,0.062211460618297555
1815,0.005539536741810346,0.05770879041842351
1816,0.005835484757108561,0.06037449033786181
1817,0.005491287738003047,0.0588159881494846
1818,0.0056443631351227675,0.0568695988758166
1819,0.005567008660096079,0.06012545141361112
1820,0.00554745216331325,0.05809927968901202
1821,0.0054027561366931775,0.05998525509895537
1822,0.005832115977967514,0.06159347868092675
1823,0.005579384452543662,0.06171724991989614
1824,0.005558513293223788,0.05811710230875434
1825,0.0055005749918193465,0.06110692127866853
1826,0.0056127053247560345,0.06157808508117097
1827,0.005563373292057678,0.06012141129426789
1828,0.005583555163190843,0.06234238353700267
1829,0.006309436910076295,0.059766446644052826
1830,0.005566985655844585,0.059519851780998376
1831,0.005672253525252439,0.06106106759536834
1832,0.005390632061176819,0.05729189061356666
1833,0.005410519764294445,0.06057922905287647
1834,0.00561832015615739,0.05697694327448843
1835,0.005599967090173575,0.057615244504353756
1836,0.005541027205351004,0.05828502918955378
1837,0.005427116656611706,0.05677180703645362
1838,0.005598570193896847,0.056684560326854684
1839,0.0056383438659452344,0.0614284346986534
1840,0.005330796563723431,0.06268866683232754
1841,0.005751236667418648,0.05702085100245057
1842,0.005435248441281831,0.058344336277933645
1843,0.005318673715859558,0.0591385670118314
1844,0.00570144096453642,0.05767456963098139
1845,0.0052925853677631175,0.0600433011812375
1846,0.005526099780276651,0.060923075392132715
1847,0.00545989897767765,0.060439800577504296
1848,0.00536580223350736,0.060227280655376296
1849,0.005464413360952397,0.05971306930284452
1850,0.005622251554856479,0.06249035977032549
1851,0.005608638037626739,0.05801978950997941
1852,0.005457766117603988,0.06045570379510559
1853,0.005708223099303563,0.05943653291852253
1854,0.005390586807366262,0.05904712489710416
1855,0.006091287377112338,0.05945392228420217
1856,0.0054485724748442165,0.05943188406433677
1857,0.005329641698915102,0.057749146394861076
1858,0.005333047174793146,0.058621516792024285
1859,0.005315550436560637,0.06339495171580398
1860,0.005367992428309491,0.05851513328483529
1861,0.005453988041168189,0.05781488263405355
1862,0.005421832625733741,0.05917783658531375
1863,0.005279940357402574,0.0607676722557473
1864,0.005513823369290201,0.05930541422134055
1865,0.005728067437531339,0.060172996565438154
1866,0.005342979903762057,0.059912120993424176
1867,0.005334614038899494,0.05952901327819155
1868,0.005461284306869612,0.06168565957954055
1869,0.0053891800256405135,0.05886991583464438
1870,0.005330017008774893,0.05836915640267812
1871,0.005276140491229987,0.06089866106260689
1872,0.005859740653592031,0.0607180158726703
1873,0.005318587759749082,0.06216946741878837
1874,0.005385772757185477,0.05874541834146158
1875,0.005424208197520818,0.05809828524190681
1876,0.005564967732362706,0.05792614222879995
1877,0.005508616738908904,0.05940249185999832
1878,0.005321890139093967,0.058912881465633414
1879,0.0054001011608349496,0.058004057991848254
1880,0.005413727610018747,0.06098656805423567
1881,0.005310422850358169,0.058223699791389597
1882,0.005301769748388506,0.05909553528728342
1883,0.005421376247017361,0.059727323720030916
1884,0.005224671845432359,0.0630819075052302
1885,0.0052338386301920515,0.0589032112095589
1886,0.005489383707389376,0.058067327976824346
1887,0.00566361177286431,0.05940864695455496
1888,0.005477221997974435,0.06070129881451901
1889,0.005434258549027495,0.057881598858008705
1890,0.005303153228073097,0.05863692402316813
1891,0.005655067593303033,0.05954746634963162
1892,0.0054492298688821285,0.06179734991681307
1893,0.005278682689471492,0.05758059997681089
1894,0.005383992047986267,0.061427322358714606
1895,0.005635432106352245,0.05997193797041001
1896,0.005401533676550773,0.059375697247366556
1897,0.0053797159884066605,0.05788449582674151
1898,0.00547541642625784,0.058756039200121894
1899,0.005428308583095343,0.06194340925953143
1900,0.005230182847504425,0.05916302591412886
1901,0.005530269909942038,0.05930888851670394
1902,0.005401257437224672,0.05799742498642819
1903,0.005566854936400644,0.060455729367963056
1904,0.005286344236527864,0.05947661264461085
1905,0.005410300232002914,0.060216710242188366
1906,0.005210420960519568,0.05680949296942331
1907,0.005221132708707573,0.05926112242435154
1908,0.005392269403629916,0.05963830671326857
1909,0.005442576900381467,0.059876080219608205
1910,0.005211141523919696,0.06018754147123872
1911,0.005249631632014315,0.058395201363659145
1912,0.005213896900146826,0.057655100881082375
1913,0.005270150243406852,0.06058920300880769
1914,0.005278362247357174,0.06423154471437435
1915,0.005477851812894161,0.05776524079734819
1916,0.005538102951729933,0.06262051642762688
1917,0.005428318877275274,0.06051798234868767
1918,0.005210661957022912,0.05911307098498022
1919,0.005992574993882994,0.05806133781272666
1920,0.005364609666192046,0.059585920682078915
1921,0.005212794641926184,0.05962801001088362
1922,0.005238616363171687,0.06277741770024288
1923,0.005571762340721385,0.05724856000683062
1924,0.005412557620706976,0.058980081557181846
1925,0.0055159560541934724,0.06024362038550222
1926,0.005352244070120926,0.058556930033634776
1927,0.005440316069579236,0.061087540124442646
1928,0.0054079353134950684,0.05893941557870473
1929,0.005367226732258326,0.06097982884536411
1930,0.0052183934554551085,0.05964917106960053
1931,0.005252981794922142,0.06183851075202301
1932,0.005351600894079687,0.06414400188621124
1933,0.005626370162530846,0.06209228819885051
1934,0.005236350560449881,0.06269804857914012
1935,0.005680877610246963,0.06195366581467757
1936,0.005324359126330637,0.0598307612415095
1937,0.0054267439524114695,0.058992738786496614
1938,0.005256726838601607,0.05946403380511399
1939,0.005128914544353011,0.05993535877543882
1940,0.005515810522633287,0.060383633283296025
1941,0.005239091959539626,0.05895289191439337
1942,0.005357938525223153,0.05950235808851725
1943,0.005142509508118921,0.061845299678114724
1944,0.005297780981386623,0.06388450622147784
1945,0.005240888461809267,0.05774418369197009
1946,0.00536768881423066,0.06191364636546687
1947,0.005276633709739182,0.059304978577116675
1948,0.005207465970334027,0.059017670455209
1949,0.005429457735889197,0.06113070965672197
1950,0.005515685763361872,0.061270370117778465
1951,0.0055652712223625105,0.059068313311962856
1952,0.0053024178102238795,0.0586049030056424
1953,0.005420355164215296,0.05972457195359065
1954,0.005120050513877484,0.05793992767955426
1955,0.0052064791756760926,0.06122992032751404
1956,0.00555400306148729,0.05857843825392855
1957,0.005260413251291715,0.06000126395981414
1958,0.005285970647717158,0.05970058153222378
1959,0.005190924998244335,0.059012899842850845
1960,0.005158874425207933,0.057867562328290226
1961,0.005160230217752599,0.06082958296725625
1962,0.005399982240576542,0.0604186435801941
1963,0.005205365750343075,0.05919947617110752
1964,0.005396750206740859,0.05846009396931581
1965,0.005097692449895379,0.05805986864786399
1966,0.005176619280620148,0.058913193428352065
1967,0.005139174182143144,0.0582858875188463
1968,0.005291609994214624,0.062320751579184284
1969,0.005230782747700764,0.058993562495798096
1970,0.0052091821380029655,0.05691586559951156
1971,0.005080778662664202,0.06152794295385069
1972,0.005232691726877958,0.06077790546013897
1973,0.005175729071995868,0.06418608472610177
1974,0.005367630765682851,0.05986037566548302
1975,0.005371150315438505,0.06172933725448778
1976,0.005240486467660034,0.06047267318332106
1977,0.005211573546653071,0.058259805921175724
1978,0.0051238002419051335,0.058821454672212885
1979,0.005292399738240859,0.05966137072309516
1980,0.0052721710513611575,0.06310431614406127
1981,0.005284136937796883,0.05777512244263986
1982,0.005150533805318107,0.06169248985728823
1983,0.005219128455814897,0.06076131762007723
1984,0.005400731562575483,0.05837708087941459
1985,0.005054757274909173,0.0611188033675042
1986,0.005124351589248565,0.05910236754438333
1987,0.0052961125169942,0.06062647008470127
1988,0.00532009534911489,0.059033299504515524
1989,0.005043495706279637,0.06388086982463535
1990,0.005148877601393245,0.05756449373555662
1991,0.0052367159147924955,0.06097254114118136
1992,0.0050722218795933504,0.06095310753412115
1993,0.005519187045765334,0.06079153762313358
1994,0.005117022172550796,0.059182117709465194
1995,0.005242155245899407,0.05878071122823801
1996,0.005104601094178085,0.06243460009196647
1997,0.005113573905465932,0.05837204869379077
1998,0.005118647667646502,0.059469671504464666
1999,0.005074611635802775,0.057854693616392616
2000,0.005159737148138236,0.05859130676042167
2001,0.005191251787365791,0.06086531351495506
2002,0.0051648873429990675,0.06136084693416318
2003,0.005309527449391572,0.05728035199836382
2004,0.005140857873221737,0.059663430257772744
2005,0.005036323196999145,0.05862089957957877
2006,0.005181085210305209,0.061165857275849896
2007,0.0050930373478669175,0.061625387099452485
2008,0.005026344637617142,0.05986216563479345
2009,0.005379476520264971,0.05921511114913419
2010,0.005015575950293799,0.06024967277782005
2011,0.005173262437881441,0.060834520788195734
2012,0.005089171429319441,0.06116228869049471
2013,0.005101542800174425,0.06075884751919517
2014,0.0054659829110047286,0.06513956161145877
2015,0.005087275241959992,0.0603281118274482
2016,0.005099225894410782,0.05942761731849876
2017,0.005175855458892158,0.062256354885292534
2018,0.005074130928838702,0.058949125907325504
2019,0.005419562383902297,0.06081159963718333
2020,0.004989378879775168,0.058294691369497685
2021,0.005103529102481364,0.06258449148862882
2022,0.005382017147811976,0.059309561869927814
2023,0.005108691714003355,0.061693962056535226
2024,0.005068907473341424,0.05845446042473752
2025,0.005155432951814702,0.058743679051037716
2026,0.00520605248250184,0.06131303111525407
2027,0.005007947567371552,0.06148899768602878
2028,0.005251308758582534,0.05864256477557627
2029,0.005109226569054549,0.06084260230599191
2030,0.00505080834895279,0.05776671868256459
2031,0.005197899154793226,0.06114427491387628
2032,0.005386626969754322,0.06129883501426618
2033,0.005082401636766042,0.06235456118420849
2034,0.005128744878692313,0.06211826423729273
2035,0.005305430051931953,0.060981242401632746
2036,0.005209086092078013,0.062178015092709905
2037,0.0050847854225846666,0.059338307152864034
2038,0.005346814697450698,0.0633244105617056
2039,0.0050277516660411905,0.06150035238019506
2040,0.005143863626326606,0.060398442983477935
2041,0.00510596224693669,0.06190319630062969
2042,0.00517122182107551,0.058819687605501714
2043,0.005118630214836623,0.059485547272558496
2044,0.0050671350175871,0.059383462358238104
2045,0.005017095803046675,0.05934044559087072
2046,0.005531219714452574,0.058416986179755145
2047,0.00515620909969915,0.05735364965254203
2048,0.005303815842188638,0.058378189615438454
2049,0.005344836806241995,0.059182603248303996
2050,0.005066751750612334,0.061104090198090204
2051,0.0051971587971390044,0.05870335341844344
2052,0.00498210991875832,0.06097737017244026
2053,0.005071172430866097,0.060835818337617364
2054,0.00509613841556036,0.05888171059856737
2055,0.005173099399500506,0.05836215042940955
2056,0.005197664249840201,0.05788919238144891
2057,0.005031336901773666,0.05912542270314425
2058,0.005059163570754394,0.05972284282135187
2059,0.0050119606597016225,0.05780104584151641
2060,0.004966440384325843,0.06011176437961129
2061,0.00507550497121852,0.06365857127689778
2062,0.005078213543377139,0.0613004959522184
2063,0.005171289950679276,0.05964482784794088
2064,0.005028910180232648,0.06099286835108485
2065,0.005235350292269432,0.05895457652987992
2066,0.005039575427980819,0.057996614600408045
2067,0.005091136201725671,0.061091647700483635
2068,0.00510293849215472,0.06277209139408026
2069,0.005053360855971758,0.05959604204373252
2070,0.004991082003089047,0.06045894549790779
2071,0.004985896533290888,0.05838985523596443
2072,0.005436057005906741,0.06114357394308673
2073,0.0050202357790032895,0.05843215150978033
2074,0.005082534512265536,0.05943791079976804
2075,0.005040793148304415,0.06082807490625477
2076,0.005002067990741199,0.06304633735041869
2077,0.005443150951267223,0.0614796251263983
2078,0.005236705773886655,0.058766917617324
2079,0.005061453625816724,0.06253057212235037
2080,0.005010309719646986,0.05947511756143773
2081,0.005058127338633082,0.060859454473606626
2082,0.005062000624555219,0.05757885002402734
2083,0.005005678198472553,0.06082186207436679
2084,0.00494538854258748,0.05975425301264402
2085,0.005027707108532934,0.06053976058250382
2086,0.005087682241603125,0.06160087816249159
2087,0.005144363175785653,0.05817004699344026
2088,0.004959894218671845,0.060878863301417584
2089,0.004944762220857286,0.0578362391631406
2090,0.005131210413612542,0.05826898218881815
2091,0.004975414592597552,0.059612609782165156
2092,0.004979949208052368,0.061444536710442754
2093,0.005074082053380327,0.060984961324392406
2094,0.005164416515645001,0.06099968988046909
2095,0.005199510080091725,0.060286468254369605
2096,0.004975030318393042,0.058723066235544685
2097,0.005294819466104048,0.05987846310761638
2098,0.004967346872118386,0.05853716901183726
2099,0.004933964075713322,0.058509269201740585
2100,0.004960288527220207,0.062324101240712595
2101,0.0049994993038171886,0.058348705137806725
2102,0.005015652585879762,0.05952881353167364
2103,0.0053096277884508375,0.06025907746457815
2104,0.005050862621118936,0.06220158890711335
2105,0.005323259194956678,0.060256930240861754
2106,0.005262418188808667,0.06099361381061692
2107,0.00501953439238163,0.060160395663633084
2108,0.004970899308655049,0.061503215802642036
2109,0.0051387741907753725,0.06138722769411883
2110,0.005115794031048736,0.06072166523800458
2111,0.005026529915338866,0.06219240817659182
2112,0.005059032446958802,0.06053042625611587
2113,0.00488056736300498,0.06522286023225701
2114,0.004968127546697668,0.059964373072884734
2115,0.005081711650817279,0.061257802332777125
2116,0.005471506748687138,0.060862336755919275
2117,0.005365153354210166,0.05816228097692169
2118,0.005243093112547849,0.058718189839880565
2119,0.004935871536747135,0.06275555345797001
2120,0.005010047994647467,0.05995827704145197
2121,0.005114575345828242,0.05913042241618747
2122,0.004988904788412831,0.06316684398398663
2123,0.004932608170767657,0.06058288848303016
2124,0.005141193969729926,0.06359634343021196
2125,0.005290576592554867,0.06040819996692483
2126,0.004971966871460403,0.06018441264753353
2127,0.0049889082567865575,0.05963518844922085
2128,0.005004613631080871,0.06108352201138822
2129,0.0050607424953421085,0.05907955800269481
2130,0.005012458383009352,0.06033562022940557
2131,0.005011070909439863,0.05804379489786344
2132,0.004922079091722315,0.061382055077188295
2133,0.005042450382815073,0.06068882382565871
2134,0.004947197481954826,0.05962306728824637
2135,0.0049509995961474216,0.05961137134255024
2136,0.004932603420730575,0.05998574272918522
2137,0.004987873323845639,0.05796850571656287
2138,0.004997555519743213,0.059417323715854106
2139,0.004994814482672274,0.05798293865825001
2140,0.005003167760082547,0.06125075405552274
2141,0.005013980299853326,0.0630699454953796
2142,0.005053043020976748,0.06100076741368549
2143,0.0048987851901487875,0.059420855076316004
2144,0.005412342572777435,0.05844551772065928
2145,0.005159007925481819,0.0604101928851957
2146,0.004881598293302481,0.05907450007615531
2147,0.004859210470790586,0.06045059413464745
2148,0.0048650462883977124,0.06106751781881304
2149,0.00499595312670247,0.06034757505943602
2150,0.004936834557863612,0.05948400982938016
2151,0.005204265423375985,0.05730175824467102
2152,0.004927099412336339,0.06024239256156417
2153,0.005398884723634462,0.0598439351657877
2154,0.004953715296281169,0.06003897395311741
2155,0.005119040719347314,0.06004647918064194
2156,0.005126870422679522,0.062312559451076915
2157,0.005055740166186913,0.059442949987817226
2158,0.005023785725200905,0.0605402145357359
2159,0.004942152230215016,0.0609552877252562
2160,0.00487601575456256,0.059042435905016157
2161,0.004971281736271696,0.059254650801494904
2162,0.0049141372953976584,0.05993152819667245
2163,0.004901855930008672,0.06048269464370601
2164,0.005009992643723667,0.05883246103773141
2165,0.005057617332961492,0.057183134992767996
2166,0.004997102124762479,0.05834935548572911
2167,0.004962885404899016,0.06031716979087744
2168,0.0049235672284162904,0.06218874344326798
2169,0.004966436748080493,0.06156874782310094
2170,0.005031436092007123,0.06199146346900995
2171,0.0050009550558852735,0.059856906906703956
2172,0.005014856709430117,0.06443079281831744
2173,0.005045483542787244,0.06085154749359702
2174,0.004883712919598276,0.05981122534301944
2175,0.004858108200891918,0.060818474982540706
2176,0.005020839191365952,0.0625439354949129
2177,0.005173030020347957,0.060866141640452814
2178,0.004852920052446542,0.06531180374156263
2179,0.0049272400332865856,0.057972269044035955
2180,0.00483824452239331,0.06157203913108448
2181,0.004853845052829824,0.05780672686253873
2182,0.005043464193126438,0.06093507104163481
2183,0.00501613715097168,0.058174740597792436
2184,0.005238465050988623,0.05905089033464143
2185,0.004896737191370662,0.06086304346869763
2186,0.004875120290826574,0.06013029499124166
2187,0.004923594222173422,0.05891634978559382
2188,0.004834821272559674,0.058967158702531254
2189,0.004869931006693167,0.0594161898831377
2190,0.00494813944321114,0.05944423288816497
2191,0.004916879824336419,0.059505259622831395
2192,0.004955513656816699,0.05942062197958019
2193,0.005297806084763294,0.05777620661415552
2194,0.004919965477035524,0.06001560750387067
2195,0.004842717422400149,0.061312138530096615
2196,0.004886847253608573,0.06119581212973535
2197,0.005072187166661024,0.0597239753376123
2198,0.004924695687748048,0.06003766448089951
2199,0.005111493552716735,0.05878652670516406
2200,0.005150952379344773,0.06276857177901984
2201,0.0049489359882277754,0.06016030588320324
2202,0.004962025999987854,0.0589217697935445
2203,0.004937239029214113,0.05888309467929348
2204,0.004890807743730216,0.058613040384119915
2205,0.00492079486504057,0.059892280713508
2206,0.004954623359147471,0.06125274548927943
2207,0.005031708227966833,0.05840912813269405
2208,0.004973184197650621,0.05993892683794624
2209,0.004902753989185939,0.06560417204945906
2210,0.004975293126529474,0.06165347647920886
2211,0.0048949378776162586,0.06127489436613886
2212,0.005042369877423239,0.05969180345983434
2213,0.004870939399860216,0.05776998803094216
2214,0.004987241666717309,0.05988856346199387
2215,0.004835381533156461,0.05886342848900864
2216,0.004903982381765559,0.058859128252904215
2217,0.004885569746171045,0.06359875140557612
2218,0.004920182819697177,0.060654872967709876
2219,0.0048458284572887944,0.06040274078273833
2220,0.004934364043725041,0.06241810991239727
2221,0.004808531919359974,0.06026309153489899
2222,0.004833400627557293,0.05767905601956193
2223,0.005138809848168053,0.06338984079490927
2224,0.004838325378125925,0.06232216037380367
2225,0.004876378679875763,0.05928934818334448
2226,0.004992477540335498,0.06175835688311355
2227,0.0048321585322739,0.05814489629819877
2228,0.0048406535590236836,0.0615067558741211
2229,0.004905891603261793,0.0582126545203957
2230,0.00498226356362708,0.059474712569163854
2231,0.00486691018455548,0.05846532310048739
2232,0.004806294448989032,0.06163588721762624
2233,0.004939822649413889,0.05902467378622906
2234,0.0049738249826160345,0.060154804917878675
2235,0.005055101350428636,0.06154406375081318
2236,0.004888097158571863,0.06019712061175428
2237,0.004842491948912884,0.060477525462632194
2238,0.004932478435197407,0.06184489082983861
2239,0.004929534248645683,0.0582771721601785
2240,0.004957557398954342,0.06009240544641526
2241,0.005018946082626111,0.0591482790677171
2242,0.005134413302014801,0.06181605562642403
2243,0.0048450868033736855,0.060376758675527456
2244,0.004962918420138311,0.06172185999931847
2245,0.005245160685157327,0.0609196607294238
2246,0.004766473244455261,0.06367889140034678
2247,0.00481199132436215,0.05972753198149808
2248,0.0048578466335457504,0.06202713105089981
2249,0.004919282730003136,0.06295254278489223
2250,0.004839018655818271,0.06045638574730782
2251,0.004877886953865846,0.06110987084962073
2252,0.004908833521356964,0.058403921820092616
2253,0.004917028170300875,0.06027811311913612
2254,0.0048044389756075265,0.059151565623387956
2255,0.004900990836439088,0.060898665870938985
2256,0.004873924636133132,0.060843588938390404
2257,0.0047828337895832835,0.062150593212149795
2258,0.004830069749449674,0.05846138298511505
2259,0.004906635553368767,0.06038127693914829
2260,0.004944891416318832,0.05923875673372943
2261,0.004802094930111428,0.05972793388336822
2262,0.005105130593394598,0.05901581747340678
2263,0.0048318501535604555,0.05914118815969704
2264,0.00484081090582669,0.06161994582280181
2265,0.00512544824201672,0.05790921930867927
2266,0.004930372355756902,0.06256900752023946
2267,0.004858924945974051,0.06158682728246937
2268,0.004840949894772802,0.062066188516249336
2269,0.00487798494418213,0.05896307089200295
2270,0.00489720332853753,0.06037093255491484
2271,0.0049123387056808675,0.06110891208687522
2272,0.004846967677921524,0.06378049539742912
2273,0.0049047806960031345,0.059394774309599906
2274,0.004780473416747064,0.06140622369627606
2275,0.0047884979883798615,0.06121644877214778
2276,0.004948223285598908,0.057633174746705776
2277,0.004980054605156651,0.05880183682667283
2278,0.004948537205535696,0.05929314815684369
2279,0.005035918043943875,0.060764200322535405
2280,0.004786918059481909,0.05962295234576801
2281,0.004932748429699097,0.058779119166141765
2282,0.004807860805101249,0.0591830883576607
2283,0.005144196112865004,0.059114183801083936
2284,0.004892939217038289,0.06001751115522289
2285,0.004843482540389027,0.05830126471425358
2286,0.004954960181153026,0.0587539932314764
2287,0.005182066425786216,0.0617256003681729
2288,0.004863224228768139,0.05950593372298064
2289,0.00478963417418558,0.06032143858142365
2290,0.004824550536265568,0.061044544541746154
2291,0.00479625885120847,0.05968422424001502
2292,0.004908422259234335,0.05963994025773273
2293,0.005090955545582742,0.05993309857925974
2294,0.005024950992210906,0.061489779735567573
2295,0.004780788643163013,0.06257216922733419
2296,0.004889451195033367,0.060189428830281236
2297,0.004822514545417692,0.06160644163613331
2298,0.004911281612225834,0.06132874533272626
2299,0.004876242554965531,0.0600832254067997
2300,0.0051011140224725285,0.05945707444932526
2301,0.00488987989536834,0.059843029163983236
2302,0.00480791845513642,0.06316886866525899
2303,0.004874401041204373,0.06094276959211904
2304,0.004887005520056127,0.060476423374244144
2305,0.00480918668000302,0.06060908067233879
2306,0.004840823642173811,0.06125849498468533
2307,0.004903874091430331,0.06697829134930346
2308,0.0048773929470898965,0.06156689307668753
2309,0.005132640274037201,0.060842330621224
2310,0.004844372654129345,0.05957555679375665
2311,0.004855350772251717,0.0610065552356996
2312,0.004889920933411506,0.059249143253890496
2313,0.004861761405655303,0.057479367014907655
2314,0.00514553424093557,0.0590070743011054
2315,0.004882135990493256,0.058518400317744204
2316,0.004753656746661962,0.061612223884216825
2317,0.0049222670860448415,0.05966379176031677
2318,0.00487493535906637,0.06129149929211851
2319,0.004817852232208166,0.06196047420751182
2320,0.004901382102861673,0.06079911933581632
2321,0.0053923554239695345,0.060981035260553644
2322,0.004987417158253234,0.062445068381782765
2323,0.0047707275128383245,0.05949488403579047
2324,0.004847037442448931,0.0608914600951331
2325,0.0048653374770568645,0.05762394391616484
2326,0.00484609656432953,0.061452557615244895
2327,0.004952859536373877,0.06045224903184071
2328,0.005089538144152086,0.058010042329928034
2329,0.004851874597604185,0.058052582820331246
2330,0.004777919857246001,0.06065584175792852
2331,0.0048269708436507975,0.0587487217683093
2332,0.004823859623373489,0.060584968464789835
2333,0.004866874528622552,0.05924899076907557
2334,0.00491817343139256,0.06007357633539608
2335,0.0047931507679409,0.05974528467035234
2336,0.004945201351129243,0.06074880952374977
2337,0.00478418802019197,0.06124345495139148
2338,0.004799547786225907,0.058645977972444134
2339,0.0048322415499010805,0.059621751075026985
2340,0.004827730896295892,0.061302047521622854
2341,0.005086408820014949,0.060073102243188625
2342,0.004792673742474527,0.05983361387088484
2343,0.004905249459266102,0.05857553207934052
2344,0.004862086209512336,0.05944180628634933
2345,0.004822624784523511,0.060314329737858066
2346,0.004823053933002732,0.059058488348970435
2347,0.004899891702090405,0.059651081984802
2348,0.004996040380533586,0.05806458183099752
2349,0.004820260344814731,0.062373643867055274
2350,0.005165753963470553,0.06206055352450313
2351,0.00473116533422031,0.059217950819354305
2352,0.0049566009890603425,0.05814195167562716
2353,0.00511214622591263,0.060076426471907994
2354,0.004873936471812497,0.05992599163101729
2355,0.004842360886426929,0.05843560445241462
2356,0.004831901839773716,0.06305013565267238
2357,0.004782863933487933,0.06136618144716834
2358,0.004783793553990256,0.06107535551215772
2359,0.004943662588732744,0.05968777357336871
2360,0.004840325771431004,0.058598879201893224
2361,0.004791010315690575,0.05969513221678877
2362,0.004791837173943236,0.05890492754136411
2363,0.004831069773851331,0.059047949213282505
2364,0.004830585763465648,0.06165547203972824
2365,0.0048387665038805774,0.05942039819140183
2366,0.0052885161245644656,0.058246147494417685
2367,0.004799178289103564,0.05940934427474674
2368,0.004790693534637413,0.059407641163520646
2369,0.004791159220740526,0.05873057099624086
2370,0.004748895393573565,0.060760582449442165
2371,0.0050835261489250065,0.060738796204851384
2372,0.0049758965228348506,0.05964873135463337
2373,0.005083326661965129,0.060441250845155024
2374,0.004873930850302724,0.06046795424886216
2375,0.004911540537418616,0.06130792195897054
2376,0.004815165198708777,0.05837284617667509
2377,0.004979872823543964,0.061540950995340085
2378,0.004927439704175373,0.06122145584240593
2379,0.0047639559058116334,0.06116215896823054
2380,0.004854758661298729,0.06102306803777104
2381,0.004792365020719068,0.06218048801323525
2382,0.005190687143129988,0.06072547964583662
2383,0.004849821812295148,0.058161650609253046
2384,0.005012989762388053,0.06105290854671844
2385,0.0047981345377932525,0.06006122475728057
2386,0.005163828404415924,0.059403699330219946
2387,0.004869251691540674,0.06098420826489465
2388,0.004795827940807074,0.06107017595815778
2389,0.0048802310154192315,0.060358704835699314
2390,0.004819368149466275,0.058614815050796756
2391,0.005038767266247807,0.06031756896646997
2392,0.0049928236755668,0.06464034276909399
2393,0.004867762340331993,0.05819113438664224
2394,0.0050448470801512085,0.06049335866531633
2395,0.004793919993675428,0.059030325639815556
2396,0.005139313587118933,0.061502867389965174
2397,0.004837091691021262,0.06412764650799875
2398,0.004768787842349012,0.05894420889759422
2399,0.004731548684401011,0.06041869969296276
2400,0.004781895514203931,0.058576330131755436
2401,0.004914558489681411,0.06036576827553878
2402,0.004802744114497052,0.062017309617129784
2403,0.0050375646689679,0.05839727081377106
2404,0.004796802342159901,0.06036832290969994
2405,0.0050857251007868955,0.06437290269405321
2406,0.00489965261786382,0.05963520674889249
2407,0.004849086051403916,0.06187974549549863
2408,0.004832981066737429,0.058822596823810636
2409,0.0050876331938938665,0.059660603182581734
2410,0.004767383615191453,0.06012484465812083
2411,0.005160669644354466,0.058598889136000684
2412,0.005124672231349078,0.05821856876886578
2413,0.004896002663970928,0.06223278228464282
2414,0.004742364075069891,0.05991218140101373
2415,0.0047673089896857175,0.06067068620881341
2416,0.004826396721237132,0.05921402923706779
2417,0.00478975864880511,0.06074603088666921
2418,0.004845348391156398,0.05923852741830331
2419,0.00486110427583273,0.058229899197294
2420,0.004773471914640508,0.06086507736516178
2421,0.004760390652641421,0.061324547350705416
2422,0.004886807298702319,0.060827873143038357
2423,0.004795135641149406,0.05878919557222448
2424,0.004819610191152948,0.061435361516505554
2425,0.004791606756271707,0.06155585969114363
2426,0.004821847873188112,0.05980480579953445
2427,0.004795986179519316,0.0588470764252775
2428,0.005064027944468779,0.06278351894148011
2429,0.004886380618665846,0.060693401236432534
2430,0.004898031753105429,0.05838644978844731
2431,0.004812523934312842,0.061346554806582014
2432,0.004854911243467121,0.05948408961968314
2433,0.004834534471918796,0.0594879267713928
2434,0.00514939931282616,0.0641839121629421
2435,0.004935950176574313,0.05896298338969549
2436,0.005150781646604448,0.0633572896657731
2437,0.004719691111656566,0.061022923134248654
2438,0.0050110808693363,0.0592580732602374
2439,0.00512151120429082,0.06122637682017826
2440,0.00479703956082183,0.05873190773123488
2441,0.0048245061276521424,0.05830800309217066
2442,0.00482588943946511,0.058779197752027584
2443,0.004819218117486814,0.058255396886054134
2444,0.0047679788164420745,0.060810432659653496
2445,0.004819703298594604,0.062198325468782796
2446,0.0047462904770335995,0.06374047340867214
2447,0.004779460399081715,0.05980927306682544
2448,0.004811640411358455,0.060040631819339024
2449,0.004850795374289856,0.06313829790604741
2450,0.004779864680664292,0.06064738226788385
2451,0.004777571771784356,0.061068729630538394
2452,0.004824367255486291,0.06042539502930522
2453,0.004770752810362177,0.05975188836828808
2454,0.0047920480674150225,0.05855860108308924
2455,0.0049873950225549244,0.059290201582929546
2456,0.004722927572923861,0.058380704121033945
2457,0.004735314624448274,0.06078451404109933
2458,0.004804959395158814,0.06156047486833164
2459,0.005029359160919548,0.060304375874219385
2460,0.005013338770413754,0.061297382076357244
2461,0.004798434505408461,0.06066060204404339
2462,0.005115577851810426,0.05943876615069564
2463,0.00490096306755298,0.06037804341517893
2464,0.004839213151881781,0.05968587769004038
2465,0.0047731133101969305,0.06149370164463395
2466,0.00481311949758227,0.061781450200424456
2467,0.004886568515184905,0.05836545508868413
2468,0.004825301643542735,0.060368895371979044
2469,0.004776161434099685,0.05760190793707556
2470,0.004788242458573143,0.06016387766166439
2471,0.004806886943857124,0.06038372816149155
2472,0.005107020692123234,0.05795729137901077
2473,0.004767996152471692,0.06037825873509087
2474,0.005191735685350473,0.06129395894538191
2475,0.004812747755359426,0.05830849682851543
2476,0.004715876726778137,0.06038925047020864
2477,0.004927546007786425,0.0585918048009239
2478,0.004720593865400291,0.06113944732044872
2479,0.00486829462913697,0.06069525797153475
2480,0.004779549855680488,0.05883485925638287
2481,0.004810210647277511,0.06057809115875335
2482,0.00476380227700016,0.059086714770859645
2483,0.004743446464589024,0.061255485435625666
2484,0.004847995204074442,0.06449821225383826
2485,0.00475463179468548,0.06146252707095075
2486,0.0047657144340601835,0.060708196380906236
2487,0.004795952066545576,0.05981864845543577
2488,0.004750754895874045,0.05856796992676599
2489,0.005056761602249265,0.058865820125380254
2490,0.004778130636857034,0.06102361269575313
2491,0.004955806054151544,0.059440046772920994
2492,0.004945114484132738,0.06315815952935613
2493,0.0047870049425357,0.057350271047655506
2494,0.004832087331349293,0.05918375420428458
2495,0.004746135687718291,0.06103149379479855
2496,0.004733923314647241,0.05842131893512301
2497,0.004766838522890705,0.05809042967837257
2498,0.004822733610588182,0.05997717646615846
2499,0.004821476875439427,0.05952970831092438
2500,0.004815781157650637,0.06023661195671648
