epoch,train_loss,val_loss
1,2.059161424636841,4.319470141465802
2,2.06545352935791,4.324452703757991
3,2.056783676147461,4.3236620145334035
4,2.0376319885253906,3.807177964308507
5,17.72128677368164,3.8019792609346243
6,17.72857666015625,3.445986144225998
7,10.576677322387695,2.0687800923684487
8,2.9491381645202637,1.5825525097978443
9,1.033760666847229,2.1411655678187396
10,1.7876825332641602,1.2472499080170365
11,1.4945437908172607,1.0982997728170907
12,1.287266731262207,1.0564183144641102
13,0.8691242933273315,2.012333171708243
14,1.6378835439682007,2.309015843503756
15,2.0884737968444824,1.6369808299798416
16,1.515067458152771,0.9653270936251285
17,1.0923985242843628,0.9633844990778089
18,1.0901682376861572,0.9263591764863571
19,0.9051588773727417,0.9996966848098544
20,0.8187193274497986,1.0200039327592778
21,0.848395824432373,0.914909409401112
22,0.828258216381073,0.8980238855930797
23,0.8218107223510742,0.8899367808698114
24,0.7065339088439941,0.854606358628524
25,0.7096374034881592,0.8899689767892498
26,0.6928218603134155,0.8519536267247116
27,0.6724244356155396,0.8586752029289877
28,0.6628866195678711,0.858085674898965
29,0.6326315402984619,0.9306518165091225
30,0.752225399017334,0.931875451017442
31,0.7215821146965027,0.8541535110700698
32,0.6000551581382751,1.0044747546203154
33,0.7678651213645935,1.0912607549724722
34,0.9243687987327576,0.9346493285401423
35,0.7627686262130737,0.7625250414499364
36,0.5665166974067688,0.9799760176723165
37,0.8032168745994568,1.1965392556106835
38,1.0971622467041016,1.1170517788793808
39,1.0141687393188477,0.8737829303681701
40,0.6977853775024414,0.8810209498967144
41,0.6006627082824707,1.0150830076451887
42,0.6683106422424316,0.9432494490965267
43,0.6144689321517944,0.7815499576112083
44,0.4884113073348999,0.8491280135654268
45,0.6993054151535034,0.9679864491137645
46,0.8671069145202637,0.8922990242341408
47,0.7245780229568481,0.7435734388523532
48,0.5542251467704773,0.851606475679498
49,0.709552526473999,1.0329882091746891
50,0.9282387495040894,1.0109054389454069
51,0.8621068000793457,0.8331023353084287
52,0.6002562046051025,0.7847797870635986
53,0.5158218145370483,0.8579189468147164
54,0.5813995599746704,0.8364374171522327
55,0.5312604904174805,0.8348801962116308
56,0.5203351974487305,0.8301415556953067
57,0.4618379771709442,0.7631150850078516
58,0.4518148899078369,0.7494232520124966
59,0.43594691157341003,0.7192497239973312
60,0.4293707311153412,0.7205598919015181
61,0.3988816738128662,0.804613507182377
62,0.4610581398010254,0.8169360892814502
63,0.43694591522216797,0.7695453553869013
64,0.41996464133262634,0.7591866356388369
65,0.4326731860637665,0.7631083680573562
66,0.4342270791530609,0.7268385382224444
67,0.3773336410522461,0.7313962477191648
68,0.3922405242919922,0.7419725460814952
69,0.38196688890457153,0.8051278622526872
70,0.4011468291282654,0.8031662234985141
71,0.4257185459136963,0.7279478761187771
72,0.409656286239624,0.7856699897531878
73,0.4725852906703949,0.8519924011146813
74,0.5834304094314575,0.7786439812571782
75,0.4470880925655365,0.7075837400921604
76,0.3380756378173828,0.7947288597735546
77,0.406948059797287,0.8323128935985995
78,0.39502543210983276,0.7924805162544537
79,0.36647021770477295,0.824901419026511
80,0.43031245470046997,0.8457259544752594
81,0.44293469190597534,0.7509016172031412
82,0.3690052926540375,0.7105702178221298
83,0.38298356533050537,0.7370516862486837
84,0.46573442220687866,0.6988276256654495
85,0.3954472541809082,0.7018196771019384
86,0.36054202914237976,0.7296029182902554
87,0.36854395270347595,0.6947908355179885
88,0.31463202834129333,0.7488260774086591
89,0.4011673331260681,0.7948323295528728
90,0.43654364347457886,0.7448667120515254
91,0.3652282953262329,0.7454155020247725
92,0.32935819029808044,0.774603725973526
93,0.376168429851532,0.7240535655714814
94,0.3289749324321747,0.7111877887171313
95,0.3639867305755615,0.7273135872413042
96,0.4135332703590393,0.6811362971040539
97,0.32715904712677,0.7153072318337615
98,0.3379884362220764,0.7573856033179396
99,0.3594210147857666,0.7086896170350842
100,0.31645792722702026,0.6766091588147003
101,0.3289269804954529,0.6964528689109591
102,0.3527510166168213,0.6779417637595557
103,0.3086128532886505,0.7599248856231383
104,0.32848256826400757,0.8261107871108186
105,0.39690685272216797,0.7549026121471759
106,0.33799561858177185,0.6880813039335093
107,0.3171049952507019,0.6919897234529481
108,0.3581944406032562,0.6748579057834501
109,0.2948848605155945,0.7604599627934602
110,0.3413987159729004,0.8034540057779852
111,0.3675312399864197,0.7274916502168602
112,0.31561124324798584,0.6614173868843786
113,0.30704832077026367,0.6720494506950665
114,0.3092326819896698,0.6654376160530817
115,0.29315394163131714,0.7536154659768394
116,0.37550365924835205,0.8021450906170341
117,0.37716183066368103,0.7356600101131544
118,0.3271854817867279,0.6775203850633817
119,0.3036890923976898,0.6857964067829582
120,0.31793642044067383,0.6763349901464649
121,0.2763914465904236,0.7516608711770901
122,0.3184342384338379,0.783547137763566
123,0.34181714057922363,0.7063766495327005
124,0.33659958839416504,0.6634634347786581
125,0.28657734394073486,0.6768755421303866
126,0.3274787366390228,0.6575571939461213
127,0.3232026696205139,0.7110655088173715
128,0.3373379707336426,0.7484216228463596
129,0.3317221999168396,0.6993411350668522
130,0.27126479148864746,0.6713948838394088
131,0.28084444999694824,0.69313003768897
132,0.31589803099632263,0.6734999670719443
133,0.28294092416763306,0.7330915424459261
134,0.27476730942726135,0.7728620893076846
135,0.30982959270477295,0.7074284251769981
136,0.26282909512519836,0.6721216459620866
137,0.3038163185119629,0.6889572067368299
138,0.3304998576641083,0.664021208770293
139,0.281807005405426,0.7042908060520813
140,0.29346388578414917,0.7361296500478473
141,0.2882167100906372,0.6875074151763343
142,0.2608191967010498,0.6709292294985071
143,0.29464054107666016,0.692864914137618
144,0.3691343665122986,0.6750082751563319
145,0.2576141059398651,0.7295353790572413
146,0.2672443687915802,0.7693160025398236
147,0.3031642735004425,0.7085099217288178
148,0.2632998824119568,0.667303795055638
149,0.2891097962856293,0.6831775530239096
150,0.3150140941143036,0.6573392318603688
151,0.26596128940582275,0.697135155063524
152,0.28575557470321655,0.7283795598455539
153,0.27379941940307617,0.6842780588264752
154,0.2545609772205353,0.6686788181912032
155,0.2722436189651489,0.6869510424166992
156,0.304242879152298,0.6756596199253149
157,0.29202985763549805,0.7392821461335758
158,0.2629762291908264,0.7753112873337921
159,0.28800827264785767,0.7126699092991668
160,0.2886061370372772,0.6708944726707344
161,0.2475241720676422,0.6800126424409393
162,0.29669180512428284,0.6552343150428065
163,0.2568868398666382,0.7010213120240616
164,0.2328358143568039,0.7384891834175378
165,0.2770135998725891,0.6960165189919914
166,0.25213417410850525,0.6636815319085181
167,0.26528769731521606,0.6825873787540541
168,0.27754101157188416,0.6724883250724104
169,0.23356489837169647,0.7499525647115588
170,0.2529723644256592,0.7853969341531434
171,0.29270139336586,0.718769541808537
172,0.2257685661315918,0.6669521886005736
173,0.24297913908958435,0.6749802560435799
174,0.2837507724761963,0.6542178009984487
175,0.2531135678291321,0.7076786678835264
176,0.27439260482788086,0.7513091274371422
177,0.2644234299659729,0.7079907557121793
178,0.22389237582683563,0.6674752003865732
179,0.2634980380535126,0.6783771095120519
180,0.263777494430542,0.6776564675464964
181,0.23863039910793304,0.7590970506046649
182,0.24602583050727844,0.7971288388534298
183,0.25558507442474365,0.721366276268971
184,0.21464067697525024,0.6639792857911055
185,0.237209290266037,0.671856058719463
186,0.2888781726360321,0.6543696291165841
187,0.23041850328445435,0.7261491809273722
188,0.2356099933385849,0.768899280773966
189,0.241322860121727,0.7229970261865392
190,0.2071612924337387,0.6699931575242141
191,0.22866277396678925,0.6835420228783649
192,0.24619853496551514,0.6786461466535888
193,0.2289358377456665,0.7654041234114415
194,0.23660200834274292,0.8015969362772796
195,0.24955444037914276,0.7281419739388583
196,0.24630223214626312,0.6681766501046661
197,0.2164907455444336,0.6759502932541352
198,0.2701033651828766,0.6640153291231409
199,0.2515139579772949,0.7312879991113094
200,0.21049782633781433,0.7847978777455208
201,0.22529754042625427,0.7334027281381134
202,0.2002938985824585,0.6790479455974168
203,0.22431877255439758,0.6882207456387972
204,0.2483144998550415,0.6926777900609755
205,0.19881248474121094,0.7794400254885355
206,0.22380970418453217,0.8087127531381478
207,0.23449110984802246,0.7360910077142835
208,0.18724358081817627,0.6711537268825043
209,0.22471114993095398,0.6789312483672809
210,0.26133447885513306,0.6679733772026865
211,0.20394396781921387,0.743122108598102
212,0.19129422307014465,0.79072828519912
213,0.21194371581077576,0.7408670321443027
214,0.23195752501487732,0.687024696428973
215,0.2115102857351303,0.6889557963923404
216,0.2453496903181076,0.6866367698313299
217,0.19583454728126526,0.7720539704301304
218,0.2359025925397873,0.8123170596017575
219,0.20387554168701172,0.7439110585322655
220,0.17540836334228516,0.6761464222630761
221,0.19906394183635712,0.6841854665213659
222,0.23140273988246918,0.6771816700921023
223,0.23476998507976532,0.7525900100406847
224,0.18537867069244385,0.8009094382288462
225,0.1975764036178589,0.7455767155589914
226,0.21454428136348724,0.6843076299007674
227,0.20993046462535858,0.6912644173865928
228,0.2299519032239914,0.694977329040231
229,0.18913428485393524,0.7804584400098127
230,0.17916929721832275,0.815874215056723
231,0.19891849160194397,0.7472235857693473
232,0.1689125895500183,0.682898835878922
233,0.1927231252193451,0.6890854052732462
234,0.22832974791526794,0.6873686339024613
235,0.18663054704666138,0.7790914627543667
236,0.17713749408721924,0.8281053237448958
237,0.19808225333690643,0.7621321724470994
238,0.15703502297401428,0.6884455640513197
239,0.18921196460723877,0.6906981756513878
240,0.2160135805606842,0.6929243196520889
241,0.16573217511177063,0.7789260610601956
242,0.2113403081893921,0.8280655375698156
243,0.1871938705444336,0.7662284181530314
244,0.16699758172035217,0.6978599157249719
245,0.186891108751297,0.7015281222517926
246,0.20569828152656555,0.6993369309226971
247,0.1696203649044037,0.7899745841671649
248,0.16381418704986572,0.824688740840233
249,0.19341079890727997,0.7527637142585334
250,0.15137073397636414,0.6879291292420007
251,0.19798646867275238,0.6923289385654574
252,0.2158765196800232,0.701850246068529
253,0.16734156012535095,0.8023782246991208
254,0.1782865971326828,0.8569693755087697
255,0.19331324100494385,0.7814300260448217
256,0.19736719131469727,0.6972145117016364
257,0.1714106798171997,0.6972570486534807
258,0.1922849863767624,0.695339524506925
259,0.16709473729133606,0.7948181947371117
260,0.1737992763519287,0.8521023990217605
261,0.18409261107444763,0.785653222921797
262,0.15306729078292847,0.7026112326105735
263,0.17009268701076508,0.7042696280288219
264,0.19453243911266327,0.7082671040580386
265,0.1501436084508896,0.8172468032155719
266,0.20667561888694763,0.8643487142142198
267,0.17802809178829193,0.7920133329573131
268,0.15031582117080688,0.7041639531764171
269,0.1733819544315338,0.704368185578731
270,0.18867431581020355,0.7141471382669339
271,0.15338420867919922,0.8192317143717506
272,0.16118788719177246,0.8671520084964303
273,0.1831206977367401,0.787986785845649
274,0.1445913016796112,0.6943592704029609
275,0.15696047246456146,0.6923079575811114
276,0.1920127123594284,0.7041836416810975
277,0.15680259466171265,0.8157828432276732
278,0.1467750519514084,0.8755480836806142
279,0.18048095703125,0.8124200041431532
280,0.13725554943084717,0.7116952429439191
281,0.15999819338321686,0.7008286984940818
282,0.17634908854961395,0.7076294756772226
283,0.14651474356651306,0.8124819666819465
284,0.16157637536525726,0.8554275415296244
285,0.17511942982673645,0.7913778167320672
286,0.1355867087841034,0.7095645058125183
287,0.14839161932468414,0.7086002553315988
288,0.17743143439292908,0.7245645663493259
289,0.13851790130138397,0.8313281597350175
290,0.14280298352241516,0.8751575467281771
291,0.1637411117553711,0.8033534983046969
292,0.135137140750885,0.7105441623761839
293,0.14578472077846527,0.7082708875338236
294,0.21052715182304382,0.7199660907114359
295,0.13919483125209808,0.8302425422465294
296,0.14235155284404755,0.8759836230361671
297,0.1592210829257965,0.7942287502133458
298,0.13915877044200897,0.7088876091746759
299,0.14392708241939545,0.7090383573881068
300,0.17543423175811768,0.7169472576681534
301,0.14508692920207977,0.8215504990783251
302,0.14548362791538239,0.8701188054897433
303,0.16836142539978027,0.7971275254598537
304,0.12292024493217468,0.712768930988503
305,0.13828378915786743,0.7077196318105349
306,0.1725655496120453,0.7121693618913043
307,0.1389598548412323,0.8155864472676041
308,0.13689059019088745,0.8626636634195658
309,0.16127938032150269,0.7983511005129132
310,0.12225896120071411,0.7127508574858644
311,0.13973116874694824,0.7132533637802105
312,0.16026021540164948,0.7298641289983477
313,0.16875508427619934,0.8371103549362126
314,0.12531137466430664,0.8735230090026569
315,0.14988282322883606,0.7948499075452188
316,0.12105304002761841,0.7123938775002807
317,0.1441841423511505,0.7111151327465411
318,0.1656888723373413,0.7296850569266126
319,0.12588968873023987,0.8339540459458392
320,0.12910866737365723,0.8748668541286823
321,0.1540110558271408,0.7993250271132716
322,0.1105579361319542,0.7184723496138302
323,0.1404629647731781,0.709255375957728
324,0.16341626644134521,0.7244553966331004
325,0.1304050087928772,0.8439404819543499
326,0.1266600340604782,0.8962513501184028
327,0.14807090163230896,0.8175887168200692
328,0.12096886336803436,0.7239042544424683
329,0.1319270133972168,0.7130890540909349
330,0.15025831758975983,0.7220155759562824
331,0.16283077001571655,0.83432397194076
332,0.1252453625202179,0.8877569592387455
333,0.14499714970588684,0.8177986079290098
334,0.11086952686309814,0.7199318855627438
335,0.13172131776809692,0.7173043344552654
336,0.15406978130340576,0.7388287831966142
337,0.12337883561849594,0.8434821573415197
338,0.15594029426574707,0.8820694075491196
339,0.13161900639533997,0.8122800337640863
340,0.11460137367248535,0.7207600761176949
341,0.13333213329315186,0.7190591761641634
342,0.157339408993721,0.741573757396306
343,0.12106435000896454,0.852224472172577
344,0.11759433150291443,0.8939272948076253
345,0.13511979579925537,0.8137840609203902
346,0.10445261001586914,0.7247657551801294
347,0.12448826432228088,0.7155210864275021
348,0.15449124574661255,0.7374623374532637
349,0.11367131769657135,0.8606534730222889
350,0.11439552158117294,0.9052823211316178
351,0.14478889107704163,0.8296819061862496
352,0.1112494096159935,0.7221057249191112
353,0.1262889802455902,0.7145561737225468
354,0.14973977208137512,0.7304254311666751
355,0.11617495864629745,0.8370988733487619
356,0.11872025579214096,0.8846209873830465
357,0.13333027064800262,0.8202243362154279
358,0.10981220006942749,0.7323894104861974
359,0.11894501745700836,0.7252089340883986
360,0.140417218208313,0.7498715717093389
361,0.11333584785461426,0.8556762367561647
362,0.11917145550251007,0.8928722322435307
363,0.12805253267288208,0.8141604933822364
364,0.10681964457035065,0.7206377944253143
365,0.11903132498264313,0.7178107075822682
366,0.13560476899147034,0.7376344714845929
367,0.11278855800628662,0.8561434481376992
368,0.11559399962425232,0.8997019881891427
369,0.13088588416576385,0.8235671705470646
370,0.10557886213064194,0.7253556109610058
371,0.11858643591403961,0.7184651789808632
372,0.13969853520393372,0.7332923415310699
373,0.10406294465065002,0.8571159730579022
374,0.10397469997406006,0.9145238722177377
375,0.13418352603912354,0.8474177567283612
376,0.1013517901301384,0.736348134981361
377,0.11012916266918182,0.7172341034525916
378,0.13211581110954285,0.729354819558318
379,0.10587146133184433,0.8334502881033379
380,0.10708090662956238,0.8860434738914471
381,0.12675057351589203,0.8221537213875237
382,0.0952073261141777,0.7289038092868968
383,0.11127595603466034,0.7244160952125874
384,0.12580494582653046,0.7412430053964295
385,0.10399572551250458,0.8599526402645541
386,0.10606634616851807,0.9008984824171042
387,0.12876862287521362,0.82759367000489
388,0.09359268844127655,0.7251987518523271
389,0.10884952545166016,0.7146134225646954
390,0.13101017475128174,0.7285889007692647
391,0.10167443752288818,0.8377191149501275
392,0.1022167056798935,0.8975407506589005
393,0.1197182759642601,0.8420073842643795
394,0.12816846370697021,0.7353983681303516
395,0.1115708202123642,0.7269882615048784
396,0.12467491626739502,0.7402032035634034
397,0.10257349908351898,0.8495140465578639
398,0.09802567958831787,0.9024599086969418
399,0.11942537873983383,0.8422234012070754
400,0.09921318292617798,0.7367700489242572
401,0.0997479259967804,0.7285989999472348
402,0.12096294015645981,0.7538968182745434
403,0.09542515128850937,0.8650721850849333
404,0.10034417361021042,0.9109251145133399
405,0.11871457099914551,0.837209875721083
406,0.09434057772159576,0.737175144647297
407,0.10523009300231934,0.7275986072413605
408,0.12762385606765747,0.7498811062117269
409,0.0969221293926239,0.8654661363826359
410,0.09621335566043854,0.9140535688639285
411,0.11628177016973495,0.8445835956057212
412,0.08891049027442932,0.7372397490611351
413,0.1099817156791687,0.7304751512998328
414,0.13308724761009216,0.7455664127691647
415,0.0971967875957489,0.8521079739233605
416,0.09422596544027328,0.9108125276135323
417,0.11055660247802734,0.8492689510634669
418,0.0890929102897644,0.7445515365827651
419,0.10734127461910248,0.7281550506601357
420,0.12418079376220703,0.742896799007454
421,0.0996885746717453,0.8541126257196107
422,0.08963017165660858,0.903850986097092
423,0.11125724762678146,0.8458497630324877
424,0.08576884120702744,0.7495965974073959
425,0.09578150510787964,0.7370669693875134
426,0.12158949673175812,0.7582274567812008
427,0.09559663385152817,0.8597222315637689
428,0.08554817736148834,0.900340763847332
429,0.10273514688014984,0.8308317592568266
430,0.080660879611969,0.7415542370992196
431,0.09912975877523422,0.7348044816413918
432,0.1232539564371109,0.7566806818907124
433,0.09565802663564682,0.8661511479165023
434,0.0967995822429657,0.9063331410102079
435,0.10745368897914886,0.8390969126146838
436,0.08540897071361542,0.7381243318842169
437,0.1006593108177185,0.7360846909664029
438,0.1116398423910141,0.7561505765544442
439,0.08715210855007172,0.8729505225231773
440,0.13055673241615295,0.913927994276348
441,0.10693614929914474,0.8372770298393747
442,0.08581163734197617,0.7488889737535539
443,0.09594216197729111,0.7409489320633107
444,0.11148683726787567,0.7728159938539777
445,0.08978849649429321,0.8955846083791632
446,0.0918315052986145,0.9413398212956307
447,0.1079849824309349,0.8584859102292168
448,0.07947665452957153,0.75275027527845
449,0.09642593562602997,0.7406398776479831
450,0.14661306142807007,0.7632212776289249
451,0.0848141610622406,0.8829006498917601
452,0.09043681621551514,0.9368255021876859
453,0.10928498208522797,0.863318281364919
454,0.08145974576473236,0.7502647054225281
455,0.09119363874197006,0.7388340068939037
456,0.11141340434551239,0.7596266177065092
457,0.08465884625911713,0.8807237252854464
458,0.08387871086597443,0.9335009845575892
459,0.09977781027555466,0.8655218665761159
460,0.07912009954452515,0.7569692003398312
461,0.08886071294546127,0.7405004697037221
462,0.10332604497671127,0.7659429060785394
463,0.08289327472448349,0.8848388048640469
464,0.08319005370140076,0.9371545604595863
465,0.10115977376699448,0.8740646008560831
466,0.07562270760536194,0.7632516546356947
467,0.09023213386535645,0.750142230575246
468,0.10347827523946762,0.7663445692313345
469,0.08196990191936493,0.8785308278294135
470,0.08642533421516418,0.9179193449199647
471,0.09775702655315399,0.8495119456061744
472,0.07362335920333862,0.7524111040851527
473,0.08777587115764618,0.7460875124262091
474,0.10619068145751953,0.7683680177033695
475,0.07892753183841705,0.8786788835262594
476,0.08708256483078003,0.9129517475763956
477,0.0941184014081955,0.8400694391781226
478,0.07552234828472137,0.7588019424811342
479,0.08487995713949203,0.7571513297265036
480,0.10242480039596558,0.7885644392560897
481,0.07717402279376984,0.8987388222438649
482,0.08766322582960129,0.9289947574897518
483,0.10262690484523773,0.8437628427842506
484,0.07146991789340973,0.7534315596547043
485,0.08436080068349838,0.7566347709275726
486,0.1038978099822998,0.7864821754900136
487,0.07819359749555588,0.8938343850592324
488,0.08154227584600449,0.9146877558607804
489,0.09055885672569275,0.8410782044692745
490,0.07482925057411194,0.756325952839433
491,0.08357428759336472,0.761129851777452
492,0.09653948247432709,0.8067310421090377
493,0.07168503105640411,0.9357326852349112
494,0.091936394572258,0.9601912785293465
495,0.10046762228012085,0.8647021466030513
496,0.07697521895170212,0.7648413236577409
497,0.08224993944168091,0.7624728388356087
498,0.0898548811674118,0.818538410771162
499,0.07432249188423157,0.9439935796242908
500,0.08651654422283173,0.9555516718025494
501,0.09528374671936035,0.8685097725767839
502,0.08115525543689728,0.7651574953755639
503,0.07963058352470398,0.7596153941070825
504,0.0936470553278923,0.8092775710842066
505,0.07420431822538376,0.9294128773505228
506,0.08677824586629868,0.9550726046239523
507,0.0995883196592331,0.8733506612012858
508,0.11811604350805283,0.7692854281953702
509,0.08177323639392853,0.7664049230422592
510,0.09051911532878876,0.8126022089692883
511,0.08498310297727585,0.9191349375815618
512,0.07911325991153717,0.9321326559647581
513,0.08570035547018051,0.8576130626494425
514,0.08368101716041565,0.768255557183335
515,0.07908321171998978,0.7655709615924902
516,0.09621083736419678,0.8138311742839957
517,0.08831942081451416,0.9117374004875508
518,0.08410149812698364,0.9244974327266664
519,0.08667267858982086,0.8485589647352845
520,0.0865665078163147,0.7750874838434664
521,0.08489112555980682,0.7787172399965444
522,0.0850721001625061,0.8333599081911838
523,0.07812610268592834,0.9178945239922756
524,0.08101637661457062,0.9014955284003925
525,0.08968415856361389,0.8208557300101545
526,0.07254936546087265,0.76400977044476
527,0.07827066630125046,0.780753971789415
528,0.09033894538879395,0.8410998325897637
529,0.06874273717403412,0.9110103231623656
530,0.08046579360961914,0.8770167619960948
531,0.08156012743711472,0.7887227986390728
532,0.07332181930541992,0.7594652166940216
533,0.11081337928771973,0.8021255056362104
534,0.08598417043685913,0.897825419006491
535,0.08188137412071228,0.8657259098569253
536,0.06290771067142487,0.7913304089304797
537,0.08457332849502563,0.7478827970069751
538,0.08231177181005478,0.7938086708685509
539,0.06434673070907593,0.9666441661074645
540,0.09446994960308075,1.002631810374726
541,0.12541189789772034,0.8712168657092523
542,0.08835223317146301,0.7223265529575205
543,0.09344231337308884,0.6845513603143525
544,0.12295818328857422,0.6922039332843962
545,0.12853923439979553,0.7938447307823295
546,0.1140887588262558,0.8637647085022508
547,0.10779919475317001,0.8565763872966432
548,0.08965583145618439,0.7855318687613446
549,0.08634698390960693,0.7620355821492379
550,0.09720051288604736,0.7621571036209738
551,0.08798479288816452,0.8093110476818898
552,0.0771321952342987,0.7800158704432628
553,0.07622336596250534,0.7123338430746456
554,0.07708065956830978,0.7279738338668842
555,0.07054124027490616,0.8275621227154457
556,0.07487847656011581,0.8449391358179557
557,0.09464546293020248,0.7563468498693672
558,0.12868952751159668,0.7288905955795059
559,0.08178162574768066,0.7467084059440402
560,0.0677943229675293,0.8008132665079638
561,0.08171410858631134,0.786643231721749
562,0.09450437873601913,0.7211493795975706
563,0.1025056466460228,0.7168254411608952
564,0.09229132533073425,0.77005106957634
565,0.08504806458950043,0.7946428206928989
566,0.06739093363285065,0.7569584107040462
567,0.07727162539958954,0.7616604738366932
568,0.09110130369663239,0.8030097993991727
569,0.09020623564720154,0.7786995690866819
570,0.08038389682769775,0.7375542457241163
571,0.08662214130163193,0.7420840099043117
572,0.06732825934886932,0.816734576583805
573,0.08162666857242584,0.8072677684905833
574,0.09313148260116577,0.7159224018118435
575,0.08094777911901474,0.7015436802591596
576,0.08863459527492523,0.7546275751035016
577,0.1204402893781662,0.7734022013525617
578,0.07899906486272812,0.748628024170572
579,0.06532084941864014,0.7557778300199294
580,0.09717871248722076,0.7872190747344703
581,0.06931449472904205,0.7557537688647297
582,0.09734104573726654,0.7149843718473774
583,0.07576591521501541,0.7249994808271116
584,0.07638853043317795,0.7837733364941781
585,0.1031232699751854,0.7708755783867418
586,0.062287360429763794,0.72398881416273
587,0.06835399568080902,0.7395442766055726
588,0.06766624748706818,0.8265445160686522
589,0.07329970598220825,0.8473127045129475
590,0.08387091010808945,0.7843572218017769
591,0.07351687550544739,0.7208905329082843
592,0.07030132412910461,0.7169055929757598
593,0.07027452439069748,0.7921821216592813
594,0.1038210391998291,0.8365159869791571
595,0.0882825180888176,0.8042262039686504
596,0.07163920998573303,0.7373489827141726
597,0.08622710406780243,0.733261035349136
598,0.09807443618774414,0.7476917799552879
599,0.08469168841838837,0.806837957305717
600,0.0768197625875473,0.807836535580475
601,0.06702699512243271,0.7534526785214742
602,0.08893953263759613,0.7613004432585007
603,0.06554505228996277,0.8129746054945733
604,0.07825051993131638,0.869646964664746
605,0.07632969319820404,0.7977342967102701
606,0.06601528078317642,0.7059452981877148
607,0.07472344487905502,0.6922536910625926
608,0.0754733681678772,0.7471197862971696
609,0.0767226442694664,0.7751520839251372
610,0.10183762013912201,0.7488171662901876
611,0.06410529464483261,0.7545302423618192
612,0.05588065832853317,0.7968018249162755
613,0.06664984673261642,0.7800867594871903
614,0.06485359370708466,0.7198232328682616
615,0.09916803240776062,0.7142986939066932
616,0.06543479114770889,0.7673159131131375
617,0.05909345671534538,0.7821368987398937
618,0.05469570681452751,0.7369686928309295
619,0.0892363041639328,0.74140759518272
620,0.05629884451627731,0.7879959988713563
621,0.06302846223115921,0.7644408572287786
622,0.053149618208408356,0.7162284876469681
623,0.06246088445186615,0.7277767767284747
624,0.06015869975090027,0.7831382576684306
625,0.0564068965613842,0.7841372778242394
626,0.05271270126104355,0.7365864649751133
627,0.05769331380724907,0.7467266851499266
628,0.05252709984779358,0.8064985587483361
629,0.08380727469921112,0.8054917684772558
630,0.055063895881175995,0.7439303483281817
631,0.05377507954835892,0.7437387243249363
632,0.04963676631450653,0.8013042771726623
633,0.05537670850753784,0.8047797887546376
634,0.05222303420305252,0.7573332903080416
635,0.052200865000486374,0.7672725805363858
636,0.048075929284095764,0.8196969198105031
637,0.055501870810985565,0.8162214280967426
638,0.049505215138196945,0.7485254351656538
639,0.05388917028903961,0.7536553283383075
640,0.05020127445459366,0.815865633481726
641,0.053272418677806854,0.8188117909849736
642,0.05129658803343773,0.7596888203071174
643,0.05271991342306137,0.7628043367151629
644,0.050003185868263245,0.8202650285603708
645,0.07976923882961273,0.8110545304484833
646,0.04717744514346123,0.7548642821778032
647,0.052321165800094604,0.7536349777589765
648,0.0521550253033638,0.8108916989245212
649,0.05013599246740341,0.8139646132488298
650,0.04825393483042717,0.7599066059690968
651,0.0742148756980896,0.766921945980617
652,0.04975300282239914,0.8238172398175213
653,0.047259099781513214,0.8159348183407222
654,0.05047730728983879,0.7601983683151111
655,0.0514214001595974,0.7616578688597619
656,0.05192358419299126,0.8233605273684165
657,0.046565502882003784,0.8297474396258667
658,0.047917984426021576,0.7723137882717869
659,0.0480833575129509,0.7753239154516903
660,0.04791291058063507,0.8366347951697826
661,0.0754990205168724,0.8275342151933446
662,0.04360987991094589,0.7692957825230476
663,0.046254511922597885,0.7720901008536643
664,0.048637449741363525,0.8417342206589261
665,0.04954017326235771,0.8379589862990797
666,0.04559227079153061,0.7753364778401559
667,0.04747481271624565,0.7843661784826962
668,0.049205344170331955,0.8510984632006863
669,0.047547876834869385,0.8498625053200208
670,0.04700738191604614,0.7804008374238074
671,0.07294927537441254,0.7876587368193126
672,0.04545166343450546,0.8557949896743124
673,0.048086874186992645,0.8497254374929538
674,0.06954318284988403,0.7831249180294219
675,0.04646555706858635,0.7853384439210246
676,0.045092787593603134,0.8512915640247795
677,0.04457744210958481,0.8484094504425699
678,0.047979652881622314,0.785644911733785
679,0.04919358715415001,0.7935027477137726
680,0.04448043927550316,0.8633946721117598
681,0.046453796327114105,0.8589809610132586
682,0.04560788720846176,0.7955988871125051
683,0.04538847133517265,0.7950060279447034
684,0.045243583619594574,0.8534686861181617
685,0.04608449339866638,0.8565043521704232
686,0.044039711356163025,0.7912566576685224
687,0.04606582969427109,0.7975808361120391
688,0.044500261545181274,0.8554868581599759
689,0.042997755110263824,0.8476527061378747
690,0.04417453333735466,0.7873577971506238
691,0.04543069005012512,0.7951732969523074
692,0.0425565242767334,0.8724946343809142
693,0.04729212448000908,0.866722805906358
694,0.04390604421496391,0.8023352409365183
695,0.049146316945552826,0.8049921161847604
696,0.0446578674018383,0.8718236947716925
697,0.04443959519267082,0.8714375237474465
698,0.04568957909941673,0.803819994131724
699,0.044663213193416595,0.8025563793971127
700,0.044374655932188034,0.8693495742360452
701,0.06663616001605988,0.8711188050141012
702,0.044790118932724,0.8129173081022755
703,0.04312041029334068,0.8155257010220883
704,0.04048754274845123,0.8793148024936667
705,0.04555085301399231,0.8674330681487731
706,0.04416978359222412,0.8005718322923607
707,0.044654011726379395,0.812602206429742
708,0.04034159705042839,0.8882465568700231
709,0.04277048259973526,0.886191115194096
710,0.04329504072666168,0.8136978539309108
711,0.06464504450559616,0.8156929691333819
712,0.04084300622344017,0.8804926064080164
713,0.042968571186065674,0.8706927070940348
714,0.04343909025192261,0.8021554830379056
715,0.04402276128530502,0.8070797321192902
716,0.040453799068927765,0.8706191168691879
717,0.03974215313792229,0.8725783611299998
718,0.042215198278427124,0.8136537075042725
719,0.04424017667770386,0.8173676094315704
720,0.04208563268184662,0.8893128177874667
721,0.04439455270767212,0.8769401698781732
722,0.04273955151438713,0.8080684279738214
723,0.042744264006614685,0.8056436830893495
724,0.04223879799246788,0.8812294037718522
725,0.04153537377715111,0.8823338085248655
726,0.04227582737803459,0.82583797336521
727,0.044238172471523285,0.8297185014961357
728,0.04200941324234009,0.8979364987602807
729,0.04290766641497612,0.8844899409695676
730,0.04050920903682709,0.8198451112983818
731,0.041037045419216156,0.8256641158782748
732,0.039102669805288315,0.896147376463228
733,0.0447789803147316,0.8966784181451439
734,0.04276150465011597,0.823679248641308
735,0.041044268757104874,0.8296355863561606
736,0.04050955921411514,0.8984578293666505
737,0.040192827582359314,0.8979416894434687
738,0.04050321504473686,0.8349613469644895
739,0.04187948629260063,0.8348836180261502
740,0.03921279311180115,0.8999744233929723
741,0.042728930711746216,0.8930871237190744
742,0.04213505983352661,0.8309631292383772
743,0.042114824056625366,0.8413641228711695
744,0.037349674850702286,0.9073617592790073
745,0.04089315980672836,0.8881477755412721
746,0.041418030858039856,0.8165427538984102
747,0.04291301593184471,0.8182087863298287
748,0.04375284165143967,0.9026675381158528
749,0.04149162769317627,0.9037116773445206
750,0.03881129249930382,0.8286162762713611
751,0.04546017944812775,0.8320130081403823
752,0.04033544287085533,0.9052070352367889
753,0.039077144116163254,0.9059843261140331
754,0.038733579218387604,0.8358652360158456
755,0.042806606739759445,0.8415314340053645
756,0.04014046490192413,0.9056188505992555
757,0.04091884568333626,0.8915740426321676
758,0.03981280326843262,0.8318843125998227
759,0.06583418697118759,0.8431575441718998
760,0.04225572198629379,0.912441921413393
761,0.06299465149641037,0.892125940263122
762,0.06029950827360153,0.8139516176436479
763,0.04222105070948601,0.8150624951025597
764,0.039851196110248566,0.8899432326617994
765,0.041458792984485626,0.8955773488620767
766,0.039900392293930054,0.8383347299463468
767,0.04151579737663269,0.839853777174364
768,0.040234506130218506,0.9143373577815846
769,0.06197448819875717,0.9058874888826433
770,0.040072906762361526,0.8344743880711701
771,0.0400262251496315,0.8290330689951292
772,0.03678174316883087,0.8928644022248443
773,0.040286459028720856,0.8921433195733187
774,0.041600435972213745,0.8298318898468687
775,0.040117260068655014,0.8433025784062264
776,0.038114964962005615,0.9103585544385409
777,0.040918026119470596,0.8939700187895829
778,0.038357749581336975,0.8223978396047625
779,0.055866532027721405,0.8294900286765325
780,0.038222767412662506,0.9034131593572765
781,0.056102409958839417,0.9008136851745739
782,0.03959273546934128,0.8191377571352144
783,0.03621533513069153,0.8195762148775851
784,0.03958968445658684,0.8897627309749001
785,0.03983302041888237,0.9074410860401049
786,0.04069812595844269,0.8466937633086565
787,0.037160396575927734,0.8527012304554608
788,0.03605877608060837,0.903846514105498
789,0.03888656198978424,0.8882312871758502
790,0.0385618731379509,0.8284874893071359
791,0.037926387041807175,0.8490679828744185
792,0.05376117676496506,0.9289984051745039
793,0.04172314703464508,0.9124698511938703
794,0.03890275955200195,0.8236164595548969
795,0.03950023651123047,0.8236029391599479
796,0.0391412153840065,0.9021820225811243
797,0.03862170875072479,0.90844169042463
798,0.03933735191822052,0.8421195531847483
799,0.03761714696884155,0.8335439540389785
800,0.038858555257320404,0.8950836338793724
801,0.03800974786281586,0.8947112921784097
802,0.03621416911482811,0.8372491336705392
803,0.03814777731895447,0.8469045815013704
804,0.0390087366104126,0.9156788500926847
805,0.03758054971694946,0.8942955844384387
806,0.03568646311759949,0.8250900968573147
807,0.03715764731168747,0.8330037541556776
808,0.05310807749629021,0.9129635573628553
809,0.050735436379909515,0.9233470786185491
810,0.03678305074572563,0.844518738731107
811,0.03828417882323265,0.8395211602512159
812,0.038099948316812515,0.9007342628070286
813,0.036323364824056625,0.910116744220705
814,0.03476545214653015,0.85243991293704
815,0.039450570940971375,0.8554471838743167
816,0.03735223785042763,0.9147563879950005
817,0.03668142855167389,0.9030994757972565
818,0.035400524735450745,0.8518325744714952
819,0.03736860677599907,0.8619083508214257
820,0.04963575303554535,0.9301686709686031
821,0.03705660626292229,0.9136225900853188
822,0.037003692239522934,0.8354636465098924
823,0.038861170411109924,0.8385491073878487
824,0.03796927258372307,0.9207840838229149
825,0.03616124391555786,0.9326925533158439
826,0.03656059131026268,0.8592393413223419
827,0.036448728293180466,0.8494191441619605
828,0.037428390234708786,0.9134542224998761
829,0.03586571663618088,0.9240929237881997
830,0.04569645971059799,0.8672220148239518
831,0.03549165651202202,0.8732381167268395
832,0.03161843121051788,0.9328411871329286
833,0.035782814025878906,0.923086829054027
834,0.038438212126493454,0.8528343557116381
835,0.0364985316991806,0.8640104557637284
836,0.043316081166267395,0.9514481077218115
837,0.037693314254283905,0.946763403134836
838,0.037905503064394,0.8594764503918794
839,0.03561518341302872,0.8588086544421681
840,0.03340959548950195,0.9452339383892547
841,0.03698228299617767,0.9543374530354837
842,0.03465992957353592,0.8759035660808248
843,0.0356983058154583,0.8634853581139318
844,0.03501936420798302,0.93318664191062
845,0.050020184367895126,0.9289754116744325
846,0.03600115701556206,0.8660247720273814
847,0.034295812249183655,0.8748393036369094
848,0.03472092002630234,0.9441117686137819
849,0.03496229648590088,0.9351344771851274
850,0.03703829646110535,0.8661502693828783
851,0.03723166882991791,0.8689148597848744
852,0.036041002720594406,0.9323206278016991
853,0.03398144990205765,0.9241321809907306
854,0.03482426702976227,0.8565212624114856
855,0.036381568759679794,0.8583687543869019
856,0.04387911409139633,0.9357348522148037
857,0.03358885645866394,0.9284855539637401
858,0.03462136536836624,0.8624568236501593
859,0.03607688844203949,0.8696295200732717
860,0.034324124455451965,0.9288354914887507
861,0.03352097421884537,0.9221369764559848
862,0.0332653671503067,0.8596344331750894
863,0.03378172218799591,0.8590140893943328
864,0.0363825261592865,0.9279125264115202
865,0.031294770538806915,0.9205591215525654
866,0.034477636218070984,0.8629505992832041
867,0.03460995480418205,0.879658728016349
868,0.032922595739364624,0.9475654330767486
869,0.03210816532373428,0.9371249860988224
870,0.03182409331202507,0.8645106828899909
871,0.0385432243347168,0.8737601905239555
872,0.03230801969766617,0.9507097164192295
873,0.033987127244472504,0.9450653798896866
874,0.0350031703710556,0.8618676051460114
875,0.0339910052716732,0.8667603090293425
876,0.03452309966087341,0.9379113011790398
877,0.034113094210624695,0.9342643733610186
878,0.04275142773985863,0.8611272879710472
879,0.03300447762012482,0.8603210217671884
880,0.03574913367629051,0.9162904019642594
881,0.03275517746806145,0.9155210126611523
882,0.03276365250349045,0.860636884257907
883,0.03541713207960129,0.8694426008035665
884,0.03180569410324097,0.9386406009059801
885,0.03194697946310043,0.9276622992410397
886,0.03229184076189995,0.8599184835166261
887,0.041582584381103516,0.8734820674834096
888,0.03276754170656204,0.9441694968326348
889,0.03413211554288864,0.9350027782576424
890,0.03237912431359291,0.8663484872433177
891,0.03420870378613472,0.8694602993496677
892,0.03943455591797829,0.9419223101515519
893,0.0342581644654274,0.9390676374124703
894,0.03212033957242966,0.8695034295096433
895,0.032121919095516205,0.8703361355272451
896,0.032585322856903076,0.9399538709406268
897,0.03464924544095993,0.9278839477022788
898,0.031333066523075104,0.8686870526251638
899,0.03161841630935669,0.8787799470107955
900,0.03281964361667633,0.942156952275967
901,0.031609874218702316,0.9320612261468605
902,0.03225187212228775,0.8684218029928088
903,0.03365779668092728,0.8877301885370623
904,0.0337456651031971,0.965744526015786
905,0.03261777013540268,0.9553076399298838
906,0.030685320496559143,0.8763838240078518
907,0.030397145077586174,0.8740608354558921
908,0.03187441825866699,0.9412809958434045
909,0.03152380511164665,0.9419083974713969
910,0.03254275768995285,0.877954263585552
911,0.030622048303484917,0.8867870386979335
912,0.031023671850562096,0.9536781445481723
913,0.030414825305342674,0.9412675232516793
914,0.03881322592496872,0.8765788722157777
915,0.03167257085442543,0.8911897909073603
916,0.03232276067137718,0.9504731440902653
917,0.03461035341024399,0.9467116530078993
918,0.030869534239172935,0.8736130634047333
919,0.03301568329334259,0.8815655659015914
920,0.03274819999933243,0.9627321456608019
921,0.03099636361002922,0.9591365477495026
922,0.033187590539455414,0.8821856364570465
923,0.033737070858478546,0.8833913444576407
924,0.03894764930009842,0.9541689684815275
925,0.03149405121803284,0.956845894642641
926,0.029628440737724304,0.8935242365476183
927,0.031504929065704346,0.8888754514524513
928,0.031204765662550926,0.9571772205799743
929,0.03101525455713272,0.9481461654629624
930,0.03155582770705223,0.8822868685973319
931,0.03158474341034889,0.8950149764990747
932,0.03184806928038597,0.9702194476486149
933,0.03226684033870697,0.9625943940982484
934,0.03062325343489647,0.8868964550489172
935,0.032620690762996674,0.8933042322185105
936,0.03049405664205551,0.9673687162853423
937,0.03173289820551872,0.9631218666719613
938,0.029689602553844452,0.884800544508119
939,0.029754122719168663,0.8845320308118835
940,0.03110872581601143,0.9551266634972173
941,0.03800857067108154,0.9592749604903964
942,0.032144561409950256,0.888122012143147
943,0.03416445106267929,0.8927940333397466
944,0.02891862951219082,0.9689707514038659
945,0.031237956136465073,0.9699555750478778
946,0.031159892678260803,0.9058549123300347
947,0.030819948762655258,0.9026569326718649
948,0.030155381187796593,0.9686221771670463
949,0.03270185738801956,0.9600231409969187
950,0.030068229883909225,0.895673950513204
951,0.030891453847289085,0.9054387020586726
952,0.029474474489688873,0.9760114608850694
953,0.03306102380156517,0.9667134978119891
954,0.029492557048797607,0.9020315099479561
955,0.030504241585731506,0.9083971134702066
956,0.0300404354929924,0.9878081697270387
957,0.03205076977610588,0.977624435771378
958,0.030864376574754715,0.8970971391314552
959,0.03227906674146652,0.9021389221487787
960,0.032818615436553955,0.9705976928983416
961,0.03002382442355156,0.962193318775722
962,0.03138259798288345,0.893241798668577
963,0.030972208827733994,0.891302087850738
964,0.030054142698645592,0.9739445066989812
965,0.032357897609472275,0.9762626300778305
966,0.031123502179980278,0.8978248685224911
967,0.031898364424705505,0.8914020718787248
968,0.02974895015358925,0.9672524597411766
969,0.031132150441408157,0.9650334732275558
970,0.030383657664060593,0.8916572471310321
971,0.03050430677831173,0.8900369168224191
972,0.0307588130235672,0.9587451560156686
973,0.0291882511228323,0.9727488363297063
974,0.029911410063505173,0.9112836010474011
975,0.029073690995573997,0.9066259587617745
976,0.027536144480109215,0.9646854606786168
977,0.029914256185293198,0.9531679482089547
978,0.02875235676765442,0.9008775374345612
979,0.02987428568303585,0.9162172957470542
980,0.035597916692495346,0.9820943153591681
981,0.03018747828900814,0.9675531940053878
982,0.02872362732887268,0.8861641940616426
983,0.03489520400762558,0.8922815748623439
984,0.03179283067584038,0.9696081625787836
985,0.03063090704381466,0.9702598071636114
986,0.029060646891593933,0.8962124681711795
987,0.03041107952594757,0.8882944930466196
988,0.029377423226833344,0.9500645956299957
989,0.029686667025089264,0.9602763969497872
990,0.02627287618815899,0.8994005896095046
991,0.03424922376871109,0.9100928796562635
992,0.029501348733901978,0.9762109630089953
993,0.02792607806622982,0.9631023672887855
994,0.02760220132768154,0.8915964290312955
995,0.03065766952931881,0.9041793338935775
996,0.030139103531837463,0.9767109414091086
997,0.029347632080316544,0.9714402297983193
998,0.027798548340797424,0.8957428011977882
999,0.030638571828603745,0.897367280826234
1000,0.02747051976621151,0.9705623471946047
1001,0.027875272557139397,0.9734386785287308
1002,0.026960786432027817,0.9048568979839334
1003,0.031057599931955338,0.9014152784395337
1004,0.028420349583029747,0.9786046452092049
1005,0.029500216245651245,0.9747069784274376
1006,0.029239103198051453,0.9070512591149276
1007,0.031019611284136772,0.9022684016622099
1008,0.028674503788352013,0.957747813454248
1009,0.027861203998327255,0.9461542139376017
1010,0.02739742398262024,0.8910903132947764
1011,0.027406007051467896,0.9054852435762123
1012,0.03005128912627697,0.9762406819745114
1013,0.027710285037755966,0.9680301352849879
1014,0.0286685973405838,0.9009089991263578
1015,0.029004862532019615,0.9033615840108771
1016,0.025579601526260376,0.9713134710352522
1017,0.0307265967130661,0.9673677012137601
1018,0.028864404186606407,0.8956343852786492
1019,0.0266333669424057,0.8991329596753705
1020,0.028906024992465973,0.9739469237494887
1021,0.026759039610624313,0.9768367227456325
1022,0.030622806400060654,0.9142849295957943
1023,0.027196189388632774,0.9096729634399701
1024,0.027888787910342216,0.9788351474250468
1025,0.029184892773628235,0.9663607382535336
1026,0.027138929814100266,0.8986228275717351
1027,0.028627639636397362,0.9138960641129572
1028,0.027321165427565575,0.9836722219498235
1029,0.030376818031072617,0.9781134524441004
1030,0.027150999754667282,0.9039805925878367
1031,0.028055667877197266,0.9104455985819786
1032,0.02682921290397644,0.9791664629054249
1033,0.03037814050912857,0.9735713021498276
1034,0.02698439359664917,0.9031959031160015
1035,0.03445831686258316,0.9045267949128211
1036,0.03199676424264908,0.9613691387618694
1037,0.02656647376716137,0.9509317346085283
1038,0.02662859857082367,0.8930664040092239
1039,0.03017125092446804,0.9020423553043738
1040,0.02823534421622753,0.96259523812392
1041,0.027665218338370323,0.9530517708388785
1042,0.02720373496413231,0.89921553317168
1043,0.031195050105452538,0.9152448347636631
1044,0.02725505828857422,0.9765071931638216
1045,0.027602149173617363,0.9591562845055621
1046,0.028095576912164688,0.8898482594573707
1047,0.02916412055492401,0.8974552100762389
1048,0.030911695212125778,0.9708835062825292
1049,0.030481090769171715,0.9751859195250318
1050,0.027768030762672424,0.9116939835082319
1051,0.027489623054862022,0.9163442823223602
1052,0.028512125834822655,0.9721245580448543
1053,0.025887390598654747,0.9675124399644092
1054,0.026960795745253563,0.910295319587067
1055,0.027083124965429306,0.9088529792047084
1056,0.026935836300253868,0.9723467253204575
1057,0.02654184401035309,0.9612279020455248
1058,0.026814347133040428,0.8942706753735554
1059,0.027223631739616394,0.8979719926540116
1060,0.026194563135504723,0.9653878286667635
1061,0.031052006408572197,0.9728590214162841
1062,0.027132755145430565,0.9163390934317931
1063,0.02610020898282528,0.910230052501038
1064,0.027077242732048035,0.9597828701922768
1065,0.02710416540503502,0.9657371440029383
1066,0.02976730838418007,0.9182425628329877
1067,0.02799343690276146,0.924799152484215
1068,0.02683166041970253,0.9848816122925073
1069,0.02661091461777687,0.9623616826265378
1070,0.028861364349722862,0.9087157770804594
1071,0.029435783624649048,0.9272354149579404
1072,0.02477918565273285,0.996603228394549
1073,0.027112437412142754,0.97264837277563
1074,0.02607247792184353,0.8982095615308088
1075,0.02739284187555313,0.9015118419974669
1076,0.026606954634189606,0.9759038704678529
1077,0.02921675145626068,0.9832451025346168
1078,0.026214148849248886,0.914077978086352
1079,0.027762306854128838,0.9104037765871015
1080,0.025119498372077942,0.9766731856759628
1081,0.027234207838773727,0.9757970280217049
1082,0.028553131967782974,0.9097899474894493
1083,0.02639562450349331,0.9115004639577746
1084,0.028014905750751495,0.9723046268138072
1085,0.02901841327548027,0.9625493958779147
1086,0.02620205283164978,0.9043849209197482
1087,0.02679571509361267,0.9085918295951116
1088,0.02537263184785843,0.9872204120595354
1089,0.02595319226384163,0.9878554849098798
1090,0.026055023074150085,0.916329566697429
1091,0.02648146264255047,0.9136280217266322
1092,0.025082554668188095,0.9770069887166035
1093,0.026714926585555077,0.9834582701063993
1094,0.027241600677371025,0.9170041012584715
1095,0.0244841780513525,0.9244955205977112
1096,0.024894390255212784,0.9833472120134454
1097,0.028701823204755783,0.9837199031260976
1098,0.02532617375254631,0.9155529325169728
1099,0.02607203647494316,0.9176726566819021
1100,0.024831652641296387,0.9859598374605777
1101,0.025709837675094604,0.9861065893244922
1102,0.026342984288930893,0.929727364004704
1103,0.029220957309007645,0.9313074686473474
1104,0.024450387805700302,0.9897381617013076
1105,0.02592398039996624,0.9728646236553526
1106,0.025614727288484573,0.9105363247687357
1107,0.0266152061522007,0.9192142497029221
1108,0.027354342862963676,0.9956250302773669
1109,0.025028612464666367,0.9977763180147138
1110,0.02628549188375473,0.9295177013055423
1111,0.026616837829351425,0.9312733044301656
1112,0.02542765997350216,1.0009445964841914
1113,0.025611113756895065,0.9936536165108358
1114,0.02523791417479515,0.9279682306119972
1115,0.025149701163172722,0.92707783163042
1116,0.026534564793109894,0.9870132793459976
1117,0.0259114857763052,0.9739135857811547
1118,0.023089811205863953,0.9235548916317168
1119,0.0254572294652462,0.9353812136745692
1120,0.025320179760456085,1.0059569043324406
1121,0.026003360748291016,0.9970742752378746
1122,0.025409167632460594,0.925293987556209
1123,0.025182217359542847,0.9255194604247435
1124,0.025644665583968163,0.9879846256179619
1125,0.02557525783777237,0.9815993531604758
1126,0.025494184345006943,0.9262356714796004
1127,0.02670508250594139,0.9276783478289917
1128,0.023984093219041824,0.9941272387528479
1129,0.02813253365457058,0.9913750936214188
1130,0.024975687265396118,0.9297070479333251
1131,0.026100896298885345,0.93088014786106
1132,0.0246143601834774,0.9878233747374743
1133,0.022762631997466087,0.9780512903268475
1134,0.024058645591139793,0.9118014940044337
1135,0.026123713701963425,0.9233657046965787
1136,0.02638295851647854,0.9919541179386894
1137,0.02775390073657036,0.9807121084447492
1138,0.025822386145591736,0.92996049659294
1139,0.0254717618227005,0.9397183156252505
1140,0.024633098393678665,0.9991812711969056
1141,0.025801323354244232,0.988599890007411
1142,0.025320589542388916,0.9313846160295912
1143,0.025524131953716278,0.9449815315411503
1144,0.024292651563882828,1.028062317604409
1145,0.0268930122256279,1.0232248850036085
1146,0.0298935379832983,0.9307319424803693
1147,0.025111868977546692,0.9289896108751607
1148,0.02321844920516014,0.9968923092784738
1149,0.02482726238667965,1.010999415751388
1150,0.024302784353494644,0.9516839262536892
1151,0.023777764290571213,0.9440471857113946
1152,0.024011891335248947,0.9929100660453165
1153,0.02645234577357769,0.9796959969931677
1154,0.02323921024799347,0.9458025876143223
1155,0.023169580847024918,0.9616010365330785
1156,0.022874202579259872,1.0121309436054755
1157,0.026200413703918457,0.9803821047147115
1158,0.02411969006061554,0.917129683763461
1159,0.02375909686088562,0.9280627948000915
1160,0.025235598906874657,1.0008949235567175
1161,0.023286186158657074,1.0010147296396412
1162,0.02367437444627285,0.9261137433816915
1163,0.024088531732559204,0.9125240371938337
1164,0.02378639206290245,0.9693418744213897
1165,0.022493287920951843,0.992401999787878
1166,0.024296646937727928,0.9374008405776251
1167,0.024923091754317284,0.9322257536395749
1168,0.023704884573817253,0.9814739142145429
1169,0.02329023741185665,0.9879500298272996
1170,0.02246798574924469,0.9437519821308011
1171,0.02358640357851982,0.9564913768218574
1172,0.02486089989542961,1.0015458522882676
1173,0.024316366761922836,0.988079271669077
1174,0.02405734732747078,0.9397060261633163
1175,0.023607417941093445,0.9648545442667222
1176,0.023374155163764954,0.9914805844314116
1177,0.022551357746124268,0.9629818371364048
1178,0.02309488132596016,0.9272220192995286
1179,0.023503679782152176,0.9430460891030487
1180,0.02276373654603958,1.0035689794330072
1181,0.02395040914416313,0.9763373580194057
1182,0.02130166068673134,0.9204703339359217
1183,0.026430001482367516,0.9313327223435978
1184,0.024497874081134796,1.004103770232141
1185,0.024235639721155167,0.9970730823980537
1186,0.023105274885892868,0.9313581133247318
1187,0.025610174983739853,0.9343507152452206
1188,0.02371031418442726,1.0058112083222335
1189,0.02237214893102646,1.027876719645689
1190,0.026280347257852554,0.9667278272765023
1191,0.022558439522981644,0.946384110247581
1192,0.02266407012939453,0.9917504036038143
1193,0.024359388276934624,0.9979241345460552
1194,0.02390579879283905,0.9579591522539469
1195,0.023979850113391876,0.9795695904801065
1196,0.021835394203662872,0.9981473542395092
1197,0.024801451712846756,0.9751671775241842
1198,0.0239411648362875,0.9465566815290236
1199,0.0229329913854599,0.9723432698942963
1200,0.023413829505443573,1.0175546474922867
1201,0.02423138916492462,0.9643546468333194
1202,0.023046379908919334,0.9196048773320994
1203,0.027783021330833435,0.9497449932839339
1204,0.022134166210889816,1.037456144216963
1205,0.024870630353689194,1.0245148305008585
1206,0.02452053688466549,0.9425399966706011
1207,0.023265263065695763,0.9316404980226866
1208,0.024229343980550766,0.9998258994635484
1209,0.025114020332694054,1.0094859851034064
1210,0.026346085593104362,0.9492451617293489
1211,0.022749122232198715,0.9146567722012225
1212,0.023372795432806015,0.9647063115485629
1213,0.02377956360578537,0.9863477781004176
1214,0.024535492062568665,0.953347513102051
1215,0.02320641279220581,0.9448328231809133
1216,0.0225149504840374,0.9695134894889698
1217,0.022326648235321045,0.9567409484906304
1218,0.021024685353040695,0.9310385655042223
1219,0.024062996730208397,0.9546139373217609
1220,0.026172837242484093,0.9940016625220316
1221,0.02322331629693508,0.9656895990658524
1222,0.02400064282119274,0.9273132389051872
1223,0.02448156289756298,0.9524664956525454
1224,0.024127572774887085,1.0139600180444264
1225,0.023531753569841385,0.993828270668374
1226,0.024920839816331863,0.9220703923911379
1227,0.023576829582452774,0.9244930312448277
1228,0.020854441449046135,0.9834180408551878
1229,0.022808700799942017,0.9949261020299486
1230,0.022194338962435722,0.9411481520287076
1231,0.02307904325425625,0.9383714639752132
1232,0.02171236276626587,0.9839906952434913
1233,0.0239937212318182,0.9774382519243953
1234,0.02397000789642334,0.9342545073731501
1235,0.022491810843348503,0.9459612081224159
1236,0.022762559354305267,0.9995086824983582
1237,0.02405768632888794,0.9911572865973738
1238,0.022351481020450592,0.9362766742706299
1239,0.02319210395216942,0.9449405469990015
1240,0.023252343758940697,0.993018683186151
1241,0.022647326812148094,0.9888456516098558
1242,0.021808555349707603,0.9449471301004702
1243,0.02408299408853054,0.9481018248357271
1244,0.023003701120615005,0.997771141971263
1245,0.02372763119637966,0.9895829633065035
1246,0.02210705541074276,0.9379490693111467
1247,0.02308238111436367,0.9422591542241567
1248,0.020689411088824272,1.0003189832943125
1249,0.022542577236890793,0.996180744696978
1250,0.021225381642580032,0.9408547751288068
1251,0.024234002456068993,0.9436294200426355
1252,0.02387893944978714,1.0011240406741475
1253,0.022799301892518997,0.9959879357713207
1254,0.02086598239839077,0.9441057389840147
1255,0.02364102564752102,0.9407933075027657
1256,0.02177543006837368,0.9975675634274208
1257,0.02232508733868599,0.9915129935233515
1258,0.021671682596206665,0.9349690910270041
1259,0.021810736507177353,0.9430129947817714
1260,0.021445516496896744,1.005261328734252
1261,0.021779870614409447,0.9955070668593385
1262,0.021864958107471466,0.9385596663133243
1263,0.022606750950217247,0.9376685647737413
1264,0.0225018709897995,0.9979005720382347
1265,0.021782513707876205,1.0013360815836971
1266,0.02243526093661785,0.9452508991224724
1267,0.023229844868183136,0.9532693679768938
1268,0.02245127037167549,1.0072343043217384
1269,0.022970050573349,0.9985805116500472
1270,0.021160602569580078,0.9478545115705121
1271,0.022318562492728233,0.9477739840521848
1272,0.02289910614490509,1.0026286280244814
1273,0.02317890152335167,1.0028200146548432
1274,0.02129560522735119,0.9460240173758122
1275,0.02166248857975006,0.9406022063472814
1276,0.021354421973228455,0.9955027524689982
1277,0.02130855992436409,1.0011933138197227
1278,0.02095271646976471,0.9488747242399326
1279,0.02024279162287712,0.9526583636016176
1280,0.021073218435049057,1.005339390950693
1281,0.02163337729871273,1.0087637220110213
1282,0.023954248055815697,0.9613278151156012
1283,0.020713819190859795,0.9578289595761693
1284,0.02472277544438839,1.0097428557269257
1285,0.022934135049581528,1.0089758149065768
1286,0.021687759086489677,0.9576513682092939
1287,0.022835111245512962,0.9633501620220959
1288,0.021878600120544434,1.0170420983381439
1289,0.02270115725696087,1.011259366695146
1290,0.022137422114610672,0.9557784162368392
1291,0.019933070987462997,0.9537793181295084
1292,0.02048308029770851,1.0131081106668727
1293,0.02317170426249504,1.0089536449664218
1294,0.02164509892463684,0.9591160930487745
1295,0.020102176815271378,0.9692346489519105
1296,0.021065248176455498,1.0119397650685227
1297,0.020662030205130577,1.004999015564309
1298,0.021153679117560387,0.9489814240233343
1299,0.021423768252134323,0.9586689418419859
1300,0.02205980196595192,1.0219865238158625
1301,0.020461414009332657,1.0134971468968499
1302,0.021814659237861633,0.955156940117217
1303,0.020933952182531357,0.9513665185237589
1304,0.02109089493751526,1.0158558489386003
1305,0.02099812589585781,1.0305390520800923
1306,0.022187931463122368,0.970485840674331
1307,0.019540829584002495,0.9556992137641237
1308,0.020844541490077972,0.9944668031276617
1309,0.020799193531274796,1.0132553347370081
1310,0.023086857050657272,0.9762980906586898
1311,0.021679874509572983,0.9767737974200332
1312,0.021421298384666443,1.013849197174971
1313,0.02274123951792717,1.0047726535558104
1314,0.02250482887029648,0.9680986665842826
1315,0.020844867452979088,0.9819808914547875
1316,0.019739564508199692,1.011381420874058
1317,0.021361231803894043,0.9917537668593844
1318,0.019534973427653313,0.9573392945722231
1319,0.020699603483080864,0.9681013982397572
1320,0.02086898684501648,1.0250630126262368
1321,0.02158367447555065,1.018145845946214
1322,0.020394790917634964,0.9606983383795372
1323,0.020047565922141075,0.9564413501505267
1324,0.022460948675870895,1.019829435306683
1325,0.021491270512342453,1.02191914801012
1326,0.020609799772500992,0.9643928759677667
1327,0.022938832640647888,0.9534852482322463
1328,0.021730870008468628,0.9927096674615578
1329,0.020416170358657837,1.0028718388767768
1330,0.019798388704657555,0.9661314780252022
1331,0.01928628981113434,0.9643921414413548
1332,0.020515352487564087,1.0084207385106194
1333,0.019745785742998123,1.0068146587912004
1334,0.020636780187487602,0.9689654401669228
1335,0.019017359241843224,0.9706021524909744
1336,0.01999691314995289,1.012183702380436
1337,0.02069747820496559,0.9946531302349311
1338,0.019586723297834396,0.9541594899985426
1339,0.01981191150844097,0.9732271534458438
1340,0.018706245347857475,1.0309664686222124
1341,0.02185913920402527,1.0267655865889145
1342,0.01941728964447975,0.96246945454662
1343,0.020177040249109268,0.9537397924819985
1344,0.02227705344557762,1.0157391224289896
1345,0.02266436442732811,1.0225119799898381
1346,0.021942157298326492,0.9574195018089505
1347,0.020374054089188576,0.9508166597003028
1348,0.02225833758711815,1.012229285443337
1349,0.02024693787097931,1.0296944648699653
1350,0.02343224547803402,0.9814293937276778
1351,0.02194203995168209,0.9669116541257777
1352,0.02148696407675743,0.9966152246135817
1353,0.0195936132222414,0.9961169372525132
1354,0.02147081308066845,0.9632746173923177
1355,0.019750870764255524,0.9688439116740885
1356,0.020683201029896736,1.0109475093676632
1357,0.02131696045398712,1.0022125256091432
1358,0.020321283489465714,0.9554660230650938
1359,0.02199888601899147,0.9745786564989496
1360,0.02039957046508789,1.0236779705324865
1361,0.02071649208664894,1.0176090366559518
1362,0.0208892822265625,0.9631427218740746
1363,0.020525289699435234,0.956280001124045
1364,0.019556015729904175,1.0127689101941006
1365,0.020568598061800003,1.0209997874453551
1366,0.01928185485303402,0.9718367306510907
1367,0.020697269588708878,0.9747967516868037
1368,0.020034059882164,1.0199110089686878
1369,0.02142016589641571,1.021054516460065
1370,0.02111583761870861,0.9767330636954248
1371,0.02102779969573021,0.9814208324690511
1372,0.018418507650494576,1.0273844992606562
1373,0.020248591899871826,1.0188802810838646
1374,0.019634483382105827,0.9646570969344979
1375,0.01986408419907093,0.9668548148975038
1376,0.01983366347849369,1.018843532504892
1377,0.020350154489278793,1.0209572395884006
1378,0.021581461653113365,0.9812553905902949
1379,0.019714556634426117,0.9851472568989995
1380,0.01929079368710518,1.0197429864627676
1381,0.01951494812965393,1.0151337654070747
1382,0.018087100237607956,0.9657080800909745
1383,0.021673990413546562,0.9753937241726351
1384,0.02023782581090927,1.032265654034483
1385,0.02026279643177986,1.0289292859851866
1386,0.019878635182976723,0.9765277242003229
1387,0.020779915153980255,0.9826496715533704
1388,0.020012911409139633,1.0364375201084262
1389,0.019577115774154663,1.024340327969171
1390,0.019116368144750595,0.9762134892599923
1391,0.018646851181983948,0.9775308959167404
1392,0.020887799561023712,1.0282121898237626
1393,0.019100556150078773,1.0196036956364052
1394,0.019693788141012192,0.9706498463649798
1395,0.021036779507994652,0.9767711244728929
1396,0.021153993904590607,1.0337393119520413
1397,0.020377062261104584,1.0244306381184953
1398,0.020023943856358528,0.9735358100487176
1399,0.019397413358092308,0.972598964110353
1400,0.018762506544589996,1.0308751608793598
1401,0.01966363936662674,1.0309633900945945
1402,0.021475663408637047,0.9819063823623466
1403,0.018696554005146027,0.9750925081415582
1404,0.018740016967058182,1.0139946053201394
1405,0.02049342915415764,1.0164259473482768
1406,0.020166978240013123,0.9828480404421202
1407,0.019170334562659264,0.9862915715179348
1408,0.019974684342741966,1.0056664833150113
1409,0.01996823027729988,1.0082361282860128
1410,0.01908937841653824,0.9736085457909376
1411,0.019133761525154114,0.9831924124767906
1412,0.017831509932875633,1.021326047585423
1413,0.020121023058891296,1.008861275842614
1414,0.020549442619085312,0.9724262875124327
1415,0.018662244081497192,0.9857537764355653
1416,0.01893361285328865,1.0399801949211829
1417,0.02102106437087059,1.0270298390758963
1418,0.01942487619817257,0.9656422174066529
1419,0.02060326375067234,0.9714099004453883
1420,0.01895662024617195,1.0370929819300658
1421,0.019558990374207497,1.0444276453857135
1422,0.020290877670049667,0.996463844501285
1423,0.01915803551673889,0.9818071724478165
1424,0.019476862624287605,1.0181593871056884
1425,0.01973281428217888,1.0137023074286324
1426,0.01944737881422043,0.9804616050612658
1427,0.017696384340524673,0.9817211744480563
1428,0.021550673991441727,1.0228143192472912
1429,0.018431173637509346,1.0176303038621008
1430,0.02042180672287941,0.9777332571216095
1431,0.020874183624982834,0.9888104325846622
1432,0.01855015754699707,1.0337788368526257
1433,0.02040458843111992,1.0192089183886248
1434,0.019344916567206383,0.9688424562153063
1435,0.01914825104176998,0.9723781514586064
1436,0.01986883580684662,1.0208112915655725
1437,0.019020039588212967,1.0230189013600648
1438,0.020622260868549347,0.9791845265486485
1439,0.018492233008146286,0.9765219979716423
1440,0.018752066418528557,1.008201962126825
1441,0.019484208896756172,1.0093310512695695
1442,0.02018565870821476,0.978055421272316
1443,0.018977351486682892,0.9765663063317015
1444,0.018064625561237335,1.0068129341405136
1445,0.018880367279052734,0.9950905282395824
1446,0.018526364117860794,0.9685355695267966
1447,0.019535183906555176,0.9832787591413149
1448,0.01974661275744438,1.036644487004531
1449,0.020435452461242676,1.0212091515237527
1450,0.019542111083865166,0.9710505164057988
1451,0.018102532252669334,0.9790054740463582
1452,0.019860653206706047,1.0311435526773745
1453,0.019567396491765976,1.0307822580026804
1454,0.018238304182887077,0.979710022459054
1455,0.018695000559091568,0.978458799813923
1456,0.01935442164540291,1.0202010088695919
1457,0.01946835219860077,1.0207019146522485
1458,0.01835128664970398,0.9873793780953065
1459,0.018998222425580025,0.9934026935046777
1460,0.019232796505093575,1.0337781472911214
1461,0.01829824224114418,1.0221377751582248
1462,0.01949578896164894,0.9716457530370631
1463,0.018922362476587296,0.9836154541276153
1464,0.019535377621650696,1.0346464898652004
1465,0.018964288756251335,1.042033753150089
1466,0.018218910321593285,0.9973007879759136
1467,0.01887647435069084,0.9906658873820963
1468,0.017552001401782036,1.021886958663625
1469,0.0190129354596138,1.0295907635437815
1470,0.018919743597507477,0.9953659462151969
1471,0.01713220775127411,0.996839191531179
1472,0.018779726698994637,1.0329339000814242
1473,0.018460284918546677,1.027835059883003
1474,0.01883319392800331,0.9848869980726027
1475,0.01843462511897087,0.9886955261828009
1476,0.018610965460538864,1.0383021080105526
1477,0.01810937002301216,1.0374221247539186
1478,0.020202944055199623,0.9889748791106662
1479,0.018192771822214127,0.9914161818368095
1480,0.019131295382976532,1.0364521048720319
1481,0.018250171095132828,1.045570435380577
1482,0.017822422087192535,1.0063145698461318
1483,0.01879817247390747,0.9993351845812977
1484,0.017855575308203697,1.0278150292865016
1485,0.01766841672360897,1.023213849629376
1486,0.019328000023961067,0.9919204922547018
1487,0.017693951725959778,1.001525280170871
1488,0.01863444223999977,1.048492785832637
1489,0.0185535941272974,1.0377998919714064
1490,0.01963607780635357,0.9835213303267208
1491,0.018295209854841232,0.9848532109033494
1492,0.018714357167482376,1.043471646637546
1493,0.01842651143670082,1.044381272523923
1494,0.019598811864852905,0.998054417900573
1495,0.01840728521347046,0.986920388270739
1496,0.017262034118175507,1.024487066687199
1497,0.01861703023314476,1.0358121142650307
1498,0.018363015726208687,1.0078778934658021
1499,0.016385557129979134,1.004159004317788
1500,0.017635485157370567,1.0269589766225122
1501,0.019283879548311234,1.0176028483792354
1502,0.017828505486249924,1.0065615647717525
1503,0.01834685355424881,1.0240228964870137
1504,0.018055658787488937,1.041968416450615
1505,0.017719659954309464,1.0363829598988508
1506,0.018161676824092865,0.9864046110545185
1507,0.01833120547235012,0.9956554873545367
1508,0.01732482574880123,1.0334443363330716
1509,0.01821478083729744,1.0333295613900761
1510,0.016797006130218506,0.9978273869457102
1511,0.018087049946188927,1.0064739056099625
1512,0.018154382705688477,1.0444211419064897
1513,0.017143264412879944,1.0330474230281093
1514,0.018406538292765617,0.9965610130687704
1515,0.018642444163560867,0.9972882357456332
1516,0.018523097038269043,1.04564450796983
1517,0.01815682463347912,1.048930078968966
1518,0.018529606983065605,1.0008571790274523
1519,0.017715059220790863,0.998685540113234
1520,0.019578643143177032,1.044881362365302
1521,0.018409764394164085,1.0459440856947935
1522,0.01840134896337986,1.0038428575472724
1523,0.01766139827668667,0.99430463308081
1524,0.01722344569861889,1.0308895084194671
1525,0.01809385046362877,1.0330620784508555
1526,0.01877719536423683,1.008249128522132
1527,0.01843184605240822,1.0125634338622702
1528,0.018323533236980438,1.0427284682902478
1529,0.017582904547452927,1.033903499892481
1530,0.017667949199676514,0.9972972710031017
1531,0.017817959189414978,1.0034971105723751
1532,0.018081961199641228,1.0469418439948768
1533,0.01818147301673889,1.042278930358122
1534,0.018886087462306023,1.0028829296728723
1535,0.01924528181552887,1.0109814389008926
1536,0.01897430047392845,1.0540440937032676
1537,0.01868700049817562,1.0482166076363777
1538,0.01772788166999817,1.0074818479387384
1539,0.01842283271253109,1.0040675445009293
1540,0.018592871725559235,1.04765589538971
1541,0.01719576120376587,1.0430475761717124
1542,0.0178966261446476,1.0032145222625637
1543,0.018456440418958664,1.0021465065186483
1544,0.017812242731451988,1.0420530117245246
1545,0.017374187707901,1.0526109832271298
1546,0.017737308517098427,1.0148887435595195
1547,0.01820789836347103,1.0068620464258027
1548,0.017503391951322556,1.0405301608537372
1549,0.017301145941019058,1.0468425135265915
1550,0.017844250425696373,1.0157970708414428
1551,0.017917245626449585,1.0230806683537954
1552,0.01743016391992569,1.0526602656620188
1553,0.017078673467040062,1.034310435591485
1554,0.017668914049863815,1.003365789738514
1555,0.01652911864221096,1.0093967303596343
1556,0.017648406326770782,1.0553931841874182
1557,0.017262523993849754,1.0530570519896676
1558,0.01757236197590828,1.0118412744431269
1559,0.01694979891180992,1.0153331792444216
1560,0.017323866486549377,1.0583522930778657
1561,0.01793297380208969,1.0591336570885546
1562,0.01754823699593544,1.0167534948889176
1563,0.016780395060777664,1.0064551175985121
1564,0.016637008637189865,1.0421214281466968
1565,0.017512697726488113,1.0500363450600092
1566,0.01630549319088459,1.0169251592535722
1567,0.01724422536790371,1.0203578954651242
1568,0.01692979410290718,1.0562276206817245
1569,0.016503755003213882,1.042330457303757
1570,0.01711677387356758,1.0083887084086138
1571,0.016962099820375443,1.0089531116617054
1572,0.017617885023355484,1.0559399773303728
1573,0.01752273365855217,1.059032879078896
1574,0.018354978412389755,1.0240226358100586
1575,0.017133578658103943,1.020519068515988
1576,0.018771469593048096,1.0557445304136825
1577,0.018147332593798637,1.0609986985237676
1578,0.016608674079179764,1.0206935668648933
1579,0.017324693500995636,1.019388528993554
1580,0.017015419900417328,1.0665406750557118
1581,0.016927476972341537,1.0660700532129235
1582,0.01823613792657852,1.0284967368706726
1583,0.01859992742538452,1.0298091503313012
1584,0.01678546518087387,1.0607648916113048
1585,0.018299605697393417,1.061021451663254
1586,0.01708286814391613,1.024049164806691
1587,0.018098510801792145,1.0227761767561871
1588,0.01695331186056137,1.0550552875475776
1589,0.01707075908780098,1.0544375937086599
1590,0.017543364316225052,1.0203738793693389
1591,0.01689274236559868,1.0205126437626983
1592,0.01805086061358452,1.0487919869578273
1593,0.016553351655602455,1.0511437549925686
1594,0.01811203919351101,1.0181743868610316
1595,0.016279619187116623,1.027163153005423
1596,0.01644449681043625,1.0587039525646316
1597,0.018339529633522034,1.0583539222714895
1598,0.015777071937918663,1.0126571844992482
1599,0.01706228218972683,1.0149665419619185
1600,0.016935139894485474,1.0488061697261972
1601,0.01703844964504242,1.0476153446618177
1602,0.01656106673181057,1.0284213721005242
1603,0.017721084877848625,1.0329688148092209
1604,0.01674853079020977,1.0515607622333039
1605,0.016633184626698494,1.0414511801903708
1606,0.0167267844080925,1.0172799543330544
1607,0.0159552451223135,1.0256039084946005
1608,0.01646823063492775,1.0573660475867135
1609,0.017027320340275764,1.0504912266456394
1610,0.015539944171905518,1.0127819864672227
1611,0.01674879714846611,1.0178067250956868
1612,0.017266590148210526,1.0612269420372813
1613,0.01795034483075142,1.0633849343261623
1614,0.016021914780139923,1.018031813148269
1615,0.01817724108695984,1.0138732707291318
1616,0.017171114683151245,1.0548782515944095
1617,0.017070110887289047,1.0562099847279693
1618,0.016858704388141632,1.0264728633981002
1619,0.016856009140610695,1.027117007059561
1620,0.01652953401207924,1.055829457919998
1621,0.016101565212011337,1.054454539353985
1622,0.016798824071884155,1.025450593397432
1623,0.017363889142870903,1.0287751671963168
1624,0.017132405191659927,1.0529567230315435
1625,0.0163565743714571,1.0489158288279272
1626,0.01727084442973137,1.0162862434721829
1627,0.015794947743415833,1.027574966874039
1628,0.017635321244597435,1.0574063164249698
1629,0.016644401475787163,1.0548539279696338
1630,0.01714244671165943,1.023840990729798
1631,0.017671730369329453,1.0279569391319925
1632,0.016850223764777184,1.0666549579242717
1633,0.017475683242082596,1.0485238470230485
1634,0.017388654872775078,1.01881564320777
1635,0.015845512971282005,1.0212211256337942
1636,0.016563624143600464,1.058182482432602
1637,0.018059421330690384,1.0644078608742333
1638,0.017284762114286423,1.0261803733973873
1639,0.01662377640604973,1.0294644483050008
1640,0.017546534538269043,1.0558516375701827
1641,0.01860017143189907,1.057958043159399
1642,0.01700175181031227,1.031718515363851
1643,0.016418006271123886,1.033199215293827
1644,0.017063936218619347,1.055792856784094
1645,0.017239131033420563,1.0511737716825384
1646,0.016128696501255035,1.029916729395252
1647,0.0157818291336298,1.0257403717602704
1648,0.01713244989514351,1.047881461623916
1649,0.016468945890665054,1.0355557064364727
1650,0.016952132806181908,1.019916734450443
1651,0.015469469130039215,1.0315076919426596
1652,0.01660897210240364,1.0621309505966972
1653,0.01604408025741577,1.0554883614518589
1654,0.01722412183880806,1.0257797138135236
1655,0.01619706116616726,1.0373187573033766
1656,0.01576082408428192,1.0697856030069797
1657,0.016812680289149284,1.0655552634320462
1658,0.016440285369753838,1.0297846283231462
1659,0.01694638282060623,1.0366745783870381
1660,0.015436789020895958,1.0695216261354603
1661,0.01571344956755638,1.0754387734229105
1662,0.016815196722745895,1.0335288917211662
1663,0.016168680042028427,1.0256788425875785
1664,0.01575634814798832,1.067780401473655
1665,0.01686224713921547,1.0689348098926974
1666,0.017193278297781944,1.0393008830254538
1667,0.015896722674369812,1.0394243577070403
1668,0.015424120239913464,1.0608783419568437
1669,0.01636911928653717,1.0628596362015956
1670,0.01617216132581234,1.042966423925003
1671,0.015631861984729767,1.0465559139287561
1672,0.017969654873013496,1.0712465564708662
1673,0.01651468500494957,1.060337660157292
1674,0.015533174388110638,1.0229506573282687
1675,0.015876848250627518,1.025070443637389
1676,0.015829354524612427,1.0579635479993987
1677,0.015951979905366898,1.0608243114667428
1678,0.016617663204669952,1.0349052140587254
1679,0.01641329750418663,1.026322571257302
1680,0.01667957752943039,1.051150902172079
1681,0.015135275200009346,1.0544948004242172
1682,0.01755664125084877,1.0455419267329358
1683,0.016406653448939323,1.0413641353000076
1684,0.015939822420477867,1.0552605067876946
1685,0.0159811582416296,1.0451693460158538
1686,0.01512204110622406,1.0271309124198473
1687,0.01671212911605835,1.0441560035660153
1688,0.01546465139836073,1.0783353014697408
1689,0.01675523817539215,1.0686420849092622
1690,0.018011562526226044,1.0248823661852002
1691,0.0169163029640913,1.0160972774775703
1692,0.017009597271680832,1.0562998128116579
1693,0.015916965901851654,1.0652914735906405
1694,0.015848271548748016,1.0305620133129876
1695,0.0156707726418972,1.0173183828965764
1696,0.016473958268761635,1.049366099493844
1697,0.015283769927918911,1.060555140625564
1698,0.015412609092891216,1.0379766040577327
1699,0.015361687168478966,1.0378471231998359
1700,0.015844643115997314,1.058494542625016
1701,0.016429558396339417,1.0618200747291546
1702,0.016215132549405098,1.035395768352021
1703,0.01644127443432808,1.0381542602577305
1704,0.015613511204719543,1.0596160306070084
1705,0.015832139179110527,1.0539106493605708
1706,0.01612512581050396,1.0338773306151081
1707,0.01615508645772934,1.038507702655362
1708,0.016194425523281097,1.0653756204105558
1709,0.017033632844686508,1.0541454356415827
1710,0.01621142029762268,1.023098189430428
1711,0.016508888453245163,1.0227593619721873
1712,0.016138983890414238,1.0553654723597647
1713,0.015827912837266922,1.0753804355635679
1714,0.016912708058953285,1.0487787989446693
1715,0.015423661097884178,1.0400818281603934
1716,0.016194917261600494,1.064402941922496
1717,0.016128838062286377,1.0708910854239213
1718,0.016030684113502502,1.057208345946214
1719,0.016526851803064346,1.0576549644458264
1720,0.01570761203765869,1.0656653917522956
1721,0.014614454470574856,1.0527684032767637
1722,0.016018785536289215,1.0456654401052565
1723,0.01575866900384426,1.054358554961986
1724,0.015824735164642334,1.0692922389298154
1725,0.01659475825726986,1.0627314303453106
1726,0.017650499939918518,1.0391233581349366
1727,0.015537044033408165,1.04939607838939
1728,0.014620579779148102,1.0714218316221595
1729,0.015544608235359192,1.0611769567456162
1730,0.016018502414226532,1.0261714185090889
1731,0.015131018124520779,1.0354479209223486
1732,0.01637686789035797,1.0699650681108461
1733,0.01685703545808792,1.077034606670676
1734,0.015993578359484673,1.0470851195187199
1735,0.01599009335041046,1.0270458591312992
1736,0.015866246074438095,1.05062488864239
1737,0.01482859905809164,1.0669295415842444
1738,0.015839681029319763,1.0512616304227882
1739,0.017252570018172264,1.0398744090756677
1740,0.016298647969961166,1.0601564264835273
1741,0.015047766268253326,1.0673683435098271
1742,0.016053006052970886,1.066563586244607
1743,0.015893692150712013,1.0738904625550847
1744,0.015487588942050934,1.0639857174758625
1745,0.015321637503802776,1.0458660675469496
1746,0.015140397474169731,1.0675115302989358
1747,0.014853619039058685,1.0865034493886139
1748,0.01617167890071869,1.0562553865867748
1749,0.015113793313503265,1.0607635885252988
1750,0.01567697525024414,1.0823835711132614
1751,0.015811437740921974,1.0802195596515685
1752,0.015790965408086777,1.0418099241149157
1753,0.01541033573448658,1.0380354121812903
1754,0.01625802367925644,1.0752254542252773
1755,0.01602046936750412,1.072552330213083
1756,0.015533099882304668,1.0632419279942238
1757,0.014788585714995861,1.0539827478260624
1758,0.015376193448901176,1.0590438042069437
1759,0.01652904413640499,1.0556880695778026
1760,0.015954049304127693,1.0557143692683457
1761,0.01574927568435669,1.053390699968601
1762,0.016760243102908134,1.0502800466422748
1763,0.015990708023309708,1.0393559002039725
1764,0.016725871711969376,1.0739567294754182
1765,0.016640350222587585,1.0848109051398467
1766,0.015572138130664825,1.0593526914603728
1767,0.016026150435209274,1.0273700310174085
1768,0.01654588058590889,1.037368523297752
1769,0.016306333243846893,1.0860469701296107
1770,0.016852419823408127,1.0903915335659993
1771,0.017453376203775406,1.0513799737270613
1772,0.015467668883502483,1.0221539377269888
1773,0.016766337677836418,1.0301330619886107
1774,0.016583045944571495,1.0651373078948574
1775,0.01625804230570793,1.0811057783906024
1776,0.01677188277244568,1.053494497946928
1777,0.015980763360857964,1.0255703757281291
1778,0.017027482390403748,1.023269886809184
1779,0.01588306576013565,1.0630580452749305
1780,0.016089288517832756,1.0840421777620053
1781,0.017007818445563316,1.0867403328866887
1782,0.016211330890655518,1.0623828586480373
1783,0.016139768064022064,1.0451750605924983
1784,0.016276560723781586,1.0467869129993563
1785,0.015008926391601562,1.0600229361302274
1786,0.015336895361542702,1.0659229353555761
1787,0.015970952808856964,1.0569641307780617
1788,0.015226677060127258,1.0321053465207417
1789,0.016017664223909378,1.0289913980584395
1790,0.015962956473231316,1.046520473365497
1791,0.015473077073693275,1.0732236458245374
1792,0.014207534492015839,1.0764024082879375
1793,0.015706676989793777,1.0544387983499015
1794,0.016431652009487152,1.0229818770162444
1795,0.016139131039381027,1.0212238847761226
1796,0.017612937837839127,1.035666132779946
1797,0.016106117516756058,1.0738883164891027
1798,0.015698598697781563,1.0832373148815375
1799,0.015156879089772701,1.070567965059352
1800,0.014568093232810497,1.037417405081871
1801,0.015141370706260204,1.0248503335436483
1802,0.01660138927400112,1.0370137383764548
1803,0.014958950690925121,1.0727545986498208
1804,0.015310877934098244,1.088311937817356
1805,0.01576099917292595,1.0769638298149395
1806,0.014556030742824078,1.0475873306281585
1807,0.015584602020680904,1.0347978935803388
1808,0.01504329964518547,1.043108293884679
1809,0.015423952601850033,1.0740024235314296
1810,0.014783594757318497,1.0831480180111743
1811,0.016769710928201675,1.0751324654521799
1812,0.014842910692095757,1.0411808253230905
1813,0.015493525192141533,1.0331197978559892
1814,0.015771206468343735,1.0492917193207227
1815,0.013911327347159386,1.0737488095025371
1816,0.01495322585105896,1.0898001531610513
1817,0.0162386205047369,1.0750656888299717
1818,0.015908215194940567,1.0429718479476775
1819,0.015447067096829414,1.040943353695977
1820,0.015451295301318169,1.0532787818657725
1821,0.015446480363607407,1.08268948455801
1822,0.015045486390590668,1.0913622497317188
1823,0.015609554015100002,1.0814237724569506
1824,0.015256154350936413,1.0515920584064378
1825,0.01473972201347351,1.0521526895370101
1826,0.015189601108431816,1.0576340414228893
1827,0.014793144538998604,1.0867345533275365
1828,0.015466755256056786,1.0884157777728891
1829,0.014830085448920727,1.0711599244808494
1830,0.014114154502749443,1.042598751403933
1831,0.015585622750222683,1.0405681037663816
1832,0.016261858865618706,1.054217923852734
1833,0.01683706045150757,1.0901558648673515
1834,0.015032890252768993,1.0932460457161255
1835,0.01506034191697836,1.074423881252308
1836,0.01478642225265503,1.0398093865330058
1837,0.01644033193588257,1.0290292302767436
1838,0.014768037013709545,1.042706769211848
1839,0.015656322240829468,1.077019977390318
1840,0.015473730862140656,1.0961700172950153
1841,0.01570289582014084,1.0867880415498166
1842,0.01478449534624815,1.0529626651216568
1843,0.015817513689398766,1.0400931936756412
1844,0.016117632389068604,1.0466071427017825
1845,0.014373043552041054,1.0749334222392033
1846,0.015705956146121025,1.0889873184954613
1847,0.016484327614307404,1.0869839370698857
1848,0.014822586439549923,1.0599659854606878
1849,0.01570502296090126,1.0423058021935006
1850,0.015563441440463066,1.0492688787909676
1851,0.014834481291472912,1.0717559852695704
1852,0.01436932198703289,1.0787592418211744
1853,0.015077395364642143,1.0752293380878324
1854,0.01430519949644804,1.0430040154839517
1855,0.01450168713927269,1.0385227378149677
1856,0.015245158225297928,1.0522079255646632
1857,0.01526527851819992,1.0751409309549738
1858,0.015307324007153511,1.0818213714394056
1859,0.015164758078753948,1.0712034815833682
1860,0.014468679204583168,1.0469774357358317
1861,0.015589884482324123,1.0412435804990898
1862,0.0143583994358778,1.0531900315953975
1863,0.013478263281285763,1.0867547253917034
1864,0.01498473435640335,1.0902776030968304
1865,0.015294420532882214,1.0810482942669613
1866,0.015056549571454525,1.0548732135827679
1867,0.0150260329246521,1.0457114717715366
1868,0.015238090418279171,1.0596576123906856
1869,0.014832548797130585,1.081560234676925
1870,0.014260354451835155,1.0915706983783788
1871,0.01455297227948904,1.0729448040923977
1872,0.014819703996181488,1.0546990211744953
1873,0.015363301150500774,1.0537376430697907
1874,0.015440694987773895,1.0652439525551665
1875,0.014670126140117645,1.0894330366512288
1876,0.014994166791439056,1.100638389139247
1877,0.015452409163117409,1.084083416557551
1878,0.014212353155016899,1.0562101013977128
1879,0.015781693160533905,1.0491230068051427
1880,0.014508962631225586,1.0647554390113754
1881,0.014295484870672226,1.0854758998206384
1882,0.015114044770598412,1.0964361690638358
1883,0.014240622520446777,1.0817091708494009
1884,0.014312761835753918,1.0507682136126928
1885,0.014806104823946953,1.0400266363507225
1886,0.015830442309379578,1.0506926562851833
1887,0.013554386794567108,1.082525168743946
1888,0.014024833217263222,1.094456164311048
1889,0.015112033113837242,1.0846997091644688
1890,0.015843357890844345,1.057283033703204
1891,0.014875258319079876,1.0494747106592757
1892,0.016178304329514503,1.0623650416395718
1893,0.015112093649804592,1.0781030589177794
1894,0.014948367141187191,1.0969687126632919
1895,0.01432112604379654,1.0853180150340374
1896,0.014497670345008373,1.0543686771452576
1897,0.014530430547893047,1.0525086138182713
1898,0.015386590734124184,1.057219470055181
1899,0.015052184462547302,1.0883271039876723
1900,0.015085193328559399,1.0975554621309267
1901,0.015394136309623718,1.0791912087820525
1902,0.014576244167983532,1.0571613210185726
1903,0.014959968626499176,1.0501397570273034
1904,0.015082202851772308,1.063433121619069
1905,0.015003107488155365,1.081737933003514
1906,0.014638165012001991,1.0914670678607203
1907,0.016478292644023895,1.0790165591060668
1908,0.015576314181089401,1.0636610563536335
1909,0.014037991873919964,1.0609365507474817
1910,0.014189725741744041,1.0676119943011673
1911,0.014437860809266567,1.0870955689509112
1912,0.015119083225727081,1.0873495276111709
1913,0.014223961159586906,1.0815755868316592
1914,0.014390319585800171,1.0650060290382022
1915,0.014818482100963593,1.0613383549197872
1916,0.01420137844979763,1.076609845000102
1917,0.014856178313493729,1.080627869842644
1918,0.015007637441158295,1.0768764649417466
1919,0.014972830191254616,1.065225236995477
1920,0.014861594885587692,1.0669267497265846
1921,0.015127880498766899,1.0801944705776703
1922,0.014579182490706444,1.0931639593645446
1923,0.015152303501963615,1.0652481407151186
1924,0.015198705717921257,1.0595020816140903
1925,0.014074038714170456,1.0815436854995881
1926,0.014307960867881775,1.0870504533139087
1927,0.01426655799150467,1.0762242689766084
1928,0.013657806441187859,1.0649978545375336
1929,0.01342647336423397,1.0784753517698227
1930,0.013311401009559631,1.0901028637897998
1931,0.015099901705980301,1.0765673840852608
1932,0.01527751237154007,1.0692840681637739
1933,0.015251285396516323,1.0840953464496106
1934,0.014835493639111519,1.0902292658213086
1935,0.01560993306338787,1.0793554572234476
1936,0.014307534322142601,1.0821016959677963
1937,0.015016033314168453,1.0939175798779441
1938,0.014828654006123543,1.0893403913144182
1939,0.014489277265965939,1.0736441731751711
1940,0.013770896941423416,1.0772959019307207
1941,0.014707456342875957,1.104530017626913
1942,0.014442595653235912,1.1130720206669398
1943,0.013610090129077435,1.0985219030451954
1944,0.014696182683110237,1.0775889380832662
1945,0.014515643939375877,1.0682465716412193
1946,0.01495743915438652,1.0902470949299652
1947,0.01474919356405735,1.0904182846982378
1948,0.01570073328912258,1.073704023110239
1949,0.014448287896811962,1.070600846357513
1950,0.015127851627767086,1.0756841177928418
1951,0.014363444410264492,1.0955590553451002
1952,0.014684103429317474,1.0976610909727282
1953,0.015050096437335014,1.081517807971266
1954,0.015103369951248169,1.0578054885816455
1955,0.015047088265419006,1.0538754191314965
1956,0.015228979289531708,1.0631900688161826
1957,0.014150373637676239,1.094450824989711
1958,0.014499041251838207,1.110173883593471
1959,0.015067992731928825,1.10378312706051
1960,0.015488180331885815,1.076962501333471
1961,0.015047474764287472,1.0597359587375383
1962,0.01599106751382351,1.0582936933464873
1963,0.015827573835849762,1.076642155796663
1964,0.014156755059957504,1.0947378930591403
1965,0.014559897594153881,1.100684372554148
1966,0.015017345547676086,1.0939839616754001
1967,0.015114448964595795,1.069228530527655
1968,0.014615031890571117,1.0623186129077633
1969,0.01477115135639906,1.0778894478217103
1970,0.014404977671802044,1.085382382373762
1971,0.013879917562007904,1.0965160812650407
1972,0.014594899490475655,1.0748462234822131
1973,0.014675624668598175,1.0674943248729658
1974,0.015083394944667816,1.0670077851541657
1975,0.015292479656636715,1.0937371954583286
1976,0.01471018698066473,1.0976710477867222
1977,0.014101202599704266,1.093648978642055
1978,0.014193378388881683,1.0742390240941728
1979,0.01432777103036642,1.0727525498335224
1980,0.014816038310527802,1.0949105341034127
1981,0.013710932806134224,1.0975170909312733
1982,0.014262406155467033,1.0996329073320354
1983,0.013801592402160168,1.0813530859791844
1984,0.015719398856163025,1.0731526036609085
1985,0.013554278761148453,1.0765525340137625
1986,0.015107396058738232,1.0949952738326894
1987,0.014141923747956753,1.104426461951177
1988,0.015274254605174065,1.0963749455330067
1989,0.014444991014897823,1.0902906965492363
1990,0.01498018205165863,1.0854379176197195
1991,0.01347323413938284,1.0908049951519883
1992,0.012976294383406639,1.0956863862530033
1993,0.014008961617946625,1.095693472334018
1994,0.013697654008865356,1.0853675565026457
1995,0.014344225637614727,1.085986132161659
1996,0.014117720536887646,1.1010893061943818
1997,0.014466317370533943,1.0909431627519746
1998,0.014086882583796978,1.0770762011520845
1999,0.014831079170107841,1.0688183845433974
2000,0.014071977697312832,1.0900261487279619
2001,0.01396228652447462,1.1034978861199285
2002,0.015559017658233643,1.100092954056006
2003,0.013460375368595123,1.0798535972908325
2004,0.014361472800374031,1.0797729126194067
2005,0.014698046259582043,1.0858768562326455
2006,0.015591579489409924,1.1007123087581836
2007,0.01357840746641159,1.0998172392522483
2008,0.013939964585006237,1.0739756302726
2009,0.01462471392005682,1.0697233745627535
2010,0.014064734801650047,1.072603358361954
2011,0.014202060177922249,1.0972849277027867
2012,0.014876476489007473,1.1110898410168506
2013,0.013931795954704285,1.1125858444020265
2014,0.015761947259306908,1.1023385597948443
2015,0.013945432379841805,1.075699698058585
2016,0.01413252204656601,1.0714595041478188
2017,0.015080208890140057,1.0763589529166544
2018,0.014116092585027218,1.1009873011357205
2019,0.014753173105418682,1.120733996979276
2020,0.013900063000619411,1.116522829335435
2021,0.014103568159043789,1.0944641507359076
2022,0.013117615133523941,1.0755245256842227
2023,0.01548801176249981,1.0740937592092912
2024,0.01428278349339962,1.082644199966488
2025,0.0144113814458251,1.0951923200659883
2026,0.01494513638317585,1.1069504597730804
2027,0.013597749173641205,1.102706277430207
2028,0.013575727120041847,1.0956246670624965
2029,0.014748355373740196,1.092952134913968
2030,0.013091745786368847,1.093585997745208
2031,0.014110792428255081,1.0907233453035952
2032,0.013891346752643585,1.0814758043241381
2033,0.014108505100011826,1.0860757585754968
2034,0.013921288773417473,1.0937331871580063
2035,0.013879403471946716,1.0892160398918285
2036,0.01494626235216856,1.0866993729930772
2037,0.014719273895025253,1.0815466383943582
2038,0.013691002503037453,1.0844349586276483
2039,0.014431196264922619,1.0897839156009799
2040,0.014742236584424973,1.0990767233951348
2041,0.014035498723387718,1.0934529087896037
2042,0.013579493388533592,1.090177233356581
2043,0.015243709087371826,1.0892090470271003
2044,0.013282193802297115,1.0910886618726534
2045,0.01396851520985365,1.088402960085331
2046,0.013884897343814373,1.0978568532413109
2047,0.013980105519294739,1.097824730520559
2048,0.013938039541244507,1.0974344883048743
2049,0.014049731194972992,1.089197298189751
2050,0.01494621392339468,1.086971164048465
2051,0.013692397624254227,1.0925657965784383
2052,0.014274973422288895,1.1037447957466717
2053,0.0139030572026968,1.1023947188728733
2054,0.013232959434390068,1.0954633801802058
2055,0.013540225103497505,1.0990371160339891
2056,0.015272704884409904,1.104180750093962
2057,0.013738011941313744,1.1000674383383346
2058,0.013881959021091461,1.1081338851971734
2059,0.01418936625123024,1.108591065819102
2060,0.01427144929766655,1.1011521403950857
2061,0.014323271811008453,1.0969189232154597
2062,0.014497059397399426,1.1041328345325059
2063,0.013239003717899323,1.1077041152425875
2064,0.014240800403058529,1.1114523923187924
2065,0.014470628462731838,1.1033605293821274
2066,0.013867968693375587,1.0909134938304585
2067,0.013376842252910137,1.094899961075986
2068,0.01461268775165081,1.1078516676611172
2069,0.012805543839931488,1.1135664521004622
2070,0.013654381036758423,1.1104508605517243
2071,0.013360351324081421,1.101144276167217
2072,0.014992687851190567,1.0935874276591422
2073,0.013290856033563614,1.098323512943765
2074,0.014831950888037682,1.0996296726970147
2075,0.014318558387458324,1.1047568455674595
2076,0.014118241146206856,1.091828487720107
2077,0.013032990507781506,1.0889814826181359
2078,0.01470494270324707,1.0865574951159924
2079,0.013714788481593132,1.0938109411930381
2080,0.01373799704015255,1.0900266254157351
2081,0.014275355264544487,1.0916598594577092
2082,0.01384298037737608,1.1010301160931886
2083,0.015149196609854698,1.106992302980638
2084,0.01353614404797554,1.1080077959780108
2085,0.012980671599507332,1.0967749237715452
2086,0.013680517673492432,1.0971830218358147
2087,0.014652627520263195,1.1081441132944627
2088,0.013646095059812069,1.114820887570393
2089,0.012629433535039425,1.1062256105262833
2090,0.013963117264211178,1.1049687217052717
2091,0.013334463350474834,1.0995625381481677
2092,0.013473539613187313,1.1069956808759456
2093,0.012966851703822613,1.1055666979094196
2094,0.014636989682912827,1.0974193554474299
2095,0.013718245550990105,1.0900929918265283
2096,0.014194145798683167,1.0939456793598663
2097,0.013399994932115078,1.0927446462157975
2098,0.014043675735592842,1.0951098063237088
2099,0.0139051154255867,1.1033846643335539
2100,0.013474060222506523,1.0957368751217549
2101,0.014031607657670975,1.0899361539305301
2102,0.013805623166263103,1.0958311414360105
2103,0.013742120936512947,1.1004241120845155
2104,0.01246516965329647,1.106809409638694
2105,0.013507885858416557,1.1021170841721366
2106,0.013337759301066399,1.1000711616119347
2107,0.013393610715866089,1.1022193027020697
2108,0.014129763469099998,1.1032208676326245
2109,0.013146980665624142,1.099320071382929
2110,0.015078170225024223,1.1040240890698922
2111,0.013031775131821632,1.0986182184745197
2112,0.014035461470484734,1.0981361984011524
2113,0.014174353331327438,1.1076498242249166
2114,0.013632449321448803,1.1039310127571411
2115,0.013848578557372093,1.0983319636574365
2116,0.01403234712779522,1.0947758422459577
2117,0.013825638219714165,1.0937677796621967
2118,0.014045795425772667,1.1009574266603417
2119,0.013773538172245026,1.1106579409804858
2120,0.014417271129786968,1.1042153697862362
2121,0.013343382626771927,1.1000621596673377
2122,0.01396443136036396,1.0965787229083834
2123,0.013330688700079918,1.0965902136083234
2124,0.013822954148054123,1.1021989930542488
2125,0.013498736545443535,1.1039075719981564
2126,0.013628180138766766,1.1050582183034796
2127,0.013541467487812042,1.1049371103296304
2128,0.014390416443347931,1.105879813358001
2129,0.014399491250514984,1.1026166492237484
2130,0.013293532654643059,1.104206913844087
2131,0.012700995430350304,1.103409256851464
2132,0.013561996631324291,1.1033529534674527
2133,0.012962790206074715,1.1037394880949705
2134,0.013041852973401546,1.1049187813785142
2135,0.014288615435361862,1.1115806290977879
2136,0.013961385004222393,1.1064484200083224
2137,0.013739211484789848,1.104400452515834
2138,0.014078873209655285,1.1005070578484308
2139,0.012882507406175137,1.0930174227645224
2140,0.014060462825000286,1.0977234251815873
2141,0.013205449096858501,1.099452467341172
2142,0.013609844259917736,1.102345701895262
2143,0.01398766040802002,1.102328902497925
2144,0.013543941080570221,1.1014254717599778
2145,0.013118545524775982,1.1073066318841804
2146,0.013589958660304546,1.0979930827193392
2147,0.013677215203642845,1.1000551633667528
2148,0.012175960466265678,1.1064943828080829
2149,0.012520909309387207,1.1119976254334127
2150,0.013424037955701351,1.116486242092343
2151,0.014478800818324089,1.108824755016126
2152,0.013127466663718224,1.1112250230067355
2153,0.012954212725162506,1.1071874342466657
2154,0.012605349533259869,1.1048574591041507
2155,0.01352604478597641,1.1076982953494652
2156,0.013429971411824226,1.1081732983577222
2157,0.013212339952588081,1.112587977172737
2158,0.014070975594222546,1.11734980658481
2159,0.014832722023129463,1.1120411399611854
2160,0.01410738006234169,1.1063891601442992
2161,0.014022397808730602,1.0986370393506866
2162,0.013707419857382774,1.1022946912244447
2163,0.013179514557123184,1.1002805947062366
2164,0.013167942874133587,1.1076398632281406
2165,0.0143265500664711,1.1097615798911953
2166,0.013064024969935417,1.111590894391961
2167,0.01260015182197094,1.113672035230431
2168,0.013342529535293579,1.1098008291763173
2169,0.013504198752343655,1.1108097368314451
2170,0.013118515722453594,1.1121437388255184
2171,0.013723736628890038,1.1140062587900568
2172,0.012983842752873898,1.1060936622751087
2173,0.01354300882667303,1.1060694530793
2174,0.013543864712119102,1.1070040376264052
2175,0.012942619621753693,1.1105593738699318
2176,0.013706786558032036,1.1117744831214273
2177,0.013502801768481731,1.1056187708575027
2178,0.013220604509115219,1.1134545852367144
2179,0.013017101213335991,1.1054669393035104
2180,0.013157340697944164,1.1090491227338786
2181,0.013352337293326855,1.09926559408207
2182,0.01338051538914442,1.1101206627704745
2183,0.013674920424818993,1.1083060284903772
2184,0.013079583644866943,1.1077242486160201
2185,0.014049921184778214,1.1119440992673237
2186,0.012986546382308006,1.101043863105296
2187,0.013164954259991646,1.102893068079363
2188,0.012844974175095558,1.1077606515179301
2189,0.013421384617686272,1.1110170462675262
2190,0.012936471030116081,1.1116684197184437
2191,0.013121448457241058,1.115335242192548
2192,0.014745984226465225,1.1166218157698935
2193,0.012486113235354424,1.1128187305048893
2194,0.014227780513465405,1.1087505563458704
2195,0.013212035410106182,1.1078804850877078
2196,0.012905336916446686,1.1076498133198063
2197,0.013407222926616669,1.109769170296222
2198,0.012979870662093163,1.1125803303001518
2199,0.01211715117096901,1.1098986879028474
2200,0.013356057927012444,1.1142858665688593
2201,0.013526886701583862,1.1187071912270738
2202,0.013153411448001862,1.1137047398060484
2203,0.013431093655526638,1.1072793767267002
2204,0.01299276202917099,1.1065196865483333
2205,0.013749664649367332,1.104795465792032
2206,0.01459716260433197,1.1057819122061097
2207,0.01282490324229002,1.107294525867118
2208,0.012977944687008858,1.1097738860842579
2209,0.01430016290396452,1.1193976067660147
2210,0.013088589534163475,1.1198413847084332
2211,0.012746496126055717,1.1194829455294406
2212,0.013367773965001106,1.1093914496868773
2213,0.013109028339385986,1.1006955903275568
2214,0.013234480284154415,1.10444612580732
2215,0.013234276324510574,1.1031409201765419
2216,0.012910662218928337,1.1073426543023055
2217,0.012900258414447308,1.1110391105924333
2218,0.012826992198824883,1.1110795238860567
2219,0.013094007037580013,1.1189734602631782
2220,0.013036021962761879,1.123345450649883
2221,0.012572363018989563,1.1151470913922876
2222,0.013227568939328194,1.111606912953513
2223,0.014603253453969955,1.1142598692337073
2224,0.013219157233834267,1.11761840901578
2225,0.01298685185611248,1.112761782972436
2226,0.013926755636930466,1.1155227558654652
2227,0.012958955019712448,1.1120529146421523
2228,0.012023290619254112,1.117897287048493
2229,0.012414064258337021,1.1150318068968024
2230,0.01265912689268589,1.1186024594426454
2231,0.013291391544044018,1.1139830666078363
2232,0.013069717213511467,1.1115916407197939
2233,0.013331674039363861,1.113661441737249
2234,0.013158890418708324,1.1104004775969905
2235,0.013069733045995235,1.1182088593492532
2236,0.013682829216122627,1.1142399554563345
2237,0.013438629917800426,1.113771170601809
2238,0.012958763167262077,1.1132633064623763
2239,0.013158435001969337,1.1054743349104
2240,0.01328527182340622,1.1118741731595874
2241,0.013260884210467339,1.1169844041193338
2242,0.012411847710609436,1.123154520241539
2243,0.012350749224424362,1.1256644300052099
2244,0.012606138363480568,1.1216158983402682
2245,0.013073822483420372,1.1155493189218946
2246,0.01260245032608509,1.1108043208755647
2247,0.013958423398435116,1.1061504740165289
2248,0.013683299534022808,1.1124515424396162
2249,0.013186825439333916,1.1200202129837264
2250,0.013103721663355827,1.1218064557340808
2251,0.012859610840678215,1.1158223078961957
2252,0.013298305682837963,1.1163854920176934
2253,0.013313768431544304,1.1144015650103862
2254,0.013661248609423637,1.1177082763877428
2255,0.013289469294250011,1.1185734122618098
2256,0.012848205864429474,1.1197742876552401
2257,0.01362067461013794,1.1197502371063806
2258,0.013450074009597301,1.1167126218776655
2259,0.01258590817451477,1.121975722767058
2260,0.013093523681163788,1.1191319382579106
2261,0.013080768287181854,1.120301305799556
2262,0.013750709593296051,1.1170616633909987
2263,0.012598559260368347,1.1239066714033448
2264,0.013813219033181667,1.119794862312183
2265,0.012922077439725399,1.1147017510313737
2266,0.013118001632392406,1.1155004368390058
2267,0.01307552121579647,1.1136953484145622
2268,0.014153806492686272,1.1183482335324872
2269,0.012811361812055111,1.118546486199649
2270,0.01346998568624258,1.1228814119085633
2271,0.013750124722719193,1.1233800513702525
2272,0.013660164549946785,1.1245185000854625
2273,0.012739717960357666,1.1182569888301361
2274,0.012849493883550167,1.1163961342104096
2275,0.013708936981856823,1.1161217042676788
2276,0.013212612830102444,1.1143032481198323
2277,0.012946042232215405,1.1143173786034262
2278,0.013188512995839119,1.1192795371351982
2279,0.012997036799788475,1.1230280624893973
2280,0.013066637329757214,1.123393730412151
2281,0.01257837563753128,1.1243518967377513
2282,0.01266971230506897,1.126813989235345
2283,0.012820716015994549,1.1251595593932877
2284,0.012898776680231094,1.1203727265049641
2285,0.013328171335160732,1.1234768158511113
2286,0.012870250269770622,1.1173052270908403
2287,0.01396246813237667,1.1154143239621233
2288,0.01318273227661848,1.114811606873247
2289,0.013017426244914532,1.1156480139060725
2290,0.013591468334197998,1.1213280434596509
2291,0.013439680449664593,1.1230386048928838
2292,0.012664571404457092,1.1247260670614123
2293,0.01310706790536642,1.1254611931050331
2294,0.01253880187869072,1.128618057957269
2295,0.013979664072394371,1.1280673534649057
2296,0.013819346204400063,1.1278492960714757
2297,0.013595249503850937,1.1259870188576835
2298,0.012743989005684853,1.1240703393343396
2299,0.012434574775397778,1.1213483923957461
2300,0.01298925094306469,1.118906991822379
2301,0.012835361063480377,1.1232822488125105
2302,0.012392617762088776,1.1266771383154064
2303,0.01352984644472599,1.1244047287113983
2304,0.013321829959750175,1.1210712745673674
2305,0.013070567511022091,1.1216253055665726
2306,0.013798907399177551,1.123413646280915
2307,0.01336347870528698,1.1298462140530272
2308,0.012816916219890118,1.124649785515061
2309,0.012554979883134365,1.1171288726323827
2310,0.014027116820216179,1.1194738109308975
2311,0.012565292418003082,1.1216410538905246
2312,0.01280171237885952,1.1216192439683996
2313,0.012773941271007061,1.1183065337346012
2314,0.013221370987594128,1.115702534229833
2315,0.012754403054714203,1.1231274533092528
2316,0.012302964925765991,1.1274897003532351
2317,0.012897763401269913,1.1247579976729583
2318,0.013041850179433823,1.126693462369436
2319,0.01339837908744812,1.1218186985878718
2320,0.01290757954120636,1.1244318232799233
2321,0.012774430215358734,1.123083566065719
2322,0.01291006337851286,1.1233980135810107
2323,0.012872590683400631,1.122739305322929
2324,0.013552757911384106,1.121497448823207
2325,0.012799303978681564,1.1225773372446983
2326,0.01265664678066969,1.1247576696233343
2327,0.012147068977355957,1.1253389657888198
2328,0.01341929566115141,1.124021726144585
2329,0.012993976473808289,1.1207782582830368
2330,0.01260402612388134,1.1215945515118744
2331,0.012188585475087166,1.1178106838897954
2332,0.013524203561246395,1.1207685870933055
2333,0.012497994117438793,1.121319669978063
2334,0.013076424598693848,1.1233420714101099
2335,0.013397840782999992,1.1195147455784313
2336,0.012874118983745575,1.1211700403600706
2337,0.01296511571854353,1.1212762813819082
2338,0.01242381613701582,1.1150873911410646
2339,0.01322250347584486,1.1166445276790993
2340,0.012651811353862286,1.1225575078698926
2341,0.012970663607120514,1.1234265373165446
2342,0.012624770402908325,1.1236223775641363
2343,0.012351032346487045,1.1249775686359644
2344,0.012927863746881485,1.1260119459981608
2345,0.012577123939990997,1.1244137674047237
2346,0.013524819165468216,1.1212926801284753
2347,0.01400238648056984,1.1247921019867249
2348,0.013329732231795788,1.1208278635390718
2349,0.012942265719175339,1.1217219269365297
2350,0.013079616241157055,1.1233715770537394
2351,0.012410315684974194,1.117590463998025
2352,0.013135830871760845,1.1184363291974653
2353,0.012951282784342766,1.1234788080504663
2354,0.013039919547736645,1.1183819228545167
2355,0.01266448013484478,1.1204264860105395
2356,0.012248474173247814,1.1221316271557247
2357,0.013351569883525372,1.1236653392177476
2358,0.013913644477725029,1.1265406138018559
2359,0.012168667279183865,1.1256033406221777
2360,0.013694057241082191,1.1234909968268603
2361,0.01337195560336113,1.1264111157646752
2362,0.012364273890852928,1.1241233743223034
2363,0.013389037922024727,1.1220428446181734
2364,0.012771363370120525,1.1194834382014167
2365,0.013347655534744263,1.1170369476304018
2366,0.012557724490761757,1.120094210581672
2367,0.013539878651499748,1.1191651821136475
2368,0.012634500861167908,1.1211556632417186
2369,0.013306456618010998,1.1198559664843375
2370,0.013017898425459862,1.1176615260298688
2371,0.012546822428703308,1.1191621022415639
2372,0.012421058490872383,1.1169650282776147
2373,0.012448571622371674,1.1208168897114898
2374,0.01288294605910778,1.1188842466003017
2375,0.012589069083333015,1.1199801462634762
2376,0.012788789346814156,1.1173256053064102
2377,0.012502066791057587,1.1236175253875273
2378,0.013118244707584381,1.1179704557086592
2379,0.012831608764827251,1.1188501109156692
2380,0.012644106522202492,1.122209341902482
2381,0.012391071766614914,1.118466411467483
2382,0.013542085886001587,1.1178220535878252
2383,0.01269616186618805,1.1169801382791429
2384,0.012831445783376694,1.115388510221228
2385,0.013070283457636833,1.1202415392213596
2386,0.01237837877124548,1.1176359563841856
2387,0.012996910139918327,1.124102136843784
2388,0.013269013725221157,1.1198593857593107
2389,0.012612683698534966,1.1252222737871616
2390,0.012826379388570786,1.1224448887029088
2391,0.012723377905786037,1.1187375261072527
2392,0.013318993151187897,1.1208740413039548
2393,0.012517094612121582,1.1193732015769882
2394,0.01287745125591755,1.1181093812885141
2395,0.01299750804901123,1.1229135413516433
2396,0.012851878069341183,1.1186542782867164
2397,0.013872022740542889,1.1197629880188102
2398,0.013076385483145714,1.1170298219623422
2399,0.013355819508433342,1.1158413441856403
2400,0.012320740148425102,1.113964865978499
2401,0.012252742424607277,1.1173376887663264
2402,0.012298345565795898,1.1197302060617242
2403,0.013207552954554558,1.1172210465098982
2404,0.01287367008626461,1.1187373859840526
2405,0.013013193383812904,1.1256402878832996
2406,0.012439107522368431,1.1156218329766638
2407,0.012800922617316246,1.1239911876525497
2408,0.012441842816770077,1.1195853775306452
2409,0.012456837110221386,1.1157264594446148
2410,0.012688825838267803,1.1195897658665974
2411,0.011859367601573467,1.1223029253775614
2412,0.013766477815806866,1.1160405185587126
2413,0.01254103984683752,1.1153343557415152
2414,0.013007494620978832,1.1213537699596625
2415,0.012619643472135067,1.122608714832698
2416,0.012280628085136414,1.119616260952818
2417,0.01296975277364254,1.1164351051911376
2418,0.012329062446951866,1.1191674696472953
2419,0.013432139530777931,1.1156068868505626
2420,0.013414922170341015,1.1202060807318914
2421,0.01322999782860279,1.117315749924882
2422,0.0134159279987216,1.118310853054649
2423,0.012854360044002533,1.1205425465614873
2424,0.012857362627983093,1.1227939627821881
2425,0.013179536908864975,1.1199235369388323
2426,0.013942769728600979,1.115965947919621
2427,0.013001305982470512,1.1178540998234188
2428,0.013168089091777802,1.1191514237482745
2429,0.013170882128179073,1.1199244289171129
2430,0.01259700208902359,1.1158482896953
2431,0.012921830639243126,1.1183648115411438
2432,0.013327427208423615,1.1199369959365157
2433,0.012701804749667645,1.1247497683479672
2434,0.013065020553767681,1.1195642068272544
2435,0.013297533616423607,1.117040364813984
2436,0.013938652351498604,1.1207979360319917
2437,0.012907358817756176,1.1223445811068504
2438,0.01269293762743473,1.1156565052524845
2439,0.012554025277495384,1.1194894279453689
2440,0.012693388387560844,1.1214971903870279
2441,0.011892950162291527,1.116284470211593
2442,0.014024279080331326,1.1226252030609245
2443,0.01325318031013012,1.1197628743367685
2444,0.013580943457782269,1.1207039649026436
2445,0.012528641149401665,1.1215266014699052
2446,0.013140003196895123,1.1170622926009328
2447,0.012742431834340096,1.120820210840469
2448,0.012195313349366188,1.1182519242279512
2449,0.012629943899810314,1.1229619198574459
2450,0.012091018259525299,1.1188001436995982
2451,0.012818112969398499,1.1180607533096372
2452,0.012706248089671135,1.1221795743868166
2453,0.013235459104180336,1.1212056373295032
2454,0.012019756250083447,1.1223065738092388
2455,0.013522811233997345,1.124950651387523
2456,0.012577223591506481,1.122444316259303
2457,0.01252283900976181,1.120818359212469
2458,0.012226476334035397,1.1237141642355382
2459,0.01284115295857191,1.1247392537301046
2460,0.01288774237036705,1.1226335580187632
2461,0.012839913368225098,1.124454282728353
2462,0.012552927248179913,1.1222952168089406
2463,0.013258947990834713,1.1171599124607288
2464,0.013036258518695831,1.123595812864471
2465,0.012845205143094063,1.1205978235206508
2466,0.013352170586585999,1.1238306231964799
2467,0.012515239417552948,1.1189345019801815
2468,0.012458672747015953,1.1189511071769218
2469,0.013078024610877037,1.116273790224453
2470,0.012849947437644005,1.1220246859660423
2471,0.012089766561985016,1.122747282187144
2472,0.012663600966334343,1.1217942097432034
2473,0.013837355189025402,1.1213894199607963
2474,0.012207435443997383,1.126430464866466
2475,0.012754103168845177,1.1198435593069644
2476,0.012633971869945526,1.1198571036035256
2477,0.013497132807970047,1.1222747535932631
2478,0.012166192755103111,1.1247741181151312
2479,0.013020426034927368,1.1216408438551098
2480,0.013400423340499401,1.1181792165701252
2481,0.012334870174527168,1.1216869065934854
2482,0.012480167672038078,1.115075723718581
2483,0.013166937045753002,1.1197910325270248
2484,0.01276787742972374,1.126666898416696
2485,0.012728650122880936,1.1210918995670807
2486,0.013522505760192871,1.1239972045845854
2487,0.011888734996318817,1.1230077511983407
2488,0.013705849647521973,1.123394158848545
2489,0.013884834945201874,1.1239359819500667
2490,0.013618014752864838,1.1242686035041523
2491,0.013625524938106537,1.1218944590790827
2492,0.012021318078041077,1.1247733477363013
2493,0.013008522801101208,1.1190710533830457
2494,0.012308354489505291,1.1193598142841406
2495,0.012229557149112225,1.1192095627760827
2496,0.012995190918445587,1.1183815018873764
2497,0.012917629443109035,1.1176838522268118
2498,0.013143452815711498,1.11710174251021
2499,0.01269444078207016,1.1212609617931204
2500,0.01281204354017973,1.1221081653334444
