epoch,train_loss,val_loss
1,4.901855695172676,4.43045489471359
2,1.9994480474939886,0.919562746408888
3,0.8069225403497804,0.7832855692782199
4,0.7209446321493425,0.6776633397080845
5,0.548802228093897,0.4995458020004712
6,0.4969369525429588,0.4727284368267633
7,0.42191860248457713,0.4191233348428157
8,0.40064127284025997,0.41659064273487656
9,0.36640386442718265,0.3677543128343453
10,0.3571591690276404,0.3546873492405827
11,0.3480535940554157,0.3645900511801392
12,0.3379460526337414,0.34016279835151253
13,0.3220079869219342,0.32540352213054075
14,0.31190052534799156,0.3329227244047294
15,0.3033406755084512,0.31062533338565873
16,0.290723812655083,0.2931260111039145
17,0.2788418640130721,0.2939053373528005
18,0.2686643459886875,0.28925373590082154
19,0.26306099992878035,0.26174009264561165
20,0.2440290186765059,0.27327753017121986
21,0.2473597270700167,0.2533068951956909
22,0.24218201581037269,0.25777616338771686
23,0.2342102509811989,0.2612323443543045
24,0.2434030756260614,0.27918240024631186
25,0.2240239756662141,0.23438838856262073
26,0.20131311598438886,0.21706860383650414
27,0.1998958468624631,0.21398002943747624
28,0.1873813364303337,0.2035042487813118
29,0.19239354489734337,0.2277909112081193
30,0.20577419628887056,0.20740137247364024
31,0.19039454531369718,0.2008134363812014
32,0.18323971977773704,0.19651355824076144
33,0.18296067650962924,0.19768338827859788
34,0.18114001027443125,0.1936805691560707
35,0.17463959331782358,0.1935401265334366
36,0.1714307535556877,0.19444387815052405
37,0.16985068156284355,0.1878345362972795
38,0.17388233870455305,0.1882671705986324
39,0.17084256995399044,0.18776481473505646
40,0.1671294390030627,0.18277524908383688
41,0.16341716219794075,0.18237924527255514
42,0.16549276874500252,0.1761922920706278
43,0.16178495450964514,0.17728032492904136
44,0.15807168021704415,0.17356049260101222
45,0.1546994226533662,0.1869146267050191
46,0.16455366345321606,0.18124532692115708
47,0.15800935179932313,0.17760405344024935
48,0.1486196183371094,0.16128356717433548
49,0.1386273553911245,0.1561438390485625
50,0.1378550482620983,0.18257579528598258
51,0.1384893183438283,0.1699178107549672
52,0.13389166411738726,0.15580444209707112
53,0.1296562083393523,0.15076219766659843
54,0.12237031589139183,0.15501358380592556
55,0.12399512042039595,0.1470755965712674
56,0.1257263311425095,0.15100950264094168
57,0.12122917798517635,0.15186441400296108
58,0.11727924410652064,0.14136346819854917
59,0.12503694897552706,0.15101810998486398
60,0.12726905792014404,0.1491315596384512
61,0.12497823333965158,0.15245889198212398
62,0.11874768137931824,0.14340847241400478
63,0.12147305690267551,0.14178538008740074
64,0.12228979531136698,0.1404161514494951
65,0.12841047730835728,0.1533882262413962
66,0.11770627272766342,0.1388086977235058
67,0.11064335989689678,0.13155130717091093
68,0.10916518279404011,0.13886012895065442
69,0.10643161664593895,0.13290470747048394
70,0.1081508292623286,0.13556481236802007
71,0.10515093034918203,0.14117703521460817
72,0.11487731000162521,0.1361504627723144
73,0.10778168551389526,0.13435277518323788
74,0.10908397699489533,0.14482569350933372
75,0.10633265166162695,0.12744117195818358
76,0.10151721021664217,0.12906234117602944
77,0.10812531636570985,0.12953443870060427
78,0.11010719587405522,0.13184705692201032
79,0.0984568104335347,0.12410595090616316
80,0.09544722042368643,0.13035916516505985
81,0.0946211355662196,0.12418866953007261
82,0.09064373922235561,0.12000008896553427
83,0.08820053864762468,0.12388068994035698
84,0.09096371110692714,0.12107693458111364
85,0.0882648989651938,0.11672375980475194
86,0.09005290401056877,0.12531261631570065
87,0.08825654869184554,0.12118573070394066
88,0.09054150774418933,0.11734796522703386
89,0.0871898611105463,0.12398084781522441
90,0.08561348038836845,0.12296966129078303
91,0.08911215420226631,0.11576689062710095
92,0.08594760026946757,0.11727978178955857
93,0.08746812225512739,0.12630739397273624
94,0.08983617477446983,0.13163282145234875
95,0.09341439089310244,0.13033485319231985
96,0.09449456271323019,0.12190300101101548
97,0.08951108092032138,0.14309130724808924
98,0.10064291743175038,0.12082818770468384
99,0.08890306982416776,0.12343329426489379
100,0.08379490982811406,0.11705624732307922
101,0.08239729674357288,0.11036466246932969
102,0.08557448147227929,0.11713279527903799
103,0.0804421308467973,0.11189734868537214
104,0.07536204431041982,0.11137910605522625
105,0.0769076960735351,0.11246314295625925
106,0.07667356448353461,0.10912443122320008
107,0.07374011711129602,0.11353334930158199
108,0.07387996788294811,0.11196492405090117
109,0.07263022553433413,0.10912644273057617
110,0.07208434881279303,0.1061966338365299
111,0.07567847679433583,0.11037186312869676
112,0.07893983265326458,0.1279361378354835
113,0.0859630658004269,0.11396642962942147
114,0.08597907381799985,0.1153744866786744
115,0.08707246648253135,0.11572891580207008
116,0.08183778841165626,0.11482906899879451
117,0.08402661379403288,0.12106348478928544
118,0.08304373015585186,0.10858478456884996
119,0.07997943967018488,0.12065151892135616
120,0.07410912431261074,0.11277053671373162
121,0.08212063231933042,0.1178364624505055
122,0.07869151829736037,0.10629484223617348
123,0.07417629631060474,0.10649070730036064
124,0.07078467876468815,0.10531205620457952
125,0.06758588529045477,0.1119932047182456
126,0.06978539574258733,0.10884058856426325
127,0.07418943262137707,0.10887109794488228
128,0.07275983377260233,0.1047388126602149
129,0.07251084947361136,0.10630424068610471
130,0.07045978031255914,0.11412063597661809
131,0.0815750924202631,0.10895712190029914
132,0.07002754401673311,0.10027609175458588
133,0.0694984162940919,0.10292497185761468
134,0.06942551456532388,0.1026829320722654
135,0.07117174631394681,0.10811799133481238
136,0.07406280859836242,0.11020878254246891
137,0.06655409355770867,0.1042409821933971
138,0.06792182306636055,0.10172520196975622
139,0.06738814852147731,0.10915120664918632
140,0.06520619271498806,0.10220770745125032
141,0.062304029229489515,0.10166290219415698
142,0.06698150743009909,0.10188409758913786
143,0.06624744359239843,0.10316654571091621
144,0.06435125339893424,0.09897902428655696
145,0.061921596480240614,0.09862035824765537
146,0.05913716934199603,0.10234327638582479
147,0.061598021654213,0.10034691131578054
148,0.05852937510928268,0.09794223799666665
149,0.058328861757269444,0.0950613911812168
150,0.056560174075874894,0.09348601941252711
151,0.05461343560578688,0.10000467307884293
152,0.05586754106594331,0.0947422623858416
153,0.05459147623781138,0.0959515241266492
154,0.0563603882566563,0.09865307081537437
155,0.052986608009855704,0.09580846003870618
156,0.05777002109577821,0.09657620115761172
157,0.05667174092066363,0.09945638892345858
158,0.06128578759589285,0.10440076900678769
159,0.06392182060663805,0.10216491111089711
160,0.06322295551405013,0.1082349732368811
161,0.06386970552914548,0.10627148879276481
162,0.059875928263806694,0.10295384474341433
163,0.059326779870492105,0.10955210239217993
164,0.0613195317440063,0.09550719062113822
165,0.06441586295951088,0.10169342223713572
166,0.05798848043635206,0.10154581661884647
167,0.06393622864717208,0.10386186083755397
168,0.06505815347410598,0.09568458076631814
169,0.05770863937038296,0.09438705916766237
170,0.05410274980390597,0.09121874267968319
171,0.05041305427937388,0.09499004572854006
172,0.05466913565431001,0.09291364717528336
173,0.05152301825348686,0.09292452345441159
174,0.051329787398846645,0.09293619774860845
175,0.051526942600806556,0.09325026614325387
176,0.056944781106035666,0.0956800871512346
177,0.05867867778588391,0.1024751960857769
178,0.061861718975522985,0.10556531606013314
179,0.05814422184378846,0.10126273472207531
180,0.06133886656296328,0.10323696006509595
181,0.05665869638323784,0.09815572196603718
182,0.05827249270283951,0.10168456383292239
183,0.059038893794113735,0.09751059697534804
184,0.05881466404915606,0.09949232981467904
185,0.05734298750758171,0.0975116478246555
186,0.054824005414105065,0.09221461189345907
187,0.0587986170214677,0.09751123344913162
188,0.05350948171982975,0.09626224130989615
189,0.05058056141876575,0.09157584290157882
190,0.048567119915530366,0.09094568108556264
191,0.05250839575094247,0.09229351615621931
192,0.04759022021818461,0.0923411951850829
193,0.04804726106659422,0.08939508823000997
194,0.05348469780863456,0.0939917310997657
195,0.05001366454756485,0.09019484585687929
196,0.04974984555686795,0.0915659283448879
197,0.05617771738167829,0.09326887138206559
198,0.05453194673143843,0.09796296463424999
199,0.05718480908083466,0.09340623026727733
200,0.057522548960064944,0.09419278087173787
201,0.05073916452860682,0.09239991980238367
202,0.04952296026566493,0.0911944509486208
203,0.048181893268846115,0.08872523134513606
204,0.04921677565705851,0.09579171294481832
205,0.04680412171303101,0.08855354259336802
206,0.04559929432265414,0.08758464082141866
207,0.047378885389873816,0.09199502881158862
208,0.0466106264799271,0.08850198186803282
209,0.04630850632704279,0.08861374905458967
210,0.04742621421907683,0.09251647222236284
211,0.04600399716189073,0.09025182871890247
212,0.04688272133188428,0.08833065031465133
213,0.048171141354730294,0.09326964394565214
214,0.045978311214994336,0.09184107569076662
215,0.04840803439231039,0.09173076220771723
216,0.04654037024614946,0.08946695768818222
217,0.05091632658955436,0.09373364076578528
218,0.051472525785929,0.09122038380543988
219,0.05458515814546519,0.09523585616123109
220,0.05602630321522179,0.09701757162884064
221,0.052421660074647866,0.10013202447117421
222,0.055514014296749105,0.09806736414892632
223,0.05170809763407557,0.09539924444336641
224,0.052971878212015586,0.09464637808184277
225,0.05398695538722494,0.09820981258363054
226,0.05414546236583272,0.0931027593431915
227,0.046897078249252065,0.09181629870096245
228,0.04381648521378355,0.08953181067878441
229,0.04216312221104994,0.09104778305779125
230,0.04217992577725237,0.08972359514027312
231,0.0431558813360877,0.08991942793728415
232,0.04541414024882347,0.09191945691903432
233,0.04319875178940641,0.08832228243500367
234,0.043637908503132046,0.09014228451296799
235,0.04811202066968072,0.09368902080713358
236,0.05231453602512678,0.08776246173713441
237,0.049686409626741826,0.09008229712495827
238,0.04907412260021054,0.09338838776998352
239,0.04557909729814379,0.08854216742410995
240,0.0511030838268358,0.09633522122202062
241,0.04966621534348284,0.09372356655379585
242,0.05147263166383378,0.09258548773470379
243,0.0465249294333113,0.08783908307851108
244,0.04411047446371624,0.08750290192084803
245,0.0451121210067902,0.09045204565041047
246,0.04491427048759641,0.09174031045353204
247,0.047792922822559404,0.09377012250566841
248,0.04696723558711556,0.09182065921394449
249,0.04594731867407103,0.08996646165997163
250,0.04638751530609791,0.09130948029439849
251,0.04516433575337038,0.0878971811374626
252,0.04607057943940163,0.09007893715585981
253,0.04600164123207518,0.08693008005320278
254,0.04525885820013922,0.08955606915299456
255,0.04571180094806653,0.09032316909248668
256,0.04526110914237094,0.08850656492742978
257,0.04755613805269295,0.09378506629762792
258,0.04719209917030245,0.08794148101991878
259,0.043012542474382326,0.09442117670200821
260,0.043776838190900454,0.09246720472598136
261,0.04101023026419885,0.08688246113315859
262,0.0430009181863107,0.0878356014726156
263,0.051315532118644355,0.09075494484046946
264,0.04326357223890113,0.08679267254314925
265,0.04437736241416362,0.0876092266356736
266,0.04391851285531086,0.08732675516366362
267,0.04629036472559725,0.09561177908926081
268,0.04560950513249673,0.08610417452969946
269,0.04225305425670912,0.09022569299715205
270,0.04555243448172725,0.08673647850901262
271,0.04500810623918689,0.08765063005357158
272,0.04011041469543985,0.0886926213302708
273,0.040037274594951724,0.09137748191156483
274,0.039047428576638864,0.08571805551013253
275,0.03951106553182662,0.08578368214736308
276,0.045429649264932426,0.08837583121425825
277,0.05018554227250927,0.09265758735792977
278,0.04316109915574392,0.08734782536824544
279,0.04323759161919918,0.08831532476913362
280,0.03975184385975202,0.08547997493343544
281,0.04573130902816665,0.0864945200825096
282,0.043732040169291525,0.0892869890072292
283,0.04416115680393183,0.08784470044281847
284,0.03767360873379797,0.0848570215261371
285,0.03682402343307651,0.08430992115410348
286,0.03608086163986404,0.08431163870899898
287,0.036244705975430565,0.08340851869200704
288,0.037347226866386224,0.0861777618041911
289,0.03889267237962417,0.08426880698305622
290,0.047757719719559895,0.08806201305828597
291,0.042762470671778206,0.09140028432945262
292,0.04195044185005644,0.088017064022988
293,0.03982779767903142,0.08545106552298505
294,0.041670584945746186,0.08667767901244319
295,0.04245513511247605,0.08850915251967303
296,0.04648312293695954,0.08440709862867393
297,0.037204415824428294,0.08437838642519518
298,0.04054391972205174,0.08559673639915343
299,0.04750752781734527,0.08644040905518041
300,0.039530031265890074,0.08805527130986814
301,0.040561003387911514,0.08557373126571938
302,0.04274235379958303,0.09152897462286148
303,0.04133925940724289,0.08560831564709656
304,0.03921670972738626,0.08907017158461095
305,0.04300087746584191,0.08440226256697997
306,0.04296834089752263,0.08479576742738709
307,0.03929398668074758,0.08552761859538262
308,0.037353772670030594,0.08170544783722487
309,0.03859848329949679,0.08174855760613778
310,0.03815030583045768,0.08392970643022604
311,0.04102167360625177,0.08313276235919848
312,0.04076891472129702,0.08748664716281987
313,0.03608840064338918,0.08258294947165296
314,0.03768734050528059,0.08275571514042397
315,0.03804914337003006,0.0837741012785369
316,0.036001391029395396,0.08310257083267197
317,0.03474049063973457,0.08107160827271025
318,0.03258846824367841,0.08639430082904964
319,0.03559171158890679,0.08353458102185625
320,0.03200838621120033,0.08225834139979872
321,0.03305006959715729,0.0840267450887159
322,0.03219487047139204,0.08442704545749459
323,0.03165664277830214,0.0812195570845353
324,0.03538739763247142,0.0834782433166241
325,0.03273538675791812,0.08722252066347533
326,0.03840581711920552,0.08517127269342131
327,0.0418455312087101,0.08430554051148265
328,0.03650535326802506,0.08560313487934289
329,0.038901177475100045,0.08911111200214329
330,0.037193668291628734,0.08501759847453363
331,0.03822509892894037,0.08576642566904388
332,0.03851185162674706,0.08617582584831648
333,0.036700612672095026,0.08144051889727887
334,0.03511422141542975,0.08574076635496956
335,0.04489075701754048,0.08838516667970739
336,0.04161979111626088,0.08781193064194276
337,0.0366517241177319,0.08291528642849814
338,0.034699091582365754,0.08512214821457564
339,0.033688088281537,0.08489270414923665
340,0.033256941059100556,0.0861251222945395
341,0.03492218685928006,0.08309624161113773
342,0.036924450160384925,0.08218114948212951
343,0.03372031628335797,0.08498183957168035
344,0.03593812864156639,0.08372315674796141
345,0.04053668338079123,0.09168687666343865
346,0.039333525588208774,0.08607483121162668
347,0.03823858630732171,0.08404820070679027
348,0.0348425751915143,0.08555912682063
349,0.03797040352562688,0.08625319615043793
350,0.03315912981359464,0.08324995409127764
351,0.03871372058612745,0.08483754548437912
352,0.036228613986534146,0.08472609979317601
353,0.03583208534796283,0.08852380642989524
354,0.03688091855004148,0.0861689284406509
355,0.03803128917824547,0.08405757613274686
356,0.03711877782014931,0.08586815989256502
357,0.03537214835578541,0.0829002151177043
358,0.03584430479216126,0.08478770642202899
359,0.03598008108026576,0.08754515007399676
360,0.03436329414915738,0.08648590511994853
361,0.03361485319786102,0.08280217811876073
362,0.03481342390460788,0.08677938582380314
363,0.03409082271486708,0.08013479445213662
364,0.03241118072947991,0.08267294533345335
365,0.03431264636745243,0.08127410108583015
366,0.030284569768598245,0.07964778812905601
367,0.029645969728066487,0.08434877804198061
368,0.02989386209526902,0.08327010378502962
369,0.030415744210282963,0.08031615753072247
370,0.032439096379767426,0.08274787854879423
371,0.03614246193905297,0.0841860048715632
372,0.03628499163959011,0.08062743223774105
373,0.036503900006507176,0.08453316144402463
374,0.03566487890275769,0.08413426122420414
375,0.034427659597786715,0.08382666521801387
376,0.03549488957198161,0.08550561775913215
377,0.03449330338329639,0.08235123867453788
378,0.033501735039102205,0.08023566627562195
379,0.02949208693590554,0.07998628567035933
380,0.03258206465709135,0.08148353186466341
381,0.03165965576498014,0.08300169200676127
382,0.03456473987807268,0.08563010525285152
383,0.034705219427182236,0.08312306398138367
384,0.034624017751629245,0.08517508156466902
385,0.03477471221074368,0.08040400741990646
386,0.036703001918657774,0.08853362926415034
387,0.036654803796478036,0.08200483489081375
388,0.033392110640335385,0.08384133625150025
389,0.034678943712943756,0.08718803088019665
390,0.03519431499284018,0.08123326716118288
391,0.032711878231486434,0.0802067132073835
392,0.030368107763476343,0.07954660091633187
393,0.031175530134881817,0.0810122673112647
394,0.03524622684286076,0.08673749979874842
395,0.03630780941754017,0.08454857510806325
396,0.034223776568406784,0.0869930457314453
397,0.03259937066889409,0.0860552272775717
398,0.03509608621023736,0.08542177308920332
399,0.03367020147589018,0.0831569942241922
400,0.033401584686160835,0.07954345779834236
401,0.03395275155422073,0.08196234572352025
402,0.035905794691552154,0.08539306196876637
403,0.03325137119951113,0.0829287298901338
404,0.03374868921888699,0.08492361789657957
405,0.03329101666433256,0.08199804276227951
406,0.03213104815368757,0.08076024880833495
407,0.03148593383390199,0.08058078684155505
408,0.031101769949280243,0.08409297436401061
409,0.029639049790471605,0.0810422237990494
410,0.03403963749560545,0.07985212222525948
411,0.030911839291828235,0.08289045297113576
412,0.03253351735337725,0.08263603151591499
413,0.031019696555797407,0.08513960279617692
414,0.030268227201212878,0.08149797675715652
415,0.030069349368788162,0.08336282941631805
416,0.0358721320546648,0.088684775420747
417,0.0314651922844116,0.08334991048302567
418,0.030173999485823343,0.07872634375453892
419,0.03150243941202478,0.0765617471141624
420,0.030001060955179563,0.08292791624565173
421,0.031230987781811062,0.08299044166740618
422,0.03233717407726642,0.0807633146008752
423,0.031213296237606672,0.08249211393502123
424,0.03407893089706418,0.08239400338260154
425,0.030127431658453913,0.0805225274840692
426,0.031314178715524436,0.08360070886468529
427,0.029399990051422478,0.08300100031651948
428,0.02992457485283321,0.08306458644699632
429,0.030154121828810224,0.08109951428228751
430,0.031510895106402585,0.08291447252259218
431,0.034430675677158545,0.08340691575281005
432,0.037286286962763315,0.08354362175055315
433,0.030269562600637383,0.08568989993411497
434,0.0335373932835441,0.08196526125334856
435,0.028210290842367418,0.0823526644056901
436,0.026403596648161515,0.08171794311444562
437,0.030600300199299487,0.08217383258250124
438,0.02832224481276371,0.08004873621284514
439,0.02986134701180008,0.08394952025031087
440,0.03227671149110644,0.0825651236494681
441,0.03278624795892703,0.08237800595903755
442,0.030658596130849432,0.08400826391420867
443,0.030495221849601222,0.07863563332790718
444,0.029585446283783554,0.08180138229726251
445,0.033146865384758646,0.08114687437401678
446,0.029776002356559975,0.07888178764504
447,0.02831094115738224,0.0812183983978771
448,0.02827549025228938,0.08279222460991159
449,0.026575002116414736,0.08301739123904317
450,0.0315659400544264,0.08212318473068395
451,0.03186082528353487,0.08034352635157138
452,0.030238485678374394,0.07935842881002522
453,0.03210519882118177,0.08158159315735475
454,0.02782142700029994,0.08072377140061897
455,0.03013317938308296,0.08187996640913468
456,0.03342748780108098,0.07976566659365979
457,0.03130826007270213,0.08272504123081838
458,0.02986864523036675,0.08037199485197402
459,0.028526912496056198,0.07885562262514181
460,0.02631254273952928,0.0791987056720227
461,0.02783852255663032,0.07907766200844805
462,0.028153948556139785,0.07947275673685815
463,0.02944995091536885,0.08260381257250196
464,0.03172164928144629,0.0795905514431179
465,0.031109768264698533,0.08187141939810942
466,0.030215152521740715,0.08200463548041227
467,0.029926635746685963,0.08412588695834454
468,0.03381256653733973,0.0811438755246631
469,0.029194572389875568,0.0817909211779298
470,0.02937607303168039,0.08293584207619044
471,0.03052490089768134,0.0790947472727986
472,0.02589620088678111,0.07579708857494488
473,0.024842229349620687,0.07999390505609058
474,0.026015776449685578,0.07691900480659981
475,0.027839001771882647,0.0789325913428364
476,0.026143712958074966,0.08046001666470577
477,0.025380536984160262,0.07681609688322048
478,0.028266249411979562,0.0828985313425088
479,0.03025234802245344,0.07905165968756926
480,0.026979654125353827,0.07891096464150532
481,0.02898633027882696,0.07867653350483504
482,0.030316598877404472,0.08380925224015587
483,0.025383798475816566,0.07856423372314089
484,0.026645362880900973,0.08146020848500102
485,0.0313401239332538,0.08237225575405255
486,0.0285014300109268,0.07983406166310299
487,0.029166287408684783,0.07869785564734523
488,0.029088343241773312,0.07836697450407167
489,0.02803436370343907,0.08139627396985702
490,0.02946202999344037,0.0781232600933627
491,0.029140394755035826,0.08093037635536122
492,0.032209719197367724,0.08007817829312537
493,0.028193207773959863,0.07957511482979719
494,0.02964889240574162,0.08232787595058144
495,0.0277376763007176,0.08031203024518818
496,0.028480435762577836,0.07938697062115323
497,0.027041668224634614,0.08019299526934635
498,0.030717728987523594,0.08360690167897328
499,0.028065062907038245,0.07814964577368926
500,0.029880308188826032,0.07701407331870612
501,0.026561787843985378,0.07936586008260124
502,0.02498182642666049,0.0780806499988513
503,0.024983469560836098,0.07816276615275476
504,0.030555751408983325,0.07959688359633424
505,0.02787101241824387,0.08111479008257538
506,0.024807309356969107,0.07724484190680928
507,0.02801017629556686,0.08167846691339536
508,0.029839812209771114,0.07954054734760657
509,0.029756067449566704,0.07916425274951118
510,0.026314555989496363,0.07815855595850407
511,0.025177045848290874,0.08027682182633489
512,0.02809625580531996,0.07917419647363792
513,0.025789626762739517,0.07988496209707177
514,0.026434396118300518,0.07834928516382561
515,0.025683722827794415,0.07878223237089046
516,0.0269197063555695,0.08023252774188692
517,0.02889153819367196,0.0823211531740681
518,0.030085610823248916,0.07987974184497557
519,0.027503639799337717,0.07934084187324782
520,0.027979515305480117,0.07907951128363311
521,0.027339584445990855,0.07873002406125679
522,0.028568663569928716,0.08000097733765915
523,0.024368352180569427,0.07784299769049001
524,0.025669860694580857,0.07867711560245146
525,0.028301832518019016,0.08119484005416545
526,0.027584085358107614,0.07870433567311232
527,0.025127227681706537,0.0753369070402811
528,0.024606873380875437,0.07903254308497398
529,0.025718187432993884,0.07812444555729553
530,0.025738347216315988,0.07776976761438494
531,0.025968224325644895,0.07591463714128449
532,0.025332854603821377,0.07878830524763666
533,0.02901204524315753,0.07743358703558906
534,0.025302661629686564,0.07865639240072485
535,0.026513130035040515,0.0775080267013165
536,0.025805698297683546,0.07912084467727738
537,0.02365549048115997,0.07943774643996007
538,0.025760259034123812,0.0810052833536215
539,0.02624198613957789,0.077974817283769
540,0.023546305174628895,0.07696715608836714
541,0.025889208188877917,0.07868609017223344
542,0.027287189561709668,0.07847351181253157
543,0.02544583743379551,0.07725685153315241
544,0.025646526553908235,0.07820483633226022
545,0.0263131384462493,0.08010827998320262
546,0.023714988287421142,0.07874151369682829
547,0.028089211187647574,0.07609896328216209
548,0.023246178918945714,0.07662094264923779
549,0.028007186363515613,0.08024405783280394
550,0.02332825080122588,0.07687703105516004
551,0.023134072012496443,0.07835523649714046
552,0.024454615471310587,0.07810533575172114
553,0.024025913749663334,0.07881687518050497
554,0.02426595664905302,0.08049187960481285
555,0.02387398566886689,0.07749011403038389
556,0.02629473940147169,0.07655628539042963
557,0.028031573964739747,0.07804804803210691
558,0.025573988978124264,0.07867378528629031
559,0.025411149123742146,0.07923663260046403
560,0.028362316659317828,0.0772381738985989
561,0.025347597159023554,0.07746953784224384
562,0.025395271702195115,0.07604642756712765
563,0.02299728426121691,0.07667622946781621
564,0.02512947917453148,0.07707084683622036
565,0.024872165114718413,0.07802505174973853
566,0.02449657683664898,0.07567837870770827
567,0.024037994245219532,0.07577698827163319
568,0.02319581429444769,0.08078290794726302
569,0.02517349899705476,0.07668550465638775
570,0.024461206447028514,0.07782250035899624
571,0.025299152792812144,0.07809511025933395
572,0.02377759740225174,0.07933143189265615
573,0.02697531832089214,0.08370156701943629
574,0.028594793833839068,0.08116700537596132
575,0.026577802656112978,0.07858202079857203
576,0.027916186483307456,0.0790352652918426
577,0.025476521431650006,0.07631159758657441
578,0.02369235204122726,0.0777753829993401
579,0.02277222182015953,0.07641541544245299
580,0.023234914543118868,0.07886470839343872
581,0.023640041596859507,0.07545973374543333
582,0.021955226179001468,0.07806521553294103
583,0.021190086742804485,0.07590726889053681
584,0.02236068864944596,0.08057890877239686
585,0.023222644502917927,0.08129701455284778
586,0.024593591947787964,0.07889207400250853
587,0.025464574097649857,0.07721708492751707
588,0.02432329853141458,0.08028101795971543
589,0.022213375570732843,0.07910127024677463
590,0.024426402641261148,0.07772059703157061
591,0.022478723008209054,0.07839407251779
592,0.023068872766580973,0.07637194175282516
593,0.020944447602209804,0.07806754436222534
594,0.021330188467817486,0.08064306549783937
595,0.024204355822700373,0.07962912797255624
596,0.022415009754821188,0.07757483215484404
597,0.022929159818955186,0.07896475064425838
598,0.024381867381480505,0.07946920536813282
599,0.023943931450071575,0.07830950465604178
600,0.02491585909148807,0.07952181692410232
601,0.02227007231013205,0.07840732387955625
602,0.02346902868985755,0.07611667249062307
603,0.021754272621851298,0.07648514412847676
604,0.022012533081121416,0.07776404655816262
605,0.027102888731649087,0.07778322651870269
606,0.023841390468227038,0.07827883120392796
607,0.02417231485856779,0.0770935941030059
608,0.0228939534709701,0.07801366057760435
609,0.02636481340060819,0.08041217807390935
610,0.023745815392653895,0.07438377557989947
611,0.023374330486703968,0.07720254471800979
612,0.022986884867339016,0.07728675624033562
613,0.022254686228602938,0.07667150699479837
614,0.021415231069959934,0.07674883969856384
615,0.022217355949698755,0.08015905774401542
616,0.02383096048713855,0.0760185343206377
617,0.026088895908785315,0.07829703991873223
618,0.024350545749818004,0.07700654916595995
619,0.023607200960505684,0.0778112332324934
620,0.02516126978275536,0.07716984380232661
621,0.025345400491225644,0.07800010057693735
622,0.02325241800702218,0.0778896458502999
623,0.023696382453887718,0.07953163303602907
624,0.027097374716269895,0.07496299798177895
625,0.023167109210629883,0.07589686529379441
626,0.02267033004629537,0.07684412355859178
627,0.021732246702384647,0.07509407232093034
628,0.023172072246202133,0.07836986614162461
629,0.02399649883403718,0.07902848593573224
630,0.022961864833655598,0.0765951723233799
631,0.023024357632739738,0.08213371796566143
632,0.024094558924249134,0.07667711435030576
633,0.019914264011682954,0.0766651235278089
634,0.02124069463578785,0.07972391821761478
635,0.02271260011870906,0.07890108438736215
636,0.024354637418902893,0.07637455021229603
637,0.02611747610166013,0.07904527244860665
638,0.023050043872504863,0.07640144493160092
639,0.023673291710562677,0.07586345072826348
640,0.02293140326374732,0.07610731290882095
641,0.023097828382028722,0.0762359673498119
642,0.020632038490389876,0.07455919431825928
643,0.02238783894001313,0.07790859364776086
644,0.026045416874237032,0.08360432215352405
645,0.02361639644130596,0.0753922088253767
646,0.02184553936405002,0.0781084503931808
647,0.022514425991278775,0.07871943030665095
648,0.021968339927166514,0.07674678579383626
649,0.02361532337026401,0.07848426216004188
650,0.021230892541835893,0.07612488148057073
651,0.020189688898294977,0.0763395773737054
652,0.023937331289990142,0.07559333728593692
653,0.024063637116982502,0.07608950154897862
654,0.02364105906970096,0.07771304171336324
655,0.020389535294482543,0.07614615244001972
656,0.020682125979062146,0.07528064009689149
657,0.019838798884888115,0.0795544288436273
658,0.02142421731362178,0.07822050391357943
659,0.021636120506427572,0.0760785541252086
660,0.019871895910246566,0.07769221520252097
661,0.020878868060385657,0.07457493513561132
662,0.01939803196714734,0.07675512604658168
663,0.020096939080541238,0.07625123526070052
664,0.01981293264799898,0.07670042837472786
665,0.021451224086794462,0.07603928568145088
666,0.020359207846739755,0.07431325210925929
667,0.02384311726914262,0.07982681054892696
668,0.022937654910035105,0.07773454839312344
669,0.023175313131614302,0.07836903413211492
670,0.021774730721266015,0.0752129268209289
671,0.02066750044249139,0.0759370095168887
672,0.022534525619362884,0.07758136622999844
673,0.020057777071711403,0.07706179811542195
674,0.021622658537337615,0.07478021826585732
675,0.02142733356581544,0.07673620692171847
676,0.022282567050940585,0.07630624383090433
677,0.02049013518921609,0.07566271290967339
678,0.02025083970255072,0.07478204263108117
679,0.020750603890456493,0.07507102118622988
680,0.020497210511246568,0.07610757017792914
681,0.020373283762414502,0.0752948190466055
682,0.01922816626212132,0.07621862068025391
683,0.020425368158978486,0.07770860998104688
684,0.02025349665456598,0.0762774624994823
685,0.02051798549463164,0.07544154498287312
686,0.019382304892693675,0.0747469747275637
687,0.021517808765828983,0.07539997040702585
688,0.019241521685565793,0.07652325000156436
689,0.021852784526516806,0.07607309262555345
690,0.021558481555596087,0.07691239081976707
691,0.020768291861662326,0.078342527944716
692,0.024055444090714993,0.07593219497598204
693,0.020890525208329253,0.07502763019057743
694,0.020245869895853336,0.07852869945809357
695,0.024273799498032475,0.07717582198760863
696,0.02102738541533362,0.07619298895573556
697,0.02085389610403364,0.07692444580315348
698,0.019236867239921348,0.07622850170933214
699,0.02004185714905367,0.07622914210447393
700,0.020573656795159826,0.07958095483388518
701,0.019962788424776785,0.0765946756366799
702,0.02298774572569619,0.07574777333135892
703,0.02037197712269969,0.07782482503350814
704,0.022026724258215172,0.07697232564290364
705,0.021241792014934733,0.07539373852854085
706,0.020721434141105076,0.07468139003019285
707,0.021496589113987465,0.07767333837230701
708,0.01954587717663567,0.07530049729466737
709,0.02046994688047928,0.07559069223645934
710,0.020630730444905144,0.08014521886008724
711,0.019901792079491436,0.07876195155438923
712,0.020207307658761553,0.0773781202640151
713,0.018927774503358506,0.07596748753597862
714,0.021298063731512183,0.07579852750800307
715,0.018953270882180653,0.0777579018645418
716,0.01973083369293303,0.07826954107684898
717,0.020892050691276975,0.07837110727950744
718,0.02121285967669397,0.07589483696192428
719,0.023666963250663295,0.0741192327070057
720,0.019333375559288,0.07507291283075672
721,0.019644974057310784,0.07525097324809335
722,0.02035307362909962,0.07815249949544295
723,0.022351409408187715,0.0757630925466841
724,0.02065439135679659,0.07610919916614853
725,0.018738019625720737,0.0766795094225341
726,0.021119452169481315,0.07810420063055847
727,0.0219595296507549,0.07620466993491452
728,0.018198975332596765,0.07530746732215236
729,0.017985522219876073,0.07568144271696421
730,0.01972600907883929,0.07633066552698164
731,0.019594181891319888,0.07581877723373566
732,0.019413370533653024,0.07651170324487495
733,0.02091340200518662,0.07646479239141134
734,0.01898398754075638,0.07637602311178557
735,0.019625089137153055,0.0762675910403854
736,0.020368733613183664,0.0745174636723553
737,0.020493432738870946,0.07439249613903519
738,0.02033208615187579,0.07784461829447209
739,0.02114744565256362,0.07428210333251116
740,0.018462051174738123,0.07738402577345832
741,0.018102451596619946,0.07450000104263313
742,0.01789637767481354,0.0755874076694773
743,0.01796668475060343,0.07396740552252695
744,0.018009332143379457,0.0770305623685507
745,0.018898480589378555,0.07517824708519125
746,0.01765742120128008,0.0754919737801516
747,0.01931251842036562,0.0739491415352451
748,0.018686970309266505,0.07790509834512134
749,0.018126928511093248,0.07768453418610986
750,0.019472770275747252,0.07628518077813294
751,0.019002650741417455,0.07862287517030138
752,0.0172402292325999,0.07667263434793715
753,0.021691089414013258,0.0759126451660069
754,0.018145593843838705,0.07550071355394253
755,0.021086057156043232,0.07602376178990032
756,0.019448225661737362,0.07666359572930444
757,0.018146324024166702,0.07592602449476271
758,0.020667404967284052,0.07679412549450285
759,0.019555467889650062,0.07443782212889583
760,0.019630411698383355,0.07481383429583452
761,0.020276654570263886,0.07488227125845458
762,0.020463966465783568,0.07556166507322389
763,0.020395141563512995,0.07678924208707678
764,0.017798636799807067,0.07456467300653458
765,0.017161399700075575,0.07394853605886449
766,0.016533249930578208,0.07505363028001666
767,0.01832186591184739,0.076041760936118
768,0.019083507476175356,0.07676094269991518
769,0.022729544929644598,0.0787350836030224
770,0.020515738090254226,0.07545111713963643
771,0.017913555035238747,0.07542107775247187
772,0.01933367548615865,0.07410417893028498
773,0.01775211286760351,0.07396527770953369
774,0.01842764251918163,0.07502896128628488
775,0.019757712658190128,0.07601255800266911
776,0.018085730349961318,0.07439110056499491
777,0.017351978241741284,0.07351288529939222
778,0.016759670122801884,0.07430348887031239
779,0.016773603762845573,0.07504263270954441
780,0.020650003374841228,0.07472696710835423
781,0.01851655479590848,0.07490908090295947
782,0.018779475558197724,0.0750469182218824
783,0.01892833521812217,0.07449150617633547
784,0.021891513241911836,0.07744103186486061
785,0.01833648090514372,0.07759534963464976
786,0.01859708138559974,0.07484876246828782
787,0.01760915071709351,0.07873554904956866
788,0.020758134201637603,0.07425537470139955
789,0.024119502718343674,0.07513437222194552
790,0.01783822649070677,0.07459572332918196
791,0.018499230462237722,0.07810488425400622
792,0.0196790791134227,0.07426908688811132
793,0.01912825940024553,0.07587472721000661
794,0.019144255913934618,0.07408835137622398
795,0.01898905712197412,0.07618583707059536
796,0.01885575774190186,0.07541726791022117
797,0.01955201210887552,0.0748976581078723
798,0.018976609872759512,0.07505052378004357
799,0.01762114977171211,0.07441942354566172
800,0.019690438367004664,0.07500476931644263
801,0.020159092011316767,0.07586238502447766
802,0.017531173128002096,0.07492303125616304
803,0.018420049241222675,0.07610986236118733
804,0.018738488660855864,0.07744701675379784
805,0.01854083633179185,0.07497304068285421
806,0.016930248728900584,0.07524637457795609
807,0.016229937614509894,0.07610717497971423
808,0.01787414879731412,0.0739509381055085
809,0.02082212953447546,0.07826001126141775
810,0.01795690859310657,0.07552160485122437
811,0.023094798549541138,0.07581129860609098
812,0.01741979458609467,0.07446304485575299
813,0.017040823592142488,0.07422392389604024
814,0.018122767689842847,0.07440396708279923
815,0.01769216919798146,0.07668814081745338
816,0.01784783290148531,0.07436980904642503
817,0.018857353185332795,0.07496397423191477
818,0.018992570492456545,0.07383041404990624
819,0.017272942951359088,0.07531611004232763
820,0.017143410800388025,0.07364014031967722
821,0.01681652214120394,0.07750859325354859
822,0.01669332427236269,0.07698337868192143
823,0.018960451338229316,0.0750175543260156
824,0.01733288631054028,0.07598453616363961
825,0.018833950829674612,0.0755195776957617
826,0.01712202649188679,0.07547258697730258
827,0.01780273010895687,0.07359412662628897
828,0.01657689796210085,0.073662641848015
829,0.019739681292536122,0.07679560939246849
830,0.017364876356514746,0.0762972702134522
831,0.017363938110523253,0.07752340443824467
832,0.018546830616750807,0.07714800659875225
833,0.018951713710835896,0.07569046660249394
834,0.016556010886136466,0.07518907228396052
835,0.016473760160635103,0.07472690665408184
836,0.0176564863759954,0.07421689080938063
837,0.017656750625596858,0.07663903743924952
838,0.020545202102394973,0.07734827758898412
839,0.020702310679656156,0.07654530442971036
840,0.017710565331643856,0.07550943208704318
841,0.01739745131406769,0.07619326279725049
842,0.01767920642950625,0.07738415362840906
843,0.0204136017124233,0.07585594353072327
844,0.01757497324040101,0.07449808367586375
845,0.017573407130702486,0.07437869458270252
846,0.016383144676497898,0.07391367801336717
847,0.017919317567310994,0.07848757001242243
848,0.017751986594320094,0.08060815888351965
849,0.01769188604077453,0.07598490010302766
850,0.018390411358771834,0.0744740230995312
851,0.019817355422759957,0.07470309233904482
852,0.01779225691215797,0.07504979406196371
853,0.019065662199315034,0.07671974117594554
854,0.01636923895855932,0.07420671225191657
855,0.018860977342199978,0.07585069174903974
856,0.016413189728492462,0.07733742635052904
857,0.017713378739994276,0.0742736372135038
858,0.01718330605881019,0.07525374260462615
859,0.019600447876460897,0.08245462881293811
860,0.017011632709383214,0.07458896587665816
861,0.016309283919773012,0.07404766728480656
862,0.0168945571208525,0.07567783087529335
863,0.016697570482421223,0.07523431671890699
864,0.022830332108076265,0.0771401193655822
865,0.018571920118897967,0.07721409823437382
866,0.016807099364979088,0.07597306761003676
867,0.016722405762792384,0.07859539175242708
868,0.016672455043818965,0.07576709388192733
869,0.015717515329473047,0.07563080648917303
870,0.017023737577475467,0.074388747115183
871,0.019016858307445574,0.07530016340035245
872,0.01614127288800928,0.0743542778069961
873,0.018423053488697647,0.07664750637790016
874,0.017084244943264895,0.07441920653583113
875,0.01794573931761508,0.07564512072574525
876,0.019634801121252887,0.07549746080598138
877,0.020276346331778564,0.0748344450479462
878,0.01974582004378427,0.07515883810799522
879,0.016526415780092934,0.07864961425836821
880,0.015893807634711266,0.07570939305656237
881,0.016944221554780908,0.07608816602773834
882,0.017359049311317737,0.07394556125117126
883,0.015774710736465903,0.07476307059589185
884,0.014512214710080774,0.07655192234723789
885,0.01478011907318478,0.07520928782852072
886,0.01563907004658531,0.07566341991188533
887,0.017545624138236796,0.07612453216224685
888,0.017449046139540913,0.07546523674612954
889,0.016758192963195296,0.07525690183753059
890,0.015768753827414796,0.07377421861528453
891,0.01546984490991201,0.07608639717774283
892,0.016304823511379695,0.07522023760510567
893,0.01776424954709767,0.07432214150153904
894,0.019266606829826186,0.07577350061564218
895,0.016200478979439107,0.07371096636044949
896,0.016219952255018853,0.07739653083540145
897,0.018429863155356743,0.07425991593297561
898,0.01756523595829992,0.07484797360305499
899,0.01674139753874368,0.07710829534028706
900,0.016159259157735598,0.07387149486139902
901,0.01671281454018639,0.07511931736218302
902,0.015509529789007685,0.07467385174188398
903,0.016838667076666775,0.0776963974897724
904,0.016140113567125122,0.07464450681792166
905,0.015409373309252397,0.07422018706574476
906,0.014930906072961833,0.07355029369356639
907,0.01544236319737052,0.07408694030348222
908,0.017893386594716856,0.07401468630945474
909,0.015273790261796061,0.07294766130602748
910,0.01700580712852988,0.07386195114381928
911,0.01900344692264338,0.07607269552267883
912,0.016638108001986764,0.0744029817948664
913,0.015023092686567666,0.07468757589807487
914,0.015335789746927016,0.07211842755775404
915,0.015898894846626797,0.07520321476504319
916,0.014991361577555819,0.07235937156623468
917,0.014642347200955235,0.07681131022130337
918,0.01674249470702507,0.07556784190330888
919,0.015353768273204003,0.07440831713882604
920,0.015438807952516485,0.07604821031927166
921,0.016152466055732104,0.07324947313146483
922,0.016472135260466883,0.07433875020882838
923,0.0161239965438093,0.07707094402988453
924,0.015970798256168574,0.07517768793685693
925,0.01613595948185561,0.07677316400490906
926,0.016502166190331086,0.07609836000921134
927,0.015279122634128955,0.07352618082312115
928,0.014932530592400697,0.07476071038640532
929,0.015173592487549258,0.07328221904006518
930,0.015666533741842275,0.0757678626642042
931,0.017530381322235056,0.07375566000328924
932,0.017208479280413698,0.07525523595119778
933,0.016332088928646262,0.07408803824643444
934,0.014731243973211298,0.07358984306529351
935,0.016040378490334038,0.07578076129046299
936,0.015839808802091102,0.07590624228829429
937,0.017674664890616195,0.07420990928858145
938,0.015805943951057562,0.07367119230423357
939,0.01724675211047976,0.07452467404175223
940,0.015681340236146497,0.0727087960095334
941,0.01673557131357913,0.07334671175121364
942,0.01603732480661674,0.07414871413157996
943,0.016811860526132885,0.0747782810588827
944,0.01497779746170876,0.07585336734776509
945,0.015872456473093363,0.07553449295517198
946,0.016613652800801414,0.07537836461026866
947,0.015056332579152015,0.07523834105011515
948,0.016829489132846303,0.07292054950219945
949,0.014378199951266343,0.07421181412567769
950,0.01367715523584084,0.07332124129721992
951,0.01570399662585191,0.07431441326077122
952,0.01726668063293463,0.07254052261138022
953,0.016659567771046043,0.07464225127135303
954,0.015276336855014915,0.07787506118005977
955,0.01520108330830838,0.07608903942625027
956,0.01551154041487091,0.07543214154721502
957,0.014979559278010198,0.0737627521343996
958,0.015072769268691165,0.07643454135360575
959,0.01625082820489909,0.07505684345960617
960,0.01719071319525909,0.07474151891387794
961,0.01624078502726255,0.07359326412355092
962,0.014558662660419941,0.0743705627501459
963,0.014417660428480533,0.07351134454173253
964,0.013655856263431363,0.0749731550464654
965,0.013988940466968518,0.0775268488659297
966,0.015530181744094915,0.07326605789045941
967,0.01538076233001625,0.0740956589672948
968,0.017665928059825732,0.07468852679009426
969,0.01560686451365363,0.07589255787786983
970,0.015727382059554634,0.07485696399831832
971,0.015520616662952135,0.07459856778906103
972,0.015387150318414535,0.0753740168417008
973,0.015981863317249705,0.07261750945135166
974,0.01487800714401704,0.07469672459483445
975,0.015959531109803502,0.07411025278737073
976,0.01514039407103504,0.07505394606139128
977,0.015478559646685168,0.07554257413685173
978,0.015332254610440266,0.07519132001582243
979,0.0176677918295909,0.0742679476588591
980,0.015329063887584884,0.07540939059248544
981,0.015126717528738317,0.07483066870529849
982,0.014513295635862171,0.07529986954123753
983,0.014319055567278803,0.07624742717372444
984,0.016095129527011007,0.07354959518763057
985,0.015829498012720038,0.07373924563664541
986,0.013998636114850358,0.07467330138859593
987,0.014576732350876496,0.0750121301166097
988,0.013828195151199334,0.07441984163713933
989,0.013480945812456263,0.07385367000088058
990,0.014942398763396455,0.07510911882446523
991,0.014968646368093835,0.07399417101440572
992,0.014606778398624756,0.07643733384615198
993,0.01523577444161634,0.07342215105517765
994,0.013992109130950843,0.07331958022855577
995,0.01436053825624334,0.07567102510603448
996,0.013994450475903426,0.07504152103250188
997,0.014725746381910716,0.07515395612906393
998,0.014698673121678005,0.07436327279585048
999,0.013473666993514547,0.07462744638883978
1000,0.013781462075575342,0.07424599878994145
1001,0.014156640847008559,0.07653929767453282
1002,0.014858387404783341,0.075194606599503
1003,0.015326683479800539,0.07389189291717414
1004,0.015081941191130464,0.07561893703271273
1005,0.014708515971243006,0.0754290453174658
1006,0.01420516017004379,0.07528289303855788
1007,0.015694968273523468,0.07657106299149363
1008,0.015551743677483415,0.07667891070582813
1009,0.014608121195913485,0.07529120558970853
1010,0.014265450291663595,0.07389559270930768
1011,0.01640311489174576,0.07480669305438087
1012,0.01667462921344072,0.07235002930376463
1013,0.014749857725915295,0.07362504840307965
1014,0.014822920878072205,0.0755523513713128
1015,0.015341571210034238,0.07494571928242992
1016,0.01548287469846835,0.07462282206181596
1017,0.015556649275639522,0.07571479233733394
1018,0.014132624538908215,0.07654320353404023
1019,0.016085353187935532,0.0772401415334459
1020,0.014982227663620838,0.07401083345363911
1021,0.01516085580202206,0.07447923908481621
1022,0.015804224817445443,0.07604104967643145
1023,0.01420381978599343,0.07528606465175039
1024,0.014633183988432089,0.07455066542951087
1025,0.01692174767501324,0.07709024012798354
1026,0.013864615088645017,0.0716182409802027
1027,0.014916850078218389,0.076132129849796
1028,0.013651838666706715,0.07240450118941472
1029,0.013964246542620583,0.07538078518066191
1030,0.014510344959936052,0.07433557338583141
1031,0.014365580167223073,0.07352764715900398
1032,0.014431178282782342,0.07407805054707635
1033,0.013868731803864054,0.07421078809296577
1034,0.015469032292892723,0.07479829607265336
1035,0.015185070054242446,0.0744075105621253
1036,0.013968026511511713,0.07357622924865338
1037,0.013376208238959688,0.07389368591153234
1038,0.01378245529888561,0.07226379133555524
1039,0.01687804494732581,0.07507043895790153
1040,0.013771232510419012,0.07425711238593385
1041,0.01451564557944079,0.07580890119972086
1042,0.016129628116698384,0.07290294340678624
1043,0.013883042483116096,0.07864039977615639
1044,0.014512198678446267,0.07374921476557142
1045,0.014080397585559191,0.07420040470989127
1046,0.015566746165401905,0.07231574144242402
1047,0.013961391570339413,0.07426635897660017
1048,0.013344413149844176,0.07473226753355268
1049,0.015480926359927503,0.07399449538542215
1050,0.013427027589026487,0.07278823734898317
1051,0.014984417284997005,0.07501122181800972
1052,0.013650417825757707,0.07485690304920786
1053,0.016216295226564946,0.07482055797799488
1054,0.014613755357762178,0.07645172424110255
1055,0.014493754520168845,0.07358159671040405
1056,0.013512833805391623,0.07320565741537209
1057,0.013434624188116886,0.07449643941302049
1058,0.013864947131501054,0.07487455650902632
1059,0.013058503187677395,0.07446726135218651
1060,0.01536024770693584,0.07517866942480692
1061,0.013001648738464844,0.07361491313927754
1062,0.013678183474536962,0.07381190726519528
1063,0.013079119699790418,0.07481350208210168
1064,0.014882242488645532,0.07327345364673395
1065,0.013946884844756726,0.07396765897297919
1066,0.012951512387572969,0.07405234716440502
1067,0.01475776852044107,0.0753924248642043
1068,0.015403259071117302,0.07711526363117055
1069,0.013671734346861735,0.07476508891896198
1070,0.01351083378723395,0.07349013819132831
1071,0.0128097067639794,0.07361296121787309
1072,0.013239309291279165,0.0750756003055955
1073,0.014411699366550776,0.07381374494436391
1074,0.013156782993871087,0.07369343362244449
1075,0.015752591391873058,0.07369140690580048
1076,0.01354692880439121,0.07407101497688987
1077,0.015894408103476906,0.07591278576537182
1078,0.016147048610889312,0.07349899857489388
1079,0.012641295298652828,0.07367896292367973
1080,0.012785202149981223,0.07322136592820175
1081,0.01280021588991648,0.07275841183456264
1082,0.013294698196059128,0.0739591398316069
1083,0.01417479979799791,0.07507057446883734
1084,0.012629052448385168,0.07511485776021368
1085,0.013380963882466531,0.07341491197583669
1086,0.013289598396645402,0.07764292042469022
1087,0.013387681963215084,0.07449979542341448
1088,0.012986147014787362,0.07439825025604184
1089,0.014049057227869829,0.07506215433242328
1090,0.013836621183831737,0.07535977202250545
1091,0.013174759581357054,0.07460315758945948
1092,0.014141949081102258,0.07333175944430488
1093,0.014868921196123338,0.07593989652350433
1094,0.01515455972168993,0.07377641704073526
1095,0.013593890095047606,0.07399226695224456
1096,0.013753929673313344,0.07420650668871731
1097,0.012717872647181997,0.07401489262891593
1098,0.012982722125806898,0.07310598616238524
1099,0.014852188258144841,0.07169332902383685
1100,0.013528910483110626,0.07530640386847924
1101,0.016881620669561736,0.07444464990444351
1102,0.013693897615907327,0.0770525388270243
1103,0.016520175274531795,0.07255407424648304
1104,0.013586317897780137,0.07662875842032277
1105,0.013742497559847697,0.07414660942659043
1106,0.015116114889816294,0.07613211645182212
1107,0.013508808102060415,0.07460093559851323
1108,0.012482709995230788,0.07410518328348796
1109,0.01472639131986495,0.07513753630986489
1110,0.012372359364006505,0.07404542279273346
1111,0.012563293337025357,0.07265433051009525
1112,0.011888753306472077,0.07636577746174987
1113,0.013022520649686174,0.07603945230182849
1114,0.012857610365645316,0.07665371399998366
1115,0.012754755914679863,0.0754463183121723
1116,0.013022569277610793,0.07547122238199215
1117,0.0159258028234607,0.07429003661363047
1118,0.013243994499855447,0.07249486085989122
1119,0.012342714429276544,0.07522860109656676
1120,0.01298792922061007,0.07464396477417838
1121,0.015811684828415606,0.07559683903080777
1122,0.013491155878412273,0.07456682577617187
1123,0.012418676437165752,0.07267313992095771
1124,0.013244904402010847,0.07371976120131356
1125,0.01249590962422344,0.07275314091291643
1126,0.012184264770937417,0.07743888647111137
1127,0.012648869030552465,0.0765455415598432
1128,0.013144714494218241,0.07547006675772798
1129,0.0160989517978621,0.07515039313631248
1130,0.013220197351286246,0.07244987062232237
1131,0.013128618645311901,0.07516470297536157
1132,0.014262361182544217,0.07412220126853551
1133,0.01498628851705752,0.0721176396355145
1134,0.01369651226010525,0.07364275016096003
1135,0.01404803587158896,0.07640279672647778
1136,0.013796427632746456,0.07530277207456436
1137,0.013134505722742036,0.07501758031901859
1138,0.012594145634826625,0.07495182054234029
1139,0.011781760157560403,0.0726696486797249
1140,0.011970493837066417,0.07384361314556952
1141,0.01179718971838179,0.07361751445627451
1142,0.013439574542472948,0.07561462422958891
1143,0.012335155065517005,0.07354447198915004
1144,0.013161220043054167,0.07612421406540357
1145,0.012447199456206282,0.07682637743334424
1146,0.012737833982649839,0.0728107473082411
1147,0.012986936975481376,0.07704845541401913
1148,0.013478816703617948,0.07450276257512264
1149,0.014583135369298218,0.07550596201180815
1150,0.012592300690663685,0.07255783563195016
1151,0.012855281502758182,0.07363877400643844
1152,0.01449114153946533,0.07518623769283295
1153,0.013602300230765118,0.07254665600775477
1154,0.01213376180110675,0.07394979020258538
1155,0.014352846193660356,0.07745253448759702
1156,0.014556686282626487,0.07576246288859456
1157,0.012837353285472348,0.07446104290902167
1158,0.01238698757154012,0.07328127369396668
1159,0.012596580691916763,0.07395286244669355
1160,0.012053964267127544,0.07333656245455109
1161,0.011552720090503213,0.07469217068420018
1162,0.012041695568265405,0.07633874849194572
1163,0.011802906773796995,0.0753142588251366
1164,0.012230070342995086,0.07502530957747222
1165,0.012620486986805807,0.07342788976684847
1166,0.014205892271590683,0.07442765796841834
1167,0.012981453728891394,0.07429463703904235
1168,0.011488317670124882,0.07429808303527068
1169,0.013354965895648647,0.07490255041304686
1170,0.012796109688685,0.07406342787700787
1171,0.011890237471498784,0.0760827510988802
1172,0.012346723521093153,0.07661624275203935
1173,0.011694538811186575,0.07477946902501553
1174,0.01217793243931337,0.0765842319767278
1175,0.012144339663333862,0.07620344128935858
1176,0.01441446609162497,0.07667951431489528
1177,0.013120466362942689,0.07387972019033923
1178,0.011970371084065182,0.07650359236357505
1179,0.01453731470278599,0.07500344970471279
1180,0.013740714346556543,0.07592400703065676
1181,0.01447183166706712,0.07479232362936016
1182,0.012459383832302483,0.07307621674206023
1183,0.012221558862980807,0.07673110881993048
1184,0.013243824969859992,0.07411666455349528
1185,0.015319769001278863,0.07452956654299471
1186,0.013826630248119996,0.07317062489744416
1187,0.013529862693083362,0.07494311411876727
1188,0.011944507641143768,0.07366087329678965
1189,0.012269094797237864,0.07431596312158388
1190,0.011940492879388467,0.07362320505661474
1191,0.01169748897166372,0.07527447422793634
1192,0.014591958168776904,0.07487946562002178
1193,0.013398120103626506,0.07523169343296747
1194,0.012560221823459526,0.07271694668328255
1195,0.012164783687477216,0.07317987303798061
1196,0.01280832540759313,0.07569128368283275
1197,0.012696902935375582,0.07302810632644739
1198,0.012620063568904714,0.07487130241659948
1199,0.015069299160778147,0.07285067817210254
1200,0.011702911102406259,0.0755848110487736
1201,0.011963323672425072,0.07577387563753546
1202,0.012011913278099126,0.07341557982048594
1203,0.011634545623318953,0.0733226493262408
1204,0.011729666330623176,0.07462975543393825
1205,0.01169037909697999,0.07169716485909053
1206,0.01092611051767877,0.07361241276924473
1207,0.012236220252542,0.07571478957371007
1208,0.01328879326535096,0.07350149524764608
1209,0.013328900244438424,0.07516155067952653
1210,0.01245851995153997,0.07447820181087743
1211,0.011805168306162147,0.07315565193804882
1212,0.013059559688206364,0.0739541295682428
1213,0.011670260473429781,0.07424706947011757
1214,0.012625508344257777,0.07536503909748599
1215,0.011710386629561958,0.07356755808929454
1216,0.012285722337616314,0.07388095522210711
1217,0.013070060502526895,0.0759638549017727
1218,0.012025172336015312,0.07517504636991891
1219,0.012088724441310894,0.07560350699233531
1220,0.013355301593506487,0.07610300101134412
1221,0.012172019847159116,0.074831296552094
1222,0.012386267952058674,0.07234515412185426
1223,0.011953627930825236,0.0770028924247376
1224,0.01211315788820667,0.07425863809304728
1225,0.012288301345546666,0.0734950003767372
1226,0.01196879239272584,0.07352863155062635
1227,0.011711031303934331,0.07393042554607368
1228,0.010904003368140017,0.07281523995232164
1229,0.012685412476600716,0.07550959795115884
1230,0.011617110415402823,0.07541559272466745
1231,0.01134791270296716,0.07474203489926226
1232,0.011230252056423598,0.07494817374456197
1233,0.011092449046390236,0.07391877225915292
1234,0.012134115404958994,0.07543225046760756
1235,0.01291701104491949,0.07750804408600456
1236,0.012749650140743961,0.07415136196335456
1237,0.011528177286422102,0.07576434067765572
1238,0.011173405438520998,0.07459180910411037
1239,0.012495591914363252,0.07618670378412519
1240,0.013263763010548721,0.07432132792241293
1241,0.013508234378067578,0.07369027312910348
1242,0.012954267046455317,0.07494405912874934
1243,0.013217586854109599,0.07505611346142932
1244,0.012379963437106999,0.07726302524482397
1245,0.01160345224769048,0.07445843924854632
1246,0.011112095782263848,0.07620943537481446
1247,0.011265704332142131,0.07484827692944902
1248,0.011682332762804046,0.07570139328041173
1249,0.013172851430263909,0.07532367065436858
1250,0.01116295317012184,0.07406071311138328
1251,0.013722919759416731,0.07590108024035779
1252,0.013017691912000659,0.075466970005131
1253,0.010474108475840316,0.07538231768479622
1254,0.0122982078354876,0.07527455084380649
1255,0.01087437085690176,0.07206268349013532
1256,0.011563516520666626,0.07561436332855608
1257,0.012743104243381593,0.07441875962237068
1258,0.012983840111197915,0.07252062997199539
1259,0.01074763890004383,0.0742569787049652
1260,0.01120918610795114,0.07686575225794823
1261,0.011462104618080757,0.07632137119844742
1262,0.013310700789703138,0.07348662098510224
1263,0.011689262892230877,0.0736793069294969
1264,0.011449622277334426,0.07461446727203545
1265,0.012433341593018867,0.07295455421346769
1266,0.011504152578846464,0.0759943431070574
1267,0.011678563360616847,0.075510987251026
1268,0.011348279685063183,0.07574262590448659
1269,0.011047120118197406,0.07419101468154363
1270,0.012513916101892415,0.07499179959222488
1271,0.011866208816052607,0.07433568432292245
1272,0.011025038500954895,0.07335485683235907
1273,0.010723859792188654,0.07469306650914644
1274,0.01155904834539448,0.07558063600669827
1275,0.011825141514528473,0.07617372429385819
1276,0.01161738383765303,0.07430938102846456
1277,0.011539234545480155,0.07418880161635559
1278,0.011158140581218327,0.07248959908808085
1279,0.01173595204340212,0.0764952164918259
1280,0.011686741005418435,0.07594963636501391
1281,0.010949867344080651,0.0736320197190109
1282,0.011447236258185134,0.07369314433824747
1283,0.01273135622412716,0.0740315218579799
1284,0.01132073099344219,0.07362538955190726
1285,0.011716893282513949,0.07371422319782707
1286,0.012146021901342854,0.07733031110207837
1287,0.011641710580754205,0.07403314901623212
1288,0.010975763055279196,0.07337580453184314
1289,0.011256773985406887,0.0758078584545537
1290,0.011898357110718885,0.07475973064439338
1291,0.011230144854752148,0.0733012011960933
1292,0.01131773134986372,0.07509621214074898
1293,0.011646851932383934,0.07370052133735858
1294,0.010844462539461799,0.0723762369544285
1295,0.0117332134805854,0.07521420834880126
1296,0.010741565979829748,0.07438506066500393
1297,0.010536301096186697,0.07541284591594435
1298,0.010865154617565608,0.07329553412390233
1299,0.01343771619077936,0.07396830934891127
1300,0.011116305225581493,0.0765898565301919
1301,0.01152734932893852,0.07424127864172883
1302,0.011402299539801085,0.07595899803820708
1303,0.010950922989432916,0.07303705454843684
1304,0.0102847463703193,0.07548264955592933
1305,0.010692205625650642,0.0759149515595203
1306,0.012335752681741174,0.07453266900957078
1307,0.01123647125285564,0.07608823362448461
1308,0.011189082180554012,0.07503668939634074
1309,0.012784064899684873,0.07497742445322506
1310,0.010468342189190898,0.07315293141176228
1311,0.01101422932514417,0.07395709638383455
1312,0.010393363224494757,0.07329192458836357
1313,0.011461913650093964,0.07544542314078574
1314,0.011222428484064228,0.07354468532970973
1315,0.010815259485077933,0.07350080632102818
1316,0.011328293631474176,0.07334631612351664
1317,0.01068225833909504,0.07289595323098931
1318,0.010165718331370713,0.07757881672161265
1319,0.010273835457767706,0.07460433052371916
1320,0.011316549431228038,0.07565339878761679
1321,0.010969336150483516,0.07520548778966554
1322,0.011044831179176111,0.07356912129206167
1323,0.012148874407669282,0.07409083688244186
1324,0.011208330415798433,0.0730586240166112
1325,0.011294475264566124,0.0755773854808401
1326,0.010520730501497691,0.07422173962482534
1327,0.011352784726651584,0.07531770625919626
1328,0.012803180717259832,0.0767003389957704
1329,0.011189538581331945,0.07263011683273435
1330,0.011886012500280855,0.07396932340280753
1331,0.011604021151063952,0.07265668579921089
1332,0.011531798374024953,0.07463407486602477
1333,0.010764124598236953,0.075130744648159
1334,0.010689904772729244,0.07378185370512176
1335,0.010336655971107993,0.07362044507399537
1336,0.010240143088846462,0.07331125038608274
1337,0.01077772659958346,0.0726585624398743
1338,0.010485688845316568,0.07380108912487078
1339,0.010563011937218267,0.0775970047652572
1340,0.011979305730113443,0.07335284348567925
1341,0.010985600685923354,0.07524208836537555
1342,0.010732936924733457,0.07515161843004084
1343,0.010663572077949842,0.07522159799896087
1344,0.010941263973572344,0.0766480454712882
1345,0.011312581452324331,0.07533916864628182
1346,0.010268803978772284,0.07321849286108088
1347,0.011561565657597294,0.07394033039273475
1348,0.01224992150124514,0.07600906877813482
1349,0.011318571789412753,0.07405724122485421
1350,0.011292318725642169,0.0744423072290301
1351,0.011800958124815294,0.07365642912816583
1352,0.010342004861237493,0.07421850121783134
1353,0.010762603209594136,0.07433373622017397
1354,0.01026454690914109,0.0772873363585998
1355,0.01139717282575069,0.07329459540676653
1356,0.01026676864064527,0.07270387276297524
1357,0.010796805662132284,0.07258720807077591
1358,0.010269670958086004,0.07294418682393275
1359,0.01155160284899878,0.07682245691542637
1360,0.0106941994701354,0.07557323345340285
1361,0.011647644107165577,0.07334880021057631
1362,0.010622905836727634,0.07691016180772231
1363,0.010702923666568671,0.07378503375857097
1364,0.011055783421363471,0.07356864959935198
1365,0.011057381570901512,0.0755548272888762
1366,0.010739695919244169,0.0722255975306781
1367,0.010496807969966025,0.07457387412811879
1368,0.01075059285609977,0.07355026168781414
1369,0.01045648898905928,0.07385679186884324
1370,0.01153489666165046,0.07698847008005419
1371,0.01002252746795146,0.07421628383914929
1372,0.011500719501256192,0.07713471786270763
1373,0.012257805088265511,0.07446162230837017
1374,0.010289439925654504,0.07494070132573445
1375,0.010178984927728117,0.075480407117901
1376,0.011003590552077728,0.0752895832958078
1377,0.009698579825882642,0.07374306570243716
1378,0.009734998035402793,0.07395620205273903
1379,0.009734042193857755,0.07568823083077457
1380,0.010820543305632079,0.07363414441359073
1381,0.010776295566802504,0.07443190841261008
1382,0.010583129137426428,0.07309639657425103
1383,0.010223534280352248,0.07424649392677131
1384,0.012089140367629769,0.07372637765300005
1385,0.011093148411070026,0.075788262344542
1386,0.010295239124892268,0.07330391246050522
1387,0.009879323800311148,0.07474587159348012
1388,0.010698595828136558,0.07497308804725944
1389,0.010297048134061525,0.07319836802127068
1390,0.010215539942091366,0.07468138015210479
1391,0.01030285617793506,0.07578365346953683
1392,0.009853487851906498,0.0749258705715936
1393,0.011322491316113082,0.07354987503255818
1394,0.010653160202006498,0.07445129246117178
1395,0.01084306424940532,0.07555481584224485
1396,0.012172326925884254,0.07655464067943114
1397,0.01083179441450527,0.07212220744829728
1398,0.01075855901453105,0.07497789251401012
1399,0.0105623824158742,0.07623235091455001
1400,0.009702916403517782,0.07500529680447769
1401,0.01112901824731497,0.07605397469716563
1402,0.011524528188853519,0.07421113007274785
1403,0.011478784019654652,0.07731486931629945
1404,0.010816732257510881,0.07760001095315269
1405,0.009957117122252408,0.07478642022064455
1406,0.010732725045919043,0.07367757584591557
1407,0.010388477570699446,0.07454701470103778
1408,0.012917913162623937,0.07349400267117005
1409,0.01144722230591864,0.07537788012646195
1410,0.010581321727320459,0.07796821190525118
1411,0.00987052411403296,0.07378717000248439
1412,0.009797282856684061,0.07499922472133971
1413,0.010393299156530473,0.07532557410031632
1414,0.010185766291552744,0.07275843597892531
1415,0.010401437580351185,0.0752488436144695
1416,0.010134150689971522,0.0760340123322972
1417,0.010703972880523535,0.07509534977805943
1418,0.01289983904399212,0.07437137833663396
1419,0.0107407383152149,0.07394579782111005
1420,0.009648157131372008,0.07437738882643836
1421,0.01015386328616607,0.07558699624430865
1422,0.009737559652787709,0.0772088307019015
1423,0.01138976636289988,0.0754362757978284
1424,0.010676191867850486,0.07549810192937541
1425,0.009612667046299895,0.07345166656755864
1426,0.01142754725549581,0.07917102067766332
1427,0.009521725634405823,0.07527679354325871
1428,0.009405966889136617,0.07570099503847591
1429,0.00942185605471989,0.07419497782089059
1430,0.009779948178889617,0.07307191359294686
1431,0.01048987019080786,0.07598770034492464
1432,0.009935989273044298,0.07378974766062017
1433,0.010488881729543209,0.07434083803330448
1434,0.00989958016002703,0.07634211656518448
1435,0.010779953942452587,0.07564625046904523
1436,0.00958868600545252,0.0762950854567358
1437,0.01000726959263941,0.07470495614192839
1438,0.009546603123018952,0.07482275092288067
1439,0.009941966231888946,0.07443155452870485
1440,0.00940293098840886,0.07357593758363173
1441,0.009998719817109453,0.07402375032355014
1442,0.011890366778902288,0.07469113954438601
1443,0.009783451732412074,0.07390067662885015
1444,0.009153006545637013,0.07355714701396182
1445,0.009511940444837202,0.07578073764093836
1446,0.011467568506047411,0.07492381659217347
1447,0.009353135823734902,0.0744128721605118
1448,0.010498600443766552,0.074628674446192
1449,0.010595448701730315,0.07469080851639721
1450,0.010386092190003995,0.07456359218684654
1451,0.010686350459197783,0.07474476696554581
1452,0.010127574937570395,0.07685465427269612
1453,0.009734893352402456,0.07535076031185929
1454,0.010126816600842296,0.07371364684219946
1455,0.009897362323677016,0.0746283377322338
1456,0.01043521929180847,0.07404507793728869
1457,0.009933119118447948,0.07423606182548934
1458,0.010060686489227432,0.07488399185707097
1459,0.010051237911267101,0.07517469974986293
1460,0.01016946218954692,0.07560367691785769
1461,0.010809705563405025,0.07637947318809372
1462,0.009450564594388759,0.07391040094364855
1463,0.01003580389298358,0.07457456603310161
1464,0.009512002369002352,0.07512847003632021
1465,0.009554672107662796,0.07897070139870607
1466,0.00920837558220205,0.07634245878771732
1467,0.009161958406509468,0.07660334294003651
1468,0.009352807096152936,0.07455687008256602
1469,0.010092845907048235,0.07454873721365045
1470,0.01005915902648707,0.07647669756024104
1471,0.010574590110179014,0.07623473679959625
1472,0.009298919764517239,0.07452513880672909
1473,0.010198913567330478,0.07517099231108089
1474,0.009539026714299084,0.07503652161822881
1475,0.009688969818676042,0.07464716548011416
1476,0.009690968062049188,0.07552040345910796
1477,0.009493756459428454,0.07737558831771214
1478,0.009166884470332719,0.07691164187769543
1479,0.00984956995355633,0.07532390311621782
1480,0.009332434449977469,0.07400060987524819
1481,0.009486018480885329,0.07666944195154615
1482,0.010772940257575902,0.0761986620966952
1483,0.009781938749101927,0.07446857093644321
1484,0.009852223150994419,0.07402015972256959
1485,0.011229944731688724,0.07586223897255752
1486,0.009988345516224703,0.07543841713017091
1487,0.009423226815115355,0.0766879340124907
1488,0.009786373045318906,0.07623624883797533
1489,0.009348938757049962,0.07765269139431473
1490,0.009484692511834064,0.0742783910947336
1491,0.009262356655262175,0.07573959517075603
1492,0.010014476840319874,0.07455641882760185
1493,0.009684029779156798,0.07422118296001788
1494,0.0088765537600566,0.07458450073810448
1495,0.011022879935379298,0.07566750928162035
1496,0.00918432316924416,0.075090152223158
1497,0.009431838239513853,0.07443479969537348
1498,0.00935658473380894,0.07699917008479436
1499,0.00993887009977732,0.07529579646381221
1500,0.009462340658753173,0.0764225935726835
1501,0.009497402909463682,0.07485339645865866
1502,0.009718472442630702,0.07372315620121203
1503,0.009245448687213397,0.07714277053051126
1504,0.00932273379989765,0.07343261814057678
1505,0.010377689024562356,0.07663244617762123
1506,0.009280011327292934,0.07390179729700685
1507,0.009428851001854963,0.07689515773888518
1508,0.00944442667488782,0.07363783140529069
1509,0.008981539094644898,0.07599248712821711
1510,0.010453260076120964,0.07622292042152028
1511,0.010074797502291278,0.0753837339299962
1512,0.010839404233690328,0.07369293405074523
1513,0.011761063176833984,0.07505806524278526
1514,0.009990457433668323,0.07437921082017415
1515,0.009901541665946163,0.075468648010328
1516,0.009415889469285807,0.07674347482304227
1517,0.00966159646756619,0.07528253736203178
1518,0.009636514632722491,0.0761688604558769
1519,0.009963263224505779,0.07579617653238147
1520,0.009296748646587695,0.07524842809988443
1521,0.009816730599967564,0.07569843413014161
1522,0.009102772616740293,0.07376042332378845
1523,0.010333501809985383,0.07451521203780831
1524,0.009857751698520198,0.07563018612096782
1525,0.00977646213891746,0.07472989373936091
1526,0.009180654871201364,0.07580256970006422
1527,0.009986126443968629,0.07477220553055144
1528,0.009326706611135471,0.07514943432688415
1529,0.010398629455352729,0.07528549246023174
1530,0.00992359680199773,0.07545759612904455
1531,0.00942013061857261,0.07466106872099981
1532,0.009210994326562251,0.07715482191931933
1533,0.00858198307782599,0.07493793637606136
1534,0.009024712672960834,0.07309982948994875
1535,0.009175103878215799,0.0741635180804365
1536,0.009553625265944679,0.0751657753547929
1537,0.009330689748924858,0.07585715346579862
1538,0.008632131108322984,0.07468341389918387
1539,0.008833382413400419,0.07559671607755479
1540,0.009610337878829278,0.0764493919852981
1541,0.009029493813619673,0.07365444618134868
1542,0.00924762958695866,0.07568743436557607
1543,0.009322556930611719,0.07641863766917609
1544,0.010831613620778299,0.07534145541433104
1545,0.009449350817492173,0.0782646047590968
1546,0.00965504481240451,0.07460812632377285
1547,0.008887871051406336,0.07516078848886609
1548,0.009026312726145645,0.07463230265486509
1549,0.010043846911885453,0.07697351245130214
1550,0.009834637537411173,0.0774923336124958
1551,0.009215635171382682,0.07518318048993447
1552,0.009930137621016247,0.07639337114448237
1553,0.00896468646121475,0.07351316143770266
1554,0.008803623986178599,0.07584964991885618
1555,0.009412162644355177,0.0741676258525454
1556,0.009909356528389378,0.07423120305726402
1557,0.00866825097246365,0.07425932310764354
1558,0.00915808849763008,0.0749209534218138
1559,0.009336411630816804,0.07761996419619498
1560,0.009955746080702956,0.07464374644789182
1561,0.010025152180976462,0.07619770496784893
1562,0.009130770176555376,0.07481980824231504
1563,0.00925103477173069,0.07336373447923732
1564,0.008778112548046143,0.07535434932562343
1565,0.010531954332576983,0.07745408683193657
1566,0.009362381771675445,0.0745293060340977
1567,0.008614696579862316,0.07485787506987875
1568,0.008889964564978701,0.07565039568078846
1569,0.00862534299680272,0.07387081798828933
1570,0.010307680505017439,0.07713120050709647
1571,0.009248149780404268,0.07449306396389366
1572,0.008715475446679307,0.07588767566552437
1573,0.008721517047510957,0.07391180744147241
1574,0.009306445096929869,0.07643454333295799
1575,0.009421082289666875,0.07563386398150508
1576,0.010633024943512192,0.0757430428288933
1577,0.009679560520270336,0.07820638988101691
1578,0.00939212436348481,0.07429523555034384
1579,0.00893936168004132,0.07478570790592591
1580,0.008629399199483904,0.07735310231608555
1581,0.008573521578789881,0.07592621092733584
1582,0.008898493570258032,0.07721712501873647
1583,0.008542813088323147,0.07771737526233931
1584,0.009108935775668741,0.0772520966622465
1585,0.011072140435963494,0.07811530846588892
1586,0.00859733844913964,0.07501809274717082
1587,0.01097047118083486,0.0752612469451768
1588,0.008668326433021692,0.07522658947715186
1589,0.009112369292562112,0.07517144046630476
1590,0.009175276998781933,0.07593129361445144
1591,0.00903611199098563,0.07463441297113148
1592,0.010229754027377509,0.07480973234974352
1593,0.009039195567814622,0.07544941229180883
1594,0.009932817539797639,0.07518405883682701
1595,0.008384673528185805,0.0767372140758916
1596,0.009080517955077519,0.07490512949034087
1597,0.00873824158601416,0.07600391310707369
1598,0.008550552018689659,0.07492453276289436
1599,0.008396299883910696,0.07487334232581289
1600,0.00995029154696367,0.07896110471478082
1601,0.008841433076176254,0.07636324417098124
1602,0.008909893919180773,0.07685930487281996
1603,0.00990145787620132,0.07658046033970993
1604,0.008874944118349432,0.07486610421747492
1605,0.008558316642430218,0.0740218224531427
1606,0.011235808877496974,0.07462429367285922
1607,0.009096089703669338,0.07664424997000467
1608,0.009384978410301718,0.07632568601826976
1609,0.008543363145593577,0.0767336908475797
1610,0.008996190479810134,0.07363060600402062
1611,0.009452802134947208,0.0753279644669148
1612,0.009453567436093805,0.0751225739381367
1613,0.008848103876196363,0.07656414332545192
1614,0.008482779007194177,0.07554749931607928
1615,0.008719398200793087,0.07534080200401463
1616,0.00861101518472973,0.07721732086256931
1617,0.009396768743230862,0.07619196042082363
1618,0.009430090879213135,0.07503433878484525
1619,0.00924778846824694,0.07529820214238084
1620,0.008546278114963628,0.07546193680182137
1621,0.00903240515141742,0.07522342340988025
1622,0.008658039858037571,0.07726701360223885
1623,0.010142729131493179,0.07826878826010197
1624,0.009311181416957633,0.07549476156706798
1625,0.008939530911310663,0.07714684163792092
1626,0.008725700513371881,0.07510709880213988
1627,0.008825777941998446,0.07907673533548389
1628,0.00813444500566466,0.07546432049277432
1629,0.008597576592422131,0.07535519904660103
1630,0.008534731765119534,0.0747155276381581
1631,0.009352114707606394,0.07574301450174853
1632,0.008761207086953727,0.08150240663149602
1633,0.008366334357492204,0.07565570527449586
1634,0.008660686448357015,0.07632195210098323
1635,0.009029377884459946,0.07433556109890901
1636,0.009229378235883682,0.07412505648413995
1637,0.00909910074569894,0.07742942352417417
1638,0.008655411689161504,0.07492156332372722
1639,0.008832078181066603,0.07636480317229316
1640,0.009064194008286269,0.07689862168933216
1641,0.008563701250830537,0.07622784856043961
1642,0.008660336795303994,0.0768791915368018
1643,0.008987265721010338,0.07729474871529075
1644,0.008821814871574723,0.07867963582202606
1645,0.009073843008036134,0.07525486708210226
1646,0.00825034990414696,0.07836352259779633
1647,0.008804418990072215,0.07619468737066838
1648,0.008747997061121013,0.07828069116014585
1649,0.008764716691144233,0.07412167205323551
1650,0.008469974133039609,0.0754566628271177
1651,0.008516539391950241,0.07843130912846491
1652,0.00912790374139195,0.07659063899987623
1653,0.008938837978028276,0.07659501080076796
1654,0.008313959323853816,0.07831093216114175
1655,0.00853038931839496,0.07672199311859924
1656,0.008383689178798184,0.07548786548519493
1657,0.00849471493688582,0.07706644513964056
1658,0.008737650125890783,0.07579643103786579
1659,0.008381958348008822,0.07541702233049505
1660,0.0088101031739007,0.07496477585089834
1661,0.008433812640537068,0.07644747929614887
1662,0.009198703117809206,0.07558244111992064
1663,0.008287297579336841,0.07508635390223119
1664,0.008817060985280283,0.07585284967246211
1665,0.009061230744861957,0.0770729707558651
1666,0.008470985323846715,0.0737476147020371
1667,0.008307493754527854,0.07605743886235364
1668,0.008439177102497164,0.07472478032560277
1669,0.008780861613135668,0.07745162528335002
1670,0.008016048391706913,0.0756611906944361
1671,0.008640462368633013,0.0758385519522772
1672,0.00820394999892363,0.07620587549113989
1673,0.008009230015131662,0.07756752363945309
1674,0.008542173419077441,0.07683625970418591
1675,0.008890469089947032,0.07672278146098431
1676,0.008328864151764216,0.0759634923068503
1677,0.008075574875674533,0.07496313702193717
1678,0.008106806092901426,0.07663490020093464
1679,0.008466809941162853,0.07811622513938966
1680,0.008319367168459503,0.07572399830459652
1681,0.008228869599132042,0.07669522220217495
1682,0.008438496340839367,0.07418129652887956
1683,0.00897591874155702,0.07763098960831052
1684,0.008537974337455612,0.07822936396102857
1685,0.008650207763198036,0.07516162220696758
1686,0.008287473136570843,0.0742130566640456
1687,0.008399369019382406,0.07626599183581527
1688,0.008510482210501935,0.07689698410213441
1689,0.008088186365675251,0.07666791542281483
1690,0.008348125788681913,0.07605614348835216
1691,0.009139806275261836,0.07594449203788188
1692,0.008197944423874969,0.0770398866674655
1693,0.008314947908123335,0.07574030689727095
1694,0.008275817663836404,0.07481713469763447
1695,0.008956819444707354,0.07527134330350355
1696,0.009501087350431103,0.0766625645241343
1697,0.00832297766007155,0.07641116724837393
1698,0.008437049944164618,0.07554885731977329
1699,0.008445355546244848,0.07712740748000324
1700,0.00828607463272019,0.07502669820510655
1701,0.008895005404058867,0.07534093214642434
1702,0.008076458522147915,0.07837234458939772
1703,0.008145653795005765,0.0787099083712824
1704,0.008473713155953015,0.07640208537342555
1705,0.008711373058598747,0.07475329638647854
1706,0.008765824730713037,0.07602621051004357
1707,0.008385531791725999,0.07529030579672123
1708,0.008439980939311802,0.07555559031049111
1709,0.007912975832609073,0.07891922274179626
1710,0.00827072039480854,0.07790774304914594
1711,0.008146094339870432,0.07658847187059864
1712,0.008447817658548648,0.0748690552729413
1713,0.008025449677224055,0.07636735636862298
1714,0.007994480595086355,0.07763039660558366
1715,0.008923898287023764,0.07798967938076583
1716,0.008257483184899925,0.07672675783958352
1717,0.008780528841036483,0.0753850458483947
1718,0.008905581696509565,0.07746048843053947
1719,0.008077479298548691,0.07779984226576368
1720,0.008007144725313352,0.07576952628175118
1721,0.007862125699109625,0.0767111396487046
1722,0.008337779134605665,0.07865802217321587
1723,0.008144325582579997,0.07633665479476888
1724,0.008110856297630933,0.07537940833577536
1725,0.008334445251655654,0.07609582491648526
1726,0.008249556812686179,0.07629268797567315
1727,0.00854931180746113,0.07670245295329799
1728,0.009307514003378415,0.07530409174231359
1729,0.00815950204038395,0.07438868986335315
1730,0.008102526018431163,0.07483567670921336
1731,0.007850963209386705,0.07673915619390052
1732,0.008478730495245952,0.07662635660709295
1733,0.008892333164295685,0.07690804946542085
1734,0.010008446181064131,0.07641306913511496
1735,0.00833038738548006,0.07625775451872283
1736,0.008308937480239748,0.07652293440692108
1737,0.008148754203000909,0.07555536985546724
1738,0.008803905365672314,0.07752926838129087
1739,0.008023097589846302,0.0759375096674551
1740,0.00831063143885548,0.07640791781489413
1741,0.00881747185082743,0.07606683245726995
1742,0.008128589962216668,0.07458814250347309
1743,0.008642281060042622,0.07711869481960335
1744,0.008708126813688743,0.07635248443088435
1745,0.00811077140669965,0.07557399443964612
1746,0.008143978990005248,0.07753221890457292
1747,0.008393524284913854,0.0757252341673189
1748,0.008016594240453633,0.07637780929044972
1749,0.008250631151849744,0.07713088025350619
1750,0.008371983842233068,0.07626628513473616
1751,0.008122657138690259,0.07711955858277797
1752,0.00827406452816425,0.07476735432494554
1753,0.008530579378488678,0.07745726580234398
1754,0.008153292309469398,0.07376242646560036
1755,0.008140757100059176,0.07513153455908735
1756,0.008129199908214545,0.07606495491095952
1757,0.007957441328128553,0.07719522925621286
1758,0.008152262793865593,0.07929069182851858
1759,0.008081261847613368,0.07515335941971991
1760,0.00781249084492337,0.0750110814147127
1761,0.00814969872809806,0.07749056773152865
1762,0.008226484315083275,0.07780993496415609
1763,0.007834583064014057,0.07558573924359821
1764,0.007946180621946946,0.077878162694306
1765,0.007922924797302522,0.07684199291661867
1766,0.00790639789540719,0.07650070887684524
1767,0.00824659313631695,0.07702082300320603
1768,0.00844170128540048,0.07628366099040311
1769,0.007760097676852964,0.07750112273938076
1770,0.007679601773947665,0.076404751953027
1771,0.008375767319691632,0.07593149979386413
1772,0.008112481985616047,0.07561376360350085
1773,0.009770712282204028,0.0781746417993591
1774,0.008291664586033462,0.07697190990424096
1775,0.007755131396295139,0.07772969284601379
1776,0.00824025128060167,0.07703364675953275
1777,0.00821158349068847,0.07753070673548189
1778,0.00811763147313921,0.07489332743455891
1779,0.007856049276185486,0.0757371457597068
1780,0.007889831470876182,0.07788272394348207
1781,0.008571899419873016,0.07553434749145556
1782,0.007784581049081852,0.07629304392295971
1783,0.00789722455255453,0.07661676548776172
1784,0.007858317860829755,0.07671025888364118
1785,0.007793273958348253,0.07717686617060711
1786,0.008153206352495923,0.07826033946042671
1787,0.007848051982879077,0.07812681375888356
1788,0.007608239380818493,0.07682915739621733
1789,0.008059093752091035,0.0754090245990526
1790,0.007907343706198083,0.07768779696154415
1791,0.007778735210498174,0.07807907559220355
1792,0.007698862491257535,0.07606563765676995
1793,0.007974748493834111,0.07615942229752552
1794,0.007802106472282852,0.07527026326808714
1795,0.01002386785200182,0.07712160640940033
1796,0.007851832306141374,0.07590836306151591
1797,0.008336302100932636,0.07944957129563902
1798,0.008220960286522062,0.07636691357258867
1799,0.008381652347040627,0.07895140392813169
1800,0.008409380426618663,0.0780069622815701
1801,0.007871788595480926,0.07623904108777083
1802,0.007759406096624129,0.07576951633830716
1803,0.007698451983010244,0.07614844387635253
1804,0.007654666115746558,0.0780079220993477
1805,0.007680379785597324,0.07684576826959026
1806,0.008142560855163343,0.07644135996064447
1807,0.007568563000773484,0.07741577308951762
1808,0.007686174454155771,0.07759785969603929
1809,0.00791903766188419,0.0781595985916324
1810,0.007518896194608332,0.07606896976555201
1811,0.007826866722613011,0.07872068794224794
1812,0.007837731373619358,0.07522196615847729
1813,0.008152389746604476,0.07555131554454192
1814,0.007620438535071019,0.08016565113438102
1815,0.007802429084765649,0.07704407021515351
1816,0.008098492516005563,0.07843705220031261
1817,0.0077586632116504435,0.07635168185957093
1818,0.007454420158744983,0.07563864858004085
1819,0.007655639254119036,0.07765140141684908
1820,0.00829660143621219,0.07628085623894419
1821,0.007532212130561378,0.0785094668393147
1822,0.008132500061472444,0.07689880960641947
1823,0.007778711309480779,0.07821958211430333
1824,0.007976280501897231,0.07576604992300645
1825,0.007653961684437668,0.07948775514773558
1826,0.008080435793776557,0.0768099821786534
1827,0.008691450247084195,0.07875864444893405
1828,0.007757055292011432,0.07798998562016882
1829,0.0075706728915654635,0.07723454344914969
1830,0.009572320512302642,0.0768394988767784
1831,0.0077193096754545314,0.07617173840602239
1832,0.007927650392477243,0.07640385694969866
1833,0.008247415072419358,0.07783187774563194
1834,0.007865628169017768,0.07486346804707271
1835,0.0077181965487558134,0.07630213726321258
1836,0.008931158743095849,0.0756190272052784
1837,0.008845550019832902,0.07524507263101134
1838,0.007491320389199932,0.07515832905034374
1839,0.007930192569235587,0.07707640727547775
1840,0.007714500750338881,0.07622099249509343
1841,0.008860240303823408,0.07507317556175672
1842,0.007619652085873128,0.07668467260019522
1843,0.008169682245443828,0.07746461418487673
1844,0.008254556541782131,0.07693393005613695
1845,0.007935447067772067,0.0774989735736584
1846,0.007994336409951156,0.0783491461236674
1847,0.007315435171502191,0.07862789509701251
1848,0.007973782419455502,0.07721573176016484
1849,0.007620908680178647,0.07691682023661477
1850,0.007804948116107931,0.07950016006565931
1851,0.007728185598392907,0.07723798655104219
1852,0.007807590131817749,0.07785297334567647
1853,0.008135550262980492,0.07684599384105295
1854,0.007607279166743253,0.07731549098228752
1855,0.007531718394877213,0.07703925390963566
1856,0.00822337011589944,0.07807771915705282
1857,0.008358474753492471,0.07653218950320007
1858,0.00782732191677176,0.07689170040806434
1859,0.007656376188000043,0.07707651103274864
1860,0.007949409022364975,0.0758641865617948
1861,0.0075105248962136556,0.0767915562952969
1862,0.007874583093297182,0.07714257096138813
1863,0.007949205572312733,0.07893551428589904
1864,0.007611912973928002,0.07618653968462072
1865,0.007409478936039802,0.07754975833689659
1866,0.008600272308543043,0.07850649346011623
1867,0.007574549747291226,0.077642127124588
1868,0.007525692201869667,0.07994126543440018
1869,0.008053188566587068,0.07563382065983344
1870,0.007350052109445041,0.07631929812574745
1871,0.00797192067634197,0.07641953551082085
1872,0.007853125573469783,0.07672074930112165
1873,0.008378282420735501,0.07844542403866474
1874,0.007368690849709435,0.07708255987717096
1875,0.007325754011834755,0.07593954541255955
1876,0.00789075589639211,0.07488380809475605
1877,0.008295926552429889,0.07752699449770432
1878,0.007887690234343585,0.07604809659054704
1879,0.008110375594605439,0.07722866436219156
1880,0.00742126210247102,0.07937979734593764
1881,0.007353356412652903,0.07578852540232185
1882,0.007377780490677874,0.07771531682937666
1883,0.008121299481241958,0.07670295608222932
1884,0.007654246141981779,0.0768176835207712
1885,0.008225264625166947,0.0770323267556671
1886,0.007553058576846273,0.07712466510614954
1887,0.009526449850168806,0.07740013101569991
1888,0.007937213487970005,0.07826764297141765
1889,0.0078298512073058,0.07583311480238922
1890,0.007330176010493588,0.07677578453656127
1891,0.00781993664883124,0.07639084209251523
1892,0.00743523065539651,0.07940540477670822
1893,0.007635064973677479,0.07545706233882665
1894,0.007376969056848272,0.07616729582461498
1895,0.008656100036119515,0.07663679868916522
1896,0.008014372122362725,0.0760257685543003
1897,0.007466465182040098,0.07673226604074762
1898,0.007702876227972268,0.07710368694144681
1899,0.007749477887537869,0.07889347181732494
1900,0.007482153117516131,0.07806195344841271
1901,0.007377985604224527,0.07755129375403985
1902,0.007482099373174726,0.07661431342512742
1903,0.007719313184021966,0.07761788749157038
1904,0.007502998983920933,0.07716946090970721
1905,0.008249604078771183,0.0768259750739823
1906,0.007694178202289081,0.07566713125335243
1907,0.0075897683108330895,0.07669129422433991
1908,0.0073091953541825775,0.07572347786566966
1909,0.007315113329264165,0.0756926956705581
1910,0.007227615754957656,0.07832554688579157
1911,0.007517260710164061,0.07673579361056325
1912,0.007699181152941109,0.07590134960965704
1913,0.007706044991529963,0.07816402193971146
1914,0.007781195928746799,0.0792685575540502
1915,0.00793861877466054,0.07668779809074593
1916,0.008530820257165147,0.07819083150018726
1917,0.007938388371898693,0.0768682256826482
1918,0.007419768261061337,0.0775808085381686
1919,0.007259025384888709,0.07554849192388076
1920,0.007648796525508541,0.07810482931764502
1921,0.007456853007604866,0.07673548094760206
1922,0.007833032300637203,0.07930658077984526
1923,0.007663127236982,0.07588988787174822
1924,0.007783816037875302,0.07763083032647469
1925,0.007293536222346549,0.07801972394972517
1926,0.007469684313162693,0.07717619029651011
1927,0.007614240852776189,0.07957724924374343
1928,0.007594104604385559,0.07621394176232188
1929,0.008937712647489406,0.07724162191152573
1930,0.007382488856384964,0.07833564420578473
1931,0.00776189212458876,0.0785859992032063
1932,0.007812252133475535,0.07847608022746586
1933,0.007291135706194917,0.07859769209584497
1934,0.007257767528318947,0.079074901652366
1935,0.007424232175093402,0.07683301997139938
1936,0.00871880016283794,0.07786660648901063
1937,0.007417039043685925,0.07704172880951325
1938,0.007631224158378142,0.07816677346340098
1939,0.007605674934321604,0.07873543852328657
1940,0.007277600393987864,0.07748126102270637
1941,0.007342995677447919,0.0777052103502111
1942,0.007429688966850627,0.07840983788097712
1943,0.007615442674771045,0.07841274388750694
1944,0.00762444055117901,0.07866825844933813
1945,0.0074155280343110455,0.07626408430045112
1946,0.010194932292186239,0.08022115883746542
1947,0.007284414222311674,0.07651616370580848
1948,0.007292127201579652,0.07774991934236727
1949,0.007269715134687019,0.07520147950801634
1950,0.007520243566506689,0.07723009063486468
1951,0.007349149482148998,0.07830693079788882
1952,0.007452108856267149,0.07667819959552664
1953,0.0072053771337154526,0.07780356804156363
1954,0.007186354222889029,0.07597046621834724
1955,0.00743167753969817,0.07877725250738904
1956,0.008861502995655971,0.07660475991348874
1957,0.0073998506303946925,0.07708382333878587
1958,0.007555327849732067,0.07737170477260026
1959,0.007297417755185996,0.07587580541545585
1960,0.00875747267086551,0.07715808729031928
1961,0.007433291512933917,0.07782179486930818
1962,0.007478719486403953,0.07708036585857994
1963,0.007526443913907,0.07700280692045551
1964,0.007301753266778945,0.07625553359214525
1965,0.007121946185288377,0.07626618760495556
1966,0.007094570763596574,0.07754604875070409
1967,0.007110690443231812,0.07542456863891511
1968,0.007471389509151754,0.07757440069340225
1969,0.007372576971801947,0.0775812709876768
1970,0.007512111322216268,0.07501365590775222
1971,0.007384581807649361,0.07931017582503178
1972,0.007371341932635262,0.07823162990853302
1973,0.007149460901207519,0.08073902144131803
1974,0.007606575775118369,0.07623621806464996
1975,0.007579574639668817,0.07870274066999741
1976,0.007615957584864688,0.07823496655488671
1977,0.007300722377620778,0.07671814075762168
1978,0.007763068358642313,0.07688237103005699
1979,0.007619795931280596,0.07851552798933253
1980,0.007822027787238173,0.0806615725719839
1981,0.007562075475078521,0.07729011437946692
1982,0.008115477690110041,0.08016760167397353
1983,0.00805066224867068,0.07822609003773309
1984,0.007489096054092706,0.07735349954967212
1985,0.007565853979625979,0.07850123687943719
1986,0.00725364699116293,0.07730066778142948
1987,0.007530509224805817,0.07919353158925112
1988,0.007982060412800161,0.07641467153279106
1989,0.0073941386152504,0.07939717083945311
1990,0.007436961954775846,0.07647233267774559
1991,0.007373099218257381,0.07992559223246753
1992,0.008127834902689705,0.07856980324687815
1993,0.007227885730142864,0.07910338951680894
1994,0.007338279711797177,0.07694350403353087
1995,0.007427215781179989,0.07650032051299747
1996,0.007448760956619521,0.07957813257636283
1997,0.00855821771137182,0.07633583191642188
1998,0.007226340516628522,0.07677352519934638
1999,0.007630574727817526,0.07647972331758131
2000,0.007350697114759084,0.07737823670968078
2001,0.007196031885701905,0.0784793690332494
2002,0.0072100113919180515,0.07920560974599723
2003,0.007465903846394716,0.07642361450762976
2004,0.0072465815270940466,0.07778266815464001
2005,0.007172129688046451,0.07700752399693754
2006,0.007386478510503686,0.07905652652258861
2007,0.007126907835591514,0.07878186936515913
2008,0.0072080409652172765,0.07691004750946709
2009,0.007120257635958165,0.07765759081395347
2010,0.007287166901401379,0.07821734036718096
2011,0.007198543967269127,0.07824234513187767
2012,0.007591312511021611,0.07702435521329555
2013,0.008762559666058177,0.07748277332250934
2014,0.007127812053164783,0.08203707312357456
2015,0.007333848549275653,0.07681710084428764
2016,0.007055461321775831,0.07739240087960896
2017,0.007072566533988377,0.07769567368173957
2018,0.007022444975896264,0.07732820962754108
2019,0.007269904453822839,0.07792832073113673
2020,0.007364672099081975,0.07676739917885989
2021,0.007497030568057261,0.07790308938662809
2022,0.007101411658848794,0.07745493345317386
2023,0.007393306870974085,0.07766494763674293
2024,0.00719663259169122,0.07725037989162263
2025,0.0074186208716494105,0.07670542257919646
2026,0.007058629101294579,0.07932308480554356
2027,0.007073044665626385,0.07899426917235057
2028,0.007665809680291879,0.07773726722949131
2029,0.007114630497101718,0.07705916029244736
2030,0.007501873990181107,0.0761538317851853
2031,0.00738813820640621,0.07681808155730255
2032,0.007244534688011842,0.0771509876899552
2033,0.007336115839440118,0.07863746163316239
2034,0.00776900057885913,0.08093122320067614
2035,0.007231704515856017,0.0775266691930312
2036,0.007238111042845174,0.08025924728851869
2037,0.00745129512927536,0.07723008318428408
2038,0.00755189147443985,0.08003030879829164
2039,0.007296460859313514,0.07903078271258146
2040,0.0069712105341864835,0.07839403661868925
2041,0.007300451251461446,0.08140231726835843
2042,0.007150071963035273,0.07816548561467264
2043,0.00778655940373926,0.07723861686269143
2044,0.007098133529319703,0.07653191569903142
2045,0.0073465785281088365,0.07694886623879423
2046,0.007042295803204647,0.07662800772297651
2047,0.0074874157988050445,0.07551259939607821
2048,0.007252845652518595,0.07703568721026705
2049,0.007262584914412326,0.07753554740010347
2050,0.007089553377444639,0.07762339139791359
2051,0.007429217650268063,0.07662579813099146
2052,0.00742968433659594,0.07828318241768911
2053,0.0072994444478279765,0.07677075617892999
2054,0.0071446550599996396,0.07791774635924432
2055,0.00710610162068463,0.07708739373543508
2056,0.006979460151479492,0.07670456981449797
2057,0.008164196767194092,0.0773825350411255
2058,0.007160224620862014,0.07692481917247437
2059,0.007688636683607064,0.076938143219416
2060,0.007012938819942797,0.0787358904131373
2061,0.008230968627422673,0.07976699711983665
2062,0.007300343089180547,0.07894764629596457
2063,0.0073149669622568966,0.07760827261067572
2064,0.00755605197646333,0.07678630578338652
2065,0.007011968414035608,0.07720873910084106
2066,0.007601875492588342,0.07710771395224975
2067,0.0075556432430005675,0.07835928374962102
2068,0.007603482852848071,0.07734474985111028
2069,0.008042094485143071,0.07709984079862298
2070,0.007234168780745013,0.0784206102441128
2071,0.007109401170632937,0.07719466575703825
2072,0.007466775101591956,0.0790548544927946
2073,0.008412697621908202,0.07696305430099779
2074,0.00762239988869841,0.07605056806390446
2075,0.007353043450194897,0.0792042338907868
2076,0.007094229679882714,0.07904727572113052
2077,0.007274187489196002,0.07869742797654972
2078,0.007121291729100283,0.07649543104613933
2079,0.007355640047821421,0.08078115584706902
2080,0.006971943139467599,0.0777923324726578
2081,0.007213373401981292,0.07844161750155881
2082,0.006884294922270303,0.07678356165425819
2083,0.007141963382538572,0.07912593157518477
2084,0.00709200724842226,0.0778084691604576
2085,0.0070307181046912505,0.07902703423025016
2086,0.007820625247656362,0.08016230741090942
2087,0.00748719615604049,0.07653439061758213
2088,0.007238283428310786,0.07948193650571327
2089,0.007079212159012099,0.07655709354501021
2090,0.00716281034427244,0.07701883847850904
2091,0.007856636978803004,0.07796773278997057
2092,0.007146709613244301,0.07870865936267346
2093,0.007015053133052663,0.07933334785894045
2094,0.007391150179758387,0.07824414171147764
2095,0.007993581277207009,0.07810639539607485
2096,0.006954780451765975,0.07770357081167083
2097,0.007403616740737321,0.07665969431400299
2098,0.006921972886149613,0.07771365506980653
2099,0.00740428099631326,0.0776966408007127
2100,0.00731621070548236,0.07681291587744142
2101,0.006893004167754695,0.07659063992419637
2102,0.006981097182270678,0.07784070507774975
2103,0.007133189064550138,0.0782083698868154
2104,0.007257506099043402,0.08018527850321959
2105,0.007930215565288591,0.07765142740985206
2106,0.00707795177498516,0.07782546061098128
2107,0.00677348829149825,0.07873269575729705
2108,0.006987757213507434,0.07707933392515756
2109,0.007091027251064028,0.07765391672538934
2110,0.0070470756435263085,0.07888475807388325
2111,0.007282427014232431,0.07936275726123561
2112,0.007390181123976063,0.07813317946772229
2113,0.008112964079768028,0.08081462645067607
2114,0.007243123046069775,0.07817099461878153
2115,0.007188811280278477,0.07865288093648758
2116,0.007406619532654683,0.07881715023577363
2117,0.00691239142778722,0.07707485629427702
2118,0.007011590563580862,0.077439876595386
2119,0.007021558526669096,0.08021166145726852
2120,0.007185442299939364,0.07780184811518007
2121,0.0070415351381701114,0.07773324841619435
2122,0.007036174190634827,0.0788807775591848
2123,0.007202662337196511,0.07863510230131317
2124,0.0072503496406588165,0.08196426364114709
2125,0.008113590033970913,0.07834504057366148
2126,0.007038233142767874,0.07929160918358873
2127,0.007369520335967811,0.07662959388436232
2128,0.007266246069386695,0.07900964209161009
2129,0.007476660288261168,0.07772478545294668
2130,0.007561482175739494,0.07974518002722795
2131,0.006935236755899101,0.07663683908849132
2132,0.0073760187885952445,0.07908540697100766
2133,0.007461701358709508,0.0792751674327934
2134,0.007574638263937438,0.07857125588601693
2135,0.006874796688416094,0.07812931672448203
2136,0.007016853092578035,0.07721211103941862
2137,0.007754937429332508,0.07729297588791764
2138,0.007397142660645944,0.0767871533196074
2139,0.007224284982273601,0.07613601744697805
2140,0.007033677077588608,0.07910355688411191
2141,0.0068998201779505745,0.07954613593661397
2142,0.007299685478796187,0.07664732369862702
2143,0.007485254325042918,0.07838491344810429
2144,0.007260566536313707,0.0761502241356331
2145,0.007686065855500458,0.07926024350904881
2146,0.00695936289270344,0.07741282243552364
2147,0.006989213474001149,0.07924899262817282
2148,0.007154149782357726,0.08085086407667413
2149,0.006770563106866753,0.07757184693687841
2150,0.007355956498346051,0.07845086912463482
2151,0.007165783875674571,0.07651399567088388
2152,0.007445082542890648,0.07779484615663539
2153,0.0069158781501435255,0.07814664929582361
2154,0.007333011884804604,0.07707428224478151
2155,0.0073672194625456,0.0789483402456556
2156,0.007633003265649642,0.07900137416925047
2157,0.007158718543396618,0.07702080563719112
2158,0.00716500488584334,0.0782726860434788
2159,0.006889733778746248,0.08011554543834581
2160,0.006907521849556727,0.07742277424511754
2161,0.007087873883615687,0.07813849055528044
2162,0.006881901598974781,0.0778688623343494
2163,0.007247302118899688,0.0788064447598051
2164,0.007421416494081605,0.07768885927615608
2165,0.0070501584735400274,0.07650116842268105
2166,0.0073140993152024615,0.07714825601580746
2167,0.006897611733900863,0.07874408942229467
2168,0.007315479626047349,0.07914743617289048
2169,0.006982989984113465,0.0796776599715228
2170,0.0070142208850421245,0.07931122090434072
2171,0.007194313314397755,0.07883192718327793
2172,0.006845171718547742,0.0793552443497163
2173,0.007235761752363833,0.07905098286114241
2174,0.007327974609936933,0.07825910501686253
2175,0.007052219988274499,0.07818339120848734
2176,0.0068858324860533076,0.08075277595068876
2177,0.006805082976396354,0.08041361482221082
2178,0.0069137950919849695,0.08220932119173513
2179,0.007276010148976959,0.07621503352446664
2180,0.0074592996564395025,0.08106194914582379
2181,0.007391560623574557,0.07674573862313627
2182,0.007470119680108139,0.07891828688165001
2183,0.006874269846850222,0.07597584738617852
2184,0.007499141677183175,0.07601401245310194
2185,0.007324154652748843,0.07730012810917426
2186,0.00727149547493589,0.07802653538628031
2187,0.007229200593611729,0.07746614123645582
2188,0.007150544527238645,0.07780222460291439
2189,0.006960502895965891,0.07754845624056675
2190,0.006807695608586073,0.0772801515153775
2191,0.006983269913906946,0.07777784172828335
2192,0.00687825036053575,0.07817460714202178
2193,0.007125795977014415,0.07661961638987214
2194,0.0070007816718528106,0.07848090867052102
2195,0.00722941148252982,0.07878666006980982
2196,0.007180879205910477,0.07740736582822967
2197,0.00680040932734901,0.07844994092047364
2198,0.007414190628735712,0.07813326248847752
2199,0.0068638366764212175,0.07729798768247877
2200,0.006850183786203464,0.07897920695537314
2201,0.006921492194838869,0.07889217481876076
2202,0.007171929096393053,0.07769199572783664
2203,0.006781021387861023,0.07770044190393653
2204,0.007011166167498197,0.07696932668151114
2205,0.007013452757712243,0.07844302599740806
2206,0.007436908804957972,0.07799501909423891
2207,0.0072562744981556565,0.07777817752725798
2208,0.007066592319323769,0.07928622590569326
2209,0.006764117657622826,0.08275898902637319
2210,0.007246845313962901,0.08051204332208872
2211,0.00693957753327189,0.08031773875306424
2212,0.007283684771226824,0.07722158933567223
2213,0.006754438919981696,0.0773400569283275
2214,0.006786473602079933,0.07922270343193136
2215,0.006877336920526043,0.07729251994599674
2216,0.006825889812184955,0.07760968434631377
2217,0.006784436304661088,0.07991527887364677
2218,0.007008327487504708,0.07804314627832637
2219,0.007313435531145184,0.07704032322667297
2220,0.0070071404700243626,0.07977275867808732
2221,0.007590773691124511,0.07857640201510642
2222,0.0072368413455924895,0.07665235588425084
2223,0.00733692448515937,0.08035800357659657
2224,0.006826801697061684,0.07987502958616219
2225,0.007925573789145587,0.07807789854985431
2226,0.006738290243413088,0.08091649185296587
2227,0.006879727599216894,0.07678800832508202
2228,0.007447890515597361,0.07939652881974864
2229,0.006927571528878227,0.07666557655672084
2230,0.006631323508332548,0.07774584641432702
2231,0.007097268482939627,0.07668501728758179
2232,0.007010631175395453,0.07927682788524412
2233,0.007173349623972515,0.07805390773635161
2234,0.007494376682377649,0.077761097902194
2235,0.006761319554592454,0.07816488941883981
2236,0.006754442068320588,0.07807157646145738
2237,0.006831067927626881,0.07819828865372747
2238,0.006949862122605994,0.0807733900452915
2239,0.006808517714552347,0.07702221116401199
2240,0.007121085575869623,0.07864658142391004
2241,0.007338822365346007,0.0779033625745833
2242,0.006660444169955433,0.07776912540794913
2243,0.006791055117552198,0.07921211850971806
2244,0.007057147381721802,0.08076895300980498
2245,0.007109659187987728,0.07882598942533173
2246,0.008131832973855847,0.08076287783626326
2247,0.006842862351932241,0.07787796459102392
2248,0.007397372328307269,0.07902488301048302
2249,0.0066930787350818425,0.08006779768301132
2250,0.007182080351378558,0.07803231257394441
2251,0.0069944312936573655,0.07977537265546937
2252,0.0077435377832947285,0.07731935852452328
2253,0.006765053162362965,0.07783421726528565
2254,0.007053689773446359,0.07860400137447175
2255,0.007018217070133619,0.07986929594424733
2256,0.007377308661575025,0.07681862350768015
2257,0.007328442476525809,0.07957726158668522
2258,0.006958667762905547,0.07760162898024223
2259,0.007613480512825948,0.0791215384589102
2260,0.007472248408217101,0.07756425360016954
2261,0.007665985934553469,0.07844464785249013
2262,0.00714295321150021,0.07740334595056404
2263,0.007107532638822149,0.07740586131512371
2264,0.0071685796152542594,0.08044918226941786
2265,0.00660867682722567,0.07686919947726685
2266,0.007555779860407676,0.08033655008725953
2267,0.007081296868950316,0.08042091838922118
2268,0.00737890567185369,0.08087857336478126
2269,0.007137535631937801,0.0777725868842058
2270,0.006835454041079717,0.07893951113959004
2271,0.00723385201392215,0.07894674981745861
2272,0.006930440588145511,0.08136773731251408
2273,0.007217463331425902,0.07861353359873731
2274,0.006878707798069004,0.07893202369822595
2275,0.006768231880528934,0.07774735856474492
2276,0.007545093138872078,0.076569332906925
2277,0.007019570644991765,0.07878683415944115
2278,0.006852513281687064,0.07865215012602937
2279,0.006738246623543823,0.07963327437938007
2280,0.006791395032719808,0.07764481598123871
2281,0.006973223459069272,0.07803652224534735
2282,0.007466664944874978,0.07677350947656728
2283,0.00708263413101997,0.07773745261636891
2284,0.006610353901958878,0.07758055789802308
2285,0.00757788480757355,0.07698919887381389
2286,0.006688975975057989,0.07670171982737113
2287,0.006995406596329789,0.07732957211278733
2288,0.007154560978846543,0.07805402849551131
2289,0.006722118983736391,0.07699133311970192
2290,0.007311574572919862,0.08011846903496816
2291,0.006931760430382857,0.07876286000237429
2292,0.0072535019274215275,0.07753178615468487
2293,0.007294533349597042,0.0778330819947379
2294,0.0073765836913818085,0.07758199408613052
2295,0.006894367732365364,0.08124444611314544
2296,0.007229590281820709,0.07936816901566092
2297,0.007013288347062262,0.07915786551054857
2298,0.006850865004736485,0.07760549295590934
2299,0.0071631730973439394,0.07821932255773616
2300,0.006691277161849744,0.07739559490056265
2301,0.006801369037690028,0.07747428737263333
2302,0.007149171277458938,0.07859656804785095
2303,0.007035487114727122,0.07956023325672126
2304,0.007854433624811892,0.07773188878793764
2305,0.006766874278725693,0.07817249328719643
2306,0.006788881624457221,0.07905738925874084
2307,0.006978451406126315,0.08317964869483671
2308,0.00689858273726027,0.08056819224193282
2309,0.007017970659166762,0.07790828520492803
2310,0.006753732538167035,0.0773668482638242
2311,0.007176684485104099,0.07780702102154419
2312,0.006854274834406638,0.07793175285322625
2313,0.006970388425291522,0.07613776982726908
2314,0.007011880436267868,0.07798911834644494
2315,0.006906737239574487,0.07664151190964501
2316,0.006781001124273306,0.07959993913732376
2317,0.007006823726630998,0.07732655210677244
2318,0.006824773803657893,0.07761349900623311
2319,0.007503356702578893,0.07865463749956068
2320,0.0067830442175644,0.07968219461148246
2321,0.006896043544834327,0.07919306156778694
2322,0.007300429626034116,0.07762912382607472
2323,0.007141949969150548,0.07819418965799169
2324,0.007035728766577049,0.07868906745411698
2325,0.006912814790043254,0.0770321636271656
2326,0.006769518069220039,0.07906403609161687
2327,0.006724123655578251,0.07835655668773747
2328,0.006916881146483451,0.07652682344193447
2329,0.006724399233342342,0.0777477949185479
2330,0.007059089862887964,0.07692627356688779
2331,0.0069161757779946115,0.07728361013464462
2332,0.006825980115330445,0.07902426972873229
2333,0.007005412608923964,0.07873806125836863
2334,0.006854817526028404,0.07841507261408899
2335,0.007069249010685855,0.0778878308216432
2336,0.006898148875660116,0.079161536443353
2337,0.006867206195638802,0.08067699999812253
2338,0.006880661630827301,0.07722364183057819
2339,0.006797100844904312,0.07855713176996187
2340,0.0067095814548057955,0.07851054566097737
2341,0.006815873478896588,0.079268252397689
2342,0.006831920131712964,0.07759181404472294
2343,0.006644308080885021,0.07753737506113555
2344,0.007067135464892072,0.07881208630582145
2345,0.006966659655712498,0.07889270457558166
2346,0.006833734746389794,0.07688592923314948
2347,0.00683096188278693,0.07785391811290779
2348,0.006980061633570952,0.07709616512284242
2349,0.006967190465649719,0.08061302283353973
2350,0.006924731188319014,0.07925905496404882
2351,0.007054263453508886,0.07772722321196009
2352,0.007064645735066642,0.07603240985992857
2353,0.006840656499770828,0.07945463785850315
2354,0.0071704525225239355,0.07840267221506377
2355,0.007146991575546797,0.07725911699515536
2356,0.006844364827112207,0.08097885399683376
2357,0.006714668657935265,0.07902889891077104
2358,0.006979313971908213,0.08032514024199101
2359,0.007131265819002435,0.07778639424788325
2360,0.006972900764583229,0.07793650999291797
2361,0.006861289017160171,0.07722696768386024
2362,0.0066735184247716794,0.07743937361583973
2363,0.006756457066714014,0.07831508671878872
2364,0.007128306087575057,0.07866427399460833
2365,0.006972674795854016,0.07811345705263
2366,0.006833249038237633,0.07673235599857225
2367,0.006823711729836914,0.07838558017236547
2368,0.00694569385956106,0.07755896058820543
2369,0.007082012613778407,0.07795325832856927
2370,0.007105973174315204,0.07775144665537023
2371,0.006670561478525962,0.07906409084124673
2372,0.0067561226340491064,0.07717868370146382
2373,0.007452428742142031,0.07885128259658813
2374,0.0069780568299381614,0.07750697142647621
2375,0.0070202446882407996,0.07904097441593208
2376,0.006760686266956464,0.07733652671626337
2377,0.0070462802881902115,0.079558830456178
2378,0.006851715811838706,0.07970281660482101
2379,0.0069338962107709365,0.08018010045240696
2380,0.006667506948418025,0.07918080642707366
2381,0.006978308849341277,0.07845871805920637
2382,0.007567471177346489,0.0781897273951007
2383,0.006631061715899773,0.07680084169807291
2384,0.006785424326622636,0.07845431297345269
2385,0.00745778704214396,0.07986234281594891
2386,0.007193920756075179,0.07764761723148494
2387,0.007131669128536241,0.07832930069930273
2388,0.0071210295735102775,0.0771653048862192
2389,0.007110594385215697,0.0791247539726415
2390,0.007232277290954155,0.07706878543422933
2391,0.0070476242833120645,0.07905408205991998
2392,0.0068128231426689235,0.0810482702346374
2393,0.006739643715767178,0.0763248149912459
2394,0.006854097394026675,0.07703348406051334
2395,0.006701525810332793,0.07748864006652569
2396,0.006947710003071236,0.0790717261178153
2397,0.0067729921279322805,0.08234783740046628
2398,0.0068277274434156016,0.07780896467075013
2399,0.006794134151987122,0.07690679498558355
2400,0.006993114125311562,0.07743401226020397
2401,0.006594005553344698,0.07826760157307885
2402,0.0066814752963354,0.07736767184241373
2403,0.007131932909547721,0.0769207394287401
2404,0.006783229626902619,0.07892179868200369
2405,0.007352240837571569,0.08271444187427224
2406,0.007222851029591366,0.07616026382099715
2407,0.0072398409159537755,0.07996292838028499
2408,0.00673715427002442,0.077509770529312
2409,0.007193694107890504,0.07724619824859433
2410,0.007302925456315279,0.07699629083686604
2411,0.006829053113740758,0.07738228411154639
2412,0.006722313893736346,0.07560766576077406
2413,0.006794907624171402,0.07723769674399741
2414,0.006877300985532362,0.07888990050569214
2415,0.0069701344641686985,0.07922573600496564
2416,0.006728245955804047,0.07692740596177285
2417,0.006786490632396824,0.07751477498533134
2418,0.006768455743531948,0.07668581619896088
2419,0.006857459430448101,0.07649306280720503
2420,0.007026139752201314,0.08011805675083533
2421,0.007234393657073847,0.07986970348540404
2422,0.006827007167908193,0.07790879318887428
2423,0.007160585514217053,0.0773964466569119
2424,0.006665497051797948,0.07951537779249941
2425,0.007168767130318677,0.07871653485044203
2426,0.007324874500667899,0.07719053815406068
2427,0.006599564392283652,0.07698792583288107
2428,0.006942335888157663,0.07876420620464741
2429,0.006611573691450575,0.07857329728908109
2430,0.006939446011780755,0.0767147810499471
2431,0.006702374945154543,0.0774372070094099
2432,0.007273016263197803,0.07863598800542061
2433,0.006668611028401545,0.07831368053840813
2434,0.007049934455316584,0.0799884573558817
2435,0.006966785149965083,0.07772616963637502
2436,0.007092556640880663,0.07969379228980918
2437,0.007181528258670426,0.0785843586749899
2438,0.006714488924393114,0.07690239979659107
2439,0.006716851830341906,0.07910566552913278
2440,0.006836715769374145,0.0778065722127606
2441,0.006680691936902655,0.07680873147078923
2442,0.006960730788842687,0.07813420626603272
2443,0.006980168293435244,0.0771892076372204
2444,0.006671869266286211,0.07772551869091235
2445,0.006678923958643053,0.08120636486992203
2446,0.00665586839178167,0.07790087891700573
2447,0.00677224975547888,0.07754053885028475
2448,0.007061646073916048,0.07835352379725989
2449,0.006743876169781265,0.07959782132379394
2450,0.006726949961867722,0.07833027983443779
2451,0.006908094566081118,0.07701062381192855
2452,0.006848960034197794,0.07877032148808166
2453,0.006750766220121826,0.07810185892614804
2454,0.007052122820285881,0.07721205277923952
2455,0.007334292271766085,0.07714920797219552
2456,0.006825909900051431,0.07740109723836258
2457,0.006561813940463951,0.07801970503384009
2458,0.00705768434190244,0.07989712638364997
2459,0.006813165025914427,0.07871617546729874
2460,0.006668283404934706,0.0784274396068769
2461,0.007001837396279634,0.07931339100264666
2462,0.006828537421687594,0.07782162619488579
2463,0.0072327817749208625,0.07839475816727282
2464,0.006970526117526885,0.07928554147930074
2465,0.00683002086039984,0.07868363689584541
2466,0.007134035897423637,0.08015529800178413
2467,0.006646651648711296,0.07694300542349804
2468,0.00689280736289403,0.07743504094450097
2469,0.006671212704371919,0.07652522242607031
2470,0.007003621048873888,0.07853601536804572
2471,0.006935907952464039,0.07885510963679555
2472,0.006772218219373586,0.07721923345835287
2473,0.006763515955879816,0.07885854709940147
2474,0.007360256297525557,0.07805624133662174
2475,0.006837732726766629,0.07781579392147542
2476,0.007055601696688799,0.07700415310405549
2477,0.0073089843510456805,0.07633272913240251
2478,0.006841009301162741,0.07875336706638336
2479,0.006684036035114115,0.077792575354116
2480,0.0070643765857712655,0.07773682000792415
2481,0.007334726710317645,0.07831575684156035
2482,0.006744888687283738,0.07636193376510664
2483,0.006916840982465249,0.07865903647919945
2484,0.0069408984386227415,0.08263045870570611
2485,0.006582399420205902,0.07861625815842085
2486,0.007076829270629576,0.0789924540503282
2487,0.006852518073019554,0.07737098417634654
2488,0.006761544958085009,0.07817276910806359
2489,0.007088835646966531,0.0782311456861502
2490,0.006850750507704867,0.08022058236046244
2491,0.006809008521549169,0.0779002038458535
2492,0.0072061244351496485,0.07955095265294078
2493,0.006759447230131559,0.0763110881087774
2494,0.007038671696125149,0.07702553191952836
2495,0.006889108345849709,0.0768630259616632
2496,0.006919911099047218,0.07690090930700899
2497,0.006600906504259544,0.0772956581342788
2498,0.006933332602464178,0.0779943245656807
2499,0.006677635699369997,0.0791230995702863
2500,0.007168515734725965,0.07862066499944917
