epoch,train_loss,val_loss
1,1.0111668912119836,0.9974466713150043
2,1.0044011822286643,1.000046516122077
3,0.9942378004391988,0.965756210468168
4,0.9960901152412847,0.9893254504765484
5,0.9940177850753257,0.97285516967152
6,0.9508317765199913,1.1639368295072015
7,1.0333623278815791,0.9841403306875014
8,0.9755394278832201,0.9519848294724199
9,0.9305162576009642,0.8565647330200463
10,0.856762926908409,0.8157144403995428
11,0.808036059328595,0.7792811925548658
12,0.8012129525718449,0.8804787993431091
13,0.8365916665994896,0.7867536843569954
14,0.7573204265450532,0.7374053128381122
15,0.7277885330548076,0.6903352764316071
16,0.6921867754474376,0.6522509100144369
17,0.7154429082600575,0.8645925856473153
18,0.9308994768550561,0.8804250259447217
19,0.9184899630036744,0.9134259984308019
20,0.9196594192546869,0.8503054195179378
21,0.8350096494896607,0.8100095824490215
22,0.7813694585794173,0.773348613789207
23,0.7564272100820482,0.723111673704066
24,0.7076312667168911,0.6890230695705366
25,0.6732437678103177,0.661108945097242
26,0.6835222641626993,0.7967319554254824
27,0.6930848779918263,0.6322573312840665
28,0.6053633952290757,0.5687590077108607
29,0.5613877758290033,0.547690485055584
30,0.5407431702943718,0.5293147147149968
31,0.5235273309473721,0.5167876294531619
32,0.5144890917921966,0.49928425144133415
33,0.4837910326771766,0.49785348369662924
34,0.49459919370945143,0.49685779691937576
35,0.49647575541862154,0.47432193892043933
36,0.4665617063735266,0.45835960658271807
37,0.456029807621578,0.4455018981656335
38,0.4444157305003712,0.44651812001278524
39,0.4392902375017322,0.43245875081024077
40,0.4266431037360017,0.4252202306176188
41,0.4308136307968284,0.4472947981871459
42,0.42599840359118,0.41041240297762077
43,0.4142894626788373,0.4373273762097036
44,0.42838803814642085,0.41327273838203354
45,0.4159891485418164,0.42049304360435125
46,0.4209913543935092,0.40961633036309913
47,0.39772118393730066,0.38977902582414764
48,0.3831316706894329,0.39552408113216697
49,0.3918152942597491,0.3910529181772007
50,0.3783925359354079,0.3726080021911994
51,0.3764508023576916,0.37338909715936897
52,0.3926640237277409,0.36812930238575564
53,0.3766567386546225,0.38639258808061894
54,0.38070600775052915,0.39560401738436896
55,0.38354567705460313,0.35971971965373906
56,0.3602267301307534,0.34053035494976475
57,0.34911899109306577,0.3457635599270202
58,0.3529005371174722,0.38546305737997355
59,0.36439756927250316,0.35334970934647963
60,0.34524433830249235,0.3303893661140499
61,0.3171464052965056,0.32417312010487814
62,0.32064476834153227,0.3212389014567946
63,0.3095183972292726,0.2949044623769316
64,0.30161520370147515,0.33120069445524003
65,0.3353460284898866,0.30876939360957995
66,0.3145756993278767,0.30196052401286916
67,0.29080828986827684,0.30233335704134223
68,0.2866843618311972,0.2987931127237497
69,0.3136689214961334,0.35113496365105
70,0.3178884634431803,0.30436369806602787
71,0.2794600635204675,0.2803303935474023
72,0.26300078920973174,0.268910977475924
73,0.259973499385066,0.3342967678729753
74,0.3173909125463018,0.2982802276772664
75,0.29550479343102415,0.312264816429382
76,0.2900012084897959,0.31009716109225627
77,0.28680384627678107,0.28039343121057764
78,0.27922282635041,0.3024537636522661
79,0.2910346570629744,0.3035614492749809
80,0.2774741293499305,0.2702563889044568
81,0.2785996678490309,0.27373760609997244
82,0.27772142620956375,0.2517362372170116
83,0.24366827805836996,0.24371310949026792
84,0.23991375458690356,0.24994711981232004
85,0.24626022258644584,0.2602625671484715
86,0.2567607049109801,0.23594732545222855
87,0.23842424126166217,0.24693734032617776
88,0.24131059103042074,0.25615529820584415
89,0.23534540232247528,0.21679990512685368
90,0.22482549741208177,0.2301631609822873
91,0.231597789428519,0.23505578016428122
92,0.21738443884459682,0.24531986077029005
93,0.22436634240285405,0.21434683466614937
94,0.21134779288333916,0.259292987952555
95,0.23707887530326843,0.23789705500417485
96,0.22825105310236132,0.2509161735835828
97,0.23858690842892388,0.2626825858252987
98,0.22294671664822777,0.24030305885880215
99,0.2220942108136303,0.22524826497511757
100,0.1984148992682403,0.20501979453521862
101,0.20090886238236097,0.20524319954085768
102,0.1968969077621616,0.20834192768075413
103,0.20076820816633836,0.22925805713150435
104,0.2031127469344709,0.2167722783740003
105,0.19041358543641912,0.19442270602797507
106,0.17771647214514655,0.18686888686248235
107,0.18545752782491767,0.21178000713500164
108,0.18285156430313423,0.1960851534416801
109,0.17900329134749166,0.20527950646285725
110,0.18274118859063154,0.22134321401441903
111,0.19819069480371176,0.2055776065453551
112,0.1968472239168935,0.2326299189251467
113,0.21044469629443666,0.21044950784746566
114,0.19096212988754488,0.1809300097233072
115,0.17223865506034228,0.17456891848927453
116,0.18239152871962613,0.19360345725278208
117,0.1752896008064162,0.197749740497809
118,0.18417928569346853,0.19449535243792043
119,0.17299853743247265,0.1743984687746617
120,0.16955746297941268,0.19955526243773916
121,0.1780390235238105,0.1775792387120407
122,0.1739821512744112,0.17995503922004746
123,0.15972026142309298,0.19505744029704788
124,0.15717695887733554,0.172349542342033
125,0.1684077113117062,0.18132780484836503
126,0.17425481534604007,0.18677886678162672
127,0.17146114348990363,0.18595423211429948
128,0.1716617872505068,0.19272867860949427
129,0.17540012553053083,0.19137271275197654
130,0.1773990566063227,0.18720267701866036
131,0.16893299373815646,0.18390912441233345
132,0.16497228383643073,0.17884781392744012
133,0.17196442833486594,0.19820662668175565
134,0.16413390345918308,0.17062513253891975
135,0.15557736898743132,0.1843322994266835
136,0.15757686452670666,0.16874511043230692
137,0.14998739611052866,0.16937389043638282
138,0.14537730513128844,0.16065519088342375
139,0.14582774455442368,0.16441732902724043
140,0.14389102657636008,0.15610111271378987
141,0.14341451761857518,0.1747011231599296
142,0.14544059186236663,0.16608618812304093
143,0.13790113455469502,0.1522124445528016
144,0.1475738486591375,0.15170804263655105
145,0.14245734996390794,0.16069897744141726
146,0.13797673850126987,0.15354501211404203
147,0.1330049250673198,0.1668917950905654
148,0.1540536551543002,0.16962168427338278
149,0.1414967511060103,0.1576981079907047
150,0.13165053533120724,0.1546468063628763
151,0.13774116206094153,0.17525953046958848
152,0.13550442841442875,0.14597097031753464
153,0.1263510061884826,0.15222423155803727
154,0.12917553952092645,0.17881957891590913
155,0.1363416645886763,0.1565048271477372
156,0.12919290120121818,0.15499191931017062
157,0.13636154123822097,0.1691317657256186
158,0.14573399469537554,0.16243679040954226
159,0.13976033912889613,0.14994793353522928
160,0.14748798151436093,0.1742915695621854
161,0.14519396499267914,0.1935267226588457
162,0.14168697173865336,0.1496434180733554
163,0.13875511991527845,0.16261815393628334
164,0.14639504483473376,0.1548737454832646
165,0.13339939263631712,0.1490192370755332
166,0.12968088780184212,0.1482363272841114
167,0.1331750920171258,0.15019490915282926
168,0.12782055701849596,0.13491257304386386
169,0.1186820166478367,0.1423179226971808
170,0.11106547202516652,0.1425533646479585
171,0.1229012280515155,0.14604560254062326
172,0.12205462260816083,0.1498725911354959
173,0.1196592129626364,0.14623427521764187
174,0.1361768976697382,0.16327402328040666
175,0.12814043368558464,0.1341077580786588
176,0.12562426474859129,0.13913850930699131
177,0.12098453147043972,0.14644765719435268
178,0.12008819040262474,0.156592908882557
179,0.12514746498386814,0.16205623533044541
180,0.1300232043993548,0.14201389787191138
181,0.11487645538722945,0.14338121960933944
182,0.10288500040769577,0.13071361441809431
183,0.10600946614015028,0.15382304201299385
184,0.12147879005415635,0.1427950212232451
185,0.11578220185243858,0.12967310599366524
186,0.11396857852455955,0.1368465519190432
187,0.11177259051012543,0.1254979211995775
188,0.10532281810195192,0.14594747521972895
189,0.11609575480410138,0.13513112266111493
190,0.11140152193465323,0.13275591194405592
191,0.1095462643875266,0.1275176514584319
192,0.1057803195040181,0.1470603480524288
193,0.11788076752761625,0.13222412940553555
194,0.11153027532423067,0.13146807522253884
195,0.10085143711207048,0.12719784512705073
196,0.09882926411411297,0.1338885849654525
197,0.10393660642066092,0.1436967099444908
198,0.11352000132484256,0.13005576172568148
199,0.11248210400530377,0.13894691170755782
200,0.10052118337941619,0.12730209355739722
201,0.09480258592832014,0.11623810102841012
202,0.09587759604244112,0.1292550511154017
203,0.10312484865480999,0.12346884109696052
204,0.09653461644859435,0.14001177120627017
205,0.10864397981819117,0.13319191715696402
206,0.12233006513718539,0.13320811847248173
207,0.11544444360448129,0.15279787875954667
208,0.1222548726126083,0.15051422516504923
209,0.11569280018034221,0.1335548222214357
210,0.11431088753091465,0.13553327714142047
211,0.10685333276882111,0.1443571652983663
212,0.09914587185067951,0.11696922347733849
213,0.09488612568041063,0.12959709903575423
214,0.0997945283943752,0.13110869387188054
215,0.1030337540608532,0.13601652265790112
216,0.0963758039024641,0.12761121513998896
217,0.10021301935303886,0.1314639483478135
218,0.11486309415326929,0.14119121607831844
219,0.11678904398057446,0.14380003440947758
220,0.11126132356295795,0.15147506331740165
221,0.11650487864917179,0.14005484577632488
222,0.10618352383937475,0.1352060909632752
223,0.09895620715318236,0.11793518675150429
224,0.0943301056259833,0.11821652485762622
225,0.0919139710893421,0.12171642043462075
226,0.09359685373756121,0.12922276972902746
227,0.09930397804428197,0.15459434206324413
228,0.11639014031714613,0.13066312948937403
229,0.10034791403596506,0.1290707648696756
230,0.09570027409859423,0.11634379403110136
231,0.09465454828064397,0.12952579972439243
232,0.11150783253540783,0.1342240390286111
233,0.103482150056827,0.13125668497835485
234,0.1071402167655387,0.14999390653052128
235,0.1089990903746407,0.13441175353108792
236,0.10802747890259484,0.14801543127549321
237,0.1077493225347321,0.12873572417369164
238,0.10401627950885761,0.12050290037889529
239,0.0935755785343782,0.11729360810646736
240,0.09178957399332298,0.1275369613839869
241,0.09536184618870418,0.12190699892907512
242,0.08965695672814951,0.1305025763118775
243,0.09190453195346976,0.1263676574990564
244,0.0964292362332344,0.13063599919914304
245,0.10053025781171127,0.12539164197250716
246,0.11729660096033565,0.1416171925483192
247,0.11073481090038827,0.12611362834771475
248,0.09288991378538264,0.1170461487986689
249,0.08531696307209302,0.11585369187040735
250,0.08090866577325377,0.12598173204519994
251,0.09445396571789148,0.1495896332470098
252,0.10788837173637354,0.1464610602099794
253,0.11405881583315772,0.1364230566977857
254,0.09770902569563884,0.1246362654375552
255,0.093608151629286,0.12425154705244795
256,0.08597653958969896,0.11224160588026644
257,0.0897817314608292,0.12490128636136091
258,0.09513492713559349,0.11981996604449169
259,0.09342154794893924,0.12095308673561067
260,0.08685617598722566,0.13626353534167274
261,0.09280920703456087,0.11837715046821083
262,0.08629405315754549,0.11086552672293551
263,0.09199755643523715,0.14010132559782879
264,0.09388563336816223,0.12517047511007554
265,0.08762162773864074,0.1240388369537834
266,0.09180364284500386,0.1207220972816747
267,0.09482993879033334,0.11580381432272736
268,0.08632936741008698,0.10784327225726947
269,0.07695322390060005,0.12218506725733741
270,0.08979642400576633,0.13284911289997867
271,0.08390629071297136,0.1139476172121844
272,0.0764018843571345,0.11514593759799063
273,0.0766089566098819,0.11146081601243868
274,0.07860595995337709,0.11675373817745008
275,0.10026555166304486,0.17060858306281249
276,0.09887354577299934,0.11947694938060335
277,0.0851274903090495,0.11368729762340847
278,0.08317543524053861,0.12353716316378505
279,0.08989807593185196,0.11287694286209599
280,0.08154182810828371,0.11684662131662656
281,0.07975670114253303,0.11851622998938524
282,0.0797808549407893,0.110820108170348
283,0.0821680114985262,0.11887479213096742
284,0.08751667867291649,0.12040926346130539
285,0.09603408110216728,0.13521661607543925
286,0.10168637175979854,0.14770749286003879
287,0.09777333624895264,0.15181098463840054
288,0.09262196101107688,0.11787677192150202
289,0.08180760250151532,0.11725989727298718
290,0.09413200972964929,0.13163019690597266
291,0.09443835450230904,0.1263733680983235
292,0.09509970402380205,0.12232508037920882
293,0.08467339616526598,0.1245054209926971
294,0.0926771451654674,0.11701851233578565
295,0.07834748806631041,0.11489715488781606
296,0.07658588052170831,0.11675983887716643
297,0.0782211036333498,0.13404763609469683
298,0.09211527214110272,0.12614906829476058
299,0.07483119362930082,0.11718376096627467
300,0.08083535341909097,0.11824641770736914
301,0.07729978681360401,0.11734217616325632
302,0.07867660378135226,0.11898040797626763
303,0.08790823372092636,0.11077305840743813
304,0.07383527587982094,0.1060166434573948
305,0.07413823837004367,0.1202117217924063
306,0.0811234361158227,0.11260765533250078
307,0.07600827674445866,0.11132513875501197
308,0.08595635746634982,0.1284176148380851
309,0.08439879461466891,0.11232683675032212
310,0.08804273628776178,0.11791016837409266
311,0.08488649340733043,0.11418680054950237
312,0.07625795912536436,0.12088242247887422
313,0.07135019221770689,0.11572283061972835
314,0.07478744217997077,0.11082133641443156
315,0.07686414330635431,0.11574827812443998
316,0.06950897592231163,0.1282068490608593
317,0.07855440807417503,0.11644782674940009
318,0.07984808274784928,0.11126214153784558
319,0.07178883062406156,0.10975293359511479
320,0.07920743782752715,0.12981261903032623
321,0.08722596892020987,0.12395764170284558
322,0.08446558030708781,0.11572984525733125
323,0.07523329443526718,0.10432461251441698
324,0.07060687079931954,0.12262493666999023
325,0.07424172791857389,0.11274581975805431
326,0.08275335080593636,0.1292892893155416
327,0.07965366219012242,0.11262907429521245
328,0.07948749306254417,0.11359011387466487
329,0.08728037657415343,0.11352791360819847
330,0.08056282940900551,0.11502296006993244
331,0.08570531811916603,0.11983327425661541
332,0.07651260485814053,0.1088040164090637
333,0.07664956719432987,0.10959846068892562
334,0.06442344568248065,0.11341983266641621
335,0.07147437933855837,0.12407212189041582
336,0.0772254134780206,0.11325408383867794
337,0.07884836412450802,0.11402479432205807
338,0.08820063700466035,0.12482288095138426
339,0.08267016366780179,0.12622637372641338
340,0.08191770188650994,0.11840092493477919
341,0.07466938627778359,0.13891892381628654
342,0.10425306692625741,0.14570651664620354
343,0.10318553077537308,0.1295379417806042
344,0.09097922251284497,0.11459974281695254
345,0.07889583772458371,0.10801771848945689
346,0.07801197516093464,0.11023987336714465
347,0.07194404004129974,0.11155079040013459
348,0.07572852037612747,0.11714156298783787
349,0.07115893365826996,0.11404870413150404
350,0.08245902438208742,0.12672532364763414
351,0.0728875514846178,0.10974627544631935
352,0.06988984805607945,0.10848390208300493
353,0.06831123707991726,0.11100334464980845
354,0.0720893234576819,0.11342026950572069
355,0.06991144382166413,0.1184036719395702
356,0.0674266090979741,0.11145600269462232
357,0.06602646513555036,0.10327135381244477
358,0.06937350431140864,0.11538909299107722
359,0.07341205970671191,0.12031333247447074
360,0.07545571446231326,0.12884843218744846
361,0.07897814752170874,0.11285306257487539
362,0.07207475532338305,0.1144151602099115
363,0.070616751674961,0.10515774549323514
364,0.06980309443278883,0.1099391810427931
365,0.06698348666043402,0.11429002785817124
366,0.06611186996945795,0.1142128882439513
367,0.07492399206326443,0.11045972330677778
368,0.06974000181510763,0.10908486766922743
369,0.06804258221725248,0.11419692346102611
370,0.07031104788652756,0.10741782164140452
371,0.06582370681582757,0.11947413595547353
372,0.06520537033958256,0.11590377049039778
373,0.06872853814805828,0.11431846334447239
374,0.07030767436672307,0.10935212475688834
375,0.07146512627976495,0.10047657574926104
376,0.06966087179926206,0.10787361105880641
377,0.0665001224421855,0.11707599287418495
378,0.06932806003393617,0.12777783867335857
379,0.08201692890633577,0.11642201698588249
380,0.07220423694864009,0.10910356266979586
381,0.06835948169793722,0.11126940650748729
382,0.0752968910917546,0.12410909193276164
383,0.07716017638174992,0.11654229622735714
384,0.0805850087565446,0.1336771536963924
385,0.08194663033545392,0.1169957782055501
386,0.07061612732567878,0.10975032279216557
387,0.07243549116190125,0.10809131095507987
388,0.06688351896386477,0.10898573687276744
389,0.061421161997805604,0.10734464849968602
390,0.06603980532982065,0.11485156095715095
391,0.06380729180461955,0.10435295267436738
392,0.062176421893842565,0.11236378963205748
393,0.06715538296497094,0.10955716327841121
394,0.06459655961806669,0.10987212327787452
395,0.06090238849696873,0.11592329297224083
396,0.06709815964758771,0.11449995562247466
397,0.06903723224341494,0.11370424289527095
398,0.0760478230204972,0.12008710713464216
399,0.07281661211694561,0.10666901190627488
400,0.06762554220058634,0.11646129116229247
401,0.07049656802284643,0.12353986905033428
402,0.07505884982130062,0.11751286446450647
403,0.07578135080307534,0.1003691666108325
404,0.06496380569425018,0.10997054580234944
405,0.06140537046880092,0.10471493465111668
406,0.06282635042502445,0.12628363020587385
407,0.06753653009076538,0.11818472533148333
408,0.06988058754670545,0.11335832065433488
409,0.06633910841349536,0.1050046374997997
410,0.06584681010564918,0.10913865570735215
411,0.06686073733763125,0.1174265993642329
412,0.06479993195466276,0.1154258015348499
413,0.0632855717865926,0.10967594437431871
414,0.05917293587758106,0.11167534780606889
415,0.06290581862225472,0.1152618835519131
416,0.06591698215723787,0.10698766151167695
417,0.05934659719654599,0.10133407186520726
418,0.06423977284498934,0.10827636317277611
419,0.06059890851940749,0.1075532254867984
420,0.05688230777686497,0.11242437187143436
421,0.06362757154699392,0.11278788213218961
422,0.06384649490879017,0.10334252715484242
423,0.05661571494438363,0.12207595731381486
424,0.07179523503068108,0.12333954637286657
425,0.06839427431611894,0.11968448504170678
426,0.06338986140564552,0.11279449688462087
427,0.07144111760382382,0.12235153953831895
428,0.06929174178051499,0.11618620009724061
429,0.06388057803489128,0.10941470950319056
430,0.057956496804202874,0.1075326679904658
431,0.05424605145956735,0.10234860950768143
432,0.0586865892247209,0.1041431041214998
433,0.053770969194248786,0.11740604812340032
434,0.06958127021789551,0.12987447324626727
435,0.06442741295264202,0.10924080731277179
436,0.061191501576195725,0.10942583983031132
437,0.06083487663066612,0.10167077019399867
438,0.053888555428704375,0.10862782220344495
439,0.05701904507271899,0.11732152647765956
440,0.0633577434756096,0.10886574437594354
441,0.06017796062635926,0.10601808948624403
442,0.057234174378637995,0.11336594552996762
443,0.06082197154561678,0.10255993755165498
444,0.061117745607903916,0.10706507267061631
445,0.06063055598510886,0.10939479365309976
446,0.06722044958820883,0.1124859022205336
447,0.07229074153978869,0.1152383106058104
448,0.05909441306062464,0.1173066019750478
449,0.0592888539551564,0.11620552563353588
450,0.06645566742843802,0.11920728045223948
451,0.05986233889681738,0.11046382295607325
452,0.0696249487077665,0.12145527418618812
453,0.07201356806282727,0.11175987025475442
454,0.07141726604610119,0.11543066922883342
455,0.06897529676181716,0.11125116324738453
456,0.057824534815062514,0.1174626952611414
457,0.0650005079571556,0.13095125664296306
458,0.07217955743929125,0.11433320809949311
459,0.06498469222547873,0.11276937963296298
460,0.06725000060579311,0.1089391782132904
461,0.07332628679537923,0.13891735960517013
462,0.0698813462407334,0.11889886497554922
463,0.06881209158297605,0.11220843143256984
464,0.06586941432371829,0.10928645681468467
465,0.0618345171869176,0.11571708082555231
466,0.06064523857250904,0.11028488604048439
467,0.0574410765566541,0.11099636775061003
468,0.0555772675470736,0.1161049275021804
469,0.06317123965178646,0.11845725602972179
470,0.06301077727064397,0.11062226418340415
471,0.062142047890514696,0.11179296209250476
472,0.05860501028737932,0.10758311426579803
473,0.05814268215084976,0.10536991011229972
474,0.054926853884690964,0.11471355904388547
475,0.05717435511965422,0.1118334158321371
476,0.06074974922545301,0.1117746330480229
477,0.06314426201319545,0.11532856523990631
478,0.06266145975147404,0.11407463549447239
479,0.06732640068673487,0.11560035791985672
480,0.07006418344172292,0.11369710505232775
481,0.06687682431261495,0.11076261338434722
482,0.059301105638345085,0.11332743829653077
483,0.05578419692673773,0.11648788812913392
484,0.05788767918850641,0.10830154030917581
485,0.05848754888529298,0.11574736019050268
486,0.06768629957669936,0.11292749092468343
487,0.06921049652609436,0.12595838989903754
488,0.06726456426505772,0.10737524344060655
489,0.05785210772692782,0.11260332099925306
490,0.061626451570282945,0.1089196407369205
491,0.05336195289057755,0.1032574038046942
492,0.05832436664393113,0.10912637044687319
493,0.05755495392488984,0.11487603350017304
494,0.05708289345574079,0.10396018755017665
495,0.05623918263323652,0.10823173959153637
496,0.061251858987335886,0.11611337830921761
497,0.05872277760843061,0.11218556167935967
498,0.05175555103792334,0.10470597410485857
499,0.05320116619831361,0.11417812719605022
500,0.05716075153095917,0.10704480292728372
501,0.05743401893560991,0.10869329383498744
502,0.05036859598549657,0.09951801487900559
503,0.049408086979726575,0.10447723791936885
504,0.05742113156326162,0.112105721948589
505,0.055969440266958576,0.1113819848363262
506,0.05566643185491832,0.11281334169974602
507,0.056080607545075926,0.12431067900550097
508,0.057906088073673485,0.11773736758115597
509,0.06399860734459739,0.11256859839933558
510,0.05608916969138122,0.10151647369290952
511,0.054745664784930786,0.1075608266288774
512,0.056878544647926056,0.1109590758954672
513,0.06197044743025828,0.11790333970223453
514,0.061229236470828265,0.11719009315683729
515,0.0594969039208859,0.10666761950666744
516,0.05746964550336952,0.10414572723004453
517,0.05400754155227973,0.11322989460444988
518,0.06228071451187134,0.11129798297595261
519,0.05912810838166273,0.10582909480969709
520,0.052740597617138854,0.1043348669408258
521,0.05181337337730066,0.10772310666049034
522,0.047055060992825706,0.11243328633239694
523,0.05069737731473251,0.10903933300709068
524,0.053886200108055796,0.10870603147081863
525,0.053273725715823145,0.11245949370296378
526,0.051206753876224254,0.10714839574388393
527,0.04897257657545918,0.1089384556190113
528,0.04780427821027408,0.10949787275310148
529,0.056222376560077725,0.11498047816648818
530,0.059727377955268765,0.11840072858677174
531,0.054993067733334296,0.1063433355257326
532,0.0518608236181661,0.10777594042675835
533,0.05235455513187924,0.110481796949579
534,0.05118377490332292,0.10947439776626147
535,0.05134419614226563,0.10647087038160864
536,0.05939598786849646,0.11847008972015596
537,0.05742644563129863,0.1084019750879522
538,0.0501835619878469,0.1014889654584397
539,0.051973091450127414,0.10367522412971746
540,0.0476166899286726,0.1115451829886078
541,0.04990071269138804,0.10173048599994272
542,0.049462883844503064,0.1088023202909264
543,0.051170949923729746,0.10839874635364179
544,0.05370264781533547,0.12001214912137889
545,0.0628773996243312,0.11542056039685294
546,0.0569547322936028,0.11510742489332543
547,0.06669872181501778,0.11358369786040227
548,0.052540853596146,0.11508528512895555
549,0.04961242843067871,0.0997558493251191
550,0.047266101242048934,0.10647716688781154
551,0.05349736862212607,0.1034273953179369
552,0.05507657288005517,0.11501229752349973
553,0.055332833725326463,0.10382609539910366
554,0.053660743289961,0.1138060923880503
555,0.04945862356503055,0.10602107154844996
556,0.04641701098320619,0.1039908919530106
557,0.04784127727806943,0.10656157882888813
558,0.05233504128812244,0.11287866954815418
559,0.05889306142457626,0.11457916765583488
560,0.05845602510391541,0.10739802429102417
561,0.05337388447995456,0.11129334529763774
562,0.04671409995582119,0.10536727281217288
563,0.050185879633861515,0.10778854404550448
564,0.046509794328572614,0.11151582286471412
565,0.04399163929640122,0.10570518379298069
566,0.04252123347712013,0.10379722942236372
567,0.04074233878146177,0.10736039038140673
568,0.0572556198205588,0.12667182016940343
569,0.06199996147609357,0.12381812444605624
570,0.06690084273522755,0.12366162485123278
571,0.06347084460112284,0.12352808624655381
572,0.061170786103737426,0.11313786943977638
573,0.052685306881958584,0.10822554255712002
574,0.04894925246261201,0.10630942218211062
575,0.04877048156827501,0.11335684872584834
576,0.055268261370793825,0.1133699156624034
577,0.0562373382630963,0.11196527348126385
578,0.05524239553220617,0.10848527160802282
579,0.05702294666999541,0.11233432131602351
580,0.04968542675927,0.10281331601895784
581,0.04798165005895327,0.11427415892444458
582,0.051891900669291335,0.10423404723405838
583,0.049982916024870844,0.11450251197456417
584,0.0586484653535504,0.1142238854876437
585,0.05121899344636209,0.10953826494608308
586,0.045518039344991525,0.10830320707314595
587,0.04260640928767762,0.10617263646875706
588,0.05379699325224139,0.11131001138746888
589,0.05410658247159712,0.11098127759862364
590,0.05430612839617819,0.1108311582776837
591,0.04723504579292154,0.11390770792512965
592,0.05282402853920774,0.10806234033409516
593,0.04976959859237731,0.11358396314962167
594,0.04547772971245478,0.1104452520198093
595,0.044482289104716584,0.10805069311594306
596,0.051596001587198966,0.11289700893755246
597,0.0477901631556217,0.10750571528174226
598,0.04835392426957125,0.1004910955490325
599,0.04911246549033519,0.10197472820679347
600,0.04762417712957604,0.11180551966330163
601,0.04383497856229356,0.11303745396902089
602,0.0451882227130656,0.10577775044996936
603,0.04512283360620715,0.10918533161543963
604,0.04351668488585724,0.11238981365111836
605,0.049027356102406605,0.10530858150774375
606,0.05863786994848611,0.1108987296098157
607,0.05552517294696292,0.10720326587146983
608,0.04013085407468508,0.1054601718608598
609,0.04167515756386631,0.1209212270633021
610,0.052797741063360895,0.11953380535867877
611,0.05021248893730296,0.10627880470271696
612,0.04800751952911323,0.1113318511866089
613,0.041706861072928654,0.1088502644409512
614,0.03853999157934069,0.10510483081627608
615,0.039992346235041346,0.10643297870804493
616,0.04054651460932486,0.10167375488911655
617,0.04108440006772677,0.11349120820151236
618,0.050137905579692915,0.11186939231435158
619,0.04543013357610073,0.11102018029169929
620,0.04876682808939016,0.11126224095361274
621,0.04693492534775404,0.10514846797052183
622,0.0368254560766355,0.1042715516641624
623,0.04087030208148296,0.11448767342438973
624,0.04471933255967854,0.10411218409998375
625,0.05399625710908722,0.10666657857279431
626,0.04455178247401549,0.10888348906335973
627,0.04767355165860188,0.11167231937847041
628,0.05047313847912932,0.10985921343839855
629,0.04711025554991368,0.11373460854877505
630,0.04645581817570722,0.10957331365361847
631,0.0610390212738289,0.121350895137267
632,0.05487693668161548,0.11431920578829328
633,0.046706635504961014,0.10272096067592315
634,0.048201468052729124,0.10553381377294249
635,0.04156220057662928,0.1068139774608134
636,0.04067226084616949,0.10777997811859413
637,0.04133571972543339,0.10531999480754212
638,0.04590796416847961,0.10330523432869661
639,0.039117657444761984,0.11161340308144577
640,0.0418889971695981,0.10923929475154494
641,0.04991134523220782,0.11675205862238294
642,0.04621298838430231,0.10513353344043694
643,0.04481931747692936,0.10636788040847707
644,0.039926065448320135,0.10378151022850123
645,0.04223956994759212,0.11015084749998007
646,0.04355513754318345,0.10934872990637495
647,0.043701953342500724,0.11253883827823147
648,0.049980954062076484,0.11306417638197877
649,0.045624086434173886,0.11062203276725043
650,0.03910445398504629,0.10348234370462876
651,0.04327888627472164,0.1065186100981588
652,0.044770375737604104,0.11495233099338106
653,0.04718242250617195,0.1112678413813873
654,0.04269301535198523,0.1040394480029742
655,0.04307681144033588,0.10640442500213035
656,0.04450977471826961,0.105961529794791
657,0.04966160095056648,0.1100582173070812
658,0.053528835141808735,0.10754408595854775
659,0.0457582285381713,0.11097406760268941
660,0.04162156155461785,0.10801990518817925
661,0.04285038773368739,0.11976805659837293
662,0.04926360820261937,0.10928572964548766
663,0.045493850355628154,0.11571395892024339
664,0.0420414851099815,0.10236002069741562
665,0.040937984772260835,0.10738586697886164
666,0.042715020618348754,0.10702574346447948
667,0.041010538034094206,0.10588478326872178
668,0.038531913041318734,0.10763932753326301
669,0.039668713749017356,0.10964394797732059
670,0.044832983950399,0.10534986411046265
671,0.03663178390395716,0.10587088957914434
672,0.037127847027666167,0.11415340643105351
673,0.0385326494070344,0.10397747623965256
674,0.03778951169934663,0.10922728135322868
675,0.03949327825469041,0.10592168993444968
676,0.03937838043806688,0.10598732135200262
677,0.03941890819923683,0.11189879376189153
678,0.04267342376915164,0.10428054716652796
679,0.04306743870366295,0.11332946199746359
680,0.047864996365406226,0.10810041339848574
681,0.04002097783223638,0.10153840286167044
682,0.038986984312346894,0.10919927125960066
683,0.037861961238789106,0.10913342416734624
684,0.047589107832443786,0.11248547802294108
685,0.041637856489832294,0.10555298144656017
686,0.03991012361908109,0.11191570725207939
687,0.03951789223173129,0.109060165988174
688,0.03909776259049679,0.10375637294057019
689,0.03814222298140796,0.11492392521603663
690,0.04242835824125968,0.11431925994038283
691,0.046373713808427065,0.1126048346995411
692,0.045878795473455636,0.10830912035061303
693,0.036324706772026025,0.10470984011589733
694,0.03653421550520561,0.11131794606907326
695,0.042885247243087996,0.10478881948200383
696,0.0454243355014789,0.12070913698738978
697,0.04350810401938247,0.1076575838645598
698,0.042712241575215595,0.10587086093455628
699,0.04591731518600722,0.11195343590918042
700,0.03677982063788288,0.10570911977225378
701,0.04332804426832019,0.10770497999543834
702,0.03614543350237721,0.10795153638249949
703,0.0378134068125074,0.11565513014419933
704,0.048436975657190164,0.10966488024345915
705,0.041572983722266914,0.1129221380653238
706,0.042279867256212536,0.1085849060002425
707,0.03745369149266549,0.1072688015705362
708,0.03745120775493436,0.11166755588057645
709,0.04457519011302564,0.11545914151988233
710,0.03926741823835193,0.10614806187705587
711,0.038989046342530344,0.10730723513845812
712,0.03932432321913587,0.11979322553726665
713,0.04075552832405522,0.11110258836271171
714,0.040784303918949466,0.10667791357614044
715,0.0394000214460136,0.11570035001463759
716,0.0405623475851128,0.1135784481140904
717,0.041295833417079736,0.1055029848389757
718,0.03372903493871479,0.10923948912020016
719,0.03730776978644935,0.11090597693334546
720,0.04186026520043049,0.11099566829234436
721,0.03815030332350131,0.10940303347239219
722,0.03732103920020397,0.10289567921842847
723,0.03408330165833797,0.10233611533217561
724,0.036038422687623486,0.10723962817798581
725,0.03807716430077013,0.10564415061608293
726,0.039955040615684584,0.10875834054068516
727,0.042409907862450344,0.11034173040387027
728,0.04271443099158365,0.10996141665636149
729,0.03850878861808927,0.10504752067022753
730,0.03719055467525368,0.10894622052447837
731,0.04148695184468473,0.11330755801876087
732,0.03978485051753386,0.11013979399413393
733,0.03848168741232194,0.10300160490704659
734,0.03553500584086532,0.1043804215832163
735,0.03526960608531844,0.10402858813753105
736,0.03392799730477093,0.1084204889964639
737,0.034577279111499305,0.10622885632783846
738,0.03781557279937672,0.10666046308395558
739,0.038002028170996495,0.10553003877476044
740,0.03581263250290598,0.10509995139556422
741,0.03626744793552273,0.10502195810166218
742,0.04287874635379269,0.10818508399981902
743,0.04832688161412125,0.1102460687209789
744,0.04327647547302006,0.1069178815212166
745,0.043173593076519995,0.10922299093919291
746,0.036160464345846535,0.10495447880940928
747,0.040987821026418195,0.10743630369354908
748,0.035731648733405945,0.1048182620104393
749,0.03148172767657154,0.10023099363298345
750,0.03365470429167808,0.11040612254151724
751,0.041081240506104705,0.10444131213471405
752,0.033213165383668815,0.10307797868000834
753,0.0357941819718049,0.10319948235624715
754,0.034028643121322,0.1048553381722075
755,0.032180943883627466,0.11004734466921416
756,0.03609542490082717,0.11457803417790803
757,0.03646598859403118,0.10481609992290798
758,0.03488705642287086,0.11020114293373318
759,0.042096789668566025,0.11376326725372396
760,0.044097652904829886,0.11252315895151076
761,0.04468700521678295,0.1086786148280727
762,0.0341251569583356,0.10217991844753276
763,0.029683897353755602,0.10403538519577275
764,0.03310115157433276,0.10513237262504142
765,0.03341738593840749,0.10405355940262477
766,0.03524507432238861,0.10373421868584808
767,0.03281687034891462,0.11516753690583366
768,0.03775905768545169,0.11633104806705226
769,0.041276799268879984,0.10887737917646131
770,0.04107874186721238,0.11535524336018957
771,0.044447186115965154,0.10932868666816176
772,0.042215648007655295,0.10626711222088725
773,0.033321914339215504,0.10289760507213741
774,0.02997766841648135,0.10499091532296106
775,0.031050144923183153,0.10446229239080783
776,0.030570738497863775,0.10782815021156966
777,0.030422551405129943,0.10730154901967012
778,0.03528088933360651,0.10591433720107664
779,0.04045445809386811,0.10184263219510702
780,0.03822502472771788,0.11488196513333117
781,0.04486205128941146,0.10552862779538434
782,0.034782701857247446,0.10342718190268467
783,0.035628927578716156,0.11148047424796828
784,0.04111103282409644,0.11796611898525018
785,0.03867775980828318,0.10914974506561619
786,0.03096175899014533,0.10119683872488208
787,0.029405996531435528,0.10240082698582408
788,0.03038723919095483,0.11061932663795046
789,0.03564201794424147,0.10415091619530417
790,0.03322123251152488,0.10849091954025111
791,0.03139598173259189,0.10650268221334706
792,0.03493755875424769,0.10689894953990042
793,0.04355142410821135,0.11229850921341053
794,0.04098863559980063,0.11205847968433734
795,0.03750697535070233,0.10692912999325827
796,0.03194264218258033,0.11038673684038315
797,0.03436303377713797,0.10912763876350302
798,0.04592517381475407,0.10808598519043815
799,0.036055346892314884,0.10776334198047045
800,0.03075672941481542,0.10418947896264251
801,0.029991852002417517,0.09975691529966536
802,0.03005670576865943,0.10848033691483333
803,0.03230233180026213,0.10205841014035662
804,0.028616208477683786,0.1044527945064363
805,0.0331069586693116,0.10496994360048968
806,0.035080841127431615,0.1073620906823261
807,0.03617217021543275,0.11098427431924003
808,0.038921771910767886,0.10963056077783867
809,0.03340742474644439,0.10302045707938665
810,0.03613271662649119,0.1072506609939991
811,0.038864580387214444,0.10958827580126904
812,0.03505756898121264,0.11497784168797925
813,0.03560099254051844,0.10736594166149173
814,0.030694651364717843,0.10319545360884272
815,0.02938724678220614,0.09850273238387622
816,0.03011502986246685,0.10447372421435545
817,0.031201537276776332,0.1053733479857146
818,0.03586817795188172,0.1106519785740023
819,0.03567550375870189,0.10856758692957703
820,0.03971352922560284,0.12001457227800126
821,0.0426145186589199,0.10615238009538866
822,0.03623257750797572,0.1116138716090592
823,0.036249012692169576,0.10991427617936504
824,0.03704061700066306,0.11029911803123646
825,0.03571183867049667,0.10708749783517126
826,0.03727901801935532,0.10555944304194367
827,0.03471922443347907,0.10054098381509159
828,0.03242508600811538,0.11120211641143139
829,0.034917958619647055,0.11278439397202399
830,0.03633133617212188,0.10463893809414149
831,0.035030356883627815,0.10415170100846685
832,0.0376827080247912,0.10996491551623308
833,0.03337198031960793,0.10100193599934566
834,0.03452164623534904,0.11590852439030071
835,0.04183943405653696,0.11430139744416215
836,0.039529020095583775,0.11267157298580446
837,0.032384315142466584,0.10403494312799066
838,0.027071389469241945,0.09978394053484264
839,0.03356195088921103,0.10164674470448554
840,0.033225099175418694,0.10582674849302248
841,0.03049536589415943,0.10245155078127868
842,0.03179905055172788,0.10453081653829206
843,0.028954992094223603,0.10413627515087151
844,0.03048242190442745,0.10201033539043035
845,0.030057748732795507,0.10107648139235967
846,0.031851866475816046,0.10083248130136863
847,0.029330310464467643,0.10459224448392265
848,0.02925048014090496,0.103227389280808
849,0.03335849886888978,0.10907216954574848
850,0.03236487772573465,0.10790647067745826
851,0.033587946925523145,0.11220522264116689
852,0.030708291023126187,0.10567954290928996
853,0.031016719252245983,0.10698724209440681
854,0.029459047640831966,0.1017969730391837
855,0.030670645406598564,0.10041988155522143
856,0.02777113736191261,0.1023058166405312
857,0.02507635439107628,0.10414022365981773
858,0.027905953028854333,0.10335669606774672
859,0.029977594882999576,0.10247284007774558
860,0.027675371417928044,0.10085343504161165
861,0.02864408829255299,0.10199748448336632
862,0.027841953748145944,0.10342266177175038
863,0.03436429163663642,0.10639248500790513
864,0.033716208740787686,0.10476117405601612
865,0.032566683542615965,0.10535780430064165
866,0.03576028011973549,0.10674819734909181
867,0.04008513874134178,0.11130867650111516
868,0.040842917449069475,0.116948257300788
869,0.0382673886587035,0.10480728177797227
870,0.03581543672103552,0.10752915111101959
871,0.029869885049151175,0.10703768924737633
872,0.03337348772669738,0.10636344946043234
873,0.034219780081660496,0.10854519307986836
874,0.039177939178621245,0.11480281888542318
875,0.04451944838342427,0.1235173327432838
876,0.04186007687411968,0.10688578751974535
877,0.03575290732507436,0.11294715982257274
878,0.03407029512355912,0.10705691534923133
879,0.03365988324179589,0.10670180700924761
880,0.03801486008572129,0.10407172901588574
881,0.03353632239144553,0.1086040829917542
882,0.03567200758547153,0.11299559924013931
883,0.03924469181201743,0.11004250744978587
884,0.03396548095317382,0.11131204214684647
885,0.02951806515408387,0.1058258102240419
886,0.025151691135932814,0.103068524192001
887,0.025943881966782815,0.10369294710027843
888,0.028958699648391525,0.10243238764523264
889,0.028394831344485283,0.10345475560516343
890,0.026499880887802293,0.10221540832653978
891,0.026370533033268258,0.10720711683196232
892,0.03061013900727596,0.10972156829403755
893,0.04106095529296113,0.11107657711607472
894,0.036813915759887336,0.1059014859018768
895,0.028435275638066,0.10132585120455065
896,0.02603598245940868,0.10331378961192038
897,0.025535065469876776,0.1035653531252591
898,0.02795178700917922,0.10226796033388391
899,0.02920875571808725,0.10361440606732715
900,0.02752608912499071,0.10699547521004402
901,0.031534487744734725,0.11019382349455864
902,0.03234850103328438,0.10393029796823225
903,0.02733318341321915,0.098905553457731
904,0.031586684427171385,0.10522298492435225
905,0.032979125309290376,0.10462545168429688
906,0.03286217727095076,0.10333729432639024
907,0.025005938110392797,0.10350001364348825
908,0.02826083633088091,0.10053415620760213
909,0.030730200099682657,0.1048931471611324
910,0.028342642136058718,0.10221479625854277
911,0.027147637609884423,0.10305868218043693
912,0.02765164110786135,0.1054615752776165
913,0.0261586097028083,0.1071276726915424
914,0.026898527611632767,0.10067087176599
915,0.02969128353837526,0.10383106243416182
916,0.03142829152679293,0.11039405271298904
917,0.03613470009756538,0.11567044261852302
918,0.032045446254266134,0.10450988528050277
919,0.03230746193501934,0.10784212977889188
920,0.030718066641744576,0.10566004776491557
921,0.028212538270174333,0.10507595046122271
922,0.029877212343725767,0.10930561326574861
923,0.032829700424423756,0.1066456095579274
924,0.028426491251250484,0.10704922241002396
925,0.03170422546612392,0.10716262906042855
926,0.027869199935651425,0.10140482683603029
927,0.02918386032933709,0.10602568838754692
928,0.028605698145129397,0.10321063906850672
929,0.028894000762850983,0.1095173978305102
930,0.026786800989377423,0.10082646806661348
931,0.026150770333109412,0.10254735002915065
932,0.024821210183999822,0.10565508005762458
933,0.023703916490359127,0.10135721026880101
934,0.02258636564625509,0.10121676943878781
935,0.02230896367310728,0.10134841412081755
936,0.026636322901683784,0.10187936243706179
937,0.027406176025012753,0.10872742854861688
938,0.026019868774796433,0.10262118332218706
939,0.02804718646894461,0.1061763399861809
940,0.03111800230430357,0.10991984424659781
941,0.029238687394737447,0.10212748230698712
942,0.03173120465106184,0.104390727566149
943,0.03084338367360193,0.10513731217324584
944,0.032668145619473364,0.10749991579835576
945,0.030493670828499884,0.10703614436295397
946,0.025367231301541598,0.10245888586853978
947,0.0254892544387459,0.10341139430913113
948,0.024780327278488088,0.1022328205574724
949,0.02639950950096988,0.10074698768163982
950,0.02755234271006764,0.11194641167358647
951,0.032058728226232076,0.10467924200054399
952,0.026644904892774497,0.10926405865148195
953,0.03062826874168039,0.10185001155636962
954,0.025150502744898107,0.10784898715135746
955,0.027776913447949872,0.10657447636276857
956,0.02653554470846488,0.10464911730516524
957,0.026313667062599706,0.1043064754857754
958,0.026139985055387394,0.10024733370856236
959,0.022623593854548048,0.09959162915484947
960,0.02385956624159648,0.10512336072766393
961,0.026772736050422838,0.10516360934291567
962,0.029649797967582377,0.10550298930185481
963,0.029978230619018182,0.11112962315853377
964,0.03548413976652067,0.10814594890091353
965,0.03346371343769367,0.11125742761712325
966,0.026780830766513664,0.10122417735127279
967,0.027993931230040466,0.10779343199983873
968,0.02908951827799374,0.10945196378798712
969,0.028711499095712818,0.10660651423279803
970,0.0268548052031664,0.1042651384321968
971,0.024135275702900107,0.0981662965059878
972,0.021182376926518837,0.0992029106295796
973,0.022522364760626037,0.10513745153084733
974,0.02522669903605989,0.10229366485561643
975,0.02464186468120641,0.09948359861185677
976,0.02418232595536319,0.10132118820546564
977,0.022755395773353067,0.10209027322984877
978,0.023155946307962045,0.10658461212140874
979,0.024487601101117314,0.10413277263106559
980,0.02816372606083282,0.10707091489680727
981,0.028906207730841335,0.11022203178483442
982,0.0288405170394752,0.1035829315844335
983,0.024403622901102283,0.10189230093979895
984,0.0299880925987689,0.10265273600816727
985,0.024784225443342946,0.1027035267841547
986,0.0231674305227755,0.10615699913791546
987,0.02241321233739643,0.10444276380284986
988,0.026683476384518283,0.103762603679994
989,0.02224304420440077,0.09997981248941637
990,0.02730991611690641,0.0995095130569654
991,0.02424965223660634,0.10678319786126751
992,0.026418275603989384,0.11031491570828254
993,0.028757352616239643,0.10413894813535805
994,0.03213755046046755,0.1099919902165432
995,0.032123104089273595,0.10654358181140776
996,0.032838706794025015,0.10460412300618968
997,0.024990961295347544,0.1015927571812668
998,0.026790185673338063,0.10829867060321913
999,0.03086716149869205,0.10155308241010609
1000,0.02472528506000087,0.10206975095104753
1001,0.025780654166760685,0.10386784430733301
1002,0.025830971908831747,0.10073472019798475
1003,0.02607503627081337,0.10168859203880593
1004,0.026470173759467946,0.10803901338786409
1005,0.027357246023866365,0.10223607442582161
1006,0.026890549082426156,0.10336369864250484
1007,0.029680151632934245,0.10637721589259934
1008,0.0324746753856446,0.11068436886209593
1009,0.027863558651235118,0.10295984277823814
1010,0.02381460319431323,0.1007787036455066
1011,0.024617546466442774,0.10726614130245414
1012,0.02357178544567066,0.09877351305463858
1013,0.02069227288494695,0.10143602023223289
1014,0.022223405727425462,0.0987753855405296
1015,0.020623564778727555,0.10205827341566708
1016,0.02167690451602516,0.10110613890459065
1017,0.021285258877858426,0.10517534768596329
1018,0.02472794331235331,0.10175630636980061
1019,0.026184450471832318,0.10437985237006257
1020,0.025058955821038793,0.10112820866337993
1021,0.026693380607655214,0.10426149347372222
1022,0.02254579101437293,0.10560838551374904
1023,0.026401580446077592,0.1060236343801171
1024,0.025774843077052315,0.10431615707644246
1025,0.024740347252139507,0.10603153629037074
1026,0.02364585630642543,0.10438291691150282
1027,0.027359350695737503,0.10286451818276766
1028,0.02083135368126743,0.10551778143061731
1029,0.02332906874845613,0.10565543346536488
1030,0.024987623716394108,0.10307180748920991
1031,0.023054499483708316,0.10583316344291643
1032,0.02672695314640519,0.11371078995759026
1033,0.031055289595944325,0.10991473619202922
1034,0.02887627845571476,0.10760429228905748
1035,0.02910184072998335,0.1059085886580006
1036,0.028579875475393153,0.10568768913883314
1037,0.025318469243042124,0.10328194512087002
1038,0.022353000001712416,0.10229116584872243
1039,0.02253527266892997,0.10889689878264167
1040,0.027204634258582158,0.10548041529374613
1041,0.023166942966621626,0.09802439480198356
1042,0.02144175353196432,0.10359495687753634
1043,0.021745435471804637,0.10561373172547285
1044,0.02189782588689957,0.10180403605887764
1045,0.021531714641916676,0.10806155783640113
1046,0.03233201431590806,0.1163960507788455
1047,0.0381606362713208,0.10792616596048638
1048,0.026491563076024537,0.1015867493617206
1049,0.02638493279147448,0.10845703390756048
1050,0.02485293722799364,0.09865850062672059
1051,0.025661222343830944,0.10044837522700914
1052,0.022176585646357928,0.10067742429953769
1053,0.023775857070800644,0.10968565063219621
1054,0.02311192141295229,0.10127945492664973
1055,0.02328345664548424,0.10004532047755138
1056,0.022676258400644897,0.10464507096766829
1057,0.0234706478908002,0.10155536635851203
1058,0.024453971980127897,0.10322359519868267
1059,0.023264825320656195,0.10878320647062813
1060,0.027469756644008296,0.102318296493743
1061,0.025255278455761244,0.10136234246773229
1062,0.02155734788415567,0.10486938098543569
1063,0.025531972717470344,0.10200576084598265
1064,0.025929994295415638,0.10332094678155761
1065,0.025992319198711863,0.1062818576481408
1066,0.02297645130153722,0.10170604019684899
1067,0.02577533168753363,0.10970858930794518
1068,0.02679547072394089,0.10549253021789375
1069,0.02890849933496811,0.10542367378198414
1070,0.02346494846608279,0.10665670451813174
1071,0.02650664006389162,0.10443270889888133
1072,0.025972228005247296,0.11071106922208217
1073,0.02198729973356679,0.10356572173293073
1074,0.023866738222023978,0.10519006754969594
1075,0.021375772619397385,0.10313455015420914
1076,0.023228312684398778,0.10588807536097697
1077,0.026125821525102143,0.11076404776116063
1078,0.02456101048854912,0.10500976476902352
1079,0.027062504452729376,0.10583402177220896
1080,0.02543552463534493,0.10531503031203024
1081,0.02317774311036059,0.102968594913644
1082,0.01829638566423512,0.10074753114454131
1083,0.020758809779518807,0.10427568163862802
1084,0.021332681249335128,0.1037048498042544
1085,0.022290739014088734,0.10306293879609957
1086,0.020383224676146446,0.10158175218822364
1087,0.019678325445022224,0.10288682759256292
1088,0.019181036923385266,0.10359184244148116
1089,0.021616336907137115,0.10132818919300735
1090,0.022158350526068196,0.10423327168277033
1091,0.024374218001586834,0.10548491787193413
1092,0.028691571252713412,0.10549619011487578
1093,0.02331285448100582,0.10276297545223906
1094,0.02590769538714451,0.10556022475536604
1095,0.028652859137118236,0.10657389236049246
1096,0.027681516342849103,0.10970272551428405
1097,0.028161657259524242,0.10368006620416068
1098,0.023356366937734047,0.10965783031363237
1099,0.024010605055768536,0.10364848830944912
1100,0.019602945671891265,0.10309395448008277
1101,0.02129521848833036,0.10013397904416374
1102,0.021137420802652462,0.10218841184798937
1103,0.019886747916352074,0.10242135247640442
1104,0.02356703755147052,0.1029992082289287
1105,0.01813435099972119,0.10349531038512562
1106,0.019877387339588982,0.1023115420849401
1107,0.02787638689924336,0.11542588913052303
1108,0.029306280666833405,0.10795325432953082
1109,0.026236373228284548,0.10148425611263528
1110,0.023254074109425336,0.10278432037597313
1111,0.022984799255365097,0.10122186378727581
1112,0.02061720444299515,0.10451213378729976
1113,0.020588586997217353,0.10312821421034653
1114,0.01962817153372105,0.10205215536860894
1115,0.025061864628450677,0.10402367923194006
1116,0.02176367332163097,0.10193329132663875
1117,0.02182047073758623,0.10538340251622044
1118,0.023159311522009236,0.10738406475997508
1119,0.028645462655233888,0.10677302882710196
1120,0.0286036130837487,0.10730959025017899
1121,0.024426007537909272,0.10390929018793847
1122,0.02372923195830681,0.10895246312134248
1123,0.022090380636494863,0.1055140859799875
1124,0.02051497776787611,0.10812772457536898
1125,0.019182267241507955,0.10594198720198228
1126,0.022098214113674824,0.10258103696101889
1127,0.020941473871656933,0.1036926770120635
1128,0.019348600621587074,0.1068350551533221
1129,0.021579442674633843,0.105452176510242
1130,0.02537096934920212,0.09995025067699882
1131,0.022356263086574634,0.10489280970024883
1132,0.02587622548189928,0.10592344509703773
1133,0.022855149500025145,0.10845369412412022
1134,0.021277503538056738,0.1009393036365509
1135,0.020129052254388918,0.11306714380444739
1136,0.021898908774901485,0.10601698943322763
1137,0.02013698640812493,0.10616520351559895
1138,0.021906472484833038,0.11012355953380279
1139,0.02306295593954482,0.1020529342997343
1140,0.018774401455086732,0.10451231844592512
1141,0.021618448689861118,0.103142890397618
1142,0.021456758977857027,0.10100148771340985
1143,0.019547702240868933,0.10348314827396757
1144,0.017510942025285848,0.10249360419230952
1145,0.02085107851937507,0.10408961024126015
1146,0.023426120995350602,0.10625546664597098
1147,0.021550469932222517,0.10525152042396087
1148,0.018364557785526762,0.10202334500046302
1149,0.017401877989840206,0.10619050312908669
1150,0.018244826029868995,0.09989928743594273
1151,0.02120107377194009,0.10117653324117039
1152,0.019828230880622594,0.09911702341752543
1153,0.017282474270594195,0.10568289901304961
1154,0.019891111742494243,0.1032580831519942
1155,0.019086659095197352,0.09948116964788963
1156,0.016042405715997115,0.0997458832679237
1157,0.020399531372969255,0.10487979295707885
1158,0.019164797885097423,0.10408627605976019
1159,0.0196798036941005,0.10670915897702214
1160,0.020887142925892235,0.10204667771669258
1161,0.021720356559790904,0.1046569533552741
1162,0.01911540598895565,0.1001916577792108
1163,0.01775814438203596,0.10234594307746504
1164,0.017175837226633756,0.10183312839135192
1165,0.019931648442017957,0.10441344711266663
1166,0.02583675201302804,0.10732502932835342
1167,0.024571782352883112,0.10741933859081794
1168,0.022714037366164556,0.10476161750561014
1169,0.01856610598335476,0.1030677672204816
1170,0.016752378909655335,0.10101283517173656
1171,0.018223098871655435,0.10191417089605093
1172,0.018854457100138725,0.1057483231027921
1173,0.01646148141051801,0.10121113342001922
1174,0.017451810750102846,0.10239703228748531
1175,0.019977313319935738,0.10270074394561891
1176,0.020575817053516705,0.10448497274241651
1177,0.01816527359187603,0.10248058735577385
1178,0.017400142420434726,0.10064940063054101
1179,0.01855594849905128,0.10050543485428755
1180,0.02160203609170404,0.1088410736362737
1181,0.02229357342112739,0.11046512447353593
1182,0.01909191113363647,0.10142311873964797
1183,0.01837906745151154,0.10671193800623853
1184,0.01635758508488817,0.10075359083805467
1185,0.016087933285337575,0.10451700695251163
1186,0.01925396502205411,0.10687999141619618
1187,0.017711224385871076,0.10777621705057029
1188,0.021856886598299135,0.1056664533408961
1189,0.022214569104542524,0.10254633245536857
1190,0.027352724974072953,0.10753467137502846
1191,0.023514052606978506,0.10404011119801299
1192,0.0192125150406698,0.10443610647567232
1193,0.017009960651491424,0.10518436262706168
1194,0.020527847216657874,0.10596857102293718
1195,0.01979954425924979,0.1038826926235567
1196,0.016514915287635237,0.10188096890548118
1197,0.020124101624736247,0.10479244830689036
1198,0.017874050979156914,0.10283100814150091
1199,0.018063815017728687,0.10568625653596748
1200,0.018181557386363827,0.1012492089866098
1201,0.020211174474947108,0.10202594381526
1202,0.015804354136563697,0.1059983262516801
1203,0.019512883030206152,0.10318637773730702
1204,0.017180044649157133,0.09997301040810153
1205,0.02006665564511182,0.10018508705803028
1206,0.017673615295931977,0.10128289459268551
1207,0.017253752622120786,0.10047838429834012
1208,0.019779662970664365,0.10158364426223258
1209,0.020398189401570357,0.10197481326292034
1210,0.018088786751500465,0.10316289173331775
1211,0.017036438597448217,0.10300863959959575
1212,0.017093251957177365,0.10207571873539373
1213,0.015178249164853455,0.10462308286649541
1214,0.016138121462280646,0.10485590869248063
1215,0.01819781315917114,0.1020567095966865
1216,0.016976281121935485,0.1075111664925004
1217,0.020318366645735764,0.10536600014470275
1218,0.016759452497902907,0.10204294417286876
1219,0.0168940506688079,0.10608470566888202
1220,0.019279171039098465,0.1065435618685003
1221,0.022629261860307656,0.10539044374436662
1222,0.017315390361648687,0.10368872756946057
1223,0.01616197847907648,0.10494244483329897
1224,0.017900653886345198,0.1094440890844902
1225,0.023376161068584183,0.1011303678939217
1226,0.02449259529792288,0.11164443172458419
1227,0.02435266445595888,0.10108551721002225
1228,0.020413150589139957,0.10246243738665019
1229,0.01855863722146682,0.1081321405662331
1230,0.020775166510036157,0.1038284380371708
1231,0.018228890034575132,0.10639279427235587
1232,0.018633994689714984,0.10323888390210637
1233,0.0187084131387982,0.10632378411920447
1234,0.018691968664808094,0.10291854826205954
1235,0.017049907167799444,0.10406354575751718
1236,0.017652769930332712,0.10298824926516167
1237,0.015639724725353642,0.10434850936470773
1238,0.017717952857602318,0.10221436520790994
1239,0.015530801758919872,0.10647449511707875
1240,0.01815242815247309,0.10547388556009546
1241,0.017953763171186986,0.10304872157579675
1242,0.017562550205573346,0.10158386518408481
1243,0.01696008157992513,0.10415613761447128
1244,0.01748141756503837,0.10329465915385942
1245,0.016615105277431087,0.10247068844716949
1246,0.018018247108648782,0.10677015568528857
1247,0.02118862085278679,0.10645722676264613
1248,0.017773232944075415,0.10376240923664623
1249,0.017294089210295828,0.1018004955579165
1250,0.016379384323954582,0.10337076016834804
1251,0.016377019221490284,0.10792921860714007
1252,0.01682604909083753,0.10338453194103145
1253,0.018499011408139324,0.1090609325950307
1254,0.021397394204289658,0.10625812323544558
1255,0.01748449499455263,0.10367134146224287
1256,0.016245130894693937,0.10172459126489802
1257,0.01573595459684261,0.10180579771971643
1258,0.015978209229197893,0.10063624686391133
1259,0.02015973428416552,0.10311637157784369
1260,0.018302817893384386,0.10175964973848266
1261,0.017449862341273506,0.10006233723017208
1262,0.015611634419867827,0.10311179484863926
1263,0.017669407978841343,0.10618823452999718
1264,0.019537352892400335,0.10178025571027197
1265,0.016575310215260246,0.10437712310474917
1266,0.01770590229323075,0.10574189575393696
1267,0.019013917038463196,0.1048920133844354
1268,0.0177397637645591,0.10819575860909651
1269,0.019649850345163974,0.10897727626233471
1270,0.021082539169949555,0.10519400352896903
1271,0.01804294335251709,0.10389337744703867
1272,0.018998760999467387,0.10551333868115169
1273,0.01791290914253244,0.10588525754766058
1274,0.019231217403738003,0.10419821115514091
1275,0.01710214753453649,0.09890180654394298
1276,0.018202574244179065,0.10432877996586319
1277,0.01879217049235818,0.10319080842392785
1278,0.0167475431665497,0.10303761022058047
1279,0.01586947168381709,0.10029836824364531
1280,0.01757526217297938,0.10265637964084931
1281,0.01582913358443938,0.10661971877167996
1282,0.01576264351372074,0.09949548012182527
1283,0.0152068652575777,0.10459576239039127
1284,0.01791660082321497,0.10638945672969173
1285,0.019509190599779663,0.1041277992658149
1286,0.0158527894355591,0.10440049832103246
1287,0.015538574670845608,0.1064530553338223
1288,0.018705106978802562,0.10366651130125935
1289,0.022390789287926267,0.10538942861676515
1290,0.017331327756855096,0.10443679428190217
1291,0.017084908091797017,0.10609970434118333
1292,0.016749461152174936,0.10469981863683925
1293,0.015181485071497143,0.1015992914524891
1294,0.014414644624405313,0.10546089968361651
1295,0.013564504290573627,0.10275027008358399
1296,0.012329173707783973,0.1015697487613611
1297,0.013812559551366095,0.10373993341187786
1298,0.016383983698562258,0.10310073915803641
1299,0.014447881172428716,0.10034243818512537
1300,0.014600303398925553,0.10126260565337084
1301,0.012464554008073028,0.1035862118752678
1302,0.014649164599348913,0.10425421227712679
1303,0.01626013151996728,0.1001757658775289
1304,0.014003424208212949,0.10358976484988268
1305,0.013306077159706902,0.10433565918589595
1306,0.016659507352226186,0.10789860419014044
1307,0.01603920518789651,0.10536275139279234
1308,0.017819663263716787,0.10968939125313795
1309,0.020271850292975048,0.10808246618225462
1310,0.019774285666410277,0.1072705609532526
1311,0.020834450838419626,0.10360739747981977
1312,0.018875311193226267,0.1062258634725609
1313,0.015602702848941274,0.10159171255011308
1314,0.017003228021024157,0.10451443250615496
1315,0.016779955300801206,0.1037663431432014
1316,0.016984357527873053,0.10143110277434639
1317,0.019845599437472206,0.10624698857615765
1318,0.018028056565320718,0.10880248132803685
1319,0.01751198167414785,0.10522221680497167
1320,0.01738023010533561,0.10258447763540392
1321,0.014089172448283472,0.10431893834643495
1322,0.012422830663012259,0.10388083901620448
1323,0.013724383757502403,0.10481575418982589
1324,0.012596246950422068,0.10305034651194599
1325,0.01621790849984442,0.10263474950366151
1326,0.01457543577413139,0.10394127713633061
1327,0.012291333972001975,0.101917536093627
1328,0.015933287529122528,0.10306802974607711
1329,0.015347353844616399,0.10097586341146239
1330,0.016408565899345483,0.10459644074801515
1331,0.01904831884089131,0.10700790040699162
1332,0.016520981190714445,0.10336727301653166
1333,0.01614459908022633,0.10487915848132064
1334,0.014510525847381016,0.10385501941194511
1335,0.016474794619863137,0.10240051962603304
1336,0.015377369053286951,0.10073181049417433
1337,0.014561140769214,0.10151153576926779
1338,0.014499439928188638,0.10490465005462929
1339,0.01314424333871348,0.10338442059313145
1340,0.019225760825774953,0.10744776703734744
1341,0.013822926659394734,0.10211546257847831
1342,0.01873871713361275,0.10318776010944132
1343,0.013242653489065994,0.10164612378542286
1344,0.013368974580376778,0.10338308649104938
1345,0.01300164098915814,0.10371105897620805
1346,0.012486169161567898,0.1030837798813232
1347,0.014125907301621617,0.10251560444969282
1348,0.016198097300604456,0.09987154924182366
1349,0.014638889141661941,0.10748571379665743
1350,0.01789589418953507,0.1051065384744104
1351,0.014442655222736439,0.10318593077716373
1352,0.015134640096587205,0.10433919645640485
1353,0.015984642055799376,0.10078447011479161
1354,0.016354307883752965,0.10815863839740443
1355,0.02039872573794059,0.1041337732496417
1356,0.017493100848587805,0.10308038424653816
1357,0.017019535713600664,0.10307510471657703
1358,0.017422647725017566,0.10562945569965773
1359,0.018486581801337266,0.1027841934546791
1360,0.015613486709178618,0.10256966517159813
1361,0.01853872567954116,0.10544627462338685
1362,0.015207044821255986,0.10583078269298214
1363,0.01959565469303971,0.10340412683728942
1364,0.017404141572286497,0.1066630852588436
1365,0.018597837572671333,0.10835747715823334
1366,0.014145338263526652,0.10421643613424517
1367,0.014303288445954427,0.10293731610652498
1368,0.014752917085428658,0.10858138943823956
1369,0.015921863077102968,0.10295728974996653
1370,0.016681457529980806,0.10465856751702483
1371,0.013457760976264312,0.10376580360165813
1372,0.013550271485117997,0.10566473177127671
1373,0.014992926000330434,0.10392618969194871
1374,0.013695975009984564,0.10383546591402594
1375,0.01699464258579713,0.10708897310614884
1376,0.014608698850204735,0.10285890589755281
1377,0.014186361406303052,0.10887152727758675
1378,0.01565155463656352,0.11000168562532965
1379,0.018121930999013613,0.10381939460086942
1380,0.014072301229403453,0.10427158053282808
1381,0.012890952732999745,0.10295869682665755
1382,0.011643671272498256,0.10270646337727855
1383,0.011766144894532062,0.10485579952933735
1384,0.014100344301019824,0.10570264331305534
1385,0.01936238355138017,0.10281260746687576
1386,0.01654113610655819,0.1037164808141259
1387,0.01593095634671502,0.10731170093057149
1388,0.014766959848362694,0.10593381929293014
1389,0.013947160832537045,0.10617899215012266
1390,0.015820844626089313,0.10317800886798323
1391,0.013700489271080718,0.10085078293368929
1392,0.011543458954390115,0.10452249211102799
1393,0.014682958371140671,0.1039914373765912
1394,0.014036237847926857,0.1027143725887277
1395,0.014567592356986594,0.10482956715544364
1396,0.01412149005622234,0.10464869693556525
1397,0.015222617466026132,0.10324610704392717
1398,0.015956074139981898,0.10439383856634747
1399,0.015947062428454933,0.10470129590584222
1400,0.013882374057089383,0.10478762118962773
1401,0.013284125183738253,0.10258301285872783
1402,0.011522251064156962,0.10193118923588802
1403,0.0120528162568339,0.10145690204356249
1404,0.012018102414484293,0.10352876438831626
1405,0.012446650561624728,0.10040665210637831
1406,0.011869234109074814,0.10375318467094187
1407,0.011619164942289298,0.10188562803922739
1408,0.011199381905344297,0.10310699391111097
1409,0.011569278220991668,0.10143342896138217
1410,0.013018750386464896,0.10265702490967915
1411,0.011849843551340344,0.10399841405171201
1412,0.015046914313105668,0.10273175089057525
1413,0.0110450499814074,0.10382705024982754
1414,0.011536590913134926,0.10265657725862991
1415,0.014392592381896838,0.0998182826136288
1416,0.010877161058333685,0.10244571359683398
1417,0.01158379449409509,0.0998900379789503
1418,0.01344503596448486,0.1087507955113748
1419,0.01312560101373578,0.10271338866393369
1420,0.011888835924741981,0.10241726109930746
1421,0.011962622538818128,0.10701499039069154
1422,0.01546045683277478,0.10672025065075484
1423,0.013451281208662118,0.1056560402115186
1424,0.014410101076435743,0.10236755558721404
1425,0.015629278349473415,0.1084938793814272
1426,0.01590531078641707,0.10541076028257385
1427,0.016682183135699177,0.1100381445839889
1428,0.017980070058373536,0.10934772215466153
1429,0.014948379529534647,0.10517173213767528
1430,0.012905894245647784,0.10585553348437886
1431,0.014179551757216078,0.10539084284526662
1432,0.015109961137831586,0.10780195901193715
1433,0.01573300753491667,0.10497241355198667
1434,0.015059059591225858,0.10442330232613667
1435,0.016368540437341487,0.10471669196111516
1436,0.013542796420694897,0.10575606983929947
1437,0.012961977723775045,0.10520864815864348
1438,0.015529940941564317,0.10519982874393463
1439,0.014617829923312994,0.10362654127049864
1440,0.014346531358014487,0.10517238997352452
1441,0.013424133512911931,0.10386285811363903
1442,0.013637318445732759,0.10548507353118189
1443,0.012301840139962968,0.10376561965261187
1444,0.01224154059968467,0.10433714750939443
1445,0.013434424931944916,0.10024846655160263
1446,0.012319808433406383,0.10455784054104249
1447,0.013282004105360628,0.104863780538988
1448,0.012094511463066691,0.1040812595595692
1449,0.011692345921395335,0.10647323477387727
1450,0.014393602878605045,0.10513309350139216
1451,0.013840498736585086,0.10703325994256743
1452,0.013184951120436942,0.10384377329271838
1453,0.013560554926406662,0.10251150158861824
1454,0.01250071525456583,0.10353019672975804
1455,0.012058862104262196,0.10549968522144738
1456,0.012971410123666502,0.10490070348768904
1457,0.013953610633810362,0.10527573253277848
1458,0.01484246950877725,0.10398231801532563
1459,0.015243370800554377,0.1050401948635142
1460,0.013561689300732043,0.10282896141659346
1461,0.012222911260506642,0.1083136159450488
1462,0.011216767050279011,0.10170869506839522
1463,0.013057507832282744,0.10238481774216607
1464,0.012406715707349702,0.10434426849049733
1465,0.01178210494606375,0.10613693681575899
1466,0.013528537702213668,0.10363028426292845
1467,0.011095096076012782,0.10578528588128867
1468,0.011234006645310225,0.10105653678564201
1469,0.011794265576362985,0.10686461276428443
1470,0.012042278347759502,0.10619015935668372
1471,0.013388014152505488,0.10820276256566658
1472,0.011445186569490147,0.10249365190216772
1473,0.012289993230651759,0.10463256799711619
1474,0.013486262943900231,0.10608190124420296
1475,0.014829884517539598,0.10355206567766075
1476,0.01426275796110525,0.10824636698590782
1477,0.014082614572589877,0.10435470292592108
1478,0.01311110958175839,0.10280645028092808
1479,0.015430983917424514,0.10567533865309599
1480,0.016014555949460035,0.10850070536435398
1481,0.012320788465908863,0.10704648307989116
1482,0.014286071577536984,0.10513872782090553
1483,0.0156181321696103,0.10355630091258458
1484,0.010370518994640629,0.10595713975958358
1485,0.010901231119561495,0.10282385851580995
1486,0.011257154451179429,0.10394603788927384
1487,0.013605476925208134,0.10435150098755844
1488,0.01299002126398139,0.10237233176416621
1489,0.011188044898071379,0.10219756922775641
1490,0.010108278109545604,0.10354649318489514
1491,0.011293682509904387,0.1031725902418445
1492,0.011280522043318869,0.10091161712966766
1493,0.011037379520822246,0.10550067226465483
1494,0.013278780001326927,0.10691700496694498
1495,0.014418258355145559,0.10530031808560952
1496,0.014724744249533557,0.10766068621909708
1497,0.014157737821996587,0.10362504717700165
1498,0.010884581748747601,0.10687539898288578
1499,0.010116175174385122,0.10334825881740503
1500,0.009137882774918334,0.1015973354790145
1501,0.009840424037860625,0.10269440400570556
1502,0.010200065502065158,0.10529525281119168
1503,0.010772644952173878,0.10322640582284234
1504,0.01043851318646152,0.10396573257476166
1505,0.010441356285844208,0.10298003784770655
1506,0.01168841026348513,0.10485033900068517
1507,0.010429918912456095,0.10371890934861094
1508,0.0129047659337052,0.10628063149544828
1509,0.011381754874245925,0.10247856135804552
1510,0.013030972161898448,0.1056558324168798
1511,0.01092586383434399,0.10249385008014235
1512,0.01109390850501053,0.10386426192253156
1513,0.010663977302845169,0.10450153174182228
1514,0.012752127581797305,0.10531252202458848
1515,0.012962674552211596,0.10462573827956255
1516,0.010831921209095034,0.10334780240865578
1517,0.010921277949270213,0.10273573646569312
1518,0.010440373271938015,0.10416647250341592
1519,0.009682149028862422,0.1058374813251328
1520,0.010167085284472636,0.10625715617249186
1521,0.009999832993595855,0.10372540098906759
1522,0.013241398464536891,0.10737805247754979
1523,0.010556266713395433,0.10472154716277182
1524,0.012266879590849081,0.1038963970422446
1525,0.011490991175080996,0.10587694850705918
1526,0.012733742758725424,0.10475646138639379
1527,0.012655249960814257,0.10388868494440141
1528,0.01366559228033952,0.10693716489357458
1529,0.013144639824405781,0.10296216272844706
1530,0.011270798151176306,0.10371889750984378
1531,0.01026118020732073,0.10635080042862355
1532,0.009471035058721431,0.10403566505003692
1533,0.009618067399323362,0.10237017214148864
1534,0.010524067500571036,0.10733198260603692
1535,0.0118937787465142,0.10919806730926485
1536,0.010692720283877175,0.10367206937836525
1537,0.01258653592107431,0.10525900958325331
1538,0.012748839409799321,0.10651848263534389
1539,0.011462303311944758,0.10421790292761977
1540,0.010692734529012404,0.10454839326086499
1541,0.012036086194826372,0.10680671049314633
1542,0.012981007432084789,0.10507679575666748
1543,0.012613121080417303,0.10713339537232741
1544,0.012044487925211214,0.10455503992568281
1545,0.010335274767013465,0.1040603724637426
1546,0.009941750780075975,0.10407780243415282
1547,0.011407203386602161,0.10701799092062733
1548,0.011785924135935757,0.10587063209529508
1549,0.010845905316278994,0.10404435324863084
1550,0.012863612312050361,0.10246058284564126
1551,0.012791408952208434,0.10652106165661848
1552,0.01348435585884928,0.10649473210773372
1553,0.011424390247689103,0.10651197245246485
1554,0.010866071279131391,0.10821643910536491
1555,0.011951732566381025,0.10644285489144481
1556,0.01040914090080831,0.10496382293919274
1557,0.011732688033074702,0.10987685030713715
1558,0.01658454865404645,0.10536752555304602
1559,0.011864740442508046,0.10887805835570309
1560,0.013790790811649658,0.10718414904479694
1561,0.012823293501007482,0.10354849567314736
1562,0.011061065168406978,0.10516604316189773
1563,0.011348095581919517,0.10605221643184959
1564,0.010610601636317541,0.10574101606257875
1565,0.010089229505345132,0.10274573747899599
1566,0.008741259557318012,0.10364897323207449
1567,0.01148571863583049,0.10744058589140575
1568,0.011047632849347667,0.10586108470844445
1569,0.009734408045480461,0.10305510547226832
1570,0.009366713470117477,0.10574030327169519
1571,0.014661836467167866,0.10443893463390513
1572,0.011385564340875958,0.10661647468805313
1573,0.010541937103108415,0.10461148022111495
1574,0.011443169084641169,0.10336896685654656
1575,0.010186916867376498,0.10494712286425713
1576,0.01087457628088927,0.10242613067005511
1577,0.012932253491906624,0.10788349620531078
1578,0.012201787031156087,0.10875989339853588
1579,0.011890226231196767,0.1043667520272702
1580,0.01181385967201032,0.10291377708950736
1581,0.010755693891419555,0.10483741157111667
1582,0.01136194380972558,0.10491239927466352
1583,0.00931428286756547,0.10547808680991481
1584,0.010763057085843582,0.1041114298173957
1585,0.011157824107264198,0.10352211453039246
1586,0.00902401930623272,0.10479471003426645
1587,0.008701981789192313,0.1079715843076694
1588,0.009776583316284905,0.10448264343696728
1589,0.008682661367662298,0.1046430949952668
1590,0.007913698656074468,0.10426507427130725
1591,0.01019356988440707,0.10474214855964321
1592,0.008716458202861014,0.1066368317843081
1593,0.00989180242748193,0.10351182148794184
1594,0.010382665016647405,0.10708998222100108
1595,0.011500956795219355,0.10577235626696345
1596,0.009377615280308813,0.10281879667724882
1597,0.009834280214126006,0.10523705214336701
1598,0.008788069973717321,0.1037473460299927
1599,0.008485464221042282,0.10363638098526717
1600,0.008513087110957072,0.10558240246354487
1601,0.01096241454353685,0.10867295184529814
1602,0.00929959332746155,0.10881720490772324
1603,0.00952023722278247,0.1038505771666541
1604,0.009122806718373823,0.10639670164438716
1605,0.008346884523125939,0.1060170463115948
1606,0.008353748669226965,0.10657648391144019
1607,0.009504369565479035,0.10648822586488604
1608,0.008547811435078675,0.1046603401016472
1609,0.009277074550916939,0.10867549639596676
1610,0.010037802663520447,0.10497874030866719
1611,0.011668763562755764,0.10429391108061138
1612,0.011923829655883447,0.10818870091124584
1613,0.009386285465890131,0.10503896424794257
1614,0.010581652165255832,0.10386955220821806
1615,0.009301504541961651,0.10551959046519789
1616,0.008348152322589227,0.10557488408079721
1617,0.01516701463235062,0.10562094028357576
1618,0.01350544827679793,0.10831394089493238
1619,0.016325762190815038,0.1076818130406222
1620,0.01212147649073001,0.10625918161002616
1621,0.010566968863255947,0.10693472338126118
1622,0.009621344448166824,0.10640878555245865
1623,0.009302615501431737,0.10550927027200996
1624,0.00884714626572417,0.10717364718068513
1625,0.013264325459095292,0.10594677187521058
1626,0.009289039064597033,0.10549701007087726
1627,0.009904284580792271,0.1061435574128813
1628,0.011780127379223236,0.10991226934027254
1629,0.010675982865007044,0.10363254029499858
1630,0.01058492844678321,0.10657527508741632
1631,0.008704328344279678,0.1057988678228885
1632,0.009985127117273942,0.10759060984864868
1633,0.011789387209141779,0.10815413570717762
1634,0.010243128791873186,0.10659145078339373
1635,0.011528879281063125,0.10933924253497805
1636,0.009072172894792736,0.10447603880537483
1637,0.008092740128906269,0.10526508520495025
1638,0.009236295988677808,0.10583027300978065
1639,0.00905544047226321,0.10479830093401715
1640,0.008230479448776013,0.10486650250310588
1641,0.008564334450605905,0.10911579028630913
1642,0.010335489228930114,0.10484111893520619
1643,0.014144649764276901,0.10627345625021703
1644,0.008482317287920031,0.10592873198421378
1645,0.008084398887629778,0.10755906371693862
1646,0.011684174403407663,0.10761898817648564
1647,0.010593290604744692,0.10564382359348144
1648,0.008688970791093958,0.10469173852886472
1649,0.01019771654838286,0.10341567801951167
1650,0.008601379358215528,0.10717810184361044
1651,0.010055545494897561,0.10587665016639203
1652,0.008425145204993163,0.10503065492724416
1653,0.007922680831789595,0.10663472631372008
1654,0.008458864599841196,0.10589783681663953
1655,0.010223021525772487,0.10688102915696333
1656,0.008588587853518672,0.10442418500519636
1657,0.009010610182377152,0.10640157170985874
1658,0.009832306841165765,0.10426349233938638
1659,0.008457327993738951,0.10277554588882547
1660,0.007924848783808123,0.10448690440347021
1661,0.009119354613101895,0.10595627805045374
1662,0.01014899738343819,0.10920937809355576
1663,0.009898146971732191,0.10573000318947293
1664,0.008536333918173171,0.106204140324491
1665,0.007777543316753405,0.10573222026938484
1666,0.007311823259476783,0.1043827030667685
1667,0.007863189161128405,0.10533856312956727
1668,0.01301240093373465,0.10596342373611335
1669,0.008246704681231728,0.10588031766333975
1670,0.009269595444905307,0.10644807235190742
1671,0.007780024155084067,0.10650350469022167
1672,0.008177928790543814,0.10421498093688697
1673,0.007214830728517201,0.1062414842216592
1674,0.00812057197773419,0.10479643953996792
1675,0.007680502321875695,0.10578673478580058
1676,0.010258579134659947,0.10916701218762194
1677,0.010163839109851129,0.10639398139819764
1678,0.010070334727518589,0.10679817629189121
1679,0.01026461725035366,0.10463630167165197
1680,0.009187752498114633,0.10352695118962672
1681,0.008049081340315019,0.10640002342692592
1682,0.00864398642296686,0.10582553274126578
1683,0.008736005058781532,0.10536691764915797
1684,0.00921212282008345,0.10562732201396373
1685,0.007711783367789017,0.10823533459937662
1686,0.010751483077476235,0.10614457541614547
1687,0.00820325634225547,0.1087972182677802
1688,0.008286460472634004,0.10789689300278374
1689,0.008750901258779023,0.10828902637749388
1690,0.00718395169765788,0.10671457666950417
1691,0.007498456853436037,0.10468037910105889
1692,0.00844857357910969,0.10514469652023531
1693,0.008360298230377195,0.10414306500128337
1694,0.008963787963367859,0.10579400897997066
1695,0.0076866779394400946,0.10446139636045709
1696,0.008672336585023118,0.10661024848620097
1697,0.009514444249933996,0.10697690207035021
1698,0.008165819544063986,0.10750708953106314
1699,0.00825577073162363,0.10617156339841977
1700,0.007848570624120393,0.10555577265066013
1701,0.008068494738882067,0.10677119083049004
1702,0.00748970808531597,0.10629885724015105
1703,0.007817471751345778,0.10619511361931798
1704,0.007587755611459227,0.10739681365570627
1705,0.008946368816373108,0.10486589163018946
1706,0.0092308580723105,0.1051185969309998
1707,0.009002770783391388,0.10853909417277291
1708,0.009220414379107877,0.10619639045089707
1709,0.009216959623373905,0.10675081890776641
1710,0.009040923985365615,0.10622856323432206
1711,0.008065044452324978,0.10627614441596177
1712,0.008716495977070346,0.10502834268903971
1713,0.007640701961709456,0.10695715431581464
1714,0.007493022395848478,0.10436592716023438
1715,0.007485879333279793,0.10866475839139823
1716,0.009295798510125597,0.10761570120066927
1717,0.007583986897513551,0.10785695088835887
1718,0.00823431131693552,0.10586820923744288
1719,0.008282991577197545,0.10767582783424168
1720,0.0086190397411866,0.10332767572020528
1721,0.008048592363747786,0.11152989327683485
1722,0.011127926883691887,0.1092515551580821
1723,0.008492083534738928,0.1066622822580481
1724,0.008559851702185546,0.10490095634060097
1725,0.0076053452227006916,0.10929255921365623
1726,0.009734327102419716,0.10622573386233553
1727,0.007923362583343713,0.10486085444016564
1728,0.007314535797977785,0.10669235862735518
1729,0.0079223179850001,0.10659332532332953
1730,0.011022905874763083,0.1057200354890417
1731,0.008268832644951419,0.10402886827189223
1732,0.007965279769433557,0.10759583188402921
1733,0.007561657832548866,0.10621810218968188
1734,0.006759452305546722,0.10662077987253815
1735,0.007228774440316659,0.10496893857505388
1736,0.009340139791228861,0.1082250320896469
1737,0.008327253520160727,0.10687045654034555
1738,0.008725792008493119,0.1045062205845252
1739,0.00791836863840526,0.10717943402235969
1740,0.00758264507254902,0.10889734906660285
1741,0.0073349346236893966,0.106808802985906
1742,0.010333566000954536,0.11115896468398564
1743,0.008145711443287396,0.10881846797720232
1744,0.007244195074499029,0.10701585163299303
1745,0.006740149511785814,0.10711801515187237
1746,0.009871401027454145,0.10745383993276678
1747,0.008089510032778266,0.10508387881263456
1748,0.007669950483964299,0.10700786707544685
1749,0.007212456084389544,0.10538008850170556
1750,0.006793046827023884,0.10686393423860234
1751,0.008673606358421673,0.1059929903848727
1752,0.007465092523855233,0.10666312450977196
1753,0.007857974984759243,0.10512962031708027
1754,0.007065171598450943,0.10511264528024167
1755,0.006948432568812145,0.1044405652466872
1756,0.00797567576017676,0.10880506662348458
1757,0.00811594924391628,0.10720801499105037
1758,0.008160501577944125,0.10543054161140494
1759,0.006991207541066146,0.10668658663082242
1760,0.007419128580100881,0.10571200873021196
1761,0.0071932364302048895,0.10636677040268007
1762,0.008694092432657877,0.10744081921221917
1763,0.008665952310200382,0.10652960821948852
1764,0.007783945529786109,0.10602244717958278
1765,0.008268165741842123,0.10749877640104533
1766,0.007372849099572349,0.10626767153727978
1767,0.007618763068187161,0.10561823956948474
1768,0.007279077105505287,0.10501747225460253
1769,0.008845637868738399,0.1058047507004929
1770,0.007822586721359933,0.10621047654845063
1771,0.007792108671727983,0.10821238176939182
1772,0.008807035447127602,0.10981791498218861
1773,0.007248223255499729,0.10664041612978865
1774,0.00761881131245374,0.10533813290055234
1775,0.011304213756215086,0.1071354883692617
1776,0.010025916814382346,0.1072192339035204
1777,0.007647611071947236,0.1039259705253711
1778,0.007453780802868822,0.10604775889326158
1779,0.007417455778322504,0.10555269767093778
1780,0.007840484366078608,0.10626030799216196
1781,0.007706676029934073,0.10656052958547023
1782,0.008066753098307728,0.10627693789345878
1783,0.007372650850868825,0.10648110411818464
1784,0.00935109348897383,0.106993646512653
1785,0.007934253246951028,0.10742024158624779
1786,0.010230944181481997,0.10635044647936236
1787,0.009386822710153443,0.10759630117724116
1788,0.008036067641966935,0.10643513767716281
1789,0.007579116449462918,0.10595551181705971
1790,0.0074143897121151285,0.1084670110752708
1791,0.008354005687899372,0.10671459328859373
1792,0.00720765709045267,0.10694111596074021
1793,0.007519951526591051,0.10579694183846763
1794,0.0075267988678841095,0.10912292122019264
1795,0.00861735695258439,0.11023493099929695
1796,0.008625458829315766,0.10584042223175068
1797,0.007849263449041348,0.10663618573120662
1798,0.008561277451614538,0.10643053868958227
1799,0.007785947082575949,0.10490832218251432
1800,0.007990482910506943,0.10787036934666765
1801,0.008349277679486282,0.10538734398539502
1802,0.007518005984946617,0.10705659095954179
1803,0.007217331452634912,0.10755928514296548
1804,0.006833264797504218,0.1075040128707587
1805,0.006815108142605743,0.10642995162491213
1806,0.0073981054021783595,0.10872646111220047
1807,0.007949672577867531,0.10695694646515642
1808,0.007206001611859919,0.10665924716414067
1809,0.007375132658594997,0.10670136135622374
1810,0.008823380588829142,0.10858978383373796
1811,0.007876589906009488,0.10568954733977641
1812,0.008750601812213097,0.10554636773982443
1813,0.008537130234118714,0.10825592639825697
1814,0.008500909895501422,0.10496629703612555
1815,0.007593630262468971,0.10614284611584847
1816,0.009362735545391557,0.11085411250815355
1817,0.009390109824895297,0.10666540855154358
1818,0.009184675185747867,0.1069089672096391
1819,0.01004421665280495,0.10831831177150396
1820,0.008422080881354757,0.10717624780677613
1821,0.007780442939801786,0.10793638466518923
1822,0.00762129087387672,0.10803148865625076
1823,0.008793534426920631,0.10988964179628774
1824,0.007624757757304974,0.10567194464287363
1825,0.0066562157018848185,0.10924174201518372
1826,0.007847969956204013,0.10788390281281077
1827,0.00707758958422163,0.10834697391230959
1828,0.00805979234066868,0.10698973749738588
1829,0.005985520771300455,0.10523713374496403
1830,0.006225621916423991,0.10485766844865971
1831,0.006240601387788665,0.10775573521777801
1832,0.00588646851210568,0.10785669163056184
1833,0.005977637948667478,0.10825278529696596
1834,0.005370323894744586,0.10797946616297677
1835,0.0069337328368762755,0.10420250741386772
1836,0.00571407857145997,0.10662467809473362
1837,0.006959667938919562,0.10315649162856559
1838,0.006520264512572273,0.10919521282191265
1839,0.006732056708127822,0.10756482497641914
1840,0.006572300966524478,0.10571105907061942
1841,0.0066447454979116066,0.10820051826032481
1842,0.006478251936207028,0.10659892110149365
1843,0.00785852291873135,0.10872409255582288
1844,0.007796557271653939,0.10743553792698342
1845,0.006532583605357498,0.10621607955311772
1846,0.007144624346855489,0.10766576996124477
1847,0.006267221635734697,0.10833788737841417
1848,0.005649293354073973,0.10675537481642607
1849,0.00599980498693368,0.10789690428135688
1850,0.006045043688126892,0.10792675272638637
1851,0.007149001021149024,0.1087765979363506
1852,0.006788520839463615,0.10861521496211078
1853,0.007228127689504961,0.11051312438153982
1854,0.005994053686377387,0.10874256303062416
1855,0.007066557221934668,0.10859672357339907
1856,0.007085607088399383,0.10721541194240551
1857,0.006352082902343018,0.10721242551068615
1858,0.00579680545759276,0.10586888367370854
1859,0.006334660100346466,0.10877956944823564
1860,0.006412435753516994,0.10806561420137123
1861,0.00804485249151505,0.10677888302277204
1862,0.007409257448202222,0.10686096823529194
1863,0.0064893732603006765,0.10701679275896316
1864,0.006259098461588974,0.10684951884032491
1865,0.006294851952800586,0.10667575376673151
1866,0.005729676036855335,0.1071769492817403
1867,0.0055395707564205865,0.1101159707533387
1868,0.00549277007790669,0.10816864943818043
1869,0.005483828417652246,0.10735610758600976
1870,0.005853681157360661,0.1052431330122147
1871,0.005973028229936114,0.10741467131558516
1872,0.005806597131275156,0.10742334112114177
1873,0.006533375068468118,0.10871305606120213
1874,0.0072831835000301305,0.10673571053080093
1875,0.00593088839917719,0.10888145117084484
1876,0.006766901512589282,0.10694427160840285
1877,0.007639849057667098,0.10951942041105495
1878,0.0068179676514236055,0.10849824062266146
1879,0.006289770648047421,0.10910208820176304
1880,0.006941064647486749,0.10646301225985501
1881,0.006170518216003412,0.10790687037589855
1882,0.006745278472139401,0.11030655804283936
1883,0.007473483259947795,0.10747680280889783
1884,0.006588444178162506,0.10785750126032005
1885,0.0059788047318469805,0.10908741446067217
1886,0.005540471573787852,0.10979023671015761
1887,0.00644416646715605,0.1087273125884527
1888,0.0058190948944890275,0.10877924156666997
1889,0.006275911595812946,0.10712602407785884
1890,0.005890324099703967,0.10703915486434348
1891,0.005344502431627527,0.1067165226528519
1892,0.005145797860345938,0.1071612544563181
1893,0.005551159001137101,0.1067098669689102
1894,0.006090407230475414,0.1062914124108795
1895,0.005914613557686596,0.10642892329540468
1896,0.005653065945601689,0.10669752794847752
1897,0.008861394025057368,0.107895974452633
1898,0.00575100820300714,0.10642342980867042
1899,0.006245356709139902,0.10748267399712015
1900,0.006338683671593291,0.10686527599666949
1901,0.00609964783356156,0.10696219813480114
1902,0.006385646766321089,0.11288801961599436
1903,0.006929082192668,0.10808947962477691
1904,0.006414101722667802,0.10626718022844248
1905,0.006976230646946332,0.10862518057115096
1906,0.0057788632646109325,0.11005905294851552
1907,0.006310687704984122,0.10825184906335701
1908,0.006866499219300612,0.10975356700650432
1909,0.006104196770315837,0.1071499028152093
1910,0.006643690660877048,0.10713148725809608
1911,0.005889842108056043,0.10833935349955595
1912,0.005829457952143074,0.10607872819317911
1913,0.006084873150659245,0.10837829141016293
1914,0.006028337840506303,0.106917487200639
1915,0.005872607740731734,0.10837015154815856
1916,0.007791901279662577,0.11150398112852174
1917,0.007487070726219026,0.11018816236042439
1918,0.006823439045615916,0.10778155147954635
1919,0.005964256647341656,0.10617882638870922
1920,0.005736882397143534,0.10690005470935564
1921,0.005749599393105732,0.1065155473306663
1922,0.005734616823189851,0.10903589746781758
1923,0.005105304443892443,0.10717231806432992
1924,0.005078730794290702,0.10835958298361092
1925,0.0052273075254458306,0.107906901298609
1926,0.006143130728119762,0.1080571472233997
1927,0.007046886842768147,0.10901119931598653
1928,0.006983704100591394,0.1085538811290772
1929,0.00592060377177015,0.10655290782825093
1930,0.005396757512089779,0.10925742998756562
1931,0.005985301851921674,0.10811422432873183
1932,0.009458845762430498,0.11060964555145804
1933,0.008288739307683968,0.10805812321211163
1934,0.007290662846194123,0.10843895782802936
1935,0.006471849544524397,0.10871002462722902
1936,0.006240686715094361,0.11023809521792825
1937,0.007002174218753411,0.10897083729879002
1938,0.006115477980237524,0.10707792820861764
1939,0.006254786347279196,0.1084582476612918
1940,0.006735775643174753,0.11000970140435642
1941,0.0051204843546187725,0.107272659664166
1942,0.005733648162780318,0.10833031799933665
1943,0.005489465458400594,0.10933064990548562
1944,0.005274885732375976,0.10873530849926454
1945,0.005781767368550945,0.11255787484777302
1946,0.00562291132848499,0.10990360366147861
1947,0.005820421619141627,0.10594750410482698
1948,0.005244216527321241,0.10688154776592303
1949,0.005197053488179948,0.10465468115226965
1950,0.0050714991506446835,0.11050965384881299
1951,0.005109003935384113,0.10701215108459755
1952,0.006442105546945108,0.1061547897513349
1953,0.004980728079992457,0.10824959105193466
1954,0.005338975043861933,0.10780128780612372
1955,0.005322515302624718,0.10978725436785466
1956,0.004972344331747893,0.10942889320521725
1957,0.005245388139906169,0.10876843012066413
1958,0.005385052357103277,0.10655111699997631
1959,0.005848486837491674,0.10724459018997082
1960,0.005571927886995129,0.10933934620821983
1961,0.005484391337717479,0.10637882645043514
1962,0.005525457002105391,0.11036218672916107
1963,0.005706081802388595,0.11071466818862691
1964,0.0054202031215313095,0.10963039225280136
1965,0.005221954784092476,0.10862051891653161
1966,0.005409144708570445,0.10967982190668135
1967,0.005183559417748039,0.10752399234021816
1968,0.0060088159165011265,0.10870956881602008
1969,0.005476473118969292,0.10832923830003667
1970,0.006290570402271905,0.109173344023395
1971,0.006788904597080729,0.10862486284777037
1972,0.007401641513917994,0.10786300680989909
1973,0.005554841523814314,0.10813893760580168
1974,0.005532811064882286,0.10870871832944397
1975,0.004902494096039039,0.10969779687119008
1976,0.0052257976641163885,0.10932759720281252
1977,0.004765121096381976,0.10867801355314732
1978,0.004736866230883126,0.10984276433038831
1979,0.005197799764573574,0.10794161958503246
1980,0.005662420612273726,0.10790800163172241
1981,0.005069971787479689,0.1078407982350292
1982,0.00489735826498495,0.10989289484301903
1983,0.004786379193102226,0.10833628714682166
1984,0.004823224355449092,0.10799214456762586
1985,0.004706900030866546,0.11165467485374675
1986,0.005263225597171289,0.1069044218699735
1987,0.005117278133149979,0.10877719820292671
1988,0.005832470317939355,0.10885328945136608
1989,0.0056760395209322564,0.10704837339862547
1990,0.00579885952760401,0.10854848224044145
1991,0.00577811556194657,0.1079142662442119
1992,0.005369756001768247,0.1075856970777189
1993,0.005022635680488633,0.1094755969922943
1994,0.005207937937112724,0.10923486499858082
1995,0.006796738211908993,0.10775273117729298
1996,0.006196148989358975,0.10776300011272717
1997,0.007278047323390935,0.10848209771670793
1998,0.005065223945995922,0.10796349889652472
1999,0.006363205919217951,0.1102918063040664
2000,0.007340662802259128,0.10881648324710086
2001,0.0061725399972367215,0.10901597336420141
2002,0.005230504925708351,0.1087051174395664
2003,0.005148769268449748,0.10727169883803915
2004,0.005011360005786021,0.10752859847960915
2005,0.0049616527368765585,0.10771964910559188
2006,0.005197715769820618,0.10737478805887968
2007,0.005176076604018234,0.11052522024041728
2008,0.005308067669166521,0.1086345017329792
2009,0.005885485073539821,0.10764596924970024
2010,0.00549899820976381,0.10798615344186176
2011,0.005396559084736326,0.10986469411536266
2012,0.006692314239324264,0.10709472415142489
2013,0.005338029924241252,0.10720792403421306
2014,0.005091087447491082,0.11089452124553217
2015,0.005207572893807723,0.11031723024328251
2016,0.004966827302749427,0.10919598846656636
2017,0.005154837611125513,0.10989637347988616
2018,0.004524599157461205,0.1100163309085638
2019,0.004888395377604654,0.11058881733202397
2020,0.005106798443451243,0.1089295749190756
2021,0.004932741051738929,0.109611159428618
2022,0.004947306696653554,0.10870194720818584
2023,0.0056879112977276805,0.10981557632149909
2024,0.005145769917740012,0.10735471486895903
2025,0.005719069452991463,0.11218792579153128
2026,0.005365876644943496,0.11010943351308804
2027,0.005064545887516542,0.11072094241778056
2028,0.004853452344969759,0.11053552101354551
2029,0.005025678525134077,0.10945626232483632
2030,0.005294806719318313,0.11007461134801831
2031,0.0048658683421617405,0.10887227489386585
2032,0.004840623897810777,0.10872141452959008
2033,0.005086158044964263,0.11021290086489871
2034,0.005301096924703638,0.10786150675967224
2035,0.005068139331239574,0.10843154528460706
2036,0.005119784905007051,0.10819480409448906
2037,0.005060668358192692,0.10945543921307514
2038,0.004841367857612716,0.10857454793793815
2039,0.005103419968307768,0.109223041412675
2040,0.006572551875955092,0.11153216775796168
2041,0.005210198962814965,0.10975467426735058
2042,0.005400406354862564,0.11018865721715722
2043,0.004859492337952058,0.10935407257020324
2044,0.005764975048507909,0.10984762369615392
2045,0.004747025325964644,0.10866909382636086
2046,0.005027322634562569,0.11099953867289655
2047,0.00609147740504558,0.11118568900160324
2048,0.008555358879080733,0.11084015081102089
2049,0.005489101478209098,0.10820714261074711
2050,0.005541577118115043,0.10962984453242525
2051,0.005228210395822923,0.10932815971231102
2052,0.005210211231086239,0.10891718544383396
2053,0.005123989103045666,0.10977773269391
2054,0.004852939072012339,0.11046575489722398
2055,0.0055098088967772026,0.10896136755483192
2056,0.004649431945510068,0.11192823397485833
2057,0.0051287726217986275,0.10776806488297039
2058,0.00515500268658752,0.10866350359411765
2059,0.005310273319248509,0.11245486170128174
2060,0.006519950806227683,0.1102387943400775
2061,0.0071654280635920714,0.10932883637067967
2062,0.006215906968492569,0.10980555357266787
2063,0.005016965996591175,0.10890260099767145
2064,0.005483276811106212,0.11129001916425868
2065,0.004812613109114973,0.10936224667873598
2066,0.0049195886156141,0.10848750463479145
2067,0.004602686103737954,0.10869557290970532
2068,0.0048245479493349225,0.11024026772506852
2069,0.00543255034435845,0.10988225642227589
2070,0.004642553554273814,0.10926743847012221
2071,0.00487689577253922,0.10865796011940279
2072,0.0047464792956393095,0.11015376013547257
2073,0.004690230709834481,0.1120261243710243
2074,0.005602490716268244,0.11157184766423434
2075,0.0053648756313249,0.11060941189452819
2076,0.004799217668086666,0.10883271612021558
2077,0.004734450901430921,0.10924480618316129
2078,0.004851732622691483,0.10847310856320805
2079,0.004496445129596212,0.11026021580498918
2080,0.004655889646917488,0.10929385940532636
2081,0.004813779971369033,0.1091178153130345
2082,0.004644254172724561,0.10936132708288972
2083,0.004674800170831523,0.10929336342820548
2084,0.00493965411570462,0.11003341852572926
2085,0.004749372160741649,0.11002870822759499
2086,0.005191923382709611,0.11068736287510783
2087,0.005110460954407851,0.10936966852137917
2088,0.007277686784407066,0.10878786907757733
2089,0.004896871534720907,0.10964321628922508
2090,0.004684556858414937,0.10811553899208107
2091,0.0046435375170747065,0.10880880649750095
2092,0.005026598130030639,0.109834915843972
2093,0.004632842428279373,0.10861671237942569
2094,0.004418261489778195,0.10922671376463763
2095,0.004738496733630229,0.11010421831207466
2096,0.004283403090359467,0.10807072739105177
2097,0.004434901582510592,0.10948876999225234
2098,0.004762577824294567,0.10920625781280953
2099,0.005093115507830052,0.11079496696105876
2100,0.0048048035036655345,0.11049735525571613
2101,0.0045025731735634355,0.11204561241960764
2102,0.004635796119289109,0.1116371054510425
2103,0.004868602113645969,0.10867107215157726
2104,0.00436776169171592,0.10917043280706071
2105,0.004369892341043777,0.11098831531622057
2106,0.004337335807862897,0.11042743094060056
2107,0.004488031924614367,0.10951758444981467
2108,0.004331069816864512,0.11076382497199495
2109,0.005053726733668045,0.10982130930985425
2110,0.005147296800600283,0.11455386475587548
2111,0.004470959396552552,0.11007777437156901
2112,0.004449408788398002,0.10986671546348055
2113,0.004299172247121544,0.11200473466911412
2114,0.004846534747396063,0.10845414754516798
2115,0.0045271292855998254,0.11175762314844251
2116,0.004873898548056495,0.1077018554198712
2117,0.0055127561929981285,0.11035668941443427
2118,0.005450432648612831,0.1113315850757716
2119,0.005153455619214091,0.1105735067810331
2120,0.0053944204693789,0.11064433715397254
2121,0.004759365792310088,0.11012413561866995
2122,0.005178427897721717,0.11095094721867028
2123,0.004767141591921542,0.10915335602031316
2124,0.005186541779142506,0.10913286210600297
2125,0.005353550318300536,0.11048132024313274
2126,0.004650178652420733,0.11165968758196461
2127,0.004299627769293275,0.10926667475760132
2128,0.004629497064874982,0.10995569802764663
2129,0.0052892604971644264,0.11022977713952985
2130,0.0044957495370657186,0.11127957778242895
2131,0.0059632570424216725,0.11248063742367546
2132,0.005087434084289385,0.10960095013517485
2133,0.005380350326146907,0.11070362545717928
2134,0.004546013241926642,0.11169193289184332
2135,0.00428690374155277,0.11043006303092293
2136,0.0047559088693474826,0.10987448021956255
2137,0.00573442465151256,0.1108946837951665
2138,0.004797662075304385,0.10831170994088166
2139,0.0051969963787767874,0.10971370152662273
2140,0.005327176659971288,0.1115066584825217
2141,0.00597550667260053,0.11134231949509833
2142,0.005771461399799248,0.1089429392066217
2143,0.0043585215777205595,0.11138021305464861
2144,0.004409562292620071,0.11003283795930986
2145,0.004410722626830047,0.10864190212019105
2146,0.004698950340444187,0.11213274539114539
2147,0.004480067874837971,0.10947866730373305
2148,0.004465209321651912,0.11292920659359236
2149,0.004110194815896779,0.11062794395332647
2150,0.004410795832298837,0.11097485755096402
2151,0.004159833480305267,0.10901990926878195
2152,0.004360189924965489,0.11032357434730482
2153,0.004791752955108974,0.10928231126682501
2154,0.004410569324691153,0.11176486821252302
2155,0.005161939010188077,0.11078730257307377
2156,0.005205172521161771,0.11202363053658851
2157,0.004511791870068267,0.11011724343948197
2158,0.004498313637977501,0.11067592044521991
2159,0.007053506018816488,0.11357054026578005
2160,0.004938568422020231,0.11330983881140712
2161,0.005617954490015154,0.1103485559759881
2162,0.004564072192886715,0.1097936384697307
2163,0.004464477051705497,0.10994518975864974
2164,0.004329330167797564,0.11239463365391682
2165,0.004242065796078001,0.11068110885028552
2166,0.004189466433775313,0.10884628476654377
2167,0.004090480374629205,0.10954551830103523
2168,0.00426259003696764,0.10954265320734273
2169,0.004180252215233426,0.11103495977874986
2170,0.004281002991545781,0.11147414127313404
2171,0.00416125012298097,0.1115724719444612
2172,0.004214771007006086,0.11180674163321205
2173,0.004635147003562383,0.11087817159063536
2174,0.004396237154731398,0.10973026362576879
2175,0.004788912920597589,0.11137941306022774
2176,0.0044695262111864,0.11119944064464785
2177,0.004207860860012987,0.10842680824654442
2178,0.004345452219669549,0.11244775054224751
2179,0.004153347278376983,0.11270924932078312
2180,0.004524664672197036,0.11020432082109881
2181,0.004496332864224349,0.10969845644364082
2182,0.004182025632065422,0.10918706250295304
2183,0.006971422811302374,0.11103217316824093
2184,0.004733204949975201,0.11046598945046428
2185,0.004828828830658546,0.10971885766451221
2186,0.004148259940527895,0.10950216538924024
2187,0.004094446077942848,0.10966232441421739
2188,0.0043331131327358436,0.10965777184804879
2189,0.004482443242351401,0.11097513051484163
2190,0.0047184208982020805,0.11338765118131064
2191,0.0049235702011991974,0.10968876209922303
2192,0.0044735035677469755,0.10996891870011662
2193,0.004064515391188972,0.10951464238546248
2194,0.00431939527105376,0.11159126333574902
2195,0.004204255941692951,0.1094586964799348
2196,0.004147335405186194,0.1101682112181097
2197,0.004357799542072059,0.11163419122833357
2198,0.004130364372248545,0.11014602962591893
2199,0.004393639652140485,0.11125689337875012
2200,0.003937131145371581,0.11028766878565452
2201,0.004321394630256783,0.11083174952513591
2202,0.0044111207291577595,0.1104578647136987
2203,0.004049979847322845,0.11268211684579539
2204,0.004860623001630576,0.10905475766960541
2205,0.004265714460198984,0.10988452390097735
2206,0.004055234934525483,0.11056899579993465
2207,0.004336850867026819,0.11018899510752288
2208,0.004291289055473962,0.11068142013143477
2209,0.004438514954486639,0.11064126648774422
2210,0.005653977490750686,0.1105051070526429
2211,0.004364057977057103,0.11166486769615856
2212,0.00455967630640422,0.10880095218506672
2213,0.004514375370604999,0.11017624440049767
2214,0.004020144421982128,0.1097995430455172
2215,0.004246821301936541,0.10996254034956596
2216,0.003998501444493169,0.11049204853767142
2217,0.004340602635587536,0.11232345228207141
2218,0.0046675059059927675,0.11293610648478482
2219,0.004301410812720563,0.11048007988018499
2220,0.00390727034295505,0.11242929465116415
2221,0.0042436501427126,0.11213740805411399
2222,0.0039018453655284154,0.11129721115929142
2223,0.004043599718057041,0.11274344375109613
2224,0.0041667409651215724,0.11235347696414269
2225,0.005008165994014755,0.11258633615901895
2226,0.004208711888231103,0.10923399850912859
2227,0.0050552843618880275,0.1144666109504855
2228,0.00453882255011572,0.11002539251382489
2229,0.004804025380725756,0.11205548051754036
2230,0.004661618805133134,0.11392884740703985
2231,0.0041294238682391135,0.11396726159224833
2232,0.0044023188639361905,0.11243321472092678
2233,0.004204250160464138,0.10890091261021177
2234,0.004337525616089503,0.11181434004901346
2235,0.004019236004671211,0.11069469183758088
2236,0.0042443878746609084,0.11135060431664451
2237,0.004308192173616504,0.11205030593059416
2238,0.004876269133023496,0.11221276020122352
2239,0.004063814707135536,0.11048524638166404
2240,0.0043988121488957475,0.10974948098859691
2241,0.004020144903751195,0.11250681616832738
2242,0.003888361995055709,0.10960516992741659
2243,0.0038961458675938207,0.11176293780256931
2244,0.0039130180617267234,0.11121137662414919
2245,0.004119632651431943,0.11138207129293815
2246,0.0042713966905930136,0.11191022926404662
2247,0.004078491693421168,0.10970470380215418
2248,0.004090060848953589,0.10977181022926082
2249,0.0042307009282024025,0.11142740719823312
2250,0.004254456075002094,0.11275218548556618
2251,0.004101119742219178,0.11271408159183081
2252,0.0038715797365180354,0.11019662776985265
2253,0.003993605193242712,0.11254468250244781
2254,0.004393747805635321,0.11188734963274839
2255,0.005004761166542581,0.11054721454107075
2256,0.004056822833657827,0.1118237392645432
2257,0.004686553751663217,0.11162562065181278
2258,0.004330949690895823,0.11091997162590649
2259,0.004561343444101278,0.11149773634690091
2260,0.004570095236091025,0.11160132716547576
2261,0.003892532677196388,0.11150039743660088
2262,0.004259262333547919,0.11153220256468407
2263,0.004010084252101633,0.11161707590023677
2264,0.004012912283387949,0.10984231361694503
2265,0.004083030895218722,0.11094574628393154
2266,0.003831539297206972,0.1099947546807148
2267,0.003986471643050511,0.11040216056924117
2268,0.004662119273869497,0.11199080396938443
2269,0.0038275394776144866,0.10979193394868296
2270,0.004082879294647173,0.11002463882877714
2271,0.003936148190039134,0.10970511754279148
2272,0.004078548135083614,0.11238730814597361
2273,0.004187828240295251,0.11045621880761962
2274,0.004188490873378403,0.11247549051031433
2275,0.004289777170421567,0.11366540077784307
2276,0.004156096115028896,0.10971857161076744
2277,0.004029808002201922,0.11364378731576423
2278,0.003935977857583349,0.11330055127989379
2279,0.003938445042373624,0.10932203212328125
2280,0.0040737107899860014,0.11014785425256667
2281,0.003961705769640657,0.11124038518894286
2282,0.0038424608584657406,0.11178948459469884
2283,0.004064753024879866,0.11216412240027784
2284,0.00385622131936955,0.11240344974480775
2285,0.004216199272177504,0.11253333397975243
2286,0.003917601814716117,0.11037987136377726
2287,0.003790602956330345,0.11209264362142199
2288,0.004503901207339276,0.11316247682150145
2289,0.0037889456517010366,0.11008642451431518
2290,0.003893115970675113,0.11063774822648605
2291,0.004029820159183077,0.11252296256615703
2292,0.004201938781840434,0.11215048077934069
2293,0.003962416392194587,0.11149124599489055
2294,0.0038235337479309464,0.1099583561856645
2295,0.0046927279986019406,0.11020582908750477
2296,0.004238381801735399,0.11101770068619185
2297,0.0039821540945613725,0.11171903379056089
2298,0.004284893084938328,0.11133283944357009
2299,0.004195939526899056,0.11240476446417638
2300,0.003971508339504307,0.11133957784949687
2301,0.004352736799339266,0.11019604191893623
2302,0.004351704896855279,0.10984384388030323
2303,0.004161447535544259,0.1104773425107313
2304,0.004299632335116841,0.1127147726285129
2305,0.004096106875031811,0.11180027475333154
2306,0.003906751092546766,0.11042669116703789
2307,0.004237231589068875,0.11197179568964138
2308,0.003944071033184633,0.11047453560252536
2309,0.0038041781045426177,0.11246671930963832
2310,0.0043196671337779585,0.11048170886840437
2311,0.004697416247155682,0.10947919567874201
2312,0.004989671966049282,0.11103658032671251
2313,0.004245249709735314,0.11245451197214891
2314,0.004407279768888399,0.11129334369174819
2315,0.003977442950994338,0.10949700368675672
2316,0.004240337852974358,0.1107592996312562
2317,0.004056150808274371,0.11043494732532286
2318,0.004187815222280018,0.11371738528996184
2319,0.00458733648729493,0.1110781166786538
2320,0.003921634254028213,0.11113912531905305
2321,0.003981005558568351,0.11180962330864784
2322,0.003832336608906212,0.11153340627226913
2323,0.0038654634688026126,0.11470804428845122
2324,0.0038773905406793894,0.10999390382067602
2325,0.004117897079097775,0.11045190544430177
2326,0.003936835368450895,0.10991626890156801
2327,0.003817223437107022,0.11062044013562358
2328,0.0038676944271362613,0.1113443192383998
2329,0.003980963634409057,0.11211212098897251
2330,0.0044450309382365,0.11274126028282601
2331,0.0040448331830542795,0.11236666503332014
2332,0.003994658934948205,0.11209547217179061
2333,0.004335066303610802,0.11265762066258524
2334,0.00404349855973192,0.11000092478847145
2335,0.003821411366287455,0.11209304001471751
2336,0.004272386917856129,0.10983005761726757
2337,0.0037687013303544722,0.11080378822440791
2338,0.004201143561223955,0.10978851487911434
2339,0.004002930277243913,0.11171281935278336
2340,0.0038926612509637133,0.1130104465106675
2341,0.003805952527378715,0.11201268688479163
2342,0.003978028675283557,0.11210347605603081
2343,0.0037424514193158103,0.11074494408037429
2344,0.003777817212361491,0.1115575172287181
2345,0.003945030578054815,0.11066368582628126
2346,0.003788471974596475,0.11230636897839998
2347,0.004020597589489237,0.11213603402887072
2348,0.0038411320866606896,0.11087822195207864
2349,0.0041840643367185345,0.11239370029597055
2350,0.004256950181750757,0.11270055583769217
2351,0.004092320681215738,0.11003886058665159
2352,0.003977250328299197,0.11173672471802336
2353,0.004320831327997851,0.1111022047605132
2354,0.00378046956487328,0.11287358890574678
2355,0.0037374620182357684,0.11105535954311677
2356,0.004153778174681202,0.1116603495259034
2357,0.0038738324696420685,0.11111038693583998
2358,0.003871119108179924,0.11023982037278943
2359,0.004204600239641168,0.11100858218389048
2360,0.0038327838926804515,0.11015747140224715
2361,0.0038587913977321964,0.1134884221138512
2362,0.004076636516424657,0.11038843925136671
2363,0.0038542634830956565,0.11321708720578884
2364,0.003970108823792177,0.11140414515981698
2365,0.00436012082844504,0.1137259364277498
2366,0.004079196168660368,0.1106000684556507
2367,0.004324387517353555,0.111102984027755
2368,0.0037373207603235664,0.11150520700111724
2369,0.004167912322910702,0.11183463804479829
2370,0.0038991257776769825,0.1110547981913526
2371,0.004055504839422193,0.11045949383263003
2372,0.003892736257575218,0.11238271248221099
2373,0.004354916316744104,0.11129337244837505
2374,0.005378859428068002,0.11136376297563538
2375,0.003790709097816978,0.11085240098468044
2376,0.003899377387063871,0.11121139363537456
2377,0.003817054369844168,0.11091254356510956
2378,0.0038331682580001886,0.1127053284480757
2379,0.0038054855276812923,0.11026820323819804
2380,0.003980838638033319,0.11126832396987088
2381,0.003772458988505433,0.11145271146133132
2382,0.004221925636425427,0.1103410671154658
2383,0.004016569875614167,0.11146622786022965
2384,0.003916415595303073,0.11016422254325155
2385,0.0039016324675308083,0.11177925730035418
2386,0.003885061872549027,0.11382985070235747
2387,0.004193141908566438,0.11147563340595193
2388,0.004079022529716574,0.11249816118923943
2389,0.003874809529526897,0.11127438947072901
2390,0.00424792548149543,0.11235488519856804
2391,0.0040525905348641695,0.11086914975915038
2392,0.003677268830309593,0.11141700432040638
2393,0.0038806104727979727,0.11068203858564372
2394,0.003910799630853177,0.11083670539365974
2395,0.003801895769711279,0.11692738514346886
2396,0.004044552090571924,0.11072592575448498
2397,0.004143278908171931,0.11163222442444105
2398,0.003983432525159709,0.11458379086247064
2399,0.003921283488074002,0.1098443620971271
2400,0.003933175083296666,0.1127569619612885
2401,0.003830001258976617,0.10993658480488866
2402,0.003909428923174083,0.11365788474791032
2403,0.0040450213409655685,0.1105371526160037
2404,0.004056057834166026,0.11135530329885937
2405,0.0038232968610553246,0.11162118981580686
2406,0.003951636233818044,0.11388521127981649
2407,0.003963783518089063,0.11126942684253056
2408,0.003777921765035241,0.11297665254439328
2409,0.003664695360527942,0.11063224966065925
2410,0.0039295056049928724,0.11452837523661162
2411,0.0042683664275883874,0.10992928661574099
2412,0.0037680569444578024,0.11069441190862417
2413,0.003696316819485722,0.11089037580971133
2414,0.0037346725211531485,0.11148959833353683
2415,0.003787193548391169,0.11255052792174476
2416,0.003721379688150197,0.11298755287451852
2417,0.003923367014822533,0.11166896633710478
2418,0.004114016146639233,0.11334576050664548
2419,0.004110737571949666,0.11125845986798891
2420,0.003890388955672582,0.10960049288613456
2421,0.0037772089869674273,0.11186063911457707
2422,0.0037062819139247047,0.11163756944108427
2423,0.004218517681115172,0.1138231688760277
2424,0.0037340919264598088,0.11235170759129942
2425,0.0037855372219434322,0.11081861807290175
2426,0.003812446948668023,0.11271599321661138
2427,0.0039035766239061296,0.11060204063740589
2428,0.004151446457788255,0.1141113528146182
2429,0.003884479098912305,0.11029902571126034
2430,0.0038522492476252826,0.1125137554785064
2431,0.0038123705011423466,0.1116969188241134
2432,0.0036976300033523977,0.11171707087068032
2433,0.004561428762620913,0.11350632854795695
2434,0.00406261278995834,0.11064700621710087
2435,0.0038990618532183784,0.11094077344152861
2436,0.0042037933115970415,0.1095052693683402
2437,0.0040245994298759875,0.11274029191275288
2438,0.003834005392525556,0.11170722751465059
2439,0.003715145795565075,0.11083596397686124
2440,0.0037982045854412535,0.1115609725241673
2441,0.0038733531592074055,0.11313679304562117
2442,0.003730697364036767,0.11340989900710888
2443,0.004269451465246812,0.11209889665656819
2444,0.0037708118259203883,0.11269055430154155
2445,0.0037527758226899794,0.11396243865776778
2446,0.0036691167954144613,0.11263144184324078
2447,0.003823913721684015,0.11171384316339229
2448,0.0037056813324046023,0.1136239391744585
2449,0.003904891769993324,0.11116944262781239
2450,0.004259308636094789,0.11131473359906285
2451,0.003664920598549663,0.11145019441618956
2452,0.0037413214585222537,0.11193664728624181
2453,0.0037049153708390097,0.11084304262596861
2454,0.0038404770652359387,0.11240346421648685
2455,0.004079834678145887,0.11049117513915949
2456,0.003940202957663521,0.11207588595854011
2457,0.003946710667871642,0.11258188562285631
2458,0.003832958934465482,0.11032661130852568
2459,0.003666643319803776,0.11011670333774466
2460,0.003772017219449458,0.11383132998805895
2461,0.0043918165808789576,0.11007811483882722
2462,0.0039521287672760535,0.11142765960298982
2463,0.0039486231387786145,0.11151192561352163
2464,0.0037591843104353116,0.11307965108849351
2465,0.0038452169553335734,0.11126695472495
2466,0.003721636348058405,0.1108686375177295
2467,0.0037310350329011867,0.11157214436166567
2468,0.003882870394385086,0.11107387500149864
2469,0.0036012035583690653,0.1112575153808546
2470,0.003721538806662151,0.11074344716723401
2471,0.00375514491549078,0.11125200749713376
2472,0.0041132802407274835,0.11091268141018717
2473,0.003845315819032162,0.11072509974838797
2474,0.004167818689847704,0.10968110930725447
2475,0.003801460667812037,0.11323781150923039
2476,0.003641311137837434,0.11324011575533334
2477,0.0038926673118821666,0.11043300108055125
2478,0.003780202805386774,0.11256454780436399
2479,0.003773394466887386,0.1108073183057601
2480,0.003850271786217513,0.11168290997731656
2481,0.004083509732670379,0.11350137867350925
2482,0.00398552565360969,0.11342467694428929
2483,0.004216968811134684,0.11081451803147045
2484,0.0037122476705402697,0.11326336858789425
2485,0.004230528186901279,0.11319644334621
2486,0.0038662788505027506,0.1105923326989463
2487,0.003914258671256731,0.1112131837167238
2488,0.003751029594326919,0.11202479206156313
2489,0.0037911080846082675,0.11145677051523276
2490,0.003996321925623987,0.11237626440617673
2491,0.0038640617697540693,0.11127519411476035
2492,0.003909756631572854,0.11250772554996916
2493,0.0037141856517783314,0.11181327885478959
2494,0.004174020577737558,0.11217773309850454
2495,0.00443431549799283,0.11363202236350019
2496,0.0038965913004376605,0.11446907059441234
2497,0.004080340207653976,0.11239484734926607
2498,0.0037443604607299064,0.11182783672908195
2499,0.004204545293073609,0.10974726865166112
2500,0.004171885552950813,0.10958634161934219
