epoch,train_loss,val_loss
1,0.9713692080264554,0.90275895520858
2,0.8549775927791775,0.7933140884067181
3,0.7242852970724195,0.6406577894263399
4,0.6414762712945011,0.6235427668220118
5,0.6131486898305648,0.5538547384111505
6,0.5740503793973534,0.5673820192652538
7,0.5295976538643195,0.5180356874501795
8,0.4901913806188817,0.44077169133308236
9,0.4365243448359092,0.4234479921951629
10,0.4266148945754598,0.40400125986352603
11,0.4052386367956299,0.39180992816325116
12,0.4168197632209634,0.4165567268703814
13,0.39399015987554686,0.3803777735783044
14,0.3824695477665031,0.37473605472342414
15,0.37904354612281704,0.3650392766733815
16,0.3690886918840737,0.3646974735391469
17,0.3537894978792316,0.3591716240970114
18,0.38733064455672117,0.36466292749371443
19,0.3672074345772543,0.36951158294701636
20,0.3899227018266636,0.3586835305493577
21,0.36008295323407763,0.3485655399193441
22,0.37317983474477334,0.3390187315624161
23,0.36033129664050373,0.37562849729282216
24,0.37833209247050986,0.3403435743094088
25,0.34033418224896755,0.36001346628169967
26,0.3571662672074237,0.34796653303287384
27,0.34375798851718725,0.3368043001731834
28,0.33987853631704207,0.32875200426369383
29,0.3464565512528614,0.31245608444799455
30,0.32700483561683225,0.3450394275791962
31,0.3443634739863835,0.32266485631316527
32,0.3319610003206797,0.3379499054791635
33,0.34916785051082744,0.36632204653326433
34,0.345126087762719,0.32536466662447555
35,0.33783825456535554,0.3153236422473028
36,0.32293242141370865,0.30463140329023947
37,0.3180122081202026,0.31424781978877264
38,0.3085746010269117,0.3151026827500279
39,0.31244387942421775,0.3085744872427823
40,0.34336712442595385,0.35230301869542974
41,0.33941563506111455,0.32741373934243856
42,0.34607379479468053,0.32282195540896635
43,0.32080067895049214,0.3223083881208472
44,0.31902620233712153,0.33593818254040597
45,0.3084849315377238,0.298248250009422
46,0.31933218801283164,0.3134503572208242
47,0.2993898206743701,0.30599564709759
48,0.3366095043461898,0.3062669855908941
49,0.3206140771741777,0.33037444067778143
50,0.3059903840099383,0.30205151401366803
51,0.30024399699462245,0.29295302707151066
52,0.2848367623774609,0.2934450224079285
53,0.31023276608939454,0.29032164722456966
54,0.30168552664006393,0.29994703683638035
55,0.35474388763822357,0.3289349461557871
56,0.34192732378233187,0.3292282707709119
57,0.3012151862012929,0.3007023524222219
58,0.29988260114080856,0.31668133641544144
59,0.32596419438673035,0.28236282334889384
60,0.2687609200380439,0.25510730637344803
61,0.30727469164375976,0.3149527603372894
62,0.2878204215096082,0.2627772273575154
63,0.2620668536443322,0.25403905557211776
64,0.2623938901764472,0.2449172101821517
65,0.2659227394945569,0.2955200547413121
66,0.24952368106587927,0.26945666703663973
67,0.2609560180420412,0.26871202023405777
68,0.24969887967019994,0.25646211957572995
69,0.23321683177006283,0.22063146860229044
70,0.2779470265472197,0.2983430522426328
71,0.30492365425656953,0.2401142503907507
72,0.2219075592333994,0.269479176902532
73,0.2247268614070169,0.22071574419214016
74,0.23292389002900138,0.2176861664406339
75,0.22524911609002415,0.22606317486081803
76,0.19492177011264156,0.22599516375769949
77,0.2123774787101626,0.22155530676058957
78,0.2253269493393016,0.2562627557076906
79,0.21586615071401327,0.21748659276125723
80,0.19922673949814143,0.17376188679894708
81,0.17129886584782675,0.20095284413873105
82,0.22040403566577219,0.17520195973995037
83,0.17902382194622182,0.18794742514166915
84,0.1833217946059278,0.19176797090765826
85,0.16762062285947948,0.16751369270017571
86,0.17133021747056967,0.1846622870231332
87,0.16391989546696595,0.19335079570312547
88,0.19673223158222009,0.15589364108286405
89,0.16813342576863996,0.16671574985921234
90,0.1590214333377288,0.19771349067825422
91,0.15307177829798485,0.134533104610473
92,0.1458275341501804,0.1648102974084983
93,0.13375697432080033,0.16026975319050907
94,0.1772562793242894,0.13726071703404114
95,0.13381903275240178,0.14252839657597074
96,0.12945963745954267,0.13172750854701326
97,0.1278458725088816,0.13877746843753902
98,0.11822444083735487,0.1421213798355638
99,0.11558386452239135,0.1259177316885843
100,0.14691303626029842,0.14477527810069254
101,0.12758649607717432,0.1460266434832623
102,0.13565409776745918,0.12297305365776956
103,0.11745545912685813,0.12774266134527393
104,0.11809747191992673,0.1339792652349723
105,0.11515421051310147,0.13358016431630404
106,0.12074419323553486,0.1341643783457596
107,0.12263989259363342,0.1204967502140461
108,0.10797332052059681,0.14410901256372458
109,0.12200782179458762,0.13491509346884295
110,0.12216246796065364,0.12703387622247664
111,0.1109977823720083,0.14459086188995152
112,0.1291582922576737,0.12334167673474267
113,0.11231811339952355,0.14855720868385525
114,0.11465329359224224,0.13704357962859304
115,0.10633700523163457,0.12906127796510705
116,0.12535416633824945,0.12285308976818744
117,0.1033815476914932,0.1315588401747228
118,0.10657675440502017,0.11170247424963423
119,0.09105145496821329,0.10998940665769696
120,0.09477507019397981,0.1257568602648594
121,0.09763894881761186,0.11654047828569149
122,0.09789286374018111,0.10407664880791404
123,0.1038990895202541,0.12209469025819224
124,0.11943473480057941,0.12603905630813805
125,0.10617298604832921,0.15877238666652738
126,0.10630011296944931,0.11460772886834945
127,0.09017572977045861,0.12069056483737209
128,0.09129498849935293,0.12043267025385883
129,0.12907845888952477,0.13373134884619176
130,0.11136714151847325,0.16014241880940316
131,0.12783087460692025,0.11870707115882023
132,0.11570825441784245,0.10670343035818043
133,0.08782334705131555,0.10145353634181178
134,0.10806090167510472,0.11492834172974851
135,0.08386377247523365,0.10673139053852038
136,0.11122225958351804,0.13201013995441876
137,0.10489712858741934,0.11766642543083444
138,0.09162025375519427,0.10687334288406491
139,0.09443631473940368,0.10751638227238093
140,0.11102052542109475,0.11152628551524385
141,0.09578878948681033,0.11001950506130256
142,0.10006685975390169,0.10320930343522762
143,0.10119836620963106,0.09744344817889962
144,0.0774102267987302,0.16045187641504713
145,0.0959962938319553,0.10477455654986818
146,0.08159968717064603,0.10863020900347478
147,0.0794726542451165,0.10108136254967305
148,0.10291801563531254,0.11077425860447393
149,0.11353259538314933,0.12585553601570895
150,0.0951455785282727,0.11154693809517643
151,0.09467520431665044,0.10595566861536868
152,0.07419890751565886,0.11053136790306646
153,0.07737573927566176,0.09322676774030342
154,0.08178482146285544,0.10141525507197344
155,0.08378886417441982,0.1035636182230218
156,0.07662239647397427,0.09787903804528086
157,0.06935244455326313,0.10897316092760641
158,0.07927224824794782,0.11178079294157506
159,0.08217731188270365,0.10840996985970285
160,0.1008779396504444,0.10717567459757167
161,0.07732224487772556,0.1041290068574119
162,0.07259966000961286,0.12062133462133265
163,0.0948437823443951,0.12604702615125435
164,0.10858678792057366,0.10600523176348597
165,0.07229337521294442,0.0996649153997426
166,0.07559524137865413,0.10424987936303728
167,0.0695539139281246,0.10485187626646873
168,0.07824560962500617,0.10483488427442417
169,0.08222391738973815,0.09678828884336285
170,0.09043284206648232,0.11356748849676367
171,0.07839176325028219,0.10006449039194518
172,0.07558891611599997,0.101470755847325
173,0.08189174439466111,0.10748529126097385
174,0.09639008240453129,0.10489824337693385
175,0.08412981878814278,0.10245078568694585
176,0.0894408275995135,0.10580850625994212
177,0.07548791321934577,0.10979028255270239
178,0.08290475835807645,0.10858641759046636
179,0.07633832153108053,0.10218354381788942
180,0.0714020119705544,0.09348434306923907
181,0.08429806686494044,0.11630893958018239
182,0.07026790790143057,0.09310855985360038
183,0.072857409505448,0.10124002850817558
184,0.09227319610623357,0.11378296907234908
185,0.08014704223990814,0.09736546465104684
186,0.0714357490169591,0.10540006511417546
187,0.0695261168512618,0.09979828364941709
188,0.07044507630846718,0.10262369762237807
189,0.070898959045313,0.1096563912872085
190,0.07564966485698395,0.12079617569694542
191,0.084157049515778,0.09554397012282134
192,0.06791841318147683,0.10120767334424763
193,0.07291427200957899,0.10179346170565837
194,0.07409827532626245,0.12502452902925343
195,0.08077519447732495,0.11345481921108742
196,0.07094550490099061,0.09724484187991995
197,0.062099371981284464,0.09208702368843824
198,0.07742938375958829,0.10406360020837688
199,0.07840652498752346,0.091975789414462
200,0.06517936498347121,0.10584412587988645
201,0.06319893268301943,0.10700437458311406
202,0.07383355474957852,0.10629614685337645
203,0.06410882334724115,0.10195349199804746
204,0.0722567257836321,0.0993546781160479
205,0.08740852815230438,0.09853711401236087
206,0.06210382511623227,0.10747260006522774
207,0.06719084728661003,0.10213683769667059
208,0.06334765152684574,0.10377276922228343
209,0.07315054211216661,0.10350985012780455
210,0.09171608758383784,0.10700104960746933
211,0.06315408588670264,0.08947439738234184
212,0.0755633805472649,0.10089127571884553
213,0.06337280244475996,0.09944510648498558
214,0.059571025373419996,0.09876630016436852
215,0.06463388289357054,0.10652502430112738
216,0.06874665942591933,0.11277090468651668
217,0.06661957201072041,0.09990099623313822
218,0.08518506161471519,0.10539630656702477
219,0.06694909063719656,0.11038919523320999
220,0.05970369606369341,0.10199094929716043
221,0.0661122484780778,0.1229097354680972
222,0.07737624808725518,0.10226460824484813
223,0.06025217519051229,0.09704617747014627
224,0.06170249253885126,0.10279308438749242
225,0.07347873240989578,0.10387653560566723
226,0.06276967530620509,0.09878458198449366
227,0.06518517995142264,0.12002963925662793
228,0.0775895056819841,0.11037397595649973
229,0.0634848179301498,0.10739514362393764
230,0.06960097763418778,0.10508797633319271
231,0.05530321752202922,0.09741502288812981
232,0.053066574585942265,0.09927928016373985
233,0.061603796355963504,0.10442963578647241
234,0.06183042879388624,0.09791593496363264
235,0.05258467498010602,0.10064602897206046
236,0.06211497069432818,0.09636359096021581
237,0.05868213467276582,0.10005597609625126
238,0.07599956333216829,0.11295499536850698
239,0.062519585637837,0.09409028502708688
240,0.07273180600617747,0.09973893267917155
241,0.07948037657337877,0.10474460405813422
242,0.06458162731231193,0.09751548709576591
243,0.06351200813503474,0.10573209846452962
244,0.056859920671367345,0.09899249609401052
245,0.05281351395768805,0.09734711835258886
246,0.05015993157991421,0.10003744708117387
247,0.05174366095129599,0.10210451252179636
248,0.05729523430750662,0.1047566431880296
249,0.07954996461077918,0.1100048851735311
250,0.05708969268819381,0.09423044112914786
251,0.05175875868870173,0.09535232246071473
252,0.05904740939459831,0.09702722877637486
253,0.050236247281389174,0.09367473483235017
254,0.053587921535987466,0.09977928677895911
255,0.0694659129952936,0.11994210344956334
256,0.08029057034130754,0.11621974873587601
257,0.07851678775302295,0.11010052459804635
258,0.05924170443256821,0.1012152232285729
259,0.05154561020176986,0.11311213985869759
260,0.05210038714788177,0.09434338926073901
261,0.05266027418797293,0.10065727544607674
262,0.04694577250454493,0.10048550150746989
263,0.06562827277613284,0.11184581290734441
264,0.06426168003099092,0.09363757150439092
265,0.04711498345794349,0.10034065318286867
266,0.07850631396505152,0.10337561874984201
267,0.05818915671922944,0.10674023161406505
268,0.06808193221828407,0.10335405085021093
269,0.053007514148857154,0.10102734275927819
270,0.05100625188186251,0.09616766025996148
271,0.05999245227177315,0.09508874151566274
272,0.0649476915270931,0.10119676156749104
273,0.06518084372519325,0.09480953393947511
274,0.04881470646931086,0.10034511565116414
275,0.06491935374594782,0.09702687053229277
276,0.05608983736099868,0.1035348031305729
277,0.050714813044358945,0.09736342429367821
278,0.04720453249997106,0.09666101477648083
279,0.047329145363972855,0.09677074771178396
280,0.057064474773444354,0.09311550459766149
281,0.051747197536372094,0.10046164801619704
282,0.05173276333272644,0.10020339554339125
283,0.05992031281924921,0.10294443548173833
284,0.044094629866015575,0.0930631592085487
285,0.05908718231049451,0.09756849603470705
286,0.06159969610760578,0.09720551181481894
287,0.05201306742934224,0.10277356683535684
288,0.05182980907187566,0.10012907251006081
289,0.04647982071466207,0.0965724442350237
290,0.045919318289312075,0.0983526174884691
291,0.05650496992011055,0.10051272688130089
292,0.067799737624427,0.10051133300651584
293,0.05211808175128829,0.0958848927067336
294,0.048226974449094184,0.10109873511886835
295,0.055387331587393826,0.0973124194862251
296,0.04882529875421225,0.09692242228073583
297,0.048039793325909255,0.10456813690731101
298,0.045207015632835676,0.09566354830014079
299,0.04698637806369593,0.10717723115270299
300,0.0754698569474736,0.0952723373409202
301,0.043518129654438895,0.09728852943295524
302,0.04988280634708166,0.1070966845877786
303,0.053236930523079394,0.09403075737164433
304,0.053241551576363254,0.1033234350140531
305,0.06417837361790543,0.098812799387259
306,0.08795180002396757,0.0933515614360795
307,0.06691530150679585,0.1012627646924559
308,0.04826374545833534,0.10203293632519872
309,0.06382165313187438,0.11085931840994603
310,0.054981354145233904,0.10074819631893235
311,0.06543127711290102,0.09534887263649389
312,0.04824075148350393,0.09188652225305562
313,0.04038567032933609,0.09399967162606113
314,0.04420525735962354,0.0968257011962415
315,0.048411420928927425,0.10655755727064042
316,0.061373416170898275,0.09804478063619226
317,0.04876784842496382,0.09971846012692702
318,0.04744638870455628,0.09263847094206583
319,0.03949365513778779,0.09379320802694574
320,0.04334367861895352,0.10524734850963555
321,0.05207807624414797,0.11120319575594183
322,0.07107858971742254,0.10768289143280278
323,0.06456861247930407,0.09567724448397644
324,0.04224921454643381,0.09703039680432557
325,0.04383924351216857,0.09437802650575948
326,0.06354288431030455,0.10651821581492747
327,0.05110478659268457,0.10581544286251665
328,0.06698134243721872,0.09763028859195852
329,0.049446059478487715,0.11485804187922848
330,0.08134843591238637,0.09722679360468585
331,0.06296060274013532,0.09707299892540862
332,0.04634435881267895,0.09465850096074561
333,0.06027318336373213,0.12260101384536963
334,0.07288964549342293,0.09475867864780856
335,0.08367669881324409,0.10221276183923085
336,0.050731586333259145,0.09845977737790063
337,0.051995219341639816,0.09994130146533325
338,0.04791889459969108,0.09988507889864738
339,0.0498380728276172,0.09187232174520803
340,0.04685337433947665,0.10512790451745939
341,0.06898016714984347,0.09638166056016932
342,0.04451151003004242,0.09673466320548739
343,0.044829579297931965,0.11195728007265202
344,0.05473249315701682,0.09973593502489846
345,0.05015187779423959,0.11009312815086585
346,0.059271346485726885,0.0980682443818054
347,0.04294782657421495,0.09596979296894599
348,0.0437510318727142,0.09809582124004387
349,0.061527147083353474,0.10360357167203922
350,0.05300238734362268,0.12305623543142974
351,0.0550502256656702,0.10552153080925905
352,0.042738819967803536,0.0909324510205061
353,0.041881983451615305,0.09488814880599952
354,0.050859091972762886,0.0979266856099131
355,0.07823305120428901,0.1012604859912007
356,0.03954192506715795,0.09265395733796265
357,0.04214432383639312,0.09083735201517143
358,0.047879755403554554,0.09383917422521681
359,0.04013873035304225,0.09523882776648179
360,0.04017993253086428,0.10017532343628413
361,0.0455861148368976,0.09808573233229774
362,0.07721814760780633,0.0924839852074334
363,0.041485893840793535,0.10149901679583959
364,0.04318235088198163,0.09813266585494641
365,0.04784710024451387,0.09550664712089046
366,0.04419742352956888,0.09632091610727453
367,0.03611134633795595,0.08939941571021737
368,0.04307011127191651,0.0987628722250611
369,0.04677096436670208,0.09288164958320465
370,0.04270694108218608,0.10007080960467943
371,0.03808776191129206,0.09284633812599612
372,0.061370410270358326,0.10398108338503013
373,0.06277598680046659,0.09441566896767246
374,0.03960121547960936,0.10060640995887886
375,0.04747439098769221,0.09685428040965757
376,0.04665855749227037,0.105490661802746
377,0.05327833891148478,0.1047765497949189
378,0.04726923941444827,0.10172732097836665
379,0.053321203806650674,0.1014618810294266
380,0.07673675092783841,0.09515424834606342
381,0.057345738301643384,0.10306961772809352
382,0.04103146289069451,0.10038368611183382
383,0.040662407618144464,0.09443558547132296
384,0.0456325105715508,0.09874072334820166
385,0.04321714112867943,0.09627952802001982
386,0.05956019165700879,0.09967986399069764
387,0.03822658452727951,0.09409042318960778
388,0.03675650600869454,0.09489877071969192
389,0.03828772153927241,0.09484832816031344
390,0.04245005762876014,0.08985159456505812
391,0.03836953604950053,0.09798934103402876
392,0.03809770599568152,0.09797082100072899
393,0.047766354950991546,0.09498937413059082
394,0.039146195536590295,0.09658305991188924
395,0.03840565612557166,0.08917322904245
396,0.03909415200492805,0.0967014842575654
397,0.043507781066584365,0.09430003336124253
398,0.03699974051230006,0.0926055902787916
399,0.04546823847723605,0.10057730031640906
400,0.05049897057696196,0.09797732091338414
401,0.04955250206972738,0.10082915707264926
402,0.06121797603919962,0.09705529277934168
403,0.046022530831980484,0.09787774319412715
404,0.0564897108390974,0.09481916754018693
405,0.03255437369397068,0.09939295124439966
406,0.055751711001683926,0.09010710119080723
407,0.03396641077666447,0.09017071956978705
408,0.06546136811609178,0.09661043046933965
409,0.035040362232998244,0.09428587968561583
410,0.038459392877581725,0.08570917559446846
411,0.03043629184692257,0.08802502809610582
412,0.03978215226886041,0.09936314802570152
413,0.05192280231411554,0.10082782035632838
414,0.04966805813407823,0.096414057944054
415,0.04167504753438657,0.10038551391291439
416,0.07063321993455618,0.09807427550542325
417,0.042769022204192084,0.09021521671523426
418,0.03432410372695579,0.09076327765197084
419,0.041528291322968224,0.09499464294217284
420,0.03682988009716276,0.09151243175704378
421,0.034868386565331005,0.09934707738477784
422,0.044942958951930644,0.09462419245625499
423,0.036027399396821626,0.09431124478578568
424,0.03597992646353185,0.09676641582471684
425,0.053317747204374745,0.09230599055687587
426,0.05786668363269594,0.10730286164764773
427,0.0399388808430082,0.09721406526807555
428,0.06230563877097865,0.10392676762545616
429,0.057600756388940036,0.103083786248862
430,0.0394149165495436,0.09250451432060179
431,0.0697569457177645,0.09323367300935856
432,0.043686568129772674,0.10682467852992222
433,0.03889480161956485,0.09631495011554923
434,0.035427770247466885,0.09350656462193731
435,0.041686294606206556,0.09142338239907621
436,0.03253340324077487,0.09259791175524394
437,0.05251151756573247,0.09573659681736078
438,0.046058297787901,0.09130467353085228
439,0.06487831155708218,0.10747522967202323
440,0.0577482833500753,0.09780376983391013
441,0.05299889727212419,0.09761615480321989
442,0.03899784250692888,0.09556610820660914
443,0.03491432302657713,0.09371139979302734
444,0.05917167823563175,0.102290554415612
445,0.04506328350464378,0.09496133765182399
446,0.03861517247781858,0.09816385467623111
447,0.0560299714087132,0.0923679300156751
448,0.03021253483095513,0.09334795556047507
449,0.03607713344702526,0.08839648043302666
450,0.05477632168785532,0.09639432126268707
451,0.06402287802726124,0.10074456359136075
452,0.046662236047108716,0.09195667919807864
453,0.035780331406006616,0.0892795120041472
454,0.03281284866381588,0.09015775901407826
455,0.033226397098698957,0.09405708537065893
456,0.03215650612704433,0.09919903552472442
457,0.059480430610874976,0.09587233168140688
458,0.03417489289957154,0.09802022882571496
459,0.03833970674503373,0.0939117866313846
460,0.054097262097283216,0.10856031490149055
461,0.043797870683352405,0.09903288262903243
462,0.0351303213021972,0.0920127317645496
463,0.030765330068603578,0.10331553558732633
464,0.03073210227171829,0.08820957806250804
465,0.029832326167709776,0.08943452419045575
466,0.044011623624910755,0.09694404786167886
467,0.054981972070463396,0.09834872949915123
468,0.03097005245687446,0.09177127829694509
469,0.0399190794536406,0.08997554731622973
470,0.031109892625980615,0.08927820960904721
471,0.044046858097879116,0.1184884865294423
472,0.05310518514119719,0.09998071623177159
473,0.042923114212889656,0.0962537745933485
474,0.03904431899513197,0.10027021763468147
475,0.041267700937100714,0.09832878888848431
476,0.04049267757648958,0.09552905566635586
477,0.04024283780620016,0.09378429498514138
478,0.03136022251718283,0.09362501229035824
479,0.04763163676409512,0.09293583916840996
480,0.043444138353100764,0.09481045398347658
481,0.05489629110595836,0.09300856294115085
482,0.053370735675189934,0.10195671996675935
483,0.053011858269432124,0.10488308086655193
484,0.05492821447901591,0.09379134530710397
485,0.04111360439732904,0.10519849415635106
486,0.04074590009721843,0.09247389488052904
487,0.03949407352058678,0.0966419182848512
488,0.0681052822794847,0.099314361642626
489,0.03833742334644623,0.08822554712158098
490,0.029055094807686102,0.08937971349945642
491,0.044208341012460683,0.09310363216283626
492,0.04172234910432261,0.09214565667666887
493,0.04336565206276959,0.09976565352358614
494,0.036876537980143925,0.09414373153358474
495,0.04218358421540559,0.09969882002301085
496,0.0401358269855707,0.08913373258104898
497,0.02887707211801251,0.09120859594124003
498,0.04552288794288628,0.08939257854208313
499,0.030645593615441488,0.08963298369992646
500,0.070384696488003,0.0953249847493076
501,0.03912945043844489,0.09609558349265192
502,0.03821170307859358,0.09578953702049446
503,0.05962343005971475,0.09215568528886427
504,0.03760849114005282,0.09158348566607426
505,0.034605185825342666,0.09403687556808754
506,0.04156390104594649,0.09985080449130003
507,0.03366478826838975,0.08839983564047586
508,0.03173010191970671,0.09000650640194278
509,0.033471588238046086,0.09367980042421131
510,0.039408689674258604,0.0876527270278835
511,0.03154065431939397,0.09253167454386714
512,0.03330207294945059,0.09008014741771501
513,0.06786792776707945,0.09084439652978926
514,0.04855485768480734,0.10133435368015055
515,0.03584387829544776,0.08870054628317219
516,0.03342965000008341,0.0913151291602835
517,0.04969824042439835,0.09842704494196669
518,0.03688184427079923,0.09256058705405783
519,0.06424461141649085,0.09977035284191743
520,0.03288918229689979,0.09165619995286291
521,0.03313804707463632,0.09082093504362536
522,0.04501884408458647,0.08951538132695028
523,0.033586868368159266,0.0890473346400978
524,0.02892315855430772,0.09095546506102521
525,0.03227442097747961,0.08842175183140843
526,0.029740358892606344,0.09128219807954659
527,0.054275884149963954,0.10279866011071026
528,0.03946266798623677,0.0951208959060504
529,0.03169056177606403,0.09618061308499266
530,0.03429155314463807,0.09182917907423244
531,0.033701083024373996,0.097260722820472
532,0.03512506352790097,0.09599614541109343
533,0.031863432605298336,0.09244973746532187
534,0.04643631295000311,0.09539234046275753
535,0.043020653745690855,0.09703860086456575
536,0.03447444038027693,0.09034156761970137
537,0.03237349481605063,0.09230804159527733
538,0.04589326756781545,0.10297260448373947
539,0.055563368790762555,0.09178565999021507
540,0.03772842402929049,0.09428572367157853
541,0.02995031247014723,0.08841266469997272
542,0.0458907876572452,0.09038562083005308
543,0.028497022211691803,0.0953398998033134
544,0.05799310640388148,0.095975790891731
545,0.03841593303370251,0.09594373967041049
546,0.027922085279067484,0.08756569806570397
547,0.04572471337492189,0.09383729567055714
548,0.04102938583698766,0.10613394440863665
549,0.042957472647058556,0.09264668305042692
550,0.046347045465182736,0.09226134652855403
551,0.031401327236038765,0.09205121967129241
552,0.029288987252499243,0.09569568905914039
553,0.037341168080237595,0.09134735092333983
554,0.03798296623702707,0.09536288758940566
555,0.032932010669039335,0.09408678943501379
556,0.04803327193080818,0.09820221657666348
557,0.040148343085121586,0.09549294852822048
558,0.03580990720388471,0.09025728015373823
559,0.03138866234091943,0.09908547681898701
560,0.0373205277239641,0.09280563631377424
561,0.03540518213659058,0.09032635799700156
562,0.03285186601142898,0.09542839057314068
563,0.03230708626136884,0.09320568239180964
564,0.032322792914407004,0.08952946706971429
565,0.02657722069832225,0.08603731682874206
566,0.023804894085027582,0.08549737056395165
567,0.02702749201730127,0.08985055758988947
568,0.034957089627798074,0.09133003026545795
569,0.045991515945117675,0.09597117614402507
570,0.032672624649672674,0.08720686424869045
571,0.029872552261083478,0.08773196296285567
572,0.032705857812610914,0.09092502979407634
573,0.02719158895290384,0.08485270179528043
574,0.03163496627936543,0.08857656983579311
575,0.04480595319739143,0.0945721268280407
576,0.0473641127721643,0.09214863089615838
577,0.029082140432769975,0.0942645536030743
578,0.034206520789375874,0.08761930150122273
579,0.031710903823002005,0.09151239377588856
580,0.03282976673688261,0.09649672467532314
581,0.036577482897566405,0.09669752142632515
582,0.03775284500051068,0.08761833914389885
583,0.022932775493792978,0.08775823053560759
584,0.022451830881890084,0.08402126246974581
585,0.036580810539401064,0.10461353669339851
586,0.03764892802179607,0.08913165881744303
587,0.029004540598037476,0.0960842545954207
588,0.041850903623249835,0.09149137977744105
589,0.02630946015629649,0.0887450096489194
590,0.024820956970830695,0.09701094636343476
591,0.030814366140709402,0.092745829289569
592,0.03317554509938697,0.09163315709969752
593,0.03517705065469757,0.09401598662362062
594,0.033518436215934706,0.09070685371420437
595,0.027963892034135268,0.0892122412161122
596,0.04373744704693462,0.1051221169475326
597,0.05909716199534627,0.09478595410298585
598,0.031445047651712424,0.08796455285378865
599,0.026966086515812292,0.09583149116514321
600,0.02851816019784881,0.09350942191025965
601,0.03354172720967976,0.09067974949166888
602,0.03884176536226721,0.11948653984637488
603,0.045581057457527774,0.09171717724106963
604,0.04578605295979304,0.09260973562124677
605,0.029154253276911648,0.09382194142443195
606,0.03593376680601353,0.09514461558564265
607,0.03116295329619164,0.08776486848007169
608,0.032376402177407074,0.09173927459875145
609,0.02648099822497293,0.08528526601636022
610,0.02862918832365622,0.0913365836019504
611,0.03459617872737045,0.09972081340868073
612,0.035322340532296506,0.09238474543456147
613,0.044290100338176874,0.08779669007785935
614,0.033395102142493555,0.08930140518977828
615,0.023397721858187157,0.0904125434376841
616,0.027879760504282754,0.09424489697343424
617,0.02836632669602629,0.08804140064426533
618,0.046668033217748504,0.10060525127222066
619,0.04026282121512023,0.09285235291062142
620,0.027797287137343966,0.10150217094965149
621,0.036231241699857024,0.09341504499502946
622,0.0337168667757399,0.10484810074543893
623,0.03025801965622319,0.09424987315832821
624,0.04637349527154036,0.09820443716712464
625,0.039235564217345094,0.09507949032206882
626,0.03183574076496695,0.09022783390934903
627,0.029164868293090673,0.08719463175848911
628,0.030425614032158658,0.08917584768811562
629,0.029513734238087945,0.0910273721829094
630,0.03841913939339801,0.088374873114409
631,0.028143887644557743,0.09096829841534297
632,0.03290509529481861,0.09177951692115693
633,0.052483455485264334,0.09200294168297211
634,0.03368425275254586,0.09418372273967977
635,0.02379992750814903,0.085829634284764
636,0.02539862225235069,0.08913990808534145
637,0.040627739068155755,0.09352185308261025
638,0.025017825974192366,0.08866099503479506
639,0.03338759271048453,0.09514105992209643
640,0.03450853606469952,0.10664526175212741
641,0.030436383291705275,0.08911974931644616
642,0.026295245703905352,0.09982613040913914
643,0.03923765529636118,0.09288375385871209
644,0.03228660570136432,0.09501160733532488
645,0.04743413019890322,0.09480587794517814
646,0.025767826396376363,0.0903379955611432
647,0.028724369788571586,0.09278438690312225
648,0.023094973617399747,0.0879514413257888
649,0.03859905765441518,0.09201146158060633
650,0.030969872778766207,0.09175186550109309
651,0.02406798099929636,0.08524230352245775
652,0.025240852652251906,0.0908219948560373
653,0.026118369358460358,0.09041546273948554
654,0.06988260486282899,0.1290432767648446
655,0.06056848592285452,0.10571798420788948
656,0.038224933499639686,0.09558976167126705
657,0.035548611120744186,0.09537910040757411
658,0.06399444209230731,0.09526978153035157
659,0.03942193214118855,0.08800883264395229
660,0.027480498043861136,0.08856833970785738
661,0.02540019762389899,0.08660119075449486
662,0.029421418981165348,0.08986257886826843
663,0.040595992739811584,0.08673008493985747
664,0.03447816475385035,0.08850666663999247
665,0.04143109922311897,0.09137384178943204
666,0.02852516850240552,0.0859016545471691
667,0.03365950647823302,0.09401434721579228
668,0.032330077877239,0.08872998931578227
669,0.04474432207643986,0.08832420212657828
670,0.0429139188709771,0.0899452276733286
671,0.02734677602177877,0.09388586839562968
672,0.034080096570115105,0.08999265349449072
673,0.028563987965867812,0.09001362361107255
674,0.023715452942121365,0.0887845909610428
675,0.04319667429619448,0.09296546687831855
676,0.03352873283073446,0.0910916876860131
677,0.03617022696847452,0.09682537014024299
678,0.04147911544153496,0.08828700621399962
679,0.024301386966740824,0.08599298706927096
680,0.031675249776076,0.088020307434382
681,0.03155709646618852,0.08946060165202707
682,0.029008402252645702,0.09076617953173798
683,0.031557706549623546,0.08640974926246438
684,0.03285154749326945,0.08821436538732141
685,0.02732233124490255,0.08732717017407406
686,0.026334088640199933,0.09222376443688433
687,0.03301989347863721,0.09327896172764308
688,0.046435819681862306,0.08957115489812124
689,0.031091685409783194,0.08922287267177625
690,0.04532864940904525,0.08778607819164008
691,0.026902582373785375,0.08616198670296442
692,0.05841731999454827,0.10444016846125587
693,0.03615190686663864,0.1068375214075385
694,0.04615935393051481,0.09289872424121488
695,0.03370988868223649,0.08466648820199464
696,0.029432437449787106,0.0925404104709924
697,0.027154249223795803,0.0873628569799557
698,0.023210500872060422,0.08782505081560378
699,0.04309210377427104,0.08672404963345755
700,0.025094011208760703,0.09052536492807824
701,0.04542131490748504,0.09442185250141268
702,0.052200153697760876,0.09055896684116588
703,0.028921003035944085,0.08976873968328748
704,0.027847629828746417,0.08583341385786396
705,0.041320001905007425,0.08659708161924716
706,0.02491269457419651,0.08748336935551244
707,0.026310747279128684,0.08641634761988369
708,0.0255309302172971,0.08898715327556868
709,0.029127771496118796,0.08912420541720283
710,0.0232547771851284,0.09457669687226303
711,0.028939842850810683,0.08916257633675907
712,0.027581502931618766,0.08398622158625371
713,0.02687345624997698,0.08993679496055856
714,0.02360554476236475,0.08924200544530586
715,0.024585621968659113,0.08910303133397472
716,0.027014945578238806,0.09163360547899901
717,0.025522124244127902,0.0906138936043682
718,0.04450128616350572,0.10316186110701478
719,0.03382889057588428,0.09247122475303206
720,0.0293949754050346,0.08817227799118611
721,0.02986619035278368,0.089799254273711
722,0.027805446901104668,0.09001149933663825
723,0.025649062389957494,0.08807745433989025
724,0.03321830398143272,0.09350274665687318
725,0.0268943922763521,0.08537332119798302
726,0.04707700307232833,0.08977980904262466
727,0.02316141303126528,0.08780068334630856
728,0.024106213373356854,0.08479005477407522
729,0.025164855375512267,0.0863977983071093
730,0.04555877159148174,0.08827180178243116
731,0.022507708601443372,0.0900621364514033
732,0.025098349087430766,0.08833561673349605
733,0.0566274979645182,0.10011899366713407
734,0.027874962569777867,0.08684159488531581
735,0.02450878261865867,0.0889745626719972
736,0.02607101958747194,0.08246505247396335
737,0.02411913831475947,0.08377842900149506
738,0.01987066131003411,0.08402430169041593
739,0.041658888036694645,0.08818568795321878
740,0.02874419863881736,0.08864626355637285
741,0.02560559170303113,0.09203253861955532
742,0.024762281272151628,0.0893499788858538
743,0.027255294546718507,0.08808385784315285
744,0.029611964491093795,0.09467717295601255
745,0.024673320563235627,0.08614148139804229
746,0.027300018233285053,0.08566615967672869
747,0.0246460747884639,0.08521102729223128
748,0.026680124608280145,0.08887453788055812
749,0.026701790295237657,0.08510063377612814
750,0.023165110113291906,0.08755956896415032
751,0.02383003033534113,0.08759125415469173
752,0.021189663979607316,0.08835010697369587
753,0.037865342694950704,0.0843962928406278
754,0.03800065493135243,0.08720138652208156
755,0.053252624692307744,0.09224798612501986
756,0.05745989689165522,0.10697364342167862
757,0.060306139769131864,0.09548991920431156
758,0.03479050658059345,0.08910667435044334
759,0.028108804127592653,0.08651491095846459
760,0.02212871728482478,0.09100026904341571
761,0.02308177973689704,0.08396402677348383
762,0.038947447153468116,0.08651160609378551
763,0.030777147185746406,0.09122055104203093
764,0.02794470044209105,0.08556386990878816
765,0.021284053925436492,0.08883207610675267
766,0.039592885491102466,0.0858952570379826
767,0.04079573300191228,0.09076349340136487
768,0.0278000429412788,0.08815871823326986
769,0.02681021317606062,0.08820564120559764
770,0.06339402698844578,0.0907227673887609
771,0.02953443517412138,0.08864471551619078
772,0.025173402820541566,0.08930149401787828
773,0.0257502105145432,0.08962474591600567
774,0.02393114853498517,0.08543721140177925
775,0.020480416744340178,0.08641653774973743
776,0.025094089136228293,0.08650504157208559
777,0.02546136344558206,0.09267449576902509
778,0.03405627125996781,0.08870392992980498
779,0.021357012638197424,0.08767577339159816
780,0.025226281663887552,0.0886908101669529
781,0.021329136658751854,0.08676113544923619
782,0.02156190043986778,0.08772749476190797
783,0.02396687105601671,0.08730050183851319
784,0.02897665020206879,0.09061252449015926
785,0.024038122038482497,0.08523980703643688
786,0.024525372042878295,0.08733979702219927
787,0.039321809872798034,0.08999008453803553
788,0.025513674830287974,0.0878432510714782
789,0.026283134861052222,0.09120321867609382
790,0.028400571689850485,0.08562369754813369
791,0.026726917734480576,0.08513459852688893
792,0.03816032364123667,0.0878651760948033
793,0.05010683386116566,0.08900637004085651
794,0.02783139870388194,0.0852683684356828
795,0.02016175409843182,0.08403886733273216
796,0.020640472026080547,0.09095438620201628
797,0.02174197596886128,0.09031913780553598
798,0.022455958941466757,0.08815261798170873
799,0.042408332929342145,0.09268151113488023
800,0.029554504194650156,0.09086252216781888
801,0.027702441047818684,0.08634025273018313
802,0.041865907872218326,0.0884180203042831
803,0.02838203721449106,0.08789782315716707
804,0.043460326543702604,0.11817974496380727
805,0.04091700806419678,0.09191790882283285
806,0.04296603484143471,0.0855957807081385
807,0.051441566002639855,0.08821636955615572
808,0.024536516581629884,0.08613733824034382
809,0.022561521996338166,0.08505502767057944
810,0.042774168143872186,0.08789003188523434
811,0.02776908309879161,0.08656935263098332
812,0.021833474015040457,0.08507471329959712
813,0.02376984086086197,0.08621076606494144
814,0.025842856499001525,0.08593403710458512
815,0.0416027552632142,0.08524366572760698
816,0.024904433956083646,0.08715609825195227
817,0.0210195980896023,0.084957701595206
818,0.017908036451915216,0.08783178737289027
819,0.03486117057292065,0.08529493632845413
820,0.018298391924242614,0.0879529264375082
821,0.01882940009937017,0.08441177372795
822,0.018727964777090707,0.08645964832159511
823,0.03855435587582543,0.08486017672564451
824,0.019884512762664626,0.0868176699319579
825,0.020710376643088172,0.08675473627814076
826,0.017180778360619067,0.08357374080664531
827,0.020890717152330943,0.08862915250442381
828,0.01967250783475215,0.08334927748244508
829,0.034595765579246616,0.08353364745850551
830,0.021699402516351596,0.08531507590136732
831,0.04040867970748381,0.08394992566273027
832,0.03534605982348463,0.08496473003225517
833,0.02156875756069971,0.08759026899747084
834,0.024687997588076188,0.08677150172771965
835,0.020573315125974743,0.0881869702373531
836,0.02331345377717646,0.09062582218930834
837,0.046532182752805816,0.09390315857895634
838,0.02734592344997258,0.08855374299344562
839,0.02399782393256138,0.08766115006796997
840,0.03951356547729909,0.09152716319811971
841,0.038973222764027905,0.08807777529372308
842,0.03787550926909178,0.09002126165126499
843,0.022956165920090525,0.09304807745947276
844,0.02390942951448285,0.0864569339574429
845,0.021271812749974032,0.09374068529907624
846,0.03683477192883581,0.08601216682440654
847,0.020256982964454773,0.08213037075031371
848,0.025133607044909443,0.08482621895863597
849,0.0273192678826356,0.09267384437540718
850,0.02483047785523543,0.08959019053400609
851,0.023017136117320824,0.08485010972148493
852,0.02142716169964557,0.0884482956545096
853,0.02281206029943164,0.08582218062309992
854,0.028976765306532197,0.08735904909838411
855,0.04194555615533295,0.08652854023645994
856,0.01832950739978249,0.0852105354045268
857,0.023064794106449828,0.09394411731483344
858,0.022161454481998206,0.0855815510328551
859,0.033479916101152245,0.08971323836641502
860,0.02475762227112223,0.08661908350119316
861,0.023714972747530684,0.09446878143047031
862,0.02464503456245769,0.08952102141646215
863,0.038125632193558454,0.09037540946389201
864,0.026191628786230162,0.08969893935778386
865,0.024669173567739774,0.0872202106100276
866,0.0363742970864414,0.09093770984196126
867,0.026117074977734994,0.0864221408477702
868,0.02173766534086492,0.08767866121049513
869,0.038393855328470186,0.08824258854141212
870,0.025412799714594425,0.0866085293896515
871,0.03548311626649576,0.08586461847662029
872,0.04246340947208173,0.08859186113478247
873,0.028934922904290002,0.08998043332855803
874,0.02050761051102305,0.08377515619858764
875,0.034460343420505524,0.087685876715004
876,0.018286737855698995,0.08397290971419566
877,0.024806376780181844,0.09375814436222975
878,0.021173821026488533,0.08875500222196556
879,0.01991012036146415,0.08690233664927925
880,0.01792675670131247,0.08920485520721379
881,0.019146109683012887,0.0876367560268046
882,0.018508776339197234,0.09182331167665639
883,0.0281110825630191,0.08575952110956785
884,0.025661032354943804,0.087164111939588
885,0.02253081980321942,0.08564383928713046
886,0.024337629486914713,0.08977758699565902
887,0.03770299005938174,0.08944646018863023
888,0.024758421164881847,0.08440471870035755
889,0.02480484444799842,0.0905614987127763
890,0.02339106141866935,0.08799492754508977
891,0.019280754619491136,0.08699177198093337
892,0.023445836282962915,0.08725946626268831
893,0.02036431579497354,0.08424786459607887
894,0.02089999302007188,0.08826748257442225
895,0.04420150445663256,0.09530663393195112
896,0.028896881664481282,0.08561833572566957
897,0.018960230674326044,0.0831901633313724
898,0.017904845364158244,0.0857831840041586
899,0.03589942068048405,0.0855571477298151
900,0.02270933653470304,0.0918274733020847
901,0.025713306288220293,0.08778964259421318
902,0.018923323292016608,0.08457221553887341
903,0.021434159073569933,0.08396448588983756
904,0.02923059979085825,0.08528844915087659
905,0.019981364734167215,0.08984282454078957
906,0.02611916942586159,0.09014789069206793
907,0.020358178665318458,0.08409844970045831
908,0.02308346223097797,0.08851426492508192
909,0.024334425597121723,0.08953721234971718
910,0.020586529936419573,0.085182947379754
911,0.029345816608553395,0.08530921248116888
912,0.02004577182408504,0.0853611882169145
913,0.019780625930774176,0.08823525494800176
914,0.021945428044818412,0.09002632341513359
915,0.021786622895762837,0.08723658763973934
916,0.03764423034898353,0.08223550931030049
917,0.017658278462841966,0.08697778445885594
918,0.039068395832442565,0.09024134037413992
919,0.025744509173784885,0.08502244447033507
920,0.0419111401017837,0.09149766713380814
921,0.018880531507132568,0.08595532686788038
922,0.020685982437903604,0.08475648931094579
923,0.034243761593925545,0.08718679443860711
924,0.023720934946195087,0.08763667130679414
925,0.03215600540248391,0.09571190744190287
926,0.042018799987099016,0.09171191220146074
927,0.04312944587401835,0.08834178532872881
928,0.021597105460854533,0.08936780470803865
929,0.027358809842211326,0.0861072587526233
930,0.03140160506211665,0.08515300991989318
931,0.022220890128220136,0.08537723689823222
932,0.016453830963205022,0.08350033591265667
933,0.024102297883048702,0.08731329484018766
934,0.02221913582595725,0.08826089579434622
935,0.05999922634432309,0.08862385939909402
936,0.021337630046198736,0.08800038387228672
937,0.024853695108085216,0.08547851222947725
938,0.019024764721903682,0.0866613105537001
939,0.020195627030347208,0.08794442159042024
940,0.016367688126932116,0.08259402409681402
941,0.019936726428568363,0.08265632245325505
942,0.015622264112938534,0.08302093950802819
943,0.01676683484643791,0.08821598791463632
944,0.018450970638858675,0.08465090661045901
945,0.017240056271743624,0.0836856806636753
946,0.01729290870523378,0.08500118013984877
947,0.025262924211923044,0.08746332540772014
948,0.01924578442025147,0.08507186939991207
949,0.019753358055338215,0.0848037670168064
950,0.017381165941540724,0.08705842999139227
951,0.03813618062455266,0.08655027916332833
952,0.03304148234170059,0.08453404720415149
953,0.018665564783664892,0.08625661215761252
954,0.017945012048494104,0.08226219721530613
955,0.024939418679868167,0.09338028534761347
956,0.06054403340928607,0.08570351354535062
957,0.020122926612165654,0.08546315512636252
958,0.024272139251325573,0.0915475461379926
959,0.03044616882937455,0.08681029856279679
960,0.03828007828292428,0.08627159751596905
961,0.02033739953906185,0.09071695942777142
962,0.020309214792608467,0.08626992671860191
963,0.026018852005978362,0.08729468129183117
964,0.024855621439349315,0.08868705837947682
965,0.036834615945442344,0.082504995111236
966,0.018990294067743805,0.08183679966848895
967,0.017697199420028346,0.08362156625155519
968,0.021016489159677843,0.08726310446148827
969,0.018513281283707453,0.08200322429563169
970,0.015948658952121636,0.08819047484855007
971,0.02000560646520513,0.08479686380179603
972,0.021276628756224176,0.08423328276415516
973,0.015000926937942968,0.0839668311981629
974,0.02345530483229407,0.0839849568175194
975,0.018329594693026946,0.08664685566174357
976,0.023649515473169968,0.08876113162228935
977,0.019109427864695418,0.0875372757813088
978,0.03461589914130567,0.08755668318062498
979,0.036640999973007134,0.08595408952998039
980,0.0196039775082824,0.08511577849101304
981,0.017522391509907,0.08614538313078701
982,0.016284965294001617,0.08323058349670921
983,0.015079704606701215,0.0838937527665817
984,0.016742883206324704,0.08862068967188809
985,0.02275582407615775,0.08954118955927086
986,0.01898721006748538,0.0928340872054112
987,0.018077872424944068,0.08586974303823963
988,0.018999556990392904,0.0863402745777503
989,0.033650923888184435,0.08542493415207493
990,0.017342098611976286,0.08467215473266472
991,0.01921701539880056,0.08679457526084475
992,0.016283764255738183,0.0846156191482281
993,0.03627254659759587,0.08448345785526405
994,0.014970054432492831,0.08638815987005569
995,0.01831764310341457,0.08548481594351001
996,0.037527080747914915,0.08737636968157345
997,0.02211897230493985,0.08900159274351627
998,0.023561376517749505,0.08739502468428816
999,0.0229409550634858,0.08885158499455392
1000,0.0337863148811936,0.08406858713853926
1001,0.02000380732516136,0.08819512533663508
1002,0.01976603617290251,0.08691922911351785
1003,0.018341433945868083,0.0873708031455377
1004,0.018334439549840355,0.08847175953083468
1005,0.021959677075844574,0.08897991525125981
1006,0.0195434423525552,0.0850953810047685
1007,0.01881525321895706,0.08685498382139922
1008,0.021943167903019718,0.09019910609512999
1009,0.020607565684378333,0.08919813022727058
1010,0.017954056848973315,0.08719759152497265
1011,0.03747010946005209,0.08580839981261949
1012,0.01615431963766817,0.08396935352780167
1013,0.017590521084477534,0.0900592182699899
1014,0.02118383958748889,0.0864424183777998
1015,0.02123649858907566,0.08646486544594131
1016,0.020167854267134563,0.0917316902438202
1017,0.019005937583534322,0.08894179893989013
1018,0.017314065233176593,0.08645231599795788
1019,0.017125944542730677,0.08516801471698254
1020,0.028593356624759477,0.08552005860889167
1021,0.02248849336723549,0.09193065237804762
1022,0.01898626895580546,0.0884876322365345
1023,0.031982780016701795,0.09394321988399763
1024,0.03678377250612343,0.09615936063061979
1025,0.026006289889165975,0.0883425997388094
1026,0.023853954015340552,0.08442558376188565
1027,0.014072111442825264,0.08694150007532951
1028,0.015565075038649071,0.08311186273369872
1029,0.016406140614265933,0.08456874728426897
1030,0.01863122465188227,0.0833504886219376
1031,0.03379624506289309,0.08577488293698557
1032,0.023236606258396818,0.08670051229702201
1033,0.018707129899937905,0.08317968645191431
1034,0.013887491699039562,0.08417717989226033
1035,0.03426266721154922,0.08739736315824632
1036,0.016222731224888917,0.08710614289332153
1037,0.02080448495580298,0.08827702407923557
1038,0.03659806117929261,0.08481975080898232
1039,0.017315951932139906,0.087986145812766
1040,0.034603437630687385,0.08654445116606571
1041,0.018016372261376215,0.08522477798294603
1042,0.017011435573984837,0.08437318039269077
1043,0.016746542133320837,0.08616462047386886
1044,0.03302226614405556,0.08658444537853538
1045,0.014825920723261879,0.08556840914233885
1046,0.021039843243958436,0.08775966521119115
1047,0.015217112126208398,0.08712132120117508
1048,0.028707727743166742,0.10238374117995265
1049,0.027843425120446002,0.09188602145826608
1050,0.025411676107482475,0.09060602074951157
1051,0.02067649021721372,0.08466722366206329
1052,0.015221501668465549,0.08481251870405704
1053,0.02091243779607888,0.08898748293108211
1054,0.03646977505643727,0.08827551816564455
1055,0.018822031364218568,0.08649215808040217
1056,0.016300664505217704,0.08587314177276496
1057,0.0247415401169966,0.08537331357934422
1058,0.0263473206144235,0.08709434953922018
1059,0.03458634165749187,0.08398773969340145
1060,0.017865827458919403,0.08299394534494643
1061,0.047338761313348354,0.08793270851212337
1062,0.023214026631606408,0.08892767164940224
1063,0.021113126921149257,0.08967716284189607
1064,0.01700263309838443,0.08567806217530019
1065,0.02134931453600012,0.08393093157456931
1066,0.016069039608991257,0.08699724427366018
1067,0.030735136765904936,0.10044407549507935
1068,0.02825983572856386,0.09135367022943974
1069,0.023733212516225618,0.08827171948992818
1070,0.020116940263343455,0.08736342931152287
1071,0.017296899644348503,0.08357311897259906
1072,0.018967326385987963,0.08347085333034807
1073,0.01738191479495887,0.08481575335775103
1074,0.023997341250551158,0.09069901997956417
1075,0.01607784333414045,0.08487835169809504
1076,0.018679671433278387,0.08723027021962598
1077,0.017557725027133493,0.08817457215379652
1078,0.028975117869885363,0.08453129721165899
1079,0.021923175142920318,0.08676392276932422
1080,0.029247140409687657,0.08635914321979485
1081,0.023424042998973667,0.08772167972380057
1082,0.024635178016551237,0.0855342392298512
1083,0.023853387277818584,0.08612730434365141
1084,0.02370293696518976,0.08691283731831047
1085,0.015597859280750295,0.08240846968384315
1086,0.026998648090072,0.08483461772364781
1087,0.019250635069365786,0.08682609567964884
1088,0.0175239873530349,0.09024203878671005
1089,0.018108435383878158,0.08358163756311388
1090,0.035687717582831936,0.0902614104829934
1091,0.01870962432045548,0.08734098534312165
1092,0.02789763351289269,0.08799179807716145
1093,0.01649794433569553,0.08483155148295232
1094,0.02760257481430952,0.08950093890864748
1095,0.017113849304639807,0.08614147185607064
1096,0.018445701528118696,0.08249036213359737
1097,0.019133058837892306,0.08510865829418178
1098,0.021279160587298087,0.08536706373730399
1099,0.03125947642032069,0.0817894682026746
1100,0.016879947581635,0.08357505343462292
1101,0.011603019130197251,0.08152086267196446
1102,0.028744724704694226,0.09139641874789595
1103,0.016403898106286518,0.08692474319671928
1104,0.01642429930534576,0.08441138168549478
1105,0.03481752612280621,0.08658115834669959
1106,0.013262931564034526,0.08486562046714893
1107,0.01560783800216491,0.08641993734322694
1108,0.017284312510284883,0.08298667824656743
1109,0.015267244896334728,0.08596583369904592
1110,0.017776801779305674,0.08444490080190482
1111,0.020021178674968807,0.08483895004019701
1112,0.02398700008408216,0.08598359866548601
1113,0.016147113057746784,0.0842810106606113
1114,0.01384755385730147,0.08403193242941286
1115,0.014225658782550533,0.08701038577204061
1116,0.014874680805659407,0.0861215410301261
1117,0.030204824250787028,0.08516935852909446
1118,0.01655998479773445,0.08318239119940234
1119,0.018306072059796896,0.08706551814512502
1120,0.019177979042280618,0.08493109013801231
1121,0.01724339452890393,0.08724498789860193
1122,0.029755108058452606,0.08797745610164819
1123,0.026798522146564665,0.08767660182520262
1124,0.018022762115192263,0.08712535218935563
1125,0.029454868129194716,0.08673872763202303
1126,0.030269563977597835,0.08627135723007652
1127,0.03059816008673099,0.08593305751195826
1128,0.015570800935376588,0.08335892803836287
1129,0.015673328503429142,0.08341026972783239
1130,0.01366266767935226,0.0847652193373606
1131,0.01944071843893177,0.08378368500330693
1132,0.014630758124739398,0.0857007783419805
1133,0.013307736842049327,0.08333188775263932
1134,0.030483457852493633,0.09215709877044037
1135,0.03227648945367635,0.08376728819874593
1136,0.016630069962863266,0.08619758469941921
1137,0.018876504190966814,0.08705771649092958
1138,0.01963112512048696,0.09281201936995476
1139,0.021351223210088886,0.08333207467071395
1140,0.030165031850104423,0.08577709209948853
1141,0.014077463452952408,0.08374603656599097
1142,0.014959045332567445,0.08918526367211999
1143,0.029477380975193365,0.08473599112048782
1144,0.015343738497938481,0.08583905771934897
1145,0.014720663124677904,0.08423477794069395
1146,0.014283708536115746,0.08269304696255758
1147,0.017124956756900282,0.08762931257934499
1148,0.034880527184230965,0.08764192728993289
1149,0.02044631704267663,0.09023668349984296
1150,0.016474487134445236,0.08545056945249849
1151,0.022430873607346632,0.08484532215392082
1152,0.028801352372480597,0.08993436795727053
1153,0.017250705627158143,0.09043054613179731
1154,0.016580646647414817,0.08770679445344404
1155,0.02622540718452497,0.09079551018942568
1156,0.01894307628764441,0.0866155490316544
1157,0.036255818152315565,0.09804301989033706
1158,0.023532382560000523,0.08630468091346268
1159,0.01345899426684858,0.08227262724387019
1160,0.014007609325890256,0.08524183260468313
1161,0.017368516683298217,0.08648828570182461
1162,0.014191502448299835,0.08361377453146722
1163,0.021471793848005207,0.1027097948885203
1164,0.024124554945243563,0.0886192369767299
1165,0.015031519448121887,0.08494333950872708
1166,0.012320944616063074,0.08467090178402444
1167,0.015730474059554665,0.08288391167881495
1168,0.015642602945499847,0.0846873283722347
1169,0.012724718324209456,0.08386297453017462
1170,0.013343660771076021,0.08385067610513597
1171,0.017863350990447318,0.08451187240898161
1172,0.015546665506489973,0.08439975220682029
1173,0.047308799600503104,0.08517796269858391
1174,0.013972407166019876,0.08512988260814122
1175,0.01779435150220196,0.08767824597600707
1176,0.03803423094945642,0.08813481878741343
1177,0.02324569232318095,0.08386293617555671
1178,0.022218346811807642,0.08512724179746513
1179,0.033883965404873546,0.08455294843081544
1180,0.03333243710458932,0.08559759103116535
1181,0.01916701891415732,0.08994436101581817
1182,0.017826008087835715,0.08430746634651844
1183,0.014159586347732985,0.08693433577255498
1184,0.011334976987171697,0.08579015182821374
1185,0.014063609460351236,0.08450467639922499
1186,0.026439355522814588,0.08749805801643763
1187,0.014996514074667868,0.08517261855957801
1188,0.02031629122676894,0.08884085378700629
1189,0.020475606483678833,0.08818807340878293
1190,0.034626454844790565,0.08356285629266486
1191,0.014277227383492321,0.08248558194192131
1192,0.020649312434828954,0.08516423478909303
1193,0.014655479265020746,0.08458397262974789
1194,0.017981321918763525,0.08676661293309434
1195,0.016168134859222978,0.09065845270727511
1196,0.024120298736848428,0.08926880609869658
1197,0.02666043347115614,0.09964539401961449
1198,0.06846149728215974,0.10345864428538726
1199,0.04481394894911578,0.09212944337299891
1200,0.01875285701505069,0.08940513495514567
1201,0.016644947680419887,0.08404290791890376
1202,0.016319253966562614,0.08424140042380283
1203,0.035528396174521845,0.08409259634507928
1204,0.01418700314427618,0.08505163181171681
1205,0.02350427158655698,0.08180418257650576
1206,0.015747472372338128,0.0845747639922271
1207,0.013763106722956914,0.08545873973303869
1208,0.034801068911358105,0.08644667284605198
1209,0.01632574289967087,0.0866750918870283
1210,0.014644401498302397,0.08275997896391646
1211,0.012412920976670745,0.08256725750322032
1212,0.015595643594277129,0.08583444448416694
1213,0.015587990432043434,0.08323421799822857
1214,0.011236962298848038,0.08332491173107821
1215,0.012811928356889647,0.0829024895241386
1216,0.01397860197052593,0.08194843248317116
1217,0.02870005341159139,0.08122400298976061
1218,0.01829293544249475,0.08404766308857982
1219,0.010155491703146117,0.08298361577784508
1220,0.016412615884083753,0.0809812216569009
1221,0.02023578440437683,0.08549805704438895
1222,0.03589341197700056,0.08295544397487377
1223,0.01543392523317408,0.08197822733630512
1224,0.015237795174425485,0.08339961188702953
1225,0.045399650341618025,0.08795705700951412
1226,0.014900228656758335,0.0858389695634818
1227,0.014579922611880639,0.08592503555212404
1228,0.018423683485921275,0.08459052574216273
1229,0.018698883140722412,0.08473403563251472
1230,0.011445943960995884,0.08311618571368076
1231,0.012930964254029679,0.08491941179174528
1232,0.030508893060273136,0.08741135409750735
1233,0.02981618140184767,0.0843010246940424
1234,0.014879676860795126,0.0880436046529832
1235,0.016871550753946214,0.0932821108957281
1236,0.017551903592475156,0.0854853254586533
1237,0.016942483299998656,0.08316963505849503
1238,0.06174054121756255,0.0960002348835307
1239,0.02671078827851058,0.08461864667951613
1240,0.03485185967110167,0.0861770735311329
1241,0.015134742144833912,0.08233712395106939
1242,0.015006020741075932,0.08437282761983704
1243,0.04631069561227175,0.0848475570106566
1244,0.014924389990426156,0.0817245874637948
1245,0.028655656715592247,0.08556982766566121
1246,0.015024083050487557,0.08436220886190433
1247,0.012127020118939092,0.08263014415675835
1248,0.047668176215597456,0.0847393466267072
1249,0.01906052145371243,0.08631555988152224
1250,0.01412868465889584,0.0841527898471457
1251,0.017906811537927593,0.0866072835554754
1252,0.035931296926867626,0.09300535198366433
1253,0.03664157871262033,0.08621888376193537
1254,0.01735096526416865,0.08452627032920532
1255,0.03305858985570531,0.08892640848655749
1256,0.018332743585156422,0.08448582170601178
1257,0.014975674123412762,0.08469799360759873
1258,0.024252637963870477,0.08507740962550156
1259,0.010774994616434679,0.08208953542518138
1260,0.010614451778567978,0.08280330476232041
1261,0.02521633959687709,0.0842736963005293
1262,0.021695906121202025,0.08784292933337372
1263,0.02399927755776898,0.08816245515693101
1264,0.032770776405907164,0.0850051814190726
1265,0.014931391489613206,0.08511517753353096
1266,0.013473179810286316,0.08482397188967034
1267,0.032639502197340554,0.08420510354794954
1268,0.01371670789070731,0.08442852309996024
1269,0.01278358501116497,0.08319943467327826
1270,0.029052067542197562,0.08581118944817617
1271,0.01607285587111237,0.08409029631910467
1272,0.016909933266548154,0.08521992502206549
1273,0.012598290379658388,0.0845781375180211
1274,0.030124799760064363,0.08534477025569233
1275,0.014606449318039567,0.08500257007460248
1276,0.01743060678278671,0.08623862907029035
1277,0.016163963112150986,0.08982798923974049
1278,0.020011134107004513,0.08900867225158782
1279,0.016180730646703872,0.08677381239738081
1280,0.014921050559624236,0.08690467824165087
1281,0.012882900555679417,0.08674863079810202
1282,0.02617914841559987,0.08456846412486002
1283,0.012201985160361823,0.08361133557737321
1284,0.01268562595987675,0.08411271834657305
1285,0.013215799255407529,0.08555532381274647
1286,0.016024834216575263,0.08683161064048757
1287,0.03419271825599633,0.09564881125712454
1288,0.019304737372785152,0.09074021005690247
1289,0.01665459000169764,0.08415907979907847
1290,0.020402430507082923,0.08227890401257011
1291,0.01569623156774754,0.08718128982268479
1292,0.01680659868266889,0.08929458555571716
1293,0.017949898052832175,0.08491008372085734
1294,0.016730239924312013,0.08583078820977294
1295,0.013137086814263585,0.08514261630394106
1296,0.01737145451262453,0.0906701522475496
1297,0.019356266720962002,0.08753369927854467
1298,0.016547350680052673,0.08422473806859855
1299,0.031313489947386294,0.08436044693964168
1300,0.038321249172395114,0.08397555875972398
1301,0.015670614754985494,0.09168087013233873
1302,0.01482471788366293,0.08213511873083305
1303,0.04200940922509914,0.0845183682695666
1304,0.04684951945812351,0.09098352729004427
1305,0.024516699158332565,0.0859395440919955
1306,0.03524774884320445,0.08440712155928289
1307,0.018208256767928414,0.08518143838509581
1308,0.015363148372725446,0.08475998656492784
1309,0.011783979617082586,0.08373931967151493
1310,0.01601958436581969,0.08631428728874464
1311,0.02250375802450606,0.0814850483659216
1312,0.012429247702235432,0.08281606219167399
1313,0.029108424723545398,0.08186021633913045
1314,0.015549734655218812,0.08349301387791645
1315,0.011644538381023093,0.08294665764895896
1316,0.014001911926465722,0.08340507648642499
1317,0.010599241266465019,0.08320537181501102
1318,0.043465641476097154,0.08323177411442712
1319,0.026362509802450956,0.08505361176149588
1320,0.02927215003808464,0.09712530271077813
1321,0.020490931078417922,0.08769422045028896
1322,0.013086396771655373,0.08224965273437643
1323,0.01199597458655838,0.08239126950502396
1324,0.034199835084448786,0.08533941461403567
1325,0.015048728239807215,0.08880134953890827
1326,0.01500984771778591,0.08739147555633894
1327,0.01450556554017022,0.08825621225481343
1328,0.011433906029898171,0.08359289998398688
1329,0.013256864406191816,0.0845052901104578
1330,0.009919320412715867,0.08380650107125591
1331,0.011657427759916992,0.08224788143820033
1332,0.010247881439599123,0.08414007538467422
1333,0.017895668926050295,0.08783103645146641
1334,0.022300718830997667,0.08510293650970722
1335,0.013172639784954933,0.08347174848306149
1336,0.03038896695596858,0.08889024247202956
1337,0.028010549531741577,0.08919470803928853
1338,0.01007808330045505,0.08538896291701119
1339,0.018929637571487308,0.08233817353060371
1340,0.020423531135234714,0.10291430802273571
1341,0.06279608291401571,0.0902162517297238
1342,0.016842572544015312,0.08503597375369609
1343,0.010387423953339223,0.08517029937496759
1344,0.027789894520629164,0.08439153481396218
1345,0.014832199116158636,0.08813522651530149
1346,0.012659141790927577,0.08483737223503883
1347,0.011521278900973101,0.08418673151791245
1348,0.010500900228405633,0.08435985586024765
1349,0.013785032476634254,0.08537922134823668
1350,0.019167364157479386,0.09036249039988768
1351,0.015760619234188596,0.08702430638827775
1352,0.029313900426240363,0.08549400301356065
1353,0.014703047937687288,0.0826762962647548
1354,0.012030319547204762,0.08187853414238545
1355,0.04909741135787067,0.10898779308362712
1356,0.030068326134199633,0.08977595948261724
1357,0.014090631162998819,0.08632481030951765
1358,0.011177041410208683,0.08276076672743436
1359,0.033316712122889336,0.08400904379766387
1360,0.015407241291153393,0.08771161156190667
1361,0.017682662855565173,0.08478013157172311
1362,0.02323671651647943,0.08879264274187255
1363,0.02913218199459363,0.08468412212037801
1364,0.013275574466511373,0.08379144408275609
1365,0.026285586902013394,0.0872329910073364
1366,0.015279365106424475,0.08354768310125012
1367,0.011183738486613599,0.08603537215251372
1368,0.015624162545398486,0.08775504067876286
1369,0.010686714482438228,0.08564640409814983
1370,0.012220824995664967,0.08261744493156448
1371,0.016723378742446532,0.08287174676668674
1372,0.026974841745038954,0.08566426556734812
1373,0.01335163790218789,0.08442186765876927
1374,0.012640451831410297,0.08288342248004182
1375,0.014746861491457422,0.08742569540078778
1376,0.03565777717946465,0.09418457044395886
1377,0.024885644432636078,0.08834798550023172
1378,0.022462174343091192,0.08756893817195319
1379,0.018246499944162966,0.08729441223063863
1380,0.033528747206384484,0.08664748795274504
1381,0.018376343267558135,0.08485594347007293
1382,0.026812457578799756,0.08319876940552155
1383,0.010381151329387318,0.08399536154398643
1384,0.012943843896369388,0.08766733606656392
1385,0.012508992356799987,0.08388933380668923
1386,0.011217737514934384,0.08333349293261244
1387,0.009616011143501463,0.08372184359713604
1388,0.013594255534505769,0.08491450492152594
1389,0.030600297112940433,0.08345397076287066
1390,0.023666567504873098,0.08194599362244283
1391,0.010909756593009148,0.08240041696935668
1392,0.012553834464389329,0.08446990870368809
1393,0.0194315355720705,0.08510922257762804
1394,0.011632688390237038,0.08506116758387788
1395,0.010956313119483032,0.08429902799446183
1396,0.01810810842834483,0.08829524653746669
1397,0.015051500547712312,0.08472959400343716
1398,0.02020153670708961,0.0876037614760841
1399,0.021522548569360495,0.08461784248364002
1400,0.015698664088888228,0.08428693368545451
1401,0.027650226059378502,0.08171601212562475
1402,0.010262239152174385,0.08402805175996364
1403,0.01258566620581576,0.08368053843727088
1404,0.03027918815706217,0.0853004669187063
1405,0.017239493913481414,0.08502829312008425
1406,0.022050033411051974,0.09305012397897572
1407,0.028656979351301553,0.09285188875252143
1408,0.037049989140122475,0.08457519493082113
1409,0.02914374023909479,0.08336227710235089
1410,0.01866977460110169,0.08416203665255305
1411,0.010860842889098912,0.0834961801319194
1412,0.01013457361713846,0.08446309945188966
1413,0.010444472576009816,0.08370396763758552
1414,0.01432156803956413,0.09043308427758086
1415,0.025848005965445484,0.09082166019612387
1416,0.020939540926682352,0.08550052406420384
1417,0.023036316469265003,0.08500713713112332
1418,0.0174338095047771,0.08463787901819798
1419,0.026108671181184186,0.08272795679799297
1420,0.011112285751650887,0.08067190940293453
1421,0.00930569234499737,0.08085379021284275
1422,0.01108006855361981,0.08569726850230593
1423,0.010817607555269821,0.08355953195190668
1424,0.024327062549168787,0.09048002663262207
1425,0.013381100907851723,0.08557862965833574
1426,0.01508469369297491,0.08753615490774762
1427,0.015787066106442187,0.08576110363902903
1428,0.012438126997350711,0.08704781902015657
1429,0.033471273415981787,0.09251956949780758
1430,0.01825543691266947,0.0857974842265435
1431,0.013208237155501184,0.08524329185411147
1432,0.00956898462319262,0.08403685378998443
1433,0.030361970267652718,0.08392137145264107
1434,0.00938043393469109,0.08192291719498192
1435,0.013688191751070718,0.08482963124985683
1436,0.01163175452185275,0.08580530481529713
1437,0.02796040218159977,0.08345685139261093
1438,0.019261533721440637,0.08614111202477213
1439,0.01368798930081174,0.0861318258937439
1440,0.013041326647688603,0.08512934719336063
1441,0.02350501752338813,0.08428067077222026
1442,0.012822992597534366,0.0873745911215481
1443,0.015892534108020856,0.09015778646358572
1444,0.023314980699514334,0.08354217960571586
1445,0.013387775842719317,0.0829942517337345
1446,0.00938195276561669,0.0871954592210906
1447,0.010808608585203702,0.08449583002051017
1448,0.011579828018608698,0.08497382384867298
1449,0.020961449817290128,0.08715589955112987
1450,0.012510200428154587,0.08603234884135406
1451,0.038336088034239685,0.09760941525823191
1452,0.022068367789274658,0.08784770241058559
1453,0.025114490834523145,0.08781343082288154
1454,0.022510018369013614,0.08751469701155086
1455,0.011059745124374812,0.08543765423515984
1456,0.015061794753919201,0.09182341064426833
1457,0.019179717850722488,0.08758857179629176
1458,0.014677346456317132,0.0861825753647582
1459,0.017139459361663806,0.08504469321111689
1460,0.011929060837551717,0.08987672150807273
1461,0.018474924807264512,0.09006962665639127
1462,0.0193165203813335,0.09078012991295124
1463,0.01310568678318333,0.08721595606708288
1464,0.014599324510575835,0.11683543371900282
1465,0.054052385942409034,0.10438542674881474
1466,0.02636582656620438,0.0963925110330259
1467,0.04124657562160193,0.09067246258109435
1468,0.033091880994203696,0.08641143755655839
1469,0.015469597363523368,0.08722129249408431
1470,0.015698180119375637,0.08365759296450101
1471,0.023908424456851984,0.08769497723507702
1472,0.011353099213615294,0.08712463402060937
1473,0.014223063639058588,0.08514769125104249
1474,0.012925592881735403,0.08337627552953877
1475,0.02526052899623646,0.08525868460423965
1476,0.010747814190436774,0.08601028804566926
1477,0.010148565211920155,0.084709229792718
1478,0.012232505014242143,0.08598137363081887
1479,0.008557625179146898,0.08302431872912816
1480,0.011418570136668913,0.0826721304565444
1481,0.022493289106271484,0.08466572682361555
1482,0.014694983587778382,0.08695793588806812
1483,0.012276437770003062,0.08424667862797142
1484,0.023661379372485004,0.08692647912597895
1485,0.029502914681283285,0.08519686302893742
1486,0.009830328919063542,0.08814847067857445
1487,0.00946467779401608,0.0835336310261473
1488,0.017799139974586268,0.08809518575070795
1489,0.015012446399719737,0.08686635678722746
1490,0.012461092706979909,0.08477388968443811
1491,0.01643197742936006,0.08377414336778168
1492,0.021883904046399467,0.0848120516889675
1493,0.017374943293701144,0.08154289146189701
1494,0.013883332543799122,0.08923216890497017
1495,0.013082222449578648,0.08552995749882289
1496,0.011824177840847206,0.08424978643506392
1497,0.02769565590450009,0.08698363688057825
1498,0.011913452466780489,0.08575861023407533
1499,0.011149275154576033,0.08589671583925572
1500,0.011000845733107445,0.08461184082622815
1501,0.014487917497053415,0.08438730691758015
1502,0.032142166789842996,0.09319744875332467
1503,0.019000870435495736,0.08905814380798124
1504,0.0274757602862243,0.09975066607383858
1505,0.02664050881730445,0.08503235710369315
1506,0.015067937792655443,0.08861300661076878
1507,0.016422153103127377,0.08447540069657161
1508,0.029443600381429666,0.08279270540577427
1509,0.009857758878201808,0.08470902233419561
1510,0.02806144516891727,0.08386570689522832
1511,0.023054608523401906,0.08467235151015427
1512,0.009342037329631259,0.08491432689186326
1513,0.05007351018184778,0.13027634675192057
1514,0.07320656306854796,0.09511802502368626
1515,0.02288440175844958,0.08620303146597139
1516,0.013242727055047934,0.08820465442381407
1517,0.01988723493388454,0.08771358406110515
1518,0.015335459212501033,0.08429989715417226
1519,0.012987455023236597,0.08371842180128981
1520,0.03179564408455803,0.08458414350760013
1521,0.02009246551481347,0.08313488467295367
1522,0.013385619150714068,0.0838295966946989
1523,0.027582016169184053,0.08447558785739698
1524,0.011643630288961726,0.08242347102640267
1525,0.01082109357741279,0.083901156552304
1526,0.01491204025603387,0.08322429150940482
1527,0.011007070077180301,0.08748138992858112
1528,0.01058656117531433,0.08427014887183532
1529,0.008424232494915166,0.0838230642721169
1530,0.028150821187851664,0.08384239400986741
1531,0.012074001974259799,0.08427541096108898
1532,0.011921649753498527,0.08481498109293462
1533,0.009410209819487644,0.08189190263138678
1534,0.009767023779358423,0.08502551485646638
1535,0.009493675681420816,0.08858032748663336
1536,0.010806089153273912,0.08388151166806544
1537,0.008647667022194234,0.08236880424924961
1538,0.025017054780710455,0.08232704800247848
1539,0.008301913055086211,0.08567393974478084
1540,0.010200163559713708,0.08463002909395032
1541,0.010172677421971548,0.08527012856532458
1542,0.026525209619894297,0.08785410417724672
1543,0.009023964040121502,0.08352475729129069
1544,0.007973203850110123,0.08846944938402128
1545,0.015931582481229566,0.08637775506889611
1546,0.011151344027825657,0.08290106536152966
1547,0.013819059056337912,0.08321971188586458
1548,0.012617488629637187,0.08284738775632136
1549,0.01427577059645918,0.0866257127626498
1550,0.01046172790462881,0.08361060674626726
1551,0.010440301336931959,0.08207300174654576
1552,0.008673198944465681,0.08375842917831917
1553,0.007619674221195024,0.08447015059547018
1554,0.008214365267618135,0.08319980496153198
1555,0.012283867201694875,0.08480257266446163
1556,0.010928498608787139,0.08337406464910746
1557,0.04636354307092282,0.09190063552001963
1558,0.018283487148699717,0.08660197356963217
1559,0.013366124172312525,0.08547788100284442
1560,0.013194703353936769,0.08447467373277907
1561,0.016156580322495076,0.08524847900807708
1562,0.014448182660280537,0.08459506519979104
1563,0.01089260533019947,0.08266061606039678
1564,0.008793665934062117,0.08414992043995917
1565,0.01206079667264765,0.08539488497085142
1566,0.02005469744738927,0.0837963904279814
1567,0.010804618546756737,0.08562257245444414
1568,0.012077127708863688,0.08458568932567921
1569,0.009595006812352185,0.08648574660371121
1570,0.007913122788585466,0.08335115217176595
1571,0.011032527252786492,0.08377545179430405
1572,0.011263003406409747,0.08395407742874365
1573,0.01135760901326483,0.08560400674665782
1574,0.02462682200940238,0.08627875156719285
1575,0.01165058553440724,0.0851791105548242
1576,0.008600959744082535,0.08421976968907473
1577,0.02379686395903366,0.08605024750743594
1578,0.011426535560559703,0.08577400976255126
1579,0.008051048711724696,0.084624222962928
1580,0.013644025833302157,0.08597575331615624
1581,0.016771391266227047,0.08689186469952863
1582,0.01052571061216178,0.0861728945583628
1583,0.013743740900603582,0.08682369099075633
1584,0.011632674826209822,0.08531875389261652
1585,0.012619885192676024,0.08556445331352397
1586,0.009073720296091608,0.08410473244456121
1587,0.012391622201612563,0.087579530115265
1588,0.014894521751420624,0.08869223074432005
1589,0.012480994686484337,0.08353767809189651
1590,0.008111240549544369,0.08585527989275772
1591,0.010167441403837787,0.08316717153055626
1592,0.010315052950375226,0.08556895740423585
1593,0.011980685722199633,0.083542101085186
1594,0.010343656203706622,0.08413259270495939
1595,0.008940921048268815,0.08487672256049059
1596,0.007655229512894042,0.08291272641647429
1597,0.010608006173855739,0.0887770620653205
1598,0.023680320409561587,0.08779351441259671
1599,0.010748760951361779,0.08358896975603916
1600,0.02790462686373709,0.08570932428863712
1601,0.021773548773416904,0.08851892054827888
1602,0.01018026949937067,0.08530378662852715
1603,0.009148556161029586,0.08596092199248478
1604,0.00985543338762929,0.08556955275977764
1605,0.006907243002789988,0.08422207531698964
1606,0.008032624475471092,0.08422029688767622
1607,0.015356844273573927,0.08789871780570586
1608,0.010633718561042439,0.08678460268672546
1609,0.019105769308476614,0.0877384431193347
1610,0.01956551089929563,0.08724111447432883
1611,0.013264162363747257,0.08514655161098131
1612,0.009549133786143367,0.08472023157398205
1613,0.026901192157339528,0.12036317583164177
1614,0.02888525716469953,0.09173247481423213
1615,0.01688548085516243,0.08447968868309991
1616,0.01754352864794737,0.08533157809709846
1617,0.012586282878576962,0.08540205715368863
1618,0.02402232264148124,0.09081912023904629
1619,0.011622330584040724,0.087102626387338
1620,0.019816944896766105,0.08755987370970256
1621,0.01883711613755568,0.08391684779248441
1622,0.012145601849430782,0.0844492419695197
1623,0.032223309165444865,0.08283334488707378
1624,0.009138846407910125,0.08299149514962557
1625,0.010351177775023685,0.08279071283295639
1626,0.012029422282133263,0.08273299768529739
1627,0.009214513123525909,0.08324909712512392
1628,0.02292137912862867,0.08339884044383104
1629,0.012812743237866877,0.08594818766179838
1630,0.006647463863114111,0.08533651682368495
1631,0.026012565015134954,0.08718137853874598
1632,0.00863435126251328,0.08313575327247008
1633,0.010973105042133491,0.08265474668346849
1634,0.024396376555849766,0.08763596012180012
1635,0.020770025314021633,0.08836398740534794
1636,0.015078628908690987,0.08352884670770855
1637,0.02865146362984722,0.08580973897512097
1638,0.008429484380566775,0.08339002859174159
1639,0.025941176042194276,0.08408358926537043
1640,0.010025203952034439,0.08437623600837282
1641,0.008397628016022493,0.08389767410611748
1642,0.012475418211559423,0.08547585905718624
1643,0.009382648263593732,0.08525805946504861
1644,0.012689978056543486,0.08219552182015918
1645,0.013134289979584352,0.08364498876688774
1646,0.007783384684204682,0.0842076361478122
1647,0.007356903289494376,0.08716806423918047
1648,0.021479583558477577,0.08470789738989115
1649,0.007787629525501246,0.08401178372533698
1650,0.02220504080473816,0.08772877381559004
1651,0.009430751709565286,0.08465069399815156
1652,0.011246372428854057,0.08349389655697614
1653,0.008881491054211477,0.08445026452902864
1654,0.006502715952484211,0.08819658415658134
1655,0.044207919672201605,0.08491587580968264
1656,0.02618751309368304,0.08733372494839785
1657,0.0092255696085016,0.08348724914523295
1658,0.009554085815121014,0.0853513044522221
1659,0.010412696265793614,0.08607926802303557
1660,0.012113175112578936,0.08327700268654596
1661,0.010526784019819154,0.08352483631599517
1662,0.008442768427108336,0.08360597704138074
1663,0.012376067082639958,0.08555042370220174
1664,0.01205150262222021,0.08672181134086504
1665,0.012110706447947735,0.08362933513439987
1666,0.009770867703803655,0.08544508929838214
1667,0.010787295602367122,0.08357444629633337
1668,0.009335982509623034,0.08581262765298213
1669,0.00848554164685052,0.0863030140187806
1670,0.007740089602674997,0.08483804179761643
1671,0.05104314038080388,0.08396350790310025
1672,0.012177682128445855,0.08591873432161815
1673,0.0103126198059199,0.08436532012352668
1674,0.014138713041116078,0.08528624603846915
1675,0.00912362072313187,0.08376940476117577
1676,0.007980742541413323,0.08232793258619786
1677,0.008033518815197075,0.08511372582804888
1678,0.0233540480655726,0.08397040521740017
1679,0.008042334003788551,0.08559365221357584
1680,0.010578389262027315,0.08406043323433787
1681,0.04936056434641064,0.13198837398885185
1682,0.04428364451519187,0.09024055905285336
1683,0.016660927342350206,0.08609321209272944
1684,0.010020015516017671,0.08420140602460183
1685,0.009203663295818067,0.08527724513956778
1686,0.01130689766993717,0.08418386291367069
1687,0.011014978316697207,0.0834609089900079
1688,0.008786081313082604,0.08456790096180182
1689,0.021223959679420465,0.08457349772964205
1690,0.009159164392275496,0.08526869814721565
1691,0.011316958435323545,0.08394015692454532
1692,0.011996106351185648,0.08285277370447502
1693,0.011826610706489661,0.08326115425592079
1694,0.00748928703753085,0.08311345196681513
1695,0.01084368796084882,0.08377292046421453
1696,0.008010756212715818,0.08331579492803205
1697,0.007248831029724458,0.08354507461376955
1698,0.007396772423566416,0.08242617237538025
1699,0.011033677608417026,0.08405163581658126
1700,0.01017880090585323,0.08323908905337628
1701,0.007698530030544835,0.08285930448382121
1702,0.01019078246565962,0.08471827952186566
1703,0.00914484934244877,0.08859844134191523
1704,0.00870022417387712,0.08486089371798332
1705,0.006862111631956033,0.08433309492461365
1706,0.010442019590588292,0.0856245849701695
1707,0.015909442940849495,0.08837967771187163
1708,0.010540673871258958,0.0837758800252936
1709,0.019858912782317325,0.08569880214550142
1710,0.010384319011460651,0.0859401305404522
1711,0.011772414019804295,0.08505395622480483
1712,0.01806636827597891,0.08549716093934569
1713,0.0078308208944819,0.08427953195377699
1714,0.009810859149140904,0.08643460105684467
1715,0.012332130220593143,0.08985993450969681
1716,0.01108633895290776,0.08582271174305961
1717,0.028499353236188896,0.08543628034062851
1718,0.010128734484431698,0.08606750368698497
1719,0.007332403599620333,0.08579728401319724
1720,0.008840571843718286,0.08744904143096212
1721,0.018243274487975435,0.09013413103824869
1722,0.013175296334427166,0.08584359144432503
1723,0.011844067173049462,0.08396999571556435
1724,0.013956209568768085,0.08763863015593144
1725,0.010975488376888361,0.0852378871394578
1726,0.010164319347812091,0.08420294252478688
1727,0.008937961343080272,0.0862477077988156
1728,0.009942946088468206,0.08490926505330212
1729,0.017894041636917844,0.0920409247802015
1730,0.02774902425858201,0.08421419557174645
1731,0.01648863742776145,0.08804452458494588
1732,0.03384825666683221,0.09709248499463972
1733,0.01614989548466142,0.08546383417489235
1734,0.01104253851356084,0.08474298930705938
1735,0.01453547712508881,0.08397190920765836
1736,0.008723293429643477,0.08372329039158379
1737,0.008771811309781474,0.08281211006013971
1738,0.02589992051622991,0.08372253470851067
1739,0.00716538181043811,0.08277489663216106
1740,0.04198018576202441,0.0869787268545992
1741,0.012238744239039649,0.08512672701649797
1742,0.016889413599754016,0.08431924156900636
1743,0.00936693003763179,0.08500240926156964
1744,0.008132830481147131,0.08584956018100108
1745,0.024479268888029093,0.08406416939240052
1746,0.005906395916316109,0.08368974292935584
1747,0.019534141225244,0.08470638658393893
1748,0.007693500526623105,0.08485657324020128
1749,0.00835292200560807,0.0839244608853694
1750,0.007804760581676536,0.08363109134268343
1751,0.009243808096992932,0.08807254543429927
1752,0.007137646376035617,0.08735929119557068
1753,0.006992087406062501,0.08312294507086426
1754,0.01517082252145561,0.09084142048033257
1755,0.01087871907121242,0.08663394931414373
1756,0.025294203953496342,0.11494735914065425
1757,0.04473892458915991,0.09131763587918199
1758,0.011315101305122099,0.08373324925962247
1759,0.009469839601214029,0.08467438699383485
1760,0.026534597512019278,0.0842809932012307
1761,0.00631323960817019,0.0862172299197742
1762,0.022128646878005944,0.0854297190867271
1763,0.00872560325268434,0.08533457677839394
1764,0.008830877473478594,0.08742031286981769
1765,0.020379605954133417,0.08753961705623713
1766,0.017696613358292833,0.08843817149188585
1767,0.027471286122071146,0.08824717746417325
1768,0.007162227234029471,0.08826055911773428
1769,0.021682386378521174,0.08642115311365678
1770,0.016473927237327008,0.08714156950774946
1771,0.011792080662268736,0.08484974249562524
1772,0.0074614225551018895,0.08674065634272152
1773,0.007051117788287913,0.08501011153734417
1774,0.02113150510802678,0.08792457195526376
1775,0.02824556749886293,0.09705737010951627
1776,0.043775714472590196,0.09710470560872764
1777,0.028386380605189405,0.08973248747357152
1778,0.01630979848640232,0.08998531794040125
1779,0.03482454778118567,0.08576386627323347
1780,0.01169416728082075,0.084822512920339
1781,0.007296191960526484,0.08394995062871087
1782,0.0074494550162254826,0.0847908852803976
1783,0.027184331445111003,0.08435268487249102
1784,0.010273927513241394,0.08612698690036784
1785,0.008046650899235498,0.08488545355790839
1786,0.0050901191463828275,0.08339586086515197
1787,0.006738987478331245,0.08383366196675408
1788,0.008852272499557058,0.08264345259295967
1789,0.012085114976502137,0.08447057400879107
1790,0.00792551618419751,0.08367437774077394
1791,0.021816596107084456,0.08308060467243195
1792,0.006799856980322484,0.08373622267616722
1793,0.036166666402572004,0.08682267847739365
1794,0.021326139677304273,0.08574800495814561
1795,0.020687255468277908,0.08736313759981838
1796,0.012592555482092323,0.08870992465948402
1797,0.012599508927662078,0.08626021941502889
1798,0.02557187619090641,0.08427420064321436
1799,0.009083142436947382,0.08489416274510529
1800,0.00801530604901779,0.08260083799822289
1801,0.007365305598556622,0.08428195163719636
1802,0.00830469985980085,0.08784159969417075
1803,0.008090011466025933,0.08383346035292275
1804,0.010077694308328031,0.08671241154646814
1805,0.00795282881274866,0.08441010410699032
1806,0.0066023578306771,0.08476423582337554
1807,0.009230595000298419,0.08505449147152722
1808,0.00681016892253138,0.08521586580010584
1809,0.006619976288974753,0.08266155384387587
1810,0.02027033567486979,0.08688481785076901
1811,0.008753764212458486,0.08409677089231654
1812,0.009571107086903624,0.08668765380866546
1813,0.008767697119320447,0.08563578300607533
1814,0.006592674144371456,0.08480726934988099
1815,0.011674047365994849,0.08693151683885053
1816,0.010465639799564703,0.08615837881066148
1817,0.006362961314700334,0.08371049899579887
1818,0.022657890453771177,0.08549866029866655
1819,0.015632790187811683,0.0868473673300038
1820,0.013331476228200717,0.0886855203667679
1821,0.015547039055887342,0.08675034295646171
1822,0.0346189471411294,0.0885921107198959
1823,0.014836715283251855,0.08625495123833343
1824,0.01852914987009334,0.09045495858467312
1825,0.01313832440766795,0.08424954745629079
1826,0.009062529328428092,0.08363869644346691
1827,0.00968299142368208,0.08357319909901846
1828,0.005055715005879866,0.0859658527269698
1829,0.006529978426833138,0.08301640470001034
1830,0.006748796878586929,0.08386432652111937
1831,0.008403220567209968,0.08735158931193196
1832,0.005499528623171455,0.08474634214302053
1833,0.00711059659211473,0.08324329913558817
1834,0.023091599327690174,0.08528103354506027
1835,0.008177310883776987,0.08609644967810552
1836,0.006328221439707989,0.08551157615089178
1837,0.01119239352713558,0.0855481052084973
1838,0.007844532105698014,0.08374092361906119
1839,0.03946721067850633,0.08210602914330953
1840,0.008387089809140068,0.08866197341366817
1841,0.008752252256240824,0.08532836555239551
1842,0.008154715326699343,0.08407697010607947
1843,0.009168406796632889,0.0851365564983889
1844,0.02346876347992207,0.08693727787425344
1845,0.006653364952128135,0.08440329593823369
1846,0.0153135963099597,0.08566127969582278
1847,0.01249574134739402,0.08511317467181605
1848,0.006139372400997854,0.08606671403748051
1849,0.010570273112774269,0.08545809409074616
1850,0.0074943146481526125,0.08597695355053832
1851,0.006269722171186186,0.08491228229569313
1852,0.008966651242985435,0.08674044464539765
1853,0.006815826386026454,0.0842672176752473
1854,0.0060323108539429016,0.08553375520353627
1855,0.007283727959569158,0.08616280583734799
1856,0.009095334301944997,0.08563023680508286
1857,0.010517812015774855,0.08995383701527626
1858,0.01358055705233801,0.08671622590761735
1859,0.008965573279438161,0.0876936929902636
1860,0.006951447674087876,0.08448979038194307
1861,0.008716712683894698,0.08612606498905293
1862,0.009822123611001385,0.08646000510917272
1863,0.007029519287933563,0.08762047507036898
1864,0.011212165581301836,0.08514456846809626
1865,0.007001619812299652,0.08579982996435094
1866,0.005493775506425053,0.08525480219818894
1867,0.005065020075984603,0.08181174599885344
1868,0.008826750024078782,0.086587053735304
1869,0.0075944232284368765,0.08447570833645966
1870,0.007645582289764873,0.08546349426782818
1871,0.006937815553762696,0.08394186852271096
1872,0.019718992636250012,0.08559115705334752
1873,0.010520090388431911,0.0876618300314834
1874,0.0184619148658898,0.08967462112954386
1875,0.011750793283028662,0.08725102561383617
1876,0.006981767451268005,0.08402518326776069
1877,0.015532090489206642,0.08604445439158824
1878,0.00820177350175745,0.08601500824056472
1879,0.006456422380122085,0.08749783550736898
1880,0.015253584902021205,0.09274815362796449
1881,0.015485766035764474,0.08711180464366923
1882,0.006783301801914145,0.08532692185768806
1883,0.005850077028675326,0.08449315358149379
1884,0.02432080807870832,0.11142987231338831
1885,0.028482965798026717,0.0887221067508958
1886,0.013771870931125828,0.08449254730216842
1887,0.010793639151350272,0.08467720702925421
1888,0.02480059003509978,0.08428380899784858
1889,0.0062861993535185305,0.08364530962735489
1890,0.030838965956518735,0.0844234862833991
1891,0.008921588156489088,0.0860164113772244
1892,0.013632430423483206,0.08925637920249375
1893,0.008927054155828156,0.08683959917541136
1894,0.009393775571417939,0.08570316902602226
1895,0.008359529313027018,0.0866945729518594
1896,0.012608244226877592,0.09567456950146452
1897,0.015781263823746512,0.08569789067246861
1898,0.006819390477233078,0.08349681892117164
1899,0.005650938968801853,0.08535171985476836
1900,0.010470043610909889,0.0888938540055937
1901,0.015068136091376173,0.0889565002612004
1902,0.009335053016119242,0.08496278720466714
1903,0.007893571504581498,0.08700149080583028
1904,0.0059530576727525285,0.08482605028421358
1905,0.014730423338547769,0.08533933006208343
1906,0.010011684472109176,0.08613837116344232
1907,0.007618945507992491,0.08611036676512028
1908,0.008059114789981453,0.08524460954250847
1909,0.015420587644342999,0.08731153741815037
1910,0.007424647077556034,0.08737603623541375
1911,0.006359019759038118,0.0878719109154883
1912,0.014419041990030988,0.08745108854800537
1913,0.009787602963212141,0.08768439821357417
1914,0.015023455902537022,0.08456270239855114
1915,0.029516633630651386,0.08458507753777922
1916,0.005419075478825917,0.08432310345328242
1917,0.0058800547170601665,0.08775274265081362
1918,0.005385892649639549,0.08568550087978367
1919,0.021704790153216604,0.09123261603421735
1920,0.009867741867934928,0.08477806964688432
1921,0.0077453539312633225,0.08420693881828385
1922,0.004969339188608723,0.08480496325513773
1923,0.008088641887571557,0.08747904613277965
1924,0.010320684755787393,0.08511175693276532
1925,0.005943064181554513,0.0868363701423308
1926,0.005294433737985299,0.08451073413205924
1927,0.006778510134129969,0.0842983461823081
1928,0.010527925924938114,0.08656781738189827
1929,0.005751795843418769,0.08366926847245161
1930,0.007047544624714829,0.08601205510304387
1931,0.010416985701092264,0.08671489641779945
1932,0.007410792512731586,0.08551764710430514
1933,0.005813004386240506,0.08479772864801244
1934,0.006007876715748381,0.08560786586731
1935,0.005543450162188386,0.08541506685708698
1936,0.009366933466592179,0.08557588412872233
1937,0.010296304556935278,0.0858982365793154
1938,0.007849252343376321,0.08510816494997282
1939,0.004962733573043795,0.08450494794394438
1940,0.004660756469537799,0.08614730420417356
1941,0.00610381645095012,0.08446183249839864
1942,0.005462737308762571,0.08427104654542186
1943,0.014044324820715244,0.0844451513393481
1944,0.005112482206370436,0.08446458781273443
1945,0.006598026659573227,0.09408931660099436
1946,0.014137389923688199,0.09189643356062117
1947,0.010821395106963977,0.08726603227823898
1948,0.007907089534971781,0.08451755380346662
1949,0.012196434086603244,0.08758033797107544
1950,0.006367228677070066,0.0847307392267655
1951,0.007221054087238252,0.0857926752408943
1952,0.0061724045471548096,0.084455828786942
1953,0.0065095379545724134,0.0854628539287058
1954,0.009431622134153746,0.09605795426999118
1955,0.012514301291068427,0.08697067259024259
1956,0.011709180028472668,0.08441799134016037
1957,0.02570588997971021,0.0901329911741099
1958,0.006989652939800605,0.08489598404793512
1959,0.02184283930142658,0.08616387214801066
1960,0.021266471571216014,0.08890128695875182
1961,0.012549617365703314,0.08710992554748866
1962,0.007584488520042556,0.08339796898732509
1963,0.011055010559218337,0.08416405473287243
1964,0.011083728079844651,0.08638858841848851
1965,0.004802703658165556,0.08636493004279627
1966,0.007623931528784358,0.08484493565738649
1967,0.009665137129108827,0.08632837071603999
1968,0.014459394467381474,0.0906975722514597
1969,0.012253165796842881,0.08743407956340857
1970,0.007503170772604527,0.08453167814359928
1971,0.006168005614304991,0.08606747674165215
1972,0.0069559873592657355,0.09090383500234227
1973,0.0120179312169365,0.08692694261184611
1974,0.007281581658087554,0.08423762204578347
1975,0.007105686103335369,0.08469176072076448
1976,0.004998637529726499,0.08509397488040733
1977,0.007067829428888788,0.08534768164008483
1978,0.010854768898151231,0.08853392471048169
1979,0.019701952371617842,0.09035031702882963
1980,0.026217335554826596,0.09075563724029034
1981,0.0086640820613709,0.08676557664883167
1982,0.007836597307430446,0.08781801993237402
1983,0.03520532237470944,0.08589793956444078
1984,0.008163380620528165,0.08468659933572426
1985,0.0065636865292503545,0.08729826164126098
1986,0.004936115036727306,0.08651740102092724
1987,0.005247952315086341,0.08542071841190334
1988,0.005834535984643574,0.08416642168336046
1989,0.012259144341824197,0.0929303469887951
1990,0.011792423921786132,0.08644309152561919
1991,0.010141989461447004,0.0965607620981104
1992,0.010347205374775261,0.08753861367403713
1993,0.004960499033857382,0.08644552090039528
1994,0.007076226236141027,0.08452267782356505
1995,0.005113402382999098,0.08516002661154085
1996,0.00460262438953857,0.08557662365953426
1997,0.0042787992518079875,0.08692679946359835
1998,0.005637036149644039,0.0893608682548492
1999,0.005940467271031257,0.08558914054157142
2000,0.004670097950997771,0.08494987146448073
2001,0.007416241755563077,0.08774010870689736
2002,0.005400785840580642,0.08582997492008042
2003,0.004207331838296452,0.08806758011716947
2004,0.006045694108234958,0.08695929923227855
2005,0.005102424568505403,0.08394756226013776
2006,0.006301503416828134,0.0872509403336317
2007,0.005642420880870198,0.08710891182037224
2008,0.005558804102347095,0.08383256876677797
2009,0.007814250728786927,0.08729567117335503
2010,0.00929741304058313,0.08778273571926848
2011,0.0059955172871347506,0.08434836568315525
2012,0.005413813536934158,0.08471706939072239
2013,0.004178110972852636,0.08534568555671769
2014,0.006133747419932139,0.08719651783842192
2015,0.004946004613930342,0.08474975099838467
2016,0.0055536979095584076,0.08584907189721153
2017,0.005227046960316668,0.087372884882572
2018,0.004317069464132517,0.08895313892896313
2019,0.0047102953682487195,0.08572494966867275
2020,0.005222815234903071,0.0853452991348759
2021,0.005770276598398775,0.08662171631976776
2022,0.005294921346662747,0.08518084243201372
2023,0.005930556766805604,0.08757296361421284
2024,0.004450500043558663,0.08545998463355808
2025,0.006432052881261305,0.08730446054299075
2026,0.006300606153216388,0.08585842726822186
2027,0.004260338953080175,0.08745496962826353
2028,0.005299480866967791,0.09115735125870335
2029,0.005316316961021772,0.08620393832674003
2030,0.009276070384612324,0.08531589843426134
2031,0.004735008172609122,0.08422938797781641
2032,0.00447264359534067,0.08488337126068005
2033,0.004119671869520857,0.08311205971659276
2034,0.005171672435956175,0.08729213420161627
2035,0.005734414016962238,0.08562649267359186
2036,0.004349990120175116,0.0846411763015845
2037,0.00794355134949742,0.0865259422059346
2038,0.0049599627256218266,0.08514418421233806
2039,0.0065075934318632915,0.08712655395493471
2040,0.005657252184112431,0.08631441299628495
2041,0.005194729783055504,0.08525957994368441
2042,0.003808618638500992,0.08483073821193293
2043,0.003924419998328514,0.08480831799575858
2044,0.004878434112447322,0.08532842767791342
2045,0.004923840107390406,0.08579432473221518
2046,0.006338359685877461,0.08835930115821068
2047,0.0053476437431436066,0.08835629041407042
2048,0.0040896426022146186,0.08344167343954693
2049,0.0035411491763827664,0.08731863235023088
2050,0.003988640493097303,0.0867329398753649
2051,0.0036413779454510134,0.08555199683907636
2052,0.004072406289801235,0.08555021041766145
2053,0.0070933607760174525,0.08453606042945594
2054,0.004947724111296447,0.08484399329898949
2055,0.005088121706888453,0.08571820707996387
2056,0.018429805314442767,0.08593337366679557
2057,0.03379982630474067,0.12944860319445903
2058,0.040360401048789206,0.10022286275275667
2059,0.02152038378448322,0.0899841123281565
2060,0.01812329670548626,0.08562091047079641
2061,0.011471722110066574,0.08524468989300549
2062,0.010196976909606621,0.08864358052574005
2063,0.007066752866704636,0.08706334786008772
2064,0.008851730091742541,0.08501643932104708
2065,0.0073273261121494645,0.08460552689799092
2066,0.025161718754068623,0.08540080312200657
2067,0.024746616008957164,0.08674685104299608
2068,0.023396345345174957,0.0864043268083331
2069,0.008933374875730201,0.08613979618501544
2070,0.00594995956762831,0.08339545647975496
2071,0.00907671046925002,0.08671117975448905
2072,0.007480711260150686,0.08587942123039623
2073,0.006244154563786748,0.08655302863297307
2074,0.007497749346831002,0.08553309977652136
2075,0.005727558068312167,0.0871609580658731
2076,0.006498788508256682,0.08510403689884004
2077,0.009762192596053721,0.08598707618196506
2078,0.03986474064683839,0.08409848256517473
2079,0.006189599548551169,0.08642157764736573
2080,0.010918662378996564,0.08369120281367075
2081,0.005021059133848147,0.08538576801842018
2082,0.006438809902433505,0.08518475945805547
2083,0.006143250984364542,0.08824849149263592
2084,0.017697770491557716,0.08498727291224893
2085,0.006751340140988554,0.08885875913807026
2086,0.005099024240447203,0.08467492578845275
2087,0.0063533990645378265,0.08527949710089461
2088,0.004898841126433641,0.08512616910059052
2089,0.005452473642053462,0.08648661460568731
2090,0.026191678079177966,0.08896385758816448
2091,0.024718610088116134,0.08504924542249594
2092,0.0053307638185384875,0.08811579093822561
2093,0.006530585365959656,0.0870787557914741
2094,0.01502132703123912,0.08518407583460771
2095,0.006580156545653986,0.08626280226429603
2096,0.00489520539929594,0.08511804229110703
2097,0.003962722317925815,0.08493331388423317
2098,0.01475127402190878,0.08696778516348143
2099,0.004704419685510166,0.09051510730856344
2100,0.004249526754891658,0.08520075060744632
2101,0.0035786870764831203,0.08598335511179496
2102,0.004837412886368257,0.0855657472496941
2103,0.0044232632849528965,0.08700818943798094
2104,0.0056679181427604355,0.08513432434925758
2105,0.005857137163230991,0.08879204279273972
2106,0.00911824092806133,0.08593242785386872
2107,0.006486035115596456,0.08551282374034251
2108,0.005883730473551538,0.0869033900007867
2109,0.006147235034173792,0.08554916274278684
2110,0.005788069041766997,0.08657602045246235
2111,0.004123072385887227,0.08487322030210853
2112,0.004980379604620619,0.08514211732044555
2113,0.026279986511950956,0.0924032162641523
2114,0.016421647019812774,0.08918129094411854
2115,0.009308339969538223,0.08554959106714205
2116,0.010523223170724502,0.08676832415779731
2117,0.009026918656610209,0.08648229550971721
2118,0.004021532508051227,0.08535870924629364
2119,0.0053745649264523975,0.08570250700739093
2120,0.007938414952224325,0.08585545904280846
2121,0.009666994342516208,0.08600042267401416
2122,0.004174321844624969,0.08521706943299837
2123,0.004540368449672776,0.08549513647281437
2124,0.005402172920016753,0.0851885064278629
2125,0.004091788525620131,0.0852532358396621
2126,0.003721149414952926,0.08601604934249606
2127,0.004075399488298263,0.08672734267804258
2128,0.004893350687905632,0.0844526028349286
2129,0.004002768780633247,0.08707611533558757
2130,0.003450383159235634,0.08544323963106126
2131,0.004801209632097086,0.08572587630429064
2132,0.005149391892900381,0.08602661534882429
2133,0.003626910797364099,0.08848971231165983
2134,0.003567858868450814,0.08624188473126046
2135,0.003334397532565513,0.08611269267205905
2136,0.0036771160478887605,0.08413666021779068
2137,0.003683496114059255,0.08623257027308744
2138,0.0038735932746440825,0.08634619429744873
2139,0.003355847257058075,0.08557641002020441
2140,0.0031893760284122815,0.08617766741149706
2141,0.003719700976248632,0.0853435946885207
2142,0.00353008233737726,0.08548492045704285
2143,0.004212599200981912,0.08533743552322078
2144,0.018777316741259962,0.08717953271809079
2145,0.007878801710962035,0.08586595097281281
2146,0.004824283376604692,0.0878824629916583
2147,0.0049682691369240745,0.08602084714293778
2148,0.004029582604929385,0.08560287418371454
2149,0.003745122168937167,0.0905040370529158
2150,0.003502052179523116,0.08505530125067048
2151,0.0033862387095826172,0.08822813383618691
2152,0.004236121377309195,0.08632023072332368
2153,0.004187276727026533,0.08560281861246678
2154,0.004596334239059248,0.0855446168989466
2155,0.004096977074037899,0.08490827483566184
2156,0.0034223289001254265,0.0849669242749238
2157,0.0035225117570344,0.0874982969018451
2158,0.003383505523794544,0.08836102849782858
2159,0.0034519977003429378,0.08561116880865623
2160,0.0034704592843834885,0.08577111036631099
2161,0.003870579528660283,0.0840696789940497
2162,0.0035692325933343004,0.0857381690153502
2163,0.005643165296638461,0.08635075634956957
2164,0.004180051789978128,0.08659074255697112
2165,0.004138751063484197,0.08612410035124399
2166,0.0035454940815751084,0.08587180176997244
2167,0.004885979688676734,0.08732547691292632
2168,0.003548219344552408,0.0864749050939591
2169,0.003482389138269948,0.08584990802414734
2170,0.0036066299535007125,0.08741402756749538
2171,0.0035713527024633083,0.08549465657326213
2172,0.0032957926177971508,0.08543199928183305
2173,0.003684900666011912,0.08516894574078701
2174,0.0037030041579822763,0.0847639410866233
2175,0.004025422538802915,0.08580061053871212
2176,0.003909091526484788,0.08567202965119727
2177,0.0039289469398604854,0.08850831327432379
2178,0.0035729957270059375,0.08680920213236845
2179,0.0035659587886593186,0.08870686501040495
2180,0.003557573873286944,0.08572508099682648
2181,0.003378617895480981,0.0853062720600525
2182,0.004205041235096776,0.08696191259344718
2183,0.003495287240649279,0.08650167301334534
2184,0.003484562258338293,0.08874755763544474
2185,0.003405336416136695,0.08664112336429439
2186,0.003775796999711088,0.08670704703507268
2187,0.003517739817815421,0.0860883811661474
2188,0.0048973798448202375,0.08627484016176454
2189,0.0039446550614104185,0.08513414783211878
2190,0.004152283477553146,0.0864131079617897
2191,0.00341003864191963,0.08618713904144172
2192,0.003340924708289459,0.08536889002586068
2193,0.0037752584193695956,0.08788814354585227
2194,0.0032341524069620805,0.08868977843893501
2195,0.0031640328682935722,0.0852842969927274
2196,0.003141053780025823,0.08508003381708809
2197,0.0032074425119883307,0.08462886863334436
2198,0.003495171544985805,0.0872833262522119
2199,0.004027966682895504,0.08729787521941919
2200,0.004174119672448984,0.08543268213968229
2201,0.0039011346932418854,0.08644021614302967
2202,0.003633207403602178,0.08674598455354385
2203,0.004260132747605957,0.08704806048245657
2204,0.003874219430692284,0.08431983763412725
2205,0.0036019318194061424,0.08426050051934737
2206,0.004708156213719036,0.09093549216450904
2207,0.0038113107716483663,0.08719442909896225
2208,0.0034274016645646486,0.0850556104404287
2209,0.003150638531554829,0.08855258854558892
2210,0.0030670225449478646,0.08540577546023485
2211,0.0036450962055778148,0.08987648109146826
2212,0.0034634405630275746,0.08660265179654411
2213,0.0031064640494139406,0.08602957645977351
2214,0.003091082930109437,0.08721197844672024
2215,0.003321737922482823,0.08644208894636397
2216,0.0034616355139026446,0.08846667483635713
2217,0.0035702938164312824,0.0871015301996604
2218,0.0031153432795702008,0.08435078745796568
2219,0.0034191288115299045,0.08702514148819118
2220,0.0033575740612190813,0.08724059685504526
2221,0.0035606851512245065,0.0851574197672961
2222,0.0031022074293683877,0.08462269208335638
2223,0.0030609060868585837,0.08601116741958417
2224,0.003432200343543693,0.08435981322948198
2225,0.003344765316905179,0.08782549637526199
2226,0.004180945299834387,0.0849320949393705
2227,0.0037956567230082606,0.0879584470936529
2228,0.004334688034101293,0.0853044474520779
2229,0.004431535317606313,0.08744244529564578
2230,0.0038333040914647165,0.0858934629979289
2231,0.0036554340445392746,0.08618303138137162
2232,0.0032990751379289225,0.08641593593329117
2233,0.003266149066201759,0.08842992771388893
2234,0.003665025217522835,0.08603270919550032
2235,0.003410928357147311,0.08655500701420887
2236,0.0037452649057997524,0.08701510083182414
2237,0.0032384697009216657,0.08614436032852732
2238,0.0031497527875858694,0.08603908366203905
2239,0.00309675985138548,0.08570916397977892
2240,0.0031806364864239403,0.08588883486158568
2241,0.0032903878660551435,0.08433279843258679
2242,0.0033447939017933553,0.08662009937572002
2243,0.0032037340234497965,0.08626950780550639
2244,0.0032417395525848416,0.08515342640548122
2245,0.0032751074273921666,0.08370533161668252
2246,0.003167719070779212,0.08456696286087945
2247,0.003102545477566674,0.08492300082418255
2248,0.0031222881563883684,0.08829038569652348
2249,0.003410581910988567,0.0863187432774625
2250,0.0030521577958391283,0.08506436780431217
2251,0.0030402098424721006,0.08645597384089515
2252,0.0032304830171845174,0.08424215063564759
2253,0.0032569655694569635,0.08619350478762672
2254,0.003052771389250845,0.08562394563939638
2255,0.0031879056320995745,0.09001523680182029
2256,0.0031910844834749136,0.08726502921348228
2257,0.003125050517534808,0.08642193070031647
2258,0.003201716416734373,0.08580847616706576
2259,0.0034034182777377226,0.08546006096933122
2260,0.003061068841317511,0.09002282980241273
2261,0.0033993065841846333,0.08684226990044865
2262,0.0030861385006072193,0.0865551809918014
2263,0.003305431543688836,0.0867976939730477
2264,0.003214004361961142,0.08510340386091318
2265,0.0030897706199647583,0.08637544634124092
2266,0.003034335756703604,0.08871828955143019
2267,0.0030980847321952867,0.0859141385458167
2268,0.0032665195048649483,0.08552372166163341
2269,0.003049164432389983,0.08456082903502281
2270,0.003227486231343873,0.08740803797292829
2271,0.003045972576802801,0.08761215165145415
2272,0.0031983517197932943,0.0846771387602751
2273,0.0031475500038716953,0.08633540860169514
2274,0.0030966422449049996,0.08508207944028061
2275,0.0032907284082418606,0.08564143086361108
2276,0.0031083964415735397,0.08519154775859718
2277,0.002961280211210718,0.08470017662771363
2278,0.0030345084367547665,0.08486898064165187
2279,0.0031482626743859913,0.08745574803654114
2280,0.0029913824778575694,0.08780536402885179
2281,0.003080040993034653,0.0857380582089711
2282,0.0029325535835488044,0.08532878158982833
2283,0.0030492868275910057,0.08743808470797121
2284,0.0031914021184837275,0.08695520258935771
2285,0.003034335085217108,0.08691057986708213
2286,0.0030007227834862975,0.08561449589436515
2287,0.0029544848211541727,0.0852162882237506
2288,0.002994750959208953,0.08457685530857932
2289,0.0032550602856451253,0.08892510343987242
2290,0.003083898490995496,0.08572252343098323
2291,0.002961898416712833,0.08454384617414092
2292,0.0031078155860480004,0.08498245806323555
2293,0.003048701791332153,0.08699799144178405
2294,0.0030070729429620465,0.09024779367865178
2295,0.002912286344220786,0.08459573836628358
2296,0.0029350570483325884,0.0867500357273826
2297,0.0031102806443587924,0.0869631079541412
2298,0.003184891485413507,0.08658848639418905
2299,0.002984878256023631,0.0866707539125194
2300,0.0029756357217481984,0.08607923859417588
2301,0.002987197017863533,0.08501808912981124
2302,0.0029138531302303357,0.08506315558177785
2303,0.0029736816055407063,0.08604433113022854
2304,0.0029565366620028562,0.08671993484025013
2305,0.0029683777680007454,0.08646310624995626
2306,0.0029185393855828195,0.08823284994166597
2307,0.003064794759309871,0.08668562278786399
2308,0.0029670629996315905,0.08559727924584147
2309,0.0031039891552857375,0.08899629767750737
2310,0.0030837102755203517,0.08486139094620421
2311,0.0030031470745381515,0.08552407320206028
2312,0.0033912858765186935,0.0874991359044436
2313,0.0029768609079798,0.08710071941216786
2314,0.0032242646478817193,0.08670407212467719
2315,0.003163188305423598,0.0870765821826189
2316,0.0030587895285793605,0.08864922108208027
2317,0.003013423063024458,0.08768074234998913
2318,0.0029877195905508667,0.08524691087560247
2319,0.00322278546531419,0.08708270415103525
2320,0.0038024114107648873,0.08569177897427614
2321,0.0032991196742707565,0.08830885126029041
2322,0.0030746284308828717,0.08479839483075273
2323,0.002941146402453367,0.08396954832593899
2324,0.0030368045257071624,0.08509008444490887
2325,0.0030900057489899073,0.08561742231063078
2326,0.002925045956889617,0.086398831398266
2327,0.002890621796600684,0.08546999264928631
2328,0.0029494130945995124,0.08742569689463853
2329,0.002990435618399219,0.08665038073869576
2330,0.003052719300875563,0.08496143388792984
2331,0.003171635341325477,0.08568295095125236
2332,0.002943300834030707,0.0863265136354848
2333,0.003035527185411382,0.08765885696972821
2334,0.0031987396747656283,0.08477178990915604
2335,0.0028353332721432643,0.08765126761039696
2336,0.0029956738509786633,0.08653033830991066
2337,0.003064627500052409,0.0855140326390589
2338,0.0029120842523312307,0.08712297194359596
2339,0.0030008234758058497,0.08654692754112091
2340,0.0030779105853464537,0.08572442424401902
2341,0.003038654122122076,0.0872276026503484
2342,0.0030610892880813083,0.08693867178638477
2343,0.003027347889422296,0.08491328569656625
2344,0.002914448722694828,0.0865941254940248
2345,0.002913605288943994,0.08598838485123818
2346,0.0029763782011537716,0.08850087808038955
2347,0.003123929917514558,0.08614918486889742
2348,0.002990102037775759,0.08508544310665968
2349,0.003142170716065411,0.08738128357289131
2350,0.003102981668625459,0.08690532184857175
2351,0.0031931339310581407,0.08804030301875639
2352,0.003191556064061657,0.08597648392120998
2353,0.0028914984557952815,0.08848559789191511
2354,0.002948706121502158,0.09073644738298908
2355,0.0029899532940285425,0.08876174247653264
2356,0.0030823604723432783,0.08740210998103135
2357,0.0029472015166018732,0.08585234012520104
2358,0.0030487735411239827,0.087111497676014
2359,0.0028626427250012148,0.08493381283038243
2360,0.0029072070743911974,0.0853812027358471
2361,0.0031410973565798943,0.08771487743708126
2362,0.003061019627926258,0.08824918762708367
2363,0.00294288090827253,0.08637546254952151
2364,0.0029232787423793425,0.08733319522892323
2365,0.003039576063592419,0.08552686360321547
2366,0.0028837189679749332,0.08608442388082806
2367,0.0030792035333240013,0.08502448572401415
2368,0.0030259763636570833,0.08829510107375028
2369,0.0029199055547834752,0.08469941633237633
2370,0.0029600907217851346,0.08562824423226498
2371,0.002892041824857316,0.08748705856931538
2372,0.0028642524379746386,0.08576643534172747
2373,0.002875224637527451,0.08583209026875652
2374,0.0029652028616085693,0.08547231472823255
2375,0.0030411266894035953,0.08780237664480257
2376,0.0031195826898547923,0.0873663733552273
2377,0.0029206324126396246,0.08630499676952984
2378,0.0030374453055634393,0.08690092888168224
2379,0.002860091063179379,0.08491609751580652
2380,0.0028888645806703075,0.0884403491528112
2381,0.003063504114093078,0.08657831635167425
2382,0.002849386811554198,0.0853569203040056
2383,0.0029172344617895947,0.08678784916051348
2384,0.0028509570440411755,0.08690599626616428
2385,0.0029393720731057437,0.08978083488860525
2386,0.0031134393715758026,0.0879424191395143
2387,0.0029322701355962077,0.08514175877759331
2388,0.0029685527143188313,0.0858888505470185
2389,0.003003105723377913,0.08818791584487547
2390,0.0028681554444729813,0.08476375358968151
2391,0.0029860723509707236,0.08731893614345326
2392,0.002912141595818219,0.08794844482925004
2393,0.00309089464821552,0.08759188905993201
2394,0.0028809788293821218,0.08578044867007655
2395,0.0029067753684242784,0.08702469956979417
2396,0.002911005517304364,0.08826555591776855
2397,0.0028777196901181835,0.08641036017272706
2398,0.0029131264278379073,0.08579231466267043
2399,0.0029305495543633137,0.08567371695561517
2400,0.002787651482467367,0.0859524516720222
2401,0.0028675624941618743,0.08801365628801193
2402,0.003064220461725815,0.08754454185266543
2403,0.002925638959021964,0.08753317846615512
2404,0.002922380181046956,0.08702378234543597
2405,0.0029742474993252922,0.08626379756102885
2406,0.003075125208270494,0.0848426089288298
2407,0.0029039502006643057,0.08561785590080988
2408,0.0029469432986595416,0.08600606397727976
2409,0.003160220834347755,0.08649158604760517
2410,0.0030659876922933755,0.08905924832387675
2411,0.0028164205484407542,0.08630506817559551
2412,0.0028593236570272794,0.08534080245739833
2413,0.0030299745059242256,0.08672920859099031
2414,0.0029080400825843076,0.08569029630873735
2415,0.0029827771025204733,0.08752922323488053
2416,0.002849332282106541,0.08688784937810778
2417,0.0029232307252558794,0.08567334612584054
2418,0.0029455393539642373,0.08681407684745047
2419,0.002905844892506549,0.08584008251963403
2420,0.0029667788418739753,0.08765109432371039
2421,0.002917580148146771,0.08684603248099636
2422,0.0028889022233274104,0.08626517427520346
2423,0.002967595942770963,0.08603156755741377
2424,0.0029357419003291658,0.08639539602705112
2425,0.0028430623627124724,0.0858330285377371
2426,0.0028493295782785802,0.08892628966940376
2427,0.002853815346010333,0.0865476977892388
2428,0.0030006581551007064,0.08457260507912863
2429,0.0028637078383406127,0.08509652882366252
2430,0.0028478026435328034,0.08496345865323131
2431,0.0030456800670669556,0.08938683059654738
2432,0.003064253586446604,0.0866645078984717
2433,0.0028204309613937308,0.08457907195900914
2434,0.002853076805019033,0.08592173686825243
2435,0.002882930250885111,0.08779055305889674
2436,0.003000290834105524,0.08741116215635959
2437,0.0028661443971587947,0.0857903437693615
2438,0.0029948858958800386,0.08568323870425236
2439,0.0029304054446027943,0.08623578025957097
2440,0.0028211660829130384,0.08637237233252155
2441,0.0028963716303620217,0.0861817025824597
2442,0.0031818905356267124,0.08647227052010988
2443,0.0030047175179594736,0.0873004503380087
2444,0.0028325629750482716,0.08506676226032707
2445,0.0029123059165923853,0.08812014990133749
2446,0.0028930739981347115,0.08816160810621161
2447,0.0029054809650727385,0.08363958810430422
2448,0.0029514754047985175,0.08763645059034639
2449,0.0028205037614780254,0.08710635656999764
2450,0.0028800295022108993,0.08594959996696702
2451,0.0028026769920120884,0.08789557829163128
2452,0.0028192029381316846,0.08599801397039777
2453,0.002855246885881108,0.08590187419924819
2454,0.0028659570896501733,0.08633373909277425
2455,0.0031637421452957075,0.08677165016046443
2456,0.002947238216988252,0.08735527114984684
2457,0.0031144895472601758,0.08381437760471999
2458,0.002909050274167362,0.08687602571750942
2459,0.0030116542916873404,0.08681996269408324
2460,0.0028151233803165557,0.08692069786757156
2461,0.0028902738322985583,0.08872247181067192
2462,0.0029325084935955493,0.08685401610488581
2463,0.0028053538408130407,0.08655923552680433
2464,0.002860960998750499,0.08594869433862523
2465,0.0027848353965622503,0.08540184007850207
2466,0.002935107155092831,0.08551336311382757
2467,0.0028672638899562035,0.08575983563984248
2468,0.003018610034908714,0.08643700830395658
2469,0.0028274035501676294,0.08596893504523394
2470,0.002799795394570663,0.08649546501779914
2471,0.002832880763331177,0.08597862320884428
2472,0.003027131364222464,0.08689017343640626
2473,0.0028863594835174494,0.08786593495230925
2474,0.0028144470401411893,0.08618317983278953
2475,0.0031123556456525685,0.08565529900834076
2476,0.0028075299854901235,0.08899138854783878
2477,0.0030572156810134555,0.08653510664414643
2478,0.002811764901194453,0.08833961670560048
2479,0.0029515910084975364,0.08661445491669471
2480,0.002932859159900944,0.08529625930134814
2481,0.0029348774359132337,0.08574595229518145
2482,0.0028115301502453964,0.08620818317832804
2483,0.0029198351596426628,0.08554158413918096
2484,0.0028727166770685895,0.0862034993960445
2485,0.0028043123754763213,0.08805159563408758
2486,0.003008365885830458,0.08604936378268072
2487,0.002815503123446972,0.08774322489822718
2488,0.0028580825463474543,0.08579291520934355
2489,0.003066861769914347,0.08749210769147203
2490,0.0028660492234364107,0.0863350531585832
2491,0.0029238144572252016,0.08640498779994205
2492,0.002863385268635931,0.08913051010223857
2493,0.0029123244977915267,0.08528312958571546
2494,0.002842496575489874,0.08550395956613067
2495,0.002840303126167868,0.08595654657834156
2496,0.0028194616757461735,0.08868906547999322
2497,0.0027990769996339903,0.08712041150209002
2498,0.0028149685793232206,0.08827241743566996
2499,0.002888642997425458,0.08527252789502754
2500,0.0031197732482339054,0.08716014345038804
