arm,dataset,seed,rel_l2,ci_lo,ci_hi,n_params,train_seconds,excluded,reason
st_dmfal,allen_cahn_generated,123,0.04062420761212707,0.037459479392506184,0.0441921233558096,124864,437.9765830039978,False,
st_dmfal,allen_cahn_generated,42,0.04052973797544837,0.03742175012361258,0.044044651404488835,124864,359.88291907310486,False,
st_dmfal,darcy_generated,123,0.06044704083353281,0.05200387481739745,0.06969636376295239,791616,351.1346275806427,False,
st_dmfal,darcy_generated,42,0.05954757437109947,0.05112567737326026,0.06902242326596751,791616,198.36199188232422,False,
st_dmfal,era5,123,0.04423368243234498,0.03952799939683506,0.04958186933238592,3629120,350.65964579582214,False,
st_dmfal,era5,42,0.03950288199952671,0.035370726111744126,0.04321371621585318,3629120,355.7125356197357,False,
st_dmfal,ext__cahn_hilliard_2d,123,0.2588800596445799,0.24035633295960723,0.27992057835683226,266368,357.5528950691223,False,
st_dmfal,ext__cahn_hilliard_2d,42,0.25400478951632977,0.23423161615617571,0.275458636648953,266368,193.6884307861328,False,
st_dmfal,ext__eikonal_2d,123,0.0321289420966059,0.029448979689506813,0.03496433843369596,266624,193.91394543647766,False,
st_dmfal,ext__eikonal_2d,42,0.03263143062591553,0.02974075943697244,0.03583681314392015,266624,208.131108045578,False,
st_dmfal,ext__helmholtz_2d,123,1.0914188766479491,1.0558509201407433,1.130253369599581,435584,353.3653841018677,False,
st_dmfal,ext__helmholtz_2d,42,1.7703859043121337,1.126229524862021,2.68319017053768,435584,186.84739017486572,False,
st_dmfal,ext__pressure_poisson_poiseuille,123,0.00155633399146609,0.0013026764679416373,0.0018350990342551087,281152,347.7248809337616,False,
st_dmfal,ext__pressure_poisson_poiseuille,42,0.0014982200594386085,0.0012192530328338762,0.0018321904564345458,281152,351.70177698135376,False,
st_dmfal,ext__rayleigh_benard_2d,123,0.0002776133929546631,0.00011699656950577264,0.0005260747331994933,266112,191.23091197013855,False,
st_dmfal,ext__rayleigh_benard_2d,42,0.00029669114977878055,0.00012199861060798867,0.0005693566333584384,266112,448.8606996536255,False,
st_dmfal,ext__wave_2d,123,0.4700662961602211,0.44887718053162096,0.49247293422371147,342656,463.8484342098236,False,
st_dmfal,ext__wave_2d,42,0.47471038430929186,0.45430504327267407,0.4960646183118224,342656,198.7494375705719,False,
st_dmfal,fluid,123,0.037337939567805734,0.03517192116487422,0.03947005396912573,281152,535.4487743377686,False,
st_dmfal,fluid,42,0.036840670654783025,0.03457327070173051,0.039225075119247776,281152,202.45313954353333,False,
st_dmfal,heat_generated,123,0.000663045951660024,0.0005959330669866176,0.0007458900157980679,281408,191.066801071167,False,
st_dmfal,heat_generated,42,0.0006876820309844333,0.0006128965269999753,0.0007825872822868404,281408,350.95991826057434,False,
st_dmfal,heat_local,123,0.0006714017272599904,0.0006420037257512945,0.0007036696312809454,957248,352.24195528030396,False,
st_dmfal,heat_local,42,0.0006750836083142531,0.0006437997443235588,0.0007107782485313407,957248,370.64185905456543,False,
st_dmfal,lid_driven_cavity_generated,123,0.002059128970722668,0.0010134713200386613,0.0031327991971920707,2815296,188.76585268974304,False,
st_dmfal,lid_driven_cavity_generated,42,0.0038920486796996554,0.00035999033134430646,0.008730402441651675,2815296,189.9868519306183,False,
st_dmfal,lid_driven_cavity_v2,123,0.0004204967609257437,0.00036264624317482234,0.0004932420792138146,2815296,344.02145552635193,False,
st_dmfal,lid_driven_cavity_v2,42,0.00041541569502442146,0.0003609130468139483,0.0004844213661635877,2815296,193.2877106666565,False,
st_dmfal,poisson_generated,123,0.0009630702518916224,0.0007979028669542458,0.0011441776546744222,281920,385.21608877182007,False,
st_dmfal,poisson_generated,42,0.0010500807595963124,0.0008595398259640206,0.0012725622674297484,281920,349.79696559906006,False,
st_dmfal,poisson_generated_v2,123,0.0011621282968553714,0.0008725136636749085,0.00148769896210797,281920,202.6792323589325,False,
st_dmfal,poisson_generated_v2,42,0.0009414456156082451,0.0007386327926687954,0.001171860412163369,281920,199.7904999256134,False,
st_dmfal,poisson_local,123,0.008754853790378547,0.00761009242165187,0.010168113493847386,957760,199.93709087371826,False,
st_dmfal,poisson_local,42,0.008575621789987053,0.007812771020695664,0.009475175320915241,957760,204.00378227233887,False,
st_dmfal,sharp__allen_cahn_2d,123,0.4122108972320954,0.3757761868636291,0.44737454110589353,2819904,355.34676480293274,False,
st_dmfal,sharp__allen_cahn_2d,42,0.4021046329289675,0.36525143616092515,0.43690322867403614,2819904,439.1150448322296,False,
st_dmfal,sharp__burgers_1d,123,7.247036046464927e-05,6.208163898918428e-05,8.548846156190848e-05,118528,375.17580342292786,False,
st_dmfal,sharp__burgers_1d,42,8.383944414163125e-05,7.370379913481883e-05,9.504147221377934e-05,118528,194.75087976455688,False,
st_dmfal,sharp__burgers_2d,123,0.012412048149853945,0.011500619972590357,0.013345616341801361,2815552,196.76048374176025,False,
st_dmfal,sharp__burgers_2d,42,0.012204813337884843,0.011397679608664476,0.013026957321562805,2815552,402.344523191452,False,
st_dmfal,sharp__cahn_hilliard,123,0.5012271473929286,0.39267941819410773,0.6045470810420811,2819904,456.3060653209686,False,
st_dmfal,sharp__cahn_hilliard,42,0.48635421968996523,0.38321531930193303,0.5887307156436146,2819904,354.19225025177,False,
st_dmfal,sharp__euler,123,0.06414674079045653,0.059379634750075634,0.06924063217127696,789312,388.5723180770874,False,
st_dmfal,sharp__euler,42,0.061837838348001245,0.05713155870186165,0.06664681431371719,789312,431.91592836380005,False,
st_dmfal,sharp__fisher_kpp_2d,123,0.03319218187592923,0.028200523808714933,0.038433688490535134,2827840,186.50688791275024,False,
st_dmfal,sharp__fisher_kpp_2d,42,0.03340122919995338,0.02825270607334096,0.03865042540116701,2827840,186.92642092704773,False,
st_dmfal,sharp__helmholtz_2d,123,0.04593473743298091,0.011344457972591046,0.08677942684688604,2815552,459.79217648506165,False,
st_dmfal,sharp__helmholtz_2d,42,0.03320833127945662,0.00883379358559614,0.07567580021024332,2815552,199.81578540802002,False,
st_dmfal,sharp__phase_field_crystal_2d,123,0.8776387518644333,0.8741652394235134,0.881401883482933,792128,382.4696617126465,False,
st_dmfal,sharp__phase_field_crystal_2d,42,0.8822235137224197,0.877378812521696,0.8865529512315989,792128,352.009836435318,False,
st_dmfal,sharp__porous_medium_1d,123,0.0012216815937426872,0.0009062746617128141,0.0015775607313189537,118528,192.97755432128906,False,
st_dmfal,sharp__porous_medium_1d,42,0.001258547948382329,0.0009692872800878831,0.0015757055189751553,118528,182.13757133483887,False,
st_dmfal,sharp__porous_medium_2d,123,0.00720638798782602,0.006435530517832376,0.008108787369041236,2815552,346.99153876304626,False,
st_dmfal,sharp__porous_medium_2d,42,0.00865926856873557,0.007735034903686028,0.009671810934669338,2815552,443.43958950042725,False,
st_dmfal,sharp__shallow_water_1d,123,0.010115029795560986,0.009070199760666583,0.01123807710519759,118528,199.73559188842773,False,
st_dmfal,sharp__shallow_water_1d,42,0.0014182370383059605,0.0011555968622888031,0.0017238488016264454,118528,188.66092109680176,False,
st_dmfal,sharp__shallow_water_2d,123,0.0065348796150647105,0.005710329963185359,0.0075417999161873014,788032,349.40834498405457,False,
st_dmfal,sharp__shallow_water_2d,42,0.006442835696507245,0.005826717856456525,0.007123462809890042,788032,199.8772521018982,False,
st_dmfal,sharp__sod_1d,123,0.0003318983373173978,0.00030183921392745104,0.00036400823511212365,118784,186.544997215271,False,
st_dmfal,sharp__sod_1d,42,0.0006386206438764929,0.0005844508257650887,0.0006953011617442825,118784,184.21387338638306,False,
st_film_affine,darcy_generated,123,0.035177870929756785,0.030648328133786235,0.0401945585116592,4777281,905.3378582000732,False,
st_film_affine,darcy_generated,42,0.03464049628828483,0.030211047697255043,0.03962550712316171,4777281,1492.2428913116455,False,
st_film_affine,era5,123,0.08928547838795883,0.08542647114155298,0.09233205702889925,4776257,2744.976557970047,False,
st_film_affine,era5,42,0.08929132331315759,0.08546207533466758,0.09234354841601423,4776257,1637.2079215049744,False,
st_film_affine,ext__cahn_hilliard_2d,123,0.788939887910064,0.7443248129049809,0.8329181313926648,4773697,429.3174066543579,False,
st_film_affine,ext__cahn_hilliard_2d,42,0.788939698918814,0.7452964378071402,0.8319777232932136,4773697,417.66063499450684,False,
st_film_affine,ext__eikonal_2d,123,0.04849172107087013,0.04527466921116134,0.05193125349776587,4773953,420.6249921321869,False,
st_film_affine,ext__eikonal_2d,42,0.04723270676825138,0.043939597741861174,0.05068438230126597,4773953,411.62111711502075,False,
st_film_affine,ext__helmholtz_2d,123,7.1294370490194305,5.653478118951438,8.838504260200732,4773953,607.1181819438934,False,
st_film_affine,ext__helmholtz_2d,42,3.6678532677403597,3.188076502184693,4.208915766776823,4773953,609.8432514667511,False,
st_film_affine,ext__pressure_poisson_poiseuille,123,0.00504606796088061,0.004769330877407079,0.005332728428116277,4773697,417.2935063838959,False,
st_film_affine,ext__pressure_poisson_poiseuille,42,0.005173239783172155,0.00490178563952514,0.005454367896703811,4773697,422.3006947040558,False,
st_film_affine,ext__rayleigh_benard_2d,123,0.006322184689535311,0.005539825258632994,0.007214096222066885,4773441,412.8763196468353,False,
st_film_affine,ext__rayleigh_benard_2d,42,0.006322014034446668,0.005535415419541262,0.007212722626534102,4773441,414.3276278972626,False,
st_film_affine,ext__wave_2d,123,0.5096349043604036,0.4953318800292218,0.524147504894747,4773953,481.3083989620209,False,
st_film_affine,ext__wave_2d,42,0.506654172215664,0.4921546560881717,0.5210694542136951,4773953,680.9430849552155,False,
st_film_affine,fluid,123,0.21419269294430823,0.21021190060426315,0.2181697448866721,4773697,258.7965316772461,False,
st_film_affine,fluid,42,0.2144404544383473,0.21047159125616197,0.21850436184757532,4773697,259.1652765274048,False,
st_film_affine,heat_generated,123,0.01007450242864328,0.009836044343184816,0.010314058392083193,4773953,410.88444423675537,False,
st_film_affine,heat_generated,42,0.010077843383633869,0.009841294307895338,0.010326680991568546,4773953,421.4155418872833,False,
st_film_affine,heat_local,123,0.0022767327999285904,0.002250242979171936,0.0023039650662345303,4773953,2287.396928548813,False,
st_film_affine,heat_local,42,0.0022764048188271095,0.0022498862691357154,0.0023031658416821843,4773953,3934.7319333553314,False,
st_film_affine,lid_driven_cavity_generated,123,0.3687329735965882,0.3615396786228516,0.3758663975516253,4773441,309.7974452972412,False,
st_film_affine,lid_driven_cavity_generated,42,0.3691793063214478,0.3625143836542552,0.3761998401249756,4773441,1109.489277124405,False,
st_film_affine,lid_driven_cavity_v2,123,0.9852723299130841,0.9849144215605977,0.9856359645986964,4773441,3009.1083974838257,False,
st_film_affine,lid_driven_cavity_v2,42,0.9852730689230002,0.984916441053649,0.9856296662277737,4773441,3007.3815779685974,False,
st_film_affine,poisson_generated,123,0.026905011143658925,0.025776847992765115,0.028049923009927816,4774465,408.31731271743774,False,
st_film_affine,poisson_generated,42,0.02690753876762419,0.025778563936403664,0.02803989109508019,4774465,408.71680212020874,False,
st_film_affine,poisson_generated_v2,123,0.026905500615014635,0.025776873033531694,0.028051031056274458,4774465,414.31435346603394,False,
st_film_affine,poisson_generated_v2,42,0.026908058566972048,0.025778878534301074,0.028040359248888987,4774465,407.858909368515,False,
st_film_affine,poisson_local,123,0.0066190147956884,0.006529482155695475,0.006712526781550846,4774465,144.384263753891,False,
st_film_affine,poisson_local,42,0.006908813041607826,0.0067833403248357994,0.00704856829722192,4774465,143.261700630188,False,
st_film_affine,sharp__allen_cahn_2d,123,0.4616940834200675,0.41379459129531776,0.5087987628832725,4778049,3028.3381345272064,False,
st_film_affine,sharp__allen_cahn_2d,42,0.4926273144537763,0.43843864503669056,0.5452034468581637,4778049,11028.452489614487,False,
st_film_affine,sharp__burgers_2d,123,0.11371217112604214,0.10621465574380265,0.12117445245815466,4773697,3007.2547838687897,False,
st_film_affine,sharp__burgers_2d,42,0.11372366749257791,0.10635069381497025,0.12120309588005324,4773697,3023.0432856082916,False,
st_film_affine,sharp__cahn_hilliard,123,0.45986785838900296,0.3710123853083974,0.551242744254402,4778049,5093.398395061493,False,
st_film_affine,sharp__cahn_hilliard,42,0.4503680927425575,0.36110920983143974,0.5448197068572438,4778049,3001.9696066379547,False,
st_film_affine,sharp__euler,123,0.06505811045456263,0.05998343776944295,0.07016181954336272,4774977,891.2708342075348,False,
st_film_affine,sharp__euler,42,0.06520308057788847,0.05995554266574989,0.0706613230410928,4774977,894.4741766452789,False,
st_film_affine,sharp__fisher_kpp_2d,123,0.03172479671090927,0.026460513007492685,0.03724485338493956,4785985,3068.441102743149,False,
st_film_affine,sharp__fisher_kpp_2d,42,0.030579107214464673,0.025426327355308923,0.03624922551716758,4785985,11039.990185499191,False,
st_film_affine,sharp__helmholtz_2d,123,0.05972103199326269,0.03897771193609696,0.09884851145215703,4773697,3010.3917574882507,False,
st_film_affine,sharp__helmholtz_2d,42,0.06555403935822962,0.0437915805036432,0.10486056320252267,4773697,11005.082998991013,False,
st_film_affine,sharp__phase_field_crystal_2d,123,0.9082654374225048,0.8834209792600122,0.9314388381062984,4777793,1496.3021492958069,False,
st_film_affine,sharp__phase_field_crystal_2d,42,0.9127786291644169,0.8846969627831588,0.9388999110260233,4777793,894.8233916759491,False,
st_film_affine,sharp__porous_medium_2d,123,0.04218563768755514,0.039574361729879534,0.044822730199069453,4773697,3013.726463317871,False,
st_film_affine,sharp__porous_medium_2d,42,0.04212005704794694,0.03951294923824845,0.044681471528705934,4773697,5085.488702535629,False,
st_film_affine,sharp__shallow_water_2d,123,0.026445028412932434,0.02389582854604318,0.029216041490726277,4773697,893.3778147697449,False,
st_film_affine,sharp__shallow_water_2d,42,0.027260154959907298,0.024288105190794315,0.030731167952154033,4773697,894.280063867569,False,
st_film_hf_only,darcy_generated,123,0.033183365480972137,0.02851522061940488,0.03838563328623718,4777281,895.431459903717,False,
st_film_hf_only,darcy_generated,42,0.03233278973330719,0.02769325097213877,0.03747212412848476,4777281,894.6236703395844,False,
st_film_hf_only,era5,123,0.0865673466245088,0.08237549300322071,0.0913595307993197,4776257,474.3806183338165,False,
st_film_hf_only,era5,42,0.14699130516363218,0.1305191710372328,0.16265965286871786,4776257,901.526159286499,False,
st_film_hf_only,ext__cahn_hilliard_2d,123,0.1101197007863817,0.08400179131108389,0.1381020578897957,4773697,425.5243721008301,False,
st_film_hf_only,ext__cahn_hilliard_2d,42,0.11214852981799732,0.08665966491850836,0.13870770619181083,4773697,450.3050699234009,False,
st_film_hf_only,ext__eikonal_2d,123,0.01952604581044592,0.017462399268068463,0.021883999023664075,4773953,417.3574821949005,False,
st_film_hf_only,ext__eikonal_2d,42,0.019907165059030847,0.01767495911224171,0.02240696839129932,4773953,419.4827389717102,False,
st_film_hf_only,ext__helmholtz_2d,123,1.3799472639026462,1.005512538754293,2.0504471261674726,4773953,608.6947033405304,False,
st_film_hf_only,ext__helmholtz_2d,42,1.3073093112800362,1.1335406566520005,1.5331282581366352,4773953,2161.9967064857483,False,
st_film_hf_only,ext__pressure_poisson_poiseuille,123,0.0005758771194248824,0.0003921297219481801,0.0007972675766661619,4773697,422.26369404792786,False,
st_film_hf_only,ext__pressure_poisson_poiseuille,42,0.0005685176951507531,0.0004171915603069474,0.0007598746243803071,4773697,423.2902092933655,False,
st_film_hf_only,ext__rayleigh_benard_2d,123,0.00012357922731017203,9.926873431452409e-05,0.00015857130749993405,4773441,413.87554478645325,False,
st_film_hf_only,ext__rayleigh_benard_2d,42,0.00013831852940570955,0.0001103991538468765,0.00017623552235760296,4773441,421.08666348457336,False,
st_film_hf_only,ext__wave_2d,123,0.06178488517888839,0.049731514716620316,0.07655747579774032,4773953,548.3549728393555,False,
st_film_hf_only,ext__wave_2d,42,0.06171825790318582,0.05039131938251326,0.07510077006544474,4773953,539.1145622730255,False,
st_film_hf_only,fluid,123,0.018393206075252688,0.01726668694002906,0.019599246651102888,4773697,268.1662676334381,False,
st_film_hf_only,fluid,42,0.016916103850862497,0.01584388712565611,0.018043530379263442,4773697,262.31089067459106,False,
st_film_hf_only,heat_generated,123,0.0002260257591602342,0.00020563578871978297,0.00025129391399016847,4773953,1105.828477859497,False,
st_film_hf_only,heat_generated,42,0.00021739845559948026,0.0001995264239128281,0.00023758757140372234,4773953,438.90330028533936,False,
st_film_hf_only,heat_local,123,0.00016998723745213285,0.00016542676442310734,0.00017470004198201361,4773953,2284.2639775276184,False,
st_film_hf_only,heat_local,42,0.00017648571310282377,0.0001721640207931991,0.00018118568842692424,4773953,5370.600791692734,False,
st_film_hf_only,lid_driven_cavity_generated,123,0.029796610818349382,0.02922524294129217,0.03044699622154914,4773441,1370.4876854419708,False,
st_film_hf_only,lid_driven_cavity_generated,42,0.03405283369093195,0.032876543633568824,0.03542540329354851,4773441,1369.6353919506073,False,
st_film_hf_only,lid_driven_cavity_v2,123,0.3952387217652722,0.3926212358040944,0.39819538116679165,4773441,3007.73761343956,False,
st_film_hf_only,lid_driven_cavity_v2,42,0.9852725097350513,0.9849152088894456,0.9856288556092943,4773441,3020.6805036067963,False,
st_film_hf_only,poisson_generated,123,0.0004888601259741487,0.0004378721433847201,0.0005462407594080604,4774465,403.8777451515198,False,
st_film_hf_only,poisson_generated,42,0.0004875990732546749,0.0004307834416276361,0.0005543924722493012,4774465,463.02901554107666,False,
st_film_hf_only,poisson_generated_v2,123,0.0004895739012363046,0.00043898723471532476,0.0005468294244609115,4774465,787.5237181186676,False,
st_film_hf_only,poisson_generated_v2,42,0.0004902141845792974,0.0004330241901822724,0.0005571975589366742,4774465,444.82441806793213,False,
st_film_hf_only,poisson_local,42,0.0026958036899348854,0.0025230954352662995,0.0028746662112435805,4774465,565.903356552124,False,
st_film_hf_only,poisson_local,123,0.0023487844926913283,0.002222271331658498,0.0024842102671141604,4774465,146.3641140460968,False,
st_film_hf_only,sharp__allen_cahn_2d,123,0.47926333329840193,0.4301827378780019,0.5275996692351049,4778049,3019.4549362659454,False,
st_film_hf_only,sharp__allen_cahn_2d,42,0.4883275589231701,0.4358534113324321,0.5404996605036122,4778049,11034.644826173782,False,
st_film_hf_only,sharp__burgers_2d,123,0.005337353780313645,0.004905474978794732,0.005799842218854056,4773697,3002.4634375572205,False,
st_film_hf_only,sharp__burgers_2d,42,0.005338645007825927,0.00488963446291443,0.005820676030108843,4773697,3011.8286497592926,False,
st_film_hf_only,sharp__cahn_hilliard,123,0.4570345454165964,0.36733149522119196,0.5498085079466677,4778049,3001.046359539032,False,
st_film_hf_only,sharp__cahn_hilliard,42,0.44776961129233883,0.35756990421924445,0.5435732103740658,4778049,3018.2446043491364,False,
st_film_hf_only,sharp__euler,123,0.06154751013542696,0.055584660014922946,0.06757375061338576,4774977,890.3875405788422,False,
st_film_hf_only,sharp__euler,42,0.06119361870674259,0.05513194277248039,0.06746360750684484,4774977,2087.116677761078,False,
st_film_hf_only,sharp__fisher_kpp_2d,123,0.031744675547697276,0.02647275563441436,0.0372850500761613,4785985,3127.9489755630493,False,
st_film_hf_only,sharp__fisher_kpp_2d,42,0.030547715367615094,0.025370309435171542,0.03625220557808597,4785985,3126.115446329117,False,
st_film_hf_only,sharp__helmholtz_2d,123,0.029714716646139512,0.025461981573507524,0.03474651224061495,4773697,11022.214963912964,False,
st_film_hf_only,sharp__helmholtz_2d,42,0.03727174169314145,0.032179869051731376,0.043271264235841635,4773697,3032.99516248703,False,
st_film_hf_only,sharp__phase_field_crystal_2d,123,0.9072846024238901,0.8813013562227701,0.9317423888870131,4777793,1496.7542004585266,False,
st_film_hf_only,sharp__phase_field_crystal_2d,42,0.9122677691940566,0.8834665930308183,0.9385872387663728,4777793,1485.3712320327759,False,
st_film_hf_only,sharp__porous_medium_2d,123,0.0006226824067589427,0.0005745426162148731,0.0006765066959443845,4773697,3022.6133279800415,False,
st_film_hf_only,sharp__porous_medium_2d,42,0.0005384802842929099,0.00048827731066991776,0.0005942203422494008,4773697,3003.0228941440582,False,
st_film_hf_only,sharp__shallow_water_2d,123,0.0036949937654467903,0.003101822956451988,0.00447421090657923,4773697,888.1573085784912,False,
st_film_hf_only,sharp__shallow_water_2d,42,0.0034090114675178005,0.0029529832706626596,0.003923698318549464,4773697,908.5805413722992,False,
st_film_lf_only,darcy_generated,123,0.03839555641694517,0.033896970586874554,0.04345788790886111,4777281,905.3378582000732,False,
st_film_lf_only,darcy_generated,42,0.039278851632957267,0.03473546721082614,0.04432107784757581,4777281,1492.2428913116455,False,
st_film_lf_only,era5,123,0.09429998944421754,0.08896373987100423,0.09880174667319264,4776257,2744.976557970047,False,
st_film_lf_only,era5,42,0.0942736190633225,0.08911794159374928,0.09878269387804414,4776257,1637.2079215049744,False,
st_film_lf_only,ext__cahn_hilliard_2d,123,0.7854185166869375,0.7395564799998684,0.8305077108345912,4773697,429.3174066543579,False,
st_film_lf_only,ext__cahn_hilliard_2d,42,0.7854174656002381,0.7405157911656715,0.8297471608122235,4773697,417.66063499450684,False,
st_film_lf_only,ext__eikonal_2d,123,0.07494742355847255,0.07157084620106989,0.07840306515341734,4773953,420.6249921321869,False,
st_film_lf_only,ext__eikonal_2d,42,0.07483384144859401,0.071419288889982,0.07837968197475526,4773953,411.62111711502075,False,
st_film_lf_only,ext__helmholtz_2d,123,3.3324977656735917,2.5476630841294905,4.232280269235502,4773953,607.1181819438934,False,
st_film_lf_only,ext__helmholtz_2d,42,1.398308122259758,1.1127153296456,1.7464220133050707,4773953,609.8432514667511,False,
st_film_lf_only,ext__pressure_poisson_poiseuille,123,0.006896247903145199,0.006530566156537103,0.0072656192998314965,4773697,417.2935063838959,False,
st_film_lf_only,ext__pressure_poisson_poiseuille,42,0.006993951369896024,0.00663130359797564,0.007356055184229058,4773697,422.3006947040558,False,
st_film_lf_only,ext__rayleigh_benard_2d,123,0.01517249210673395,0.014437077139916807,0.016013614901699627,4773441,412.8763196468353,False,
st_film_lf_only,ext__rayleigh_benard_2d,42,0.015181428858657193,0.01444016451648126,0.016017244244964528,4773441,414.3276278972626,False,
st_film_lf_only,ext__wave_2d,123,0.5106018829202831,0.4951371470948699,0.5263267051731522,4773953,481.3083989620209,False,
st_film_lf_only,ext__wave_2d,42,0.507119004021527,0.49156122776451583,0.5226145480771889,4773953,680.9430849552155,False,
st_film_lf_only,fluid,123,0.21767727244928226,0.2134875006819608,0.22185485728934354,4773697,258.7965316772461,False,
st_film_lf_only,fluid,42,0.21791188405170833,0.21373669611505908,0.2221585908356727,4773697,259.1652765274048,False,
st_film_lf_only,heat_generated,123,0.01133144656896731,0.01094314820982988,0.01171486237279989,4773953,410.88444423675537,False,
st_film_lf_only,heat_generated,42,0.011344233536318391,0.010948283125183362,0.011735911895549239,4773953,421.4155418872833,False,
st_film_lf_only,heat_local,123,0.002408859619263387,0.002373999184405822,0.002444273995877248,4773953,2287.396928548813,False,
st_film_lf_only,heat_local,42,0.002406066880756654,0.002371280182126609,0.0024405410431395163,4773953,3934.7319333553314,False,
st_film_lf_only,lid_driven_cavity_generated,123,0.3687893017408096,0.36155500646021765,0.3759695383169838,4773441,309.7974452972412,False,
st_film_lf_only,lid_driven_cavity_generated,42,0.36923371275764655,0.36252675577810006,0.3762977138700741,4773441,1109.489277124405,False,
st_film_lf_only,lid_driven_cavity_v2,123,0.9852726517330713,0.9849151176419222,0.9856360902678856,4773441,3009.1083974838257,False,
st_film_lf_only,lid_driven_cavity_v2,42,0.9852726539635895,0.9849153810840301,0.985628973976279,4773441,3007.3815779685974,False,
st_film_lf_only,poisson_generated,123,3.1528714873684076,3.151572557815251,3.1541318280036252,4774465,408.31731271743774,False,
st_film_lf_only,poisson_generated,42,3.152815884294501,3.151546768315346,3.1540230867710157,4774465,408.71680212020874,False,
st_film_lf_only,poisson_generated_v2,123,0.028033372767981235,0.02662471688480734,0.029465525322586093,4774465,414.31435346603394,False,
st_film_lf_only,poisson_generated_v2,42,0.028028218892948053,0.026616250960918384,0.029434334831703,4774465,407.858909368515,False,
st_film_lf_only,poisson_local,123,0.7873400937576229,0.7872034120150052,0.787487561574625,4774465,144.384263753891,False,
st_film_lf_only,poisson_local,42,0.7876031634608855,0.7873458078514237,0.7878805782290781,4774465,143.261700630188,False,
st_film_lf_only,sharp__allen_cahn_2d,123,0.46166269675376864,0.41376793410175206,0.5087651727134618,4778049,3028.3381345272064,False,
st_film_lf_only,sharp__allen_cahn_2d,42,0.4925990318634905,0.4384154047642131,0.5451705387160153,4778049,11028.452489614487,False,
st_film_lf_only,sharp__burgers_2d,123,0.11768496332432132,0.10955522193450265,0.12574234992253516,4773697,3007.2547838687897,False,
st_film_lf_only,sharp__burgers_2d,42,0.11769460809710428,0.10971232091519179,0.125771372534974,4773697,3023.0432856082916,False,
st_film_lf_only,sharp__cahn_hilliard,123,0.4598684844059888,0.3710124511345491,0.5512441859399536,4778049,5093.398395061493,False,
st_film_lf_only,sharp__cahn_hilliard,42,0.4503678846764557,0.36110919262666114,0.5448190682834531,4778049,3001.9696066379547,False,
st_film_lf_only,sharp__euler,123,0.06503266922788253,0.059978642716725004,0.07011658281309353,4774977,891.2708342075348,False,
st_film_lf_only,sharp__euler,42,0.06516341449656465,0.05995350815056372,0.07057024535940604,4774977,894.4741766452789,False,
st_film_lf_only,sharp__fisher_kpp_2d,123,0.0317258320703022,0.026460294222462426,0.03724704270745165,4785985,3068.441102743149,False,
st_film_lf_only,sharp__fisher_kpp_2d,42,0.030580274594596876,0.025425917522854835,0.036251110691162984,4785985,11039.990185499191,False,
st_film_lf_only,sharp__helmholtz_2d,123,1.0167545780632252,0.9945104962356197,1.056771824457535,4773697,3010.3917574882507,False,
st_film_lf_only,sharp__helmholtz_2d,42,1.0157410317642523,0.9919759547004378,1.054666082696218,4773697,11005.082998991013,False,
st_film_lf_only,sharp__phase_field_crystal_2d,123,0.9056767582167332,0.8812250588826852,0.9285367970741985,4777793,1496.3021492958069,False,
st_film_lf_only,sharp__phase_field_crystal_2d,42,0.9100582140435415,0.8823875607340382,0.9357896249936182,4777793,894.8233916759491,False,
st_film_lf_only,sharp__porous_medium_2d,123,0.04220740113137531,0.039588856019150666,0.044849201781590596,4773697,3013.726463317871,False,
st_film_lf_only,sharp__porous_medium_2d,42,0.04214638085008162,0.039534273516351866,0.04471240808241359,4773697,5085.488702535629,False,
st_film_lf_only,sharp__shallow_water_2d,123,0.028744398490907028,0.025733471211391534,0.03200441855418312,4773697,893.3778147697449,False,
st_film_lf_only,sharp__shallow_water_2d,42,0.029574957534937153,0.02609300094541674,0.033508454045504114,4773697,894.280063867569,False,
st_film_pooled,darcy_generated,123,0.04418417908491082,0.03954858155225076,0.04930562622554556,4777281,889.5956227779388,False,
st_film_pooled,darcy_generated,42,0.043718785132259796,0.03929034843929164,0.048588614987853614,4777281,898.617990732193,False,
st_film_pooled,era5,123,0.09119361513615101,0.08569814204524039,0.09657667672648187,4776257,260.306955575943,False,
st_film_pooled,era5,42,0.09101097173511766,0.08558690300646672,0.09600256493107136,4776257,262.30739164352417,False,
st_film_pooled,ext__cahn_hilliard_2d,123,0.41030110847911644,0.38388234107735564,0.4364961817974104,4773697,420.03827929496765,False,
st_film_pooled,ext__cahn_hilliard_2d,42,0.411331938488207,0.3850800269168796,0.4373039705430824,4773697,410.18637895584106,False,
st_film_pooled,ext__eikonal_2d,123,0.03892755508460632,0.036926350197888466,0.04105699638217042,4773953,411.91674304008484,False,
st_film_pooled,ext__eikonal_2d,42,0.03978661877924099,0.0372170329591616,0.04272003837705047,4773953,410.5582411289215,False,
st_film_pooled,ext__helmholtz_2d,123,2.0766120230926903,1.558932966174727,2.917209898269582,4773953,611.850996017456,False,
st_film_pooled,ext__helmholtz_2d,42,1.539144248156878,1.1609223954069146,2.1735632913126968,4773953,603.2099142074585,False,
st_film_pooled,ext__pressure_poisson_poiseuille,123,0.0064693981048374784,0.006113777011126926,0.006831638202562115,4773697,407.72442626953125,False,
st_film_pooled,ext__pressure_poisson_poiseuille,42,0.006535496988072853,0.006182881480901834,0.0068941927975544595,4773697,409.2192919254303,False,
st_film_pooled,ext__rayleigh_benard_2d,123,0.007608383638320051,0.00723518470726438,0.008034936439977934,4773441,415.4623453617096,False,
st_film_pooled,ext__rayleigh_benard_2d,42,0.0076171474543677686,0.0072385090700521695,0.008046280208361066,4773441,410.0560278892517,False,
st_film_pooled,ext__wave_2d,123,0.2629028715516188,0.2536534070234059,0.2729507012802323,4773953,475.3169639110565,False,
st_film_pooled,ext__wave_2d,42,0.26430982772993944,0.2545546003712604,0.2746663790081333,4773953,543.0764496326447,False,
st_film_pooled,fluid,123,0.10988367443603006,0.10775415336518569,0.11202070592479874,4773697,265.2899127006531,False,
st_film_pooled,fluid,42,0.10982098081099548,0.10769517911190221,0.11202308673102448,4773697,384.659147977829,False,
st_film_pooled,heat_generated,123,0.0137152504061456,0.013210095437088797,0.014219687949604685,4773953,405.80416464805603,False,
st_film_pooled,heat_generated,42,0.01372032754848682,0.013203544555506796,0.014234109265779287,4773953,656.4454600811005,False,
st_film_pooled,heat_local,123,0.01132875575478157,0.011119392948425136,0.011541441923716513,4773953,2324.600488424301,False,
st_film_pooled,heat_local,42,0.011324711476676103,0.011119235865495463,0.011528457981965777,4773953,2285.3029873371124,False,
st_film_pooled,lid_driven_cavity_generated,123,0.449502317913674,0.43471229367146347,0.464938168052442,4773441,510.85891461372375,False,
st_film_pooled,lid_driven_cavity_generated,42,0.6432630440135428,0.6378477962020057,0.6487999588991696,4773441,306.23939633369446,False,
st_film_pooled,lid_driven_cavity_v2,123,0.38258422029719397,0.3813097877498187,0.3838728795128992,4773441,3057.424593925476,False,
st_film_pooled,lid_driven_cavity_v2,42,0.3818642630738454,0.3807937319516083,0.38296825653793165,4773441,3045.152611732483,False,
st_film_pooled,poisson_generated,123,6.673493199306685,6.666874945344578,6.680178396056375,4774465,428.1558372974396,False,
st_film_pooled,poisson_generated,42,6.675837033017649,6.667116231067026,6.68445170183491,4774465,401.43767619132996,False,
st_film_pooled,poisson_generated_v2,123,0.03312798443225506,0.03148090095999499,0.034798545010011596,4774465,396.74897623062134,False,
st_film_pooled,poisson_generated_v2,42,0.03311777636500774,0.03145425716027547,0.03477827039478419,4774465,407.83630752563477,False,
st_film_pooled,poisson_local,123,17.81599667277491,17.796245435201396,17.836339439907682,4774465,145.01781702041626,False,
st_film_pooled,poisson_local,42,17.820654250509282,17.79804147009246,17.84280066935358,4774465,143.5352122783661,False,
st_film_pooled,sharp__allen_cahn_2d,123,0.4845305389899512,0.4327822730729043,0.5356413150834626,4778049,3038.5323147773743,False,
st_film_pooled,sharp__allen_cahn_2d,42,0.4877491808798217,0.434449313388181,0.5412645212248617,4778049,5084.320027351379,False,
st_film_pooled,sharp__burgers_2d,123,0.10559537799851255,0.09838714875487961,0.1126935649609768,4773697,3026.890026807785,False,
st_film_pooled,sharp__burgers_2d,42,0.10557958842550155,0.09854512464033155,0.11267706542332574,4773697,3021.6899852752686,False,
st_film_pooled,sharp__cahn_hilliard,123,0.47146757115624155,0.38673757875215137,0.5588474986832119,4778049,3017.707261323929,False,
st_film_pooled,sharp__cahn_hilliard,42,0.47478158332012904,0.38798011871145954,0.5679039496100657,4778049,3018.811655521393,False,
st_film_pooled,sharp__euler,123,0.06302723979929505,0.058194389698573615,0.06805871694304638,4774977,889.3024365901947,False,
st_film_pooled,sharp__euler,42,0.0631067029774508,0.05799262447967226,0.06844576726989905,4774977,2090.4359967708588,False,
st_film_pooled,sharp__fisher_kpp_2d,123,0.03195543675976517,0.02665612771007472,0.03752836600106831,4785985,3005.951698064804,False,
st_film_pooled,sharp__fisher_kpp_2d,42,0.030230149688746447,0.025093265693752278,0.035797701641903254,4785985,3043.5408165454865,False,
st_film_pooled,sharp__helmholtz_2d,123,1.3022759010323441,1.267121894056178,1.3334166263522957,4773697,3142.724903345108,False,
st_film_pooled,sharp__helmholtz_2d,42,1.2981945912332051,1.261925168740431,1.3313810866842894,4773697,3011.160207271576,False,
st_film_pooled,sharp__phase_field_crystal_2d,123,0.8864650214164278,0.859177825847802,0.9120602491503786,4777793,885.995185136795,False,
st_film_pooled,sharp__phase_field_crystal_2d,42,0.9055211772022127,0.8750263961075506,0.9343742094791234,4777793,887.321296453476,False,
st_film_pooled,sharp__porous_medium_2d,123,0.050499853588071145,0.04794997612798046,0.05307732876617926,4773697,3003.750987291336,False,
st_film_pooled,sharp__porous_medium_2d,42,0.05046346127883899,0.04790605562777942,0.052964128168018466,4773697,3062.2591433525085,False,
st_film_pooled,sharp__shallow_water_2d,123,0.027975739797266055,0.024783663534025394,0.031630316910045406,4773697,895.3749439716339,False,
st_film_pooled,sharp__shallow_water_2d,42,0.02773335442732678,0.024615515363480566,0.03125504229140031,4773697,926.1261186599731,False,
st_hf_pod_gp,allen_cahn_generated,123,0.03571909310296178,0.032646800436545165,0.03909702538466081,0,4.1453516483306885,False,
st_hf_pod_gp,allen_cahn_generated,42,0.035719107948243616,0.03264680293481797,0.03909706566063687,0,3.666794538497925,False,
st_hf_pod_gp,darcy_generated,123,0.03573740810155868,0.031035074752988293,0.04109649624465965,0,56.296795129776,False,
st_hf_pod_gp,darcy_generated,42,0.03574198641814291,0.031037196552148087,0.041101039758184924,0,30.602625846862793,False,
st_hf_pod_gp,era5,123,0.06127090007066727,0.05514058792697532,0.06805028207600117,0,0.7546219825744629,False,
st_hf_pod_gp,era5,42,0.06127090007066727,0.05514058792697532,0.06805028207600117,0,0.42016029357910156,False,
st_hf_pod_gp,ext__cahn_hilliard_2d,123,0.2821505007892847,0.2526219841819256,0.31607862441428003,0,3.2686331272125244,False,
st_hf_pod_gp,ext__cahn_hilliard_2d,42,0.2821502716094255,0.25262179852090777,0.31607836311496795,0,2.5096521377563477,False,
st_hf_pod_gp,ext__eikonal_2d,123,0.03573169132694602,0.02917961340630427,0.04427434478932992,0,4.885413885116577,False,
st_hf_pod_gp,ext__eikonal_2d,42,0.03573182704858482,0.02917970726895146,0.044274530583992604,0,19.218721389770508,False,
st_hf_pod_gp,ext__helmholtz_2d,123,2.5014856344461442,2.1400941932983697,2.91534836442396,0,34.37247037887573,False,
st_hf_pod_gp,ext__helmholtz_2d,42,2.2978916302323342,1.9758551108539104,2.6426179896220567,0,13.701518535614014,False,
st_hf_pod_gp,ext__pressure_poisson_poiseuille,123,0.000944610963051673,0.0007769042869695113,0.0011511043453501769,0,2.744671583175659,False,
st_hf_pod_gp,ext__pressure_poisson_poiseuille,42,0.0009446111271972768,0.0007769044774831855,0.0011511045187544368,0,2.2106261253356934,False,
st_hf_pod_gp,ext__rayleigh_benard_2d,123,0.0031324145424878225,0.0024998328075234895,0.003962756254026317,0,1.5255277156829834,False,
st_hf_pod_gp,ext__rayleigh_benard_2d,42,0.0031324134423630313,0.0024998317806894195,0.003962754033062083,0,0.6213624477386475,False,
st_hf_pod_gp,ext__wave_2d,123,0.25508331149816516,0.2354167131446302,0.2756978900581598,0,2.969674587249756,False,
st_hf_pod_gp,ext__wave_2d,42,0.25508331149816516,0.2354167131446302,0.2756978900581598,0,9.120262145996094,False,
st_hf_pod_gp,fluid,123,0.02800565282086609,0.024358577462135145,0.033214562005196055,0,0.8328659534454346,False,
st_hf_pod_gp,fluid,42,0.028005649164697388,0.02435857308710183,0.03321455789728134,0,8.722463369369507,False,
st_hf_pod_gp,heat_generated,123,0.0031732095999177545,0.0028083512841985793,0.003555089237255743,0,4.820297956466675,False,
st_hf_pod_gp,heat_generated,42,0.003173217834555544,0.0028083589055459017,0.0035550989982439203,0,3.5636308193206787,False,
st_hf_pod_gp,heat_local,123,0.0030487356738149174,0.002892797069105768,0.00321968277880984,0,50.68166399002075,False,
st_hf_pod_gp,heat_local,42,0.00304874358670304,0.002892804250998893,0.00321969120158343,0,48.60888600349426,False,
st_hf_pod_gp,ifc_heat,123,0.0575400107409223,0.0511113929417661,0.06437754105381827,0,0.7743816375732422,False,
st_hf_pod_gp,ifc_heat,42,0.05753953809471568,0.05111096154059851,0.06437705716716663,0,0.1278364658355713,False,
st_hf_pod_gp,ifc_poisson,123,0.4005033053108491,0.3409304906206671,0.4624093870268552,0,0.034837961196899414,False,
st_hf_pod_gp,ifc_poisson,42,0.4018416819162667,0.3423373358615208,0.4652273748986772,0,0.2205662727355957,False,
st_hf_pod_gp,lid_driven_cavity_generated,123,0.0032753259874880314,0.0024558078264817597,0.004184327711700461,0,0.38303232192993164,False,
st_hf_pod_gp,lid_driven_cavity_generated,42,0.00327532603405416,0.002455808166996576,0.004184327654947992,0,3.6511411666870117,False,
st_hf_pod_gp,lid_driven_cavity_v2,123,0.004127290225005709,0.003701487863479997,0.004591339316772064,0,4.227450847625732,False,
st_hf_pod_gp,lid_driven_cavity_v2,42,0.00412729530245997,0.0037014872023137285,0.004591348591493443,0,5.0426154136657715,False,
st_hf_pod_gp,poisson_generated,123,3.516658249282045e-05,2.926914297972871e-05,4.228832915919156e-05,0,4.855736255645752,False,
st_hf_pod_gp,poisson_generated,42,3.623723403052281e-05,3.029942126499918e-05,4.411647126994467e-05,0,7.699653148651123,False,
st_hf_pod_gp,poisson_generated_v2,123,3.5166556313015465e-05,2.9269198537122066e-05,4.2288364034675396e-05,0,5.439146280288696,False,
st_hf_pod_gp,poisson_generated_v2,42,6.521350672301197e-05,5.366378495364188e-05,7.932851405917062e-05,0,6.484521389007568,False,
st_hf_pod_gp,poisson_local,123,0.00011642736102057683,0.00010222707480915805,0.00013315472752812864,0,0.09128475189208984,False,
st_hf_pod_gp,poisson_local,42,0.00011642727747673831,0.00010222700081155,0.00013315461476277602,0,0.15903544425964355,False,
st_hf_pod_gp,sharp__allen_cahn_2d,123,0.5317494862068158,0.48941694082668386,0.5750899298331485,0,60.49025249481201,False,
st_hf_pod_gp,sharp__allen_cahn_2d,42,0.5317494862068158,0.48941694082668386,0.5750899298331485,0,109.34816193580627,False,
st_hf_pod_gp,sharp__burgers_1d,123,0.007463820030825446,0.006354043737599568,0.008514638865628511,0,6.574312448501587,False,
st_hf_pod_gp,sharp__burgers_1d,42,0.007463820307893911,0.006354046254768037,0.008514638651809946,0,4.878421306610107,False,
st_hf_pod_gp,sharp__burgers_2d,123,0.02447712318971753,0.022846527356188747,0.02614458473259583,0,11.873287916183472,False,
st_hf_pod_gp,sharp__burgers_2d,42,0.0244771234318614,0.022846527077257633,0.02614458500035107,0,7.028990268707275,False,
st_hf_pod_gp,sharp__cahn_hilliard,123,0.6262892638146877,0.5596962252855301,0.6895733002312481,0,89.06148266792297,False,
st_hf_pod_gp,sharp__cahn_hilliard,42,0.6264991645514965,0.5599848542436957,0.6897676815874874,0,195.08143496513367,False,
st_hf_pod_gp,sharp__euler,123,0.06078319974243641,0.05545381042826921,0.06640116725582629,0,7.712196588516235,False,
st_hf_pod_gp,sharp__euler,42,0.06078362483531237,0.05545432911114767,0.06640155759081244,0,62.9568190574646,False,
st_hf_pod_gp,sharp__fisher_kpp_2d,123,0.06456179093569517,0.057224368081428105,0.07309362126048653,0,20.319826364517212,False,
st_hf_pod_gp,sharp__fisher_kpp_2d,42,0.06456178952008486,0.05722436618246138,0.0730936187794432,0,23.961262226104736,False,
st_hf_pod_gp,sharp__helmholtz_2d,123,0.06330956831108779,0.05007848015334457,0.07896371317352167,0,9.191918134689331,False,
st_hf_pod_gp,sharp__helmholtz_2d,42,0.06330956979189067,0.050078479432268064,0.07896371888066642,0,11.709947109222412,False,
st_hf_pod_gp,sharp__phase_field_crystal_2d,123,0.8410537070035935,0.8286876650005579,0.8517747617065906,0,81.20033359527588,False,
st_hf_pod_gp,sharp__phase_field_crystal_2d,42,0.840962120294571,0.8288277438431978,0.8518110296428203,0,73.21067690849304,False,
st_hf_pod_gp,sharp__porous_medium_1d,123,0.008693251860095189,0.00724362250987906,0.010461403464083559,0,6.245442867279053,False,
st_hf_pod_gp,sharp__porous_medium_1d,42,0.008693251860095189,0.00724362250987906,0.010461403464083559,0,5.056959390640259,False,
st_hf_pod_gp,sharp__porous_medium_2d,123,0.011411298338789493,0.00942215521162143,0.013894071093818638,0,9.941097021102905,False,
st_hf_pod_gp,sharp__porous_medium_2d,42,0.011410554121248424,0.009421846372075379,0.013892839524429292,0,8.78257155418396,False,
st_hf_pod_gp,sharp__shallow_water_1d,123,0.010926883107167669,0.00809226246147591,0.014913349707989255,0,3.1706693172454834,False,
st_hf_pod_gp,sharp__shallow_water_1d,42,0.01092688568343874,0.008092262832869892,0.014913355734199284,0,1.3504853248596191,False,
st_hf_pod_gp,sharp__shallow_water_2d,123,0.010844499389640987,0.009586312820028978,0.0124366197916097,0,8.418989896774292,False,
st_hf_pod_gp,sharp__shallow_water_2d,42,0.010844510896131396,0.009586318950343412,0.01243663970771013,0,5.5205934047698975,False,
st_hf_pod_gp,sharp__sod_1d,123,0.0027643071534112097,0.0025420331755885853,0.0030154808218649126,0,4.108611345291138,False,
st_hf_pod_gp,sharp__sod_1d,42,0.0027643071534112097,0.0025420331755885853,0.0030154808218649126,0,4.948931455612183,False,
st_knn,allen_cahn_generated,123,0.020416151195632323,0.01603937043338222,0.025395294258940795,0,0.2100820541381836,False,
st_knn,allen_cahn_generated,42,0.020416151195632323,0.01603937043338222,0.025395294258940795,0,0.01060628890991211,False,
st_knn,darcy_generated,123,0.25302529871463775,0.22761749952100216,0.28200747906416657,0,0.553905725479126,False,
st_knn,darcy_generated,42,0.2530252982676029,0.22761749719828367,0.2820074780136347,0,0.32837390899658203,False,
st_knn,era5,123,0.037164630368351936,0.03255666236925338,0.041707491049809114,0,0.20078682899475098,False,
st_knn,era5,42,0.037164630368351936,0.03255666236925338,0.041707491049809114,0,0.15119647979736328,False,
st_knn,ext__cahn_hilliard_2d,123,0.17027905114926398,0.14073027217877096,0.2009105237100739,0,0.18715715408325195,False,
st_knn,ext__cahn_hilliard_2d,42,0.17027905114926398,0.14073027217877096,0.2009105237100739,0,0.048165321350097656,False,
st_knn,ext__eikonal_2d,123,0.052745113335549834,0.047291689638979735,0.05829808407556265,0,0.22940659523010254,False,
st_knn,ext__eikonal_2d,42,0.052745113335549834,0.047291689638979735,0.05829808407556265,0,0.3762977123260498,False,
st_knn,ext__helmholtz_2d,123,1.4131596114858984,1.05244177419506,1.8146991570675741,0,0.44885826110839844,False,
st_knn,ext__helmholtz_2d,42,1.4131596114858984,1.05244177419506,1.8146991570675741,0,0.4023466110229492,False,
st_knn,ext__pressure_poisson_poiseuille,123,0.0021000147753056806,0.001461858712566709,0.0028060824721853803,0,0.07811164855957031,False,
st_knn,ext__pressure_poisson_poiseuille,42,0.0021000147753056806,0.001461858712566709,0.0028060824721853803,0,0.03899335861206055,False,
st_knn,ext__rayleigh_benard_2d,123,0.0008750868662554012,0.00041736386386798953,0.0014484692667662865,0,0.27627134323120117,False,
st_knn,ext__rayleigh_benard_2d,42,0.0008750868662554012,0.00041736386386798953,0.0014484692667662865,0,0.04205727577209473,False,
st_knn,ext__wave_2d,123,0.4355622960627079,0.4020411675535142,0.4666256337352097,0,0.06697487831115723,False,
st_knn,ext__wave_2d,42,0.4355622960627079,0.4020411675535142,0.4666256337352097,0,0.43528008460998535,False,
st_knn,fluid,123,0.03239940926687268,0.02958354108614003,0.03539090031199521,0,0.03324413299560547,False,
st_knn,fluid,42,0.032399409314166405,0.02958354135198533,0.035390900278707706,0,0.06435441970825195,False,
st_knn,heat_generated,123,0.014475280885817484,0.012407466857897816,0.016783699621650158,0,0.32230162620544434,False,
st_knn,heat_generated,42,0.014475280885817484,0.012407466857897816,0.016783699621650158,0,0.33628296852111816,False,
st_knn,heat_local,123,0.008185282341514721,0.0073696815514637136,0.009070808276595699,0,1.701188564300537,False,
st_knn,heat_local,42,0.008185282341514721,0.0073696815514637136,0.009070808276595699,0,1.2672786712646484,False,
st_knn,ifc_heat,123,0.08658130763069494,0.07841947819451889,0.09564599106251989,0,0.19856548309326172,False,
st_knn,ifc_heat,42,0.08658130763069494,0.07841947819451889,0.09564599106251989,0,0.04849886894226074,False,
st_knn,ifc_poisson,123,0.3326749246334657,0.27813413151234273,0.39546518641218426,0,0.03480839729309082,False,
st_knn,ifc_poisson,42,0.3326749246334657,0.27813413151234273,0.39546518641218426,0,0.18687915802001953,False,
st_knn,lid_driven_cavity_generated,123,0.004653649468218645,0.002292847002427152,0.00722092816264194,0,0.4595224857330322,False,
st_knn,lid_driven_cavity_generated,42,0.004653649468218645,0.002292847002427152,0.00722092816264194,0,0.7265081405639648,False,
st_knn,lid_driven_cavity_v2,123,0.0007308891081367719,0.0005028351825315491,0.0009729634509432232,0,0.8913943767547607,False,
st_knn,lid_driven_cavity_v2,42,0.0007308891081367719,0.0005028351825315491,0.0009729634509432232,0,0.6541242599487305,False,
st_knn,poisson_generated,123,0.06814112309366464,0.05904490899341181,0.07819280997198075,0,0.3860950469970703,False,
st_knn,poisson_generated,42,0.06814112309366464,0.05904490899341181,0.07819280997198075,0,0.1511385440826416,False,
st_knn,poisson_generated_v2,123,0.06814112341031432,0.05904490914940834,0.07819281210144981,0,0.1327228546142578,False,
st_knn,poisson_generated_v2,42,0.06814112341031432,0.05904490914940834,0.07819281210144981,0,0.1203603744506836,False,
st_knn,poisson_local,123,0.12605353991420998,0.11494621719657516,0.1377104025833887,0,0.5690414905548096,False,
st_knn,poisson_local,42,0.12605353897924942,0.11494621677798023,0.13771040068299953,0,0.1516718864440918,False,
st_knn,sharp__allen_cahn_2d,123,0.7595629970996808,0.7140691314656765,0.805609700227013,0,1.9781475067138672,False,
st_knn,sharp__allen_cahn_2d,42,0.7595629970996808,0.7140691314656765,0.805609700227013,0,2.296674966812134,False,
st_knn,sharp__burgers_1d,123,0.0006589858603818044,0.0004320984592560855,0.000957185314403846,0,0.16274237632751465,False,
st_knn,sharp__burgers_1d,42,0.000658986967769124,0.0004320992975387101,0.0009571851834634807,0,0.0072193145751953125,False,
st_knn,sharp__burgers_2d,123,0.006666883997968398,0.005817131557676475,0.0076142632128030525,0,4.0598320960998535,False,
st_knn,sharp__burgers_2d,42,0.006666883997968398,0.005817131557676475,0.0076142632128030525,0,0.7414617538452148,False,
st_knn,sharp__cahn_hilliard,123,0.7517649185657501,0.7072157983034849,0.7984274549037218,0,1.7817895412445068,False,
st_knn,sharp__cahn_hilliard,42,0.7517649185657501,0.7072157983034849,0.7984274549037218,0,2.5846102237701416,False,
st_knn,sharp__euler,123,0.06153706608340144,0.05683872204087675,0.06680558305885642,0,0.7356798648834229,False,
st_knn,sharp__euler,42,0.06153706608340144,0.05683872204087675,0.06680558305885642,0,0.5404291152954102,False,
st_knn,sharp__fisher_kpp_2d,123,0.05287100280635059,0.046306800111895426,0.060653634792659436,0,0.8298990726470947,False,
st_knn,sharp__fisher_kpp_2d,42,0.05287100280635059,0.046306800111895426,0.060653634792659436,0,1.7824313640594482,False,
st_knn,sharp__helmholtz_2d,123,0.18417290506884457,0.12438219589169602,0.25783429950440767,0,1.8206923007965088,False,
st_knn,sharp__helmholtz_2d,42,0.18417290506884457,0.12438219589169602,0.25783429950440767,0,1.612513542175293,False,
st_knn,sharp__phase_field_crystal_2d,123,0.8757136809825897,0.8629934490472079,0.8875763129442931,0,0.7574968338012695,False,
st_knn,sharp__phase_field_crystal_2d,42,0.8757136809825897,0.8629934490472079,0.8875763129442931,0,0.49395108222961426,False,
st_knn,sharp__porous_medium_1d,123,0.01695478699868545,0.014097835965803824,0.020608514954568818,0,0.2708306312561035,False,
st_knn,sharp__porous_medium_1d,42,0.01695478699868545,0.014097835965803824,0.020608514954568818,0,0.5835883617401123,False,
st_knn,sharp__porous_medium_2d,123,0.022555788920726627,0.019454450918070507,0.026348865807871335,0,1.085876703262329,False,
st_knn,sharp__porous_medium_2d,42,0.022555788920726627,0.019454450918070507,0.026348865807871335,0,0.6073775291442871,False,
st_knn,sharp__shallow_water_1d,123,0.011147223737825698,0.006878684884686664,0.016603744911532888,0,0.006965160369873047,False,
st_knn,sharp__shallow_water_1d,42,0.011147223737825698,0.006878684884686664,0.016603744911532888,0,0.0067293643951416016,False,
st_knn,sharp__shallow_water_2d,123,0.012113813272444532,0.009880384888703703,0.014889880211878334,0,2.678868055343628,False,
st_knn,sharp__shallow_water_2d,42,0.012113813272444532,0.009880384888703703,0.014889880211878334,0,0.8367350101470947,False,
st_knn,sharp__sod_1d,123,0.00540496723173419,0.00465940532941022,0.00626037096316577,0,0.006294727325439453,False,
st_knn,sharp__sod_1d,42,0.00540496723173419,0.00465940532941022,0.00626037096316577,0,0.0066874027252197266,False,
st_koh_pod,allen_cahn_generated,123,0.03561452144756913,0.03267339015286416,0.03900218068994581,0,3.786717414855957,False,
st_koh_pod,allen_cahn_generated,42,0.0356145185790956,0.0326733881519176,0.03900217736512422,0,2.2586376667022705,False,
st_koh_pod,darcy_generated,123,0.03592453150078654,0.031198367167264224,0.04136106819286942,0,42.80637454986572,False,
st_koh_pod,darcy_generated,42,0.035932757584378125,0.031202956308377907,0.041369716245215384,0,28.269519329071045,False,
st_koh_pod,era5,123,0.05285709777048656,0.04673488346327628,0.059266560311828344,0,0.5878984928131104,False,
st_koh_pod,era5,42,0.05285709777048656,0.04673488346327628,0.059266560311828344,0,0.501035213470459,False,
st_koh_pod,ext__cahn_hilliard_2d,123,0.2754688411206007,0.24918466299213468,0.3051995116751641,0,2.968170404434204,False,
st_koh_pod,ext__cahn_hilliard_2d,42,0.27546915456652643,0.2491849387269467,0.3051998375616968,0,2.3037619590759277,False,
st_koh_pod,ext__eikonal_2d,123,0.03443410967476666,0.029797291695838793,0.040557513778563585,0,3.999959945678711,False,
st_koh_pod,ext__eikonal_2d,42,0.03443413529545069,0.0297973241165746,0.040557558346539735,0,26.196593046188354,False,
st_koh_pod,ext__helmholtz_2d,123,4.797679801881313,3.588449272938073,6.197181848838926,0,11.45456051826477,False,
st_koh_pod,ext__helmholtz_2d,42,4.797679801881313,3.588449272938073,6.197181848838926,0,32.51919174194336,False,
st_koh_pod,ext__pressure_poisson_poiseuille,123,0.004297815925092437,0.003936937771199155,0.004704122718336294,0,2.6054441928863525,False,
st_koh_pod,ext__pressure_poisson_poiseuille,42,0.00429782074817922,0.003936942223153892,0.004704127289354801,0,2.1520276069641113,False,
st_koh_pod,ext__rayleigh_benard_2d,123,0.003019902436353732,0.0024028439090761824,0.0038312133551225993,0,2.1637661457061768,False,
st_koh_pod,ext__rayleigh_benard_2d,42,0.0030199056706624104,0.002402843249408761,0.003831223101675277,0,0.8711974620819092,False,
st_koh_pod,ext__wave_2d,123,0.27528717890381815,0.25164464728161695,0.29828231474384664,0,1.9848980903625488,False,
st_koh_pod,ext__wave_2d,42,0.27528717890381815,0.25164464728161695,0.29828231474384664,0,7.946186542510986,False,
st_koh_pod,fluid,123,0.027841644776344765,0.025673600586469548,0.030763566202313086,0,0.8478126525878906,False,
st_koh_pod,fluid,42,0.027841640443512006,0.02567359861886871,0.030763556894362408,0,7.789409875869751,False,
st_koh_pod,heat_generated,123,0.003141359340515919,0.0027756604452151804,0.003526678286871174,0,3.2738773822784424,False,
st_koh_pod,heat_generated,42,0.0031413549080025406,0.0027756586707400857,0.0035266735826298824,0,3.5591177940368652,False,
st_koh_pod,heat_local,123,0.003053925917640754,0.0028973231382352083,0.0032261040045739263,0,51.28785228729248,False,
st_koh_pod,heat_local,42,0.0030539259475403924,0.002897323206381941,0.0032261040829482113,0,79.84259009361267,False,
st_koh_pod,ifc_heat,123,0.006239954942429904,0.005790639564884259,0.00671420861453953,0,0.612743616104126,False,
st_koh_pod,ifc_heat,42,0.006255829346628161,0.0058138379201409405,0.006724784623793311,0,0.21908330917358398,False,
st_koh_pod,ifc_poisson,123,0.017498675910246675,0.015164551706311613,0.02006524785865622,0,0.062294960021972656,False,
st_koh_pod,ifc_poisson,42,0.01759771852994163,0.015270812990002014,0.020160470200016788,0,0.18359923362731934,False,
st_koh_pod,lid_driven_cavity_generated,123,0.0025361568317748607,0.00214918979909271,0.002965592324035242,0,0.3818831443786621,False,
st_koh_pod,lid_driven_cavity_generated,42,0.0025361599517054858,0.0021491700666956604,0.0029656012242776342,0,1.4471349716186523,False,
st_koh_pod,lid_driven_cavity_v2,123,0.003074082146631554,0.0028201408007880674,0.0033490636671485844,0,4.079124450683594,False,
st_koh_pod,lid_driven_cavity_v2,42,0.003074082146631554,0.0028201408007880674,0.0033490636671485844,0,3.7826967239379883,False,
st_koh_pod,poisson_generated,123,8.119702573821996e-05,6.732916992632454e-05,9.826571496341785e-05,0,5.413211345672607,False,
st_koh_pod,poisson_generated,42,3.6398005463524896e-05,3.041167905155362e-05,4.370306790599443e-05,0,5.799086093902588,False,
st_koh_pod,poisson_generated_v2,123,6.932118253644148e-05,5.678145534034229e-05,8.458819279735508e-05,0,6.785412549972534,False,
st_koh_pod,poisson_generated_v2,42,6.99009284380736e-05,5.731150518931827e-05,8.530732284043551e-05,0,7.253799676895142,False,
st_koh_pod,poisson_local,123,0.0001265368592644478,0.00011091332650212671,0.00014394211699286785,0,0.12249398231506348,False,
st_koh_pod,poisson_local,42,0.00012166764180499001,0.00010673078519833901,0.00013875087319883405,0,0.17547011375427246,False,
st_koh_pod,sharp__allen_cahn_2d,123,0.531588793039704,0.48925539046072236,0.5749119844645835,0,117.98226881027222,False,
st_koh_pod,sharp__allen_cahn_2d,42,0.5316475302172012,0.4893066074770804,0.5749762670208628,0,162.31660962104797,False,
st_koh_pod,sharp__burgers_1d,123,0.009327288111962843,0.007951113780160085,0.010634769148738997,0,7.1451945304870605,False,
st_koh_pod,sharp__burgers_1d,42,0.00932721371165826,0.007951072078809376,0.010634748389387823,0,3.670974016189575,False,
st_koh_pod,sharp__burgers_2d,123,0.02201444886624813,0.020503354779211804,0.023715941415634004,0,9.966615200042725,False,
st_koh_pod,sharp__burgers_2d,42,0.02201433267444372,0.0205032452493906,0.023715863236458974,0,5.046802759170532,False,
st_koh_pod,sharp__cahn_hilliard,123,0.6262409715354442,0.5597975807823241,0.6895747676156461,0,94.9522032737732,False,
st_koh_pod,sharp__cahn_hilliard,42,0.6266583460569382,0.5604061461314559,0.6899011897183954,0,160.93642663955688,False,
st_koh_pod,sharp__euler,123,0.05488131245598197,0.049927030007820575,0.06011643910175189,0,7.812347412109375,False,
st_koh_pod,sharp__euler,42,0.05488153910264373,0.049927274752873924,0.0601166495475918,0,30.42611598968506,False,
st_koh_pod,sharp__fisher_kpp_2d,123,0.0645617893896997,0.057224366535432634,0.07309362018108367,0,25.30369472503662,False,
st_koh_pod,sharp__fisher_kpp_2d,42,0.06456176936626434,0.05722431099461392,0.0730936189154163,0,34.775161027908325,False,
st_koh_pod,sharp__helmholtz_2d,123,0.110851157810539,0.08652551156608389,0.13646368611953222,0,7.557580471038818,False,
st_koh_pod,sharp__helmholtz_2d,42,0.11085129986517131,0.08652568651316687,0.13646352620585822,0,7.631562232971191,False,
st_koh_pod,sharp__phase_field_crystal_2d,123,0.840987755060196,0.8287701653093099,0.851744701012969,0,106.34987998008728,False,
st_koh_pod,sharp__phase_field_crystal_2d,42,0.8410337042808532,0.8286717341095209,0.851731297686696,0,91.25970435142517,False,
st_koh_pod,sharp__porous_medium_1d,123,0.004784164980519563,0.00414361920049123,0.0054953942069696496,0,2.8758296966552734,False,
st_koh_pod,sharp__porous_medium_1d,42,0.004784057686629239,0.004143545962528151,0.005495230545559024,0,2.216282367706299,False,
st_koh_pod,sharp__porous_medium_2d,123,0.012397651537321508,0.011279337410698646,0.01383952122880146,0,11.200016498565674,False,
st_koh_pod,sharp__porous_medium_2d,42,0.01239765744190663,0.01127934263390489,0.013839527066797018,0,7.611680507659912,False,
st_koh_pod,sharp__shallow_water_1d,123,0.014463034403743222,0.010110048312984872,0.02070120453840354,0,3.1007251739501953,False,
st_koh_pod,sharp__shallow_water_1d,42,0.01446304726996459,0.010110047877707985,0.02070123213966144,0,1.2596025466918945,False,
st_koh_pod,sharp__shallow_water_2d,123,0.011569463554769755,0.010384124306205193,0.012777345064911058,0,11.271873950958252,False,
st_koh_pod,sharp__shallow_water_2d,42,0.011569487787783146,0.010384122360730543,0.012777463022153823,0,6.700712203979492,False,
st_koh_pod,sharp__sod_1d,123,0.001943462129565887,0.0017641219614306467,0.002133873835642589,0,2.2814762592315674,False,
st_koh_pod,sharp__sod_1d,42,0.0019434620294487104,0.001764121821281151,0.00213387382318615,0,2.904649496078491,False,
st_lf_affine_pod,allen_cahn_generated,123,0.04040948800742626,0.03738706097053364,0.04378491084463894,0,3.1870360374450684,False,
st_lf_affine_pod,allen_cahn_generated,42,0.04040948772802949,0.03738706078613177,0.043784910450223834,0,2.729419708251953,False,
st_lf_affine_pod,darcy_generated,123,0.037945862766355275,0.03341382757318206,0.043558316873153674,0,43.85861587524414,False,
st_lf_affine_pod,darcy_generated,42,0.03795415494590998,0.0334200636758469,0.043569840099895375,0,29.476319789886475,False,
st_lf_affine_pod,era5,123,0.0877616937671389,0.08379690540688378,0.09149616898170539,0,84.13660144805908,False,
st_lf_affine_pod,era5,42,0.0877616937671389,0.08379690540688378,0.09149616898170539,0,92.24308061599731,False,
st_lf_affine_pod,ext__cahn_hilliard_2d,123,0.6769605955481529,0.6050098051726819,0.7432082521934062,0,2.4915664196014404,False,
st_lf_affine_pod,ext__cahn_hilliard_2d,42,0.6769604735076428,0.6050096539929509,0.7432081934921443,0,2.463226079940796,False,
st_lf_affine_pod,ext__eikonal_2d,123,0.04662034261971712,0.04167627101251855,0.05226974763767793,0,4.540241003036499,False,
st_lf_affine_pod,ext__eikonal_2d,42,0.046620351020246746,0.04167627827497199,0.05226975877350196,0,25.46507716178894,False,
st_lf_affine_pod,ext__helmholtz_2d,123,5.503598751723766,3.8977308034598828,7.754398464724421,0,8.735387563705444,False,
st_lf_affine_pod,ext__helmholtz_2d,42,5.503598751723766,3.8977308034598828,7.754398464724421,0,31.47595238685608,False,
st_lf_affine_pod,ext__pressure_poisson_poiseuille,123,0.006693024588748812,0.006370560033828952,0.00705926841951441,0,2.3278610706329346,False,
st_lf_affine_pod,ext__pressure_poisson_poiseuille,42,0.006693027806468308,0.006370562579715624,0.007059271290199831,0,2.026559829711914,False,
st_lf_affine_pod,ext__rayleigh_benard_2d,123,0.007055998970754445,0.006092281353543513,0.008279564110212958,0,1.304044485092163,False,
st_lf_affine_pod,ext__rayleigh_benard_2d,42,0.007056013755500317,0.006092280052369461,0.008279620343120768,0,0.46029210090637207,False,
st_lf_affine_pod,ext__wave_2d,123,0.5078985840082169,0.4936622843667865,0.5230001130253077,0,2.5526771545410156,False,
st_lf_affine_pod,ext__wave_2d,42,0.5078985840082169,0.4936622843667865,0.5230001130253077,0,8.614232540130615,False,
st_lf_affine_pod,fluid,123,0.21273970534093678,0.2089352679089643,0.2164737465107464,0,1.0055687427520752,False,
st_lf_affine_pod,fluid,42,0.2127397038275376,0.2089352679773583,0.2164737417799188,0,5.463914394378662,False,
st_lf_affine_pod,heat_generated,123,0.010690926751121878,0.010460724651347847,0.010934435139177367,0,5.394834756851196,False,
st_lf_affine_pod,heat_generated,42,0.010690889554098248,0.010460715687368064,0.010934416950214654,0,5.095983266830444,False,
st_lf_affine_pod,heat_local,123,0.003976763664695682,0.0038501527965479456,0.004109947777357093,0,62.99042797088623,False,
st_lf_affine_pod,heat_local,42,0.003976748854029211,0.0038501294844820676,0.004109923601191667,0,41.522106885910034,False,
st_lf_affine_pod,ifc_heat,123,0.01111805415712297,0.010885756439529359,0.011348939630988751,0,0.6659526824951172,False,
st_lf_affine_pod,ifc_heat,42,0.01111795574252028,0.010885635186241416,0.011348851889488287,0,0.3177030086517334,False,
st_lf_affine_pod,ifc_poisson,123,0.03203266819764394,0.03132494189485442,0.032775494776433337,0,0.13065791130065918,False,
st_lf_affine_pod,ifc_poisson,42,0.03203266819764394,0.03132494189485442,0.032775494776433337,0,0.4307215213775635,False,
st_lf_affine_pod,lid_driven_cavity_generated,123,0.36867607533931734,0.3614072323590517,0.3759402060508728,0,0.5939874649047852,False,
st_lf_affine_pod,lid_driven_cavity_generated,42,0.36867607235908506,0.3614072293788195,0.37594020016491414,0,3.3243021965026855,False,
st_lf_affine_pod,lid_driven_cavity_v2,123,0.3712636613845825,0.3687615831047297,0.37387770153582095,0,4.592507600784302,False,
st_lf_affine_pod,lid_driven_cavity_v2,42,0.3712636613845825,0.3687615831047297,0.37387770153582095,0,3.7232234477996826,False,
st_lf_affine_pod,poisson_generated,123,0.07843873459845781,0.07553121492173523,0.08110261211823672,0,5.40766453742981,False,
st_lf_affine_pod,poisson_generated,42,0.07843820013105869,0.07553122990857809,0.0811010185489431,0,5.0695788860321045,False,
st_lf_affine_pod,poisson_generated_v2,123,0.026906051281839607,0.025879862982546912,0.028018293606583027,0,5.119570255279541,False,
st_lf_affine_pod,poisson_generated_v2,42,0.026906051281839607,0.025879862982546912,0.028018293606583027,0,6.691229581832886,False,
st_lf_affine_pod,poisson_local,123,0.01961044744348328,0.019047958618830307,0.02017122270276559,0,0.28295421600341797,False,
st_lf_affine_pod,poisson_local,42,0.019610272500358406,0.019048060525256004,0.020171104766450298,0,0.4868791103363037,False,
st_lf_affine_pod,sharp__allen_cahn_2d,123,0.5315772535231633,0.4892470425842569,0.5748949235639511,0,58.800156593322754,False,
st_lf_affine_pod,sharp__allen_cahn_2d,42,0.5316360123837606,0.4892982836550054,0.5749591836490883,0,115.28560209274292,False,
st_lf_affine_pod,sharp__burgers_1d,123,0.15889324977993965,0.15117361561395226,0.16718621059693398,0,4.800859689712524,False,
st_lf_affine_pod,sharp__burgers_1d,42,0.15889324583113193,0.15117362171784043,0.16718620483763516,0,2.3784406185150146,False,
st_lf_affine_pod,sharp__burgers_2d,123,0.1165095780044794,0.11006321270763875,0.12333214180357754,0,10.963702917098999,False,
st_lf_affine_pod,sharp__burgers_2d,42,0.11650997221469879,0.1100636259019375,0.1233325230833143,0,7.903959035873413,False,
st_lf_affine_pod,sharp__cahn_hilliard,123,0.626382170021534,0.5599268440492451,0.6896854383051395,0,156.27184891700745,False,
st_lf_affine_pod,sharp__cahn_hilliard,42,0.6268000794947147,0.5605351345948876,0.6900130671747028,0,155.15806484222412,False,
st_lf_affine_pod,sharp__euler,123,0.06187951939180494,0.0572375541026704,0.0665831050183624,0,8.622670412063599,False,
st_lf_affine_pod,sharp__euler,42,0.061879700925201175,0.05723770905612036,0.06658334478922188,0,33.22608137130737,False,
st_lf_affine_pod,sharp__fisher_kpp_2d,123,0.06456171035766602,0.05722427050769329,0.07309355677198617,0,21.74212646484375,False,
st_lf_affine_pod,sharp__fisher_kpp_2d,42,0.06456169025972486,0.057224215080495924,0.0730935557167977,0,36.21453595161438,False,
st_lf_affine_pod,sharp__helmholtz_2d,123,0.1299426655843854,0.09741034876788035,0.16307827583933246,0,6.233251333236694,False,
st_lf_affine_pod,sharp__helmholtz_2d,42,0.12994276703335345,0.0974105283964891,0.16307837427360936,0,6.191583871841431,False,
st_lf_affine_pod,sharp__phase_field_crystal_2d,123,0.8409606444835663,0.8287410170435905,0.8517011805921794,0,67.12664341926575,False,
st_lf_affine_pod,sharp__phase_field_crystal_2d,42,0.841006731390953,0.8286422109156847,0.8517047758549452,0,75.2103328704834,False,
st_lf_affine_pod,sharp__porous_medium_1d,123,0.0205293882265687,0.01842922967893537,0.022693037474062292,0,5.245053291320801,False,
st_lf_affine_pod,sharp__porous_medium_1d,42,0.02052932099904865,0.018429184999666174,0.022692888726014642,0,3.587989568710327,False,
st_lf_affine_pod,sharp__porous_medium_2d,123,0.02111406340729445,0.01924465932196472,0.023073808088083753,0,11.0491464138031,False,
st_lf_affine_pod,sharp__porous_medium_2d,42,0.02111406340729445,0.01924465932196472,0.023073808088083753,0,7.510551929473877,False,
st_lf_affine_pod,sharp__shallow_water_1d,123,0.025438603091752155,0.018430556357721797,0.03544493996535312,0,3.711656332015991,False,
st_lf_affine_pod,sharp__shallow_water_1d,42,0.025438603091752155,0.018430556357721797,0.03544493996535312,0,1.9764540195465088,False,
st_lf_affine_pod,sharp__shallow_water_2d,123,0.02969247868284583,0.027095281984424218,0.03238013548939488,0,7.292546987533569,False,
st_lf_affine_pod,sharp__shallow_water_2d,42,0.029692504880949856,0.027095276951091363,0.032380159277934584,0,4.987344264984131,False,
st_lf_affine_pod,sharp__sod_1d,123,0.03269568471238017,0.0323935502213426,0.03301475481223315,0,4.107450008392334,False,
st_lf_affine_pod,sharp__sod_1d,42,0.03269568471238017,0.0323935502213426,0.03301475481223315,0,4.690398216247559,False,
st_mean,allen_cahn_generated,123,1.008023620247841,1.0008782364577054,1.0154006503671407,0,0.001004934310913086,False,
st_mean,allen_cahn_generated,42,1.008023620247841,1.0008782364577054,1.0154006503671407,0,0.0001308917999267578,False,
st_mean,darcy_generated,123,0.4407805084437132,0.38901516818255183,0.5018308547697962,0,0.005479574203491211,False,
st_mean,darcy_generated,42,0.44078049875795844,0.3890151602532715,0.5018308351878077,0,0.010607481002807617,False,
st_mean,era5,123,0.061270901667220254,0.05514058897803937,0.0680502863467804,0,0.002340555191040039,False,
st_mean,era5,42,0.061270901667220254,0.05514058897803937,0.0680502863467804,0,0.0009114742279052734,False,
st_mean,ext__cahn_hilliard_2d,123,1.0063804817199706,0.9842198993265628,1.0288744817078113,0,0.001172780990600586,False,
st_mean,ext__cahn_hilliard_2d,42,1.0063804817199706,0.9842198993265628,1.0288744817078113,0,0.0005383491516113281,False,
st_mean,ext__eikonal_2d,123,0.3207041469216347,0.31106415782123803,0.3307721477672458,0,0.001428842544555664,False,
st_mean,ext__eikonal_2d,42,0.3207041469216347,0.31106415782123803,0.3307721477672458,0,0.022690773010253906,False,
st_mean,ext__helmholtz_2d,123,4.3690725845098495,3.877728414222598,4.908069086626172,0,0.01699686050415039,False,
st_mean,ext__helmholtz_2d,42,4.3690725845098495,3.877728414222598,4.908069086626172,0,0.021566390991210938,False,
st_mean,ext__pressure_poisson_poiseuille,123,0.01479101593606174,0.014121119102695956,0.015581731379264965,0,0.0005195140838623047,False,
st_mean,ext__pressure_poisson_poiseuille,42,0.01479101593606174,0.014121119102695956,0.015581731379264965,0,0.0005347728729248047,False,
st_mean,ext__rayleigh_benard_2d,123,0.08822212951257825,0.07489750467427074,0.10503913123439997,0,0.0005068778991699219,False,
st_mean,ext__rayleigh_benard_2d,42,0.08822212951257825,0.07489750467427074,0.10503913123439997,0,0.0004813671112060547,False,
st_mean,ext__wave_2d,123,0.9866198706626892,0.9794083904623986,0.9943602800220251,0,0.0005593299865722656,False,
st_mean,ext__wave_2d,42,0.9866198706626892,0.9794083904623986,0.9943602800220251,0,0.001039266586303711,False,
st_mean,fluid,123,0.40713980345753953,0.3846252867384464,0.43002871318894903,0,0.0003006458282470703,False,
st_mean,fluid,42,0.40713980299187824,0.3846252828356228,0.43002871522330677,0,0.0008027553558349609,False,
st_mean,heat_generated,123,0.12553602244704962,0.11434445948386565,0.1379324816688895,0,0.0013451576232910156,False,
st_mean,heat_generated,42,0.12553602244704962,0.11434445948386565,0.1379324816688895,0,0.0011792182922363281,False,
st_mean,heat_local,123,0.12616111337774782,0.12129394144903927,0.13149596583734818,0,0.048583030700683594,False,
st_mean,heat_local,42,0.12616111337774782,0.12129394144903927,0.13149596583734818,0,0.010078668594360352,False,
st_mean,ifc_heat,123,0.11606785008916631,0.10766869990548003,0.12542416888827573,0,0.010060310363769531,False,
st_mean,ifc_heat,42,0.11606785008916631,0.10766869990548003,0.12542416888827573,0,0.000244140625,False,
st_mean,ifc_poisson,123,0.4034279636107385,0.34344892022927526,0.46568004598957485,0,0.00013256072998046875,False,
st_mean,ifc_poisson,42,0.4034279636107385,0.34344892022927526,0.46568004598957485,0,0.019805192947387695,False,
st_mean,lid_driven_cavity_generated,123,0.15204374566674234,0.12433308867737651,0.1813398377597332,0,0.0016667842864990234,False,
st_mean,lid_driven_cavity_generated,42,0.15204374566674234,0.12433308867737651,0.1813398377597332,0,0.002194643020629883,False,
st_mean,lid_driven_cavity_v2,123,0.1647850242257118,0.15025298683159052,0.1787988967206329,0,0.027460575103759766,False,
st_mean,lid_driven_cavity_v2,42,0.1647850242257118,0.15025298683159052,0.1787988967206329,0,0.007316112518310547,False,
st_mean,poisson_generated,123,0.30494173169136046,0.2681510927528143,0.3438766525927931,0,0.0013458728790283203,False,
st_mean,poisson_generated,42,0.30494173169136046,0.2681510927528143,0.3438766525927931,0,0.0013768672943115234,False,
st_mean,poisson_generated_v2,123,0.3049417293816805,0.26815109009481963,0.34387664768844844,0,0.0006396770477294922,False,
st_mean,poisson_generated_v2,42,0.3049417293816805,0.26815109009481963,0.34387664768844844,0,0.0008645057678222656,False,
st_mean,poisson_local,123,0.37218914066033904,0.3475491093344317,0.39804356450749767,0,0.018122196197509766,False,
st_mean,poisson_local,42,0.37218913841206813,0.3475491066894392,0.39804355888882126,0,0.0013587474822998047,False,
st_mean,sharp__allen_cahn_2d,123,1.0016959737508724,0.9991758101834701,1.0039899037625546,0,0.008618831634521484,False,
st_mean,sharp__allen_cahn_2d,42,1.0016959737508724,0.9991758101834701,1.0039899037625546,0,0.018485069274902344,False,
st_mean,sharp__burgers_1d,123,0.8922276139259339,0.862504671767354,0.9184689440727234,0,0.006224870681762695,False,
st_mean,sharp__burgers_1d,42,0.8922276204824447,0.8625046808570623,0.9184689586907625,0,0.00012230873107910156,False,
st_mean,sharp__burgers_2d,123,0.7363532787561416,0.721489511564374,0.7513212502002715,0,0.02156805992126465,False,
st_mean,sharp__burgers_2d,42,0.7363532787561416,0.721489511564374,0.7513212502002715,0,0.005861759185791016,False,
st_mean,sharp__cahn_hilliard,123,1.0019772934913636,0.9988493646383285,1.0050260402560234,0,0.006293535232543945,False,
st_mean,sharp__cahn_hilliard,42,1.0019772934913636,0.9988493646383285,1.0050260402560234,0,0.041769981384277344,False,
st_mean,sharp__euler,123,0.3149522054195404,0.29844335912540554,0.33327498888596896,0,0.004119396209716797,False,
st_mean,sharp__euler,42,0.3149522054195404,0.29844335912540554,0.33327498888596896,0,0.022613525390625,False,
st_mean,sharp__fisher_kpp_2d,123,0.06456179141998292,0.05722436955478042,0.07309362048935145,0,0.027388334274291992,False,
st_mean,sharp__fisher_kpp_2d,42,0.06456179141998292,0.05722436955478042,0.07309362048935145,0,0.008879661560058594,False,
st_mean,sharp__helmholtz_2d,123,0.9403941076993942,0.9137809508293867,0.9681740998029709,0,0.007964611053466797,False,
st_mean,sharp__helmholtz_2d,42,0.9403941076993942,0.9137809508293867,0.9681740998029709,0,0.009471654891967773,False,
st_mean,sharp__phase_field_crystal_2d,123,0.8777663737535477,0.8738448721021413,0.8817896632850171,0,0.002021312713623047,False,
st_mean,sharp__phase_field_crystal_2d,42,0.8777663737535477,0.8738448721021413,0.8817896632850171,0,0.003464221954345703,False,
st_mean,sharp__porous_medium_1d,123,0.2929241667687893,0.26040498137660323,0.33054873296804727,0,0.0011780261993408203,False,
st_mean,sharp__porous_medium_1d,42,0.2929241667687893,0.26040498137660323,0.33054873296804727,0,0.018944501876831055,False,
st_mean,sharp__porous_medium_2d,123,0.33077720180153847,0.29948197370581325,0.3651626443006098,0,0.028280973434448242,False,
st_mean,sharp__porous_medium_2d,42,0.33077720180153847,0.29948197370581325,0.3651626443006098,0,0.008521556854248047,False,
st_mean,sharp__shallow_water_1d,123,0.24496183443814515,0.22236794803012164,0.2676904942682013,0,0.00027823448181152344,False,
st_mean,sharp__shallow_water_1d,42,0.24496183443814515,0.22236794803012164,0.2676904942682013,0,0.00011181831359863281,False,
st_mean,sharp__shallow_water_2d,123,0.2653689780458808,0.24201408869493754,0.2881646195081994,0,0.021823644638061523,False,
st_mean,sharp__shallow_water_2d,42,0.2653689780458808,0.24201408869493754,0.2881646195081994,0,0.02091240882873535,False,
st_mean,sharp__sod_1d,123,0.11591173534281551,0.10475626003975048,0.12745636820839717,0,0.00010442733764648438,False,
st_mean,sharp__sod_1d,42,0.11591173534281551,0.10475626003975048,0.12745636820839717,0,0.00028824806213378906,False,
st_mfdeeponet,allen_cahn_generated,123,0.020715771289542318,0.01825418102054391,0.02341180024680216,332035,545.9752247333527,False,
st_mfdeeponet,allen_cahn_generated,42,0.021748581044375895,0.019821877183625474,0.024057683408958835,332035,514.8408999443054,False,
st_mfdeeponet,darcy_generated,123,0.06764737863093614,0.05871144459350035,0.07770563904801384,337411,549.830347776413,False,
st_mfdeeponet,darcy_generated,42,0.06925216138362884,0.06073074777424335,0.07900936436001212,337411,546.352814912796,False,
st_mfdeeponet,era5,123,0.09113312938383647,0.08544908777943679,0.09655918039913688,335875,837.6816942691803,False,
st_mfdeeponet,era5,42,0.12434765696525574,0.11456303247915847,0.1334582481799381,335875,480.21118998527527,False,
st_mfdeeponet,ext__cahn_hilliard_2d,123,0.44262230053544044,0.39630271612666546,0.489684501953423,332035,535.3118512630463,False,
st_mfdeeponet,ext__cahn_hilliard_2d,42,0.45088005185127256,0.40535495735518634,0.4965086178537458,332035,387.80306601524353,False,
st_mfdeeponet,ext__eikonal_2d,123,0.032601964008063075,0.02955164524912834,0.03566197786992416,332419,519.2624230384827,False,
st_mfdeeponet,ext__eikonal_2d,42,0.03426080757752061,0.03170048028137535,0.03757720438321121,332419,317.5589234828949,False,
st_mfdeeponet,ext__helmholtz_2d,123,1.6340612664818763,1.2635804167166351,2.2403147432804107,332419,306.43022441864014,False,
st_mfdeeponet,ext__helmholtz_2d,42,1.7307226586341857,1.447643869459629,2.062645943060517,332419,527.4892163276672,False,
st_mfdeeponet,ext__pressure_poisson_poiseuille,123,0.0068105657235719265,0.006504914180608466,0.007147116764856037,332035,337.33634662628174,False,
st_mfdeeponet,ext__pressure_poisson_poiseuille,42,0.014284008694812656,0.013554042877629398,0.015136399005306885,332035,518.538482427597,False,
st_mfdeeponet,ext__rayleigh_benard_2d,123,0.00026763451569422614,0.00020802347219796503,0.00034649826777786075,331651,519.7346203327179,False,
st_mfdeeponet,ext__rayleigh_benard_2d,42,0.0006770774404867552,0.0005218427946892916,0.0008859243836486712,331651,509.1602783203125,False,
st_mfdeeponet,ext__wave_2d,123,0.43373384535312653,0.4091773287802935,0.45712854377180334,332419,323.16873121261597,False,
st_mfdeeponet,ext__wave_2d,42,0.42466745972633363,0.4008084637634456,0.4474655523225665,332419,322.4463701248169,False,
st_mfdeeponet,fluid,123,0.042240851413225755,0.04058654815398768,0.04409352855054749,332035,509.86273217201233,False,
st_mfdeeponet,fluid,42,0.039997436477278825,0.038144997911149406,0.04199430104199564,332035,321.56283497810364,False,
st_mfdeeponet,heat_generated,123,0.0009380204346962273,0.0008635077866347273,0.0010505137525324243,332419,396.29722714424133,False,
st_mfdeeponet,heat_generated,42,0.0012830349040450527,0.0012028820573468694,0.0013890338394412537,332419,318.20886397361755,False,
st_mfdeeponet,heat_local,123,0.0023453392818737484,0.0022951882653217126,0.0024023876642900177,332419,289.382422208786,False,
st_mfdeeponet,heat_local,42,0.0017943691370874149,0.0017508323532013036,0.0018414200400627579,332419,554.0595440864563,False,
st_mfdeeponet,lid_driven_cavity_generated,123,0.07747190073132515,0.07385732620954513,0.08195762764662504,331651,745.3086211681366,False,
st_mfdeeponet,lid_driven_cavity_generated,42,0.32581480145454406,0.3139675505459309,0.33796316727995873,331651,792.1398921012878,False,
st_mfdeeponet,lid_driven_cavity_v2,123,0.02786362973973155,0.026455418386962266,0.029593384401872754,331651,404.71267890930176,False,
st_mfdeeponet,lid_driven_cavity_v2,42,0.0491688546910882,0.046817320144735275,0.05196836154628545,331651,738.5694801807404,False,
st_mfdeeponet,poisson_generated,123,0.005629529457073659,0.005210323288163636,0.006098882587975822,333187,514.8383078575134,False,
st_mfdeeponet,poisson_generated,42,0.004748438985552638,0.004365008774388116,0.005184389760426711,333187,313.5196421146393,False,
st_mfdeeponet,poisson_generated_v2,123,0.002528939659241587,0.002277996899589198,0.002852155525470152,333187,641.4050054550171,False,
st_mfdeeponet,poisson_generated_v2,42,0.0015638696728274225,0.0013170200674212538,0.0018861575036862631,333187,346.2065427303314,False,
st_mfdeeponet,poisson_local,123,0.018486438784748316,0.016471656833982707,0.020827189730164262,333187,326.7022924423218,False,
st_mfdeeponet,poisson_local,42,0.018798413592776342,0.016227448546430878,0.021824704185701194,333187,301.2186543941498,False,
st_mfdeeponet,sharp__allen_cahn_2d,123,0.43001760957905877,0.3905026464185749,0.4681372416050484,338563,759.4244887828827,False,
st_mfdeeponet,sharp__allen_cahn_2d,42,0.4304272400167508,0.39478703925792036,0.46524486813025595,338563,755.3072283267975,False,
st_mfdeeponet,sharp__burgers_1d,123,0.0010048465587897226,0.0008569316591092503,0.0011459466328597044,299267,502.19392681121826,False,
st_mfdeeponet,sharp__burgers_1d,42,0.00036344609572552144,0.00032985629765244084,0.0003945287621791067,299267,431.5208718776703,False,
st_mfdeeponet,sharp__burgers_2d,123,0.0774278075620532,0.07259530119225382,0.08268274176027625,332035,739.3692038059235,False,
st_mfdeeponet,sharp__burgers_2d,42,0.08329806439578533,0.07844584856647997,0.08847184867225587,332035,418.48518323898315,False,
st_mfdeeponet,sharp__cahn_hilliard,123,0.4999853007867932,0.39662270856834947,0.6000129115069285,338563,476.2754201889038,False,
st_mfdeeponet,sharp__cahn_hilliard,42,0.5086894602328539,0.4111440744511783,0.6109459992926568,338563,739.4507689476013,False,
st_mfdeeponet,sharp__euler,123,0.06680848546326161,0.060801940977107734,0.07327053129067644,333955,316.4491112232208,False,
st_mfdeeponet,sharp__euler,42,0.06110941182821989,0.05528228405164555,0.06806701164320111,333955,590.7755208015442,False,
st_mfdeeponet,sharp__fisher_kpp_2d,123,0.038056365582160655,0.0320806248326553,0.04440895558719058,350467,428.93466901779175,False,
st_mfdeeponet,sharp__fisher_kpp_2d,42,0.03886376741807908,0.03220150399953127,0.045710028869332744,350467,470.80716133117676,False,
st_mfdeeponet,sharp__helmholtz_2d,123,0.014910210082307458,0.012155962059972807,0.018524223211803473,332035,634.1718699932098,False,
st_mfdeeponet,sharp__helmholtz_2d,42,0.03433333337306976,0.012101618593325838,0.07509244533290621,332035,458.76176476478577,False,
st_mfdeeponet,sharp__phase_field_crystal_2d,123,0.8831169313192367,0.8788816839754582,0.8874163355529309,338179,314.5244314670563,False,
st_mfdeeponet,sharp__phase_field_crystal_2d,42,0.8771533191204071,0.8735472934395075,0.8807840132713318,338179,400.0296242237091,False,
st_mfdeeponet,sharp__porous_medium_1d,123,0.003381906828144565,0.0030311900633387266,0.003808517741970718,299267,621.7244725227356,False,
st_mfdeeponet,sharp__porous_medium_1d,42,0.0035892630403395742,0.0032093064314394726,0.004039360206515994,299267,450.17003774642944,False,
st_mfdeeponet,sharp__porous_medium_2d,123,0.012781057874672114,0.011440608928212897,0.014240677127498201,332035,427.22831106185913,False,
st_mfdeeponet,sharp__porous_medium_2d,42,0.013836583197116852,0.012489084213855675,0.015261898490018211,332035,552.3728699684143,False,
st_mfdeeponet,sharp__shallow_water_1d,123,0.004313659552135505,0.003515760760914418,0.0052643944480660135,299267,321.94532203674316,False,
st_mfdeeponet,sharp__shallow_water_1d,42,0.0024114513942186024,0.001954368355085535,0.002962517763176947,299267,394.5802888870239,False,
st_mfdeeponet,sharp__shallow_water_2d,123,0.006770173970144242,0.006167779388895724,0.007441355917195323,332035,547.3513526916504,False,
st_mfdeeponet,sharp__shallow_water_2d,42,0.008456810424104334,0.007580846204247791,0.009488154027087149,332035,323.94661021232605,False,
st_mfdeeponet,sharp__sod_1d,123,0.0010533536097500473,0.000984826777537819,0.001133431298439973,299651,669.7609024047852,False,
st_mfdeeponet,sharp__sod_1d,42,0.002004978269687854,0.0018566651742730755,0.0021852573794021737,299651,495.0637843608856,False,
st_mfdnn,allen_cahn_generated,123,0.00010509544455999275,9.848445190255006e-05,0.00011147384375362889,100744,352.6022810935974,False,
st_mfdnn,allen_cahn_generated,42,7.405308202578454e-05,6.890215503699436e-05,7.942459760488417e-05,100744,349.82544469833374,False,
st_mfdnn,darcy_generated,123,0.047699635364115235,0.041965376569423826,0.05407932747481391,104342,196.7689073085785,False,
st_mfdnn,darcy_generated,42,0.04289648670703173,0.038086921056499703,0.04791455438523553,104342,350.0598919391632,False,
st_mfdnn,era5,123,0.16459862887859344,0.15764866726739066,0.17294233813881874,103314,194.50192213058472,False,
st_mfdnn,era5,42,0.1546579897403717,0.14388789236545563,0.16543143753494535,103314,348.90383648872375,False,
st_mfdnn,ext__cahn_hilliard_2d,123,0.5125700801610946,0.4920126743465662,0.5328747972846032,100744,351.44269847869873,False,
st_mfdnn,ext__cahn_hilliard_2d,42,0.5071582636237144,0.48482616344839335,0.5305237218663096,100744,347.43595719337463,False,
st_mfdnn,ext__eikonal_2d,123,0.029880696684122087,0.027095792797394096,0.033008589882170786,101001,352.0579047203064,False,
st_mfdnn,ext__eikonal_2d,42,0.027190783116966485,0.024459064870839937,0.030639597253175454,101001,348.7159903049469,False,
st_mfdnn,ext__helmholtz_2d,123,2.9152737283706665,2.2264756138026716,3.7044137554466725,101001,346.6130459308624,False,
st_mfdnn,ext__helmholtz_2d,42,2.1839119684696198,1.5913830409497023,3.0965129119083286,101001,351.71774983406067,False,
st_mfdnn,ext__pressure_poisson_poiseuille,123,0.0006365410756552592,0.000511630382941803,0.0007732819822631426,100744,350.52005195617676,False,
st_mfdnn,ext__pressure_poisson_poiseuille,42,0.0006788643679465167,0.000558114344421483,0.0008243631956283934,100744,351.250773191452,False,
st_mfdnn,ext__rayleigh_benard_2d,123,0.0005218623162363655,0.00041094842005259124,0.0006693449487756879,100487,350.8467152118683,False,
st_mfdnn,ext__rayleigh_benard_2d,42,0.000566535895341076,0.00045613926258738504,0.0007147940872164327,100487,286.86741185188293,False,
st_mfdnn,ext__wave_2d,123,0.0358929652813822,0.032592430746648464,0.03918969204230234,101001,346.89677000045776,False,
st_mfdnn,ext__wave_2d,42,0.03486430315300822,0.03167042482295074,0.03829955781321041,101001,351.41972970962524,False,
st_mfdnn,fluid,123,0.02083520852465881,0.019950608993531203,0.02179810594097944,100744,349.1934006214142,False,
st_mfdnn,fluid,42,0.020347832494735485,0.019538733088756997,0.02118658272183893,100744,349.5762827396393,False,
st_mfdnn,heat_generated,123,0.0007852215366438031,0.0007501945517142303,0.0008245155514014186,101001,231.33790636062622,False,
st_mfdnn,heat_generated,42,0.0007082846009870991,0.0006737129335233476,0.0007503001651784871,101001,346.72527170181274,False,
st_mfdnn,heat_local,123,0.001204070380936173,0.0011866442651069064,0.001223241323526736,101001,359.09732460975647,False,
st_mfdnn,heat_local,42,0.0010916887666780895,0.0010756734581804039,0.0011089720502184264,101001,349.1280834674835,False,
st_mfdnn,lid_driven_cavity_generated,123,0.21973442733287812,0.21308863222599028,0.22726837456226348,100487,348.9369637966156,False,
st_mfdnn,lid_driven_cavity_generated,42,0.24777029007673262,0.23697143316268923,0.25802571244537825,100487,181.27381134033203,False,
st_mfdnn,lid_driven_cavity_v2,123,0.22615066304802894,0.22398523986712096,0.22842063568532467,100487,203.86723065376282,False,
st_mfdnn,lid_driven_cavity_v2,42,0.23919023111462592,0.23801396602019667,0.24042251076549292,100487,369.54958271980286,False,
st_mfdnn,poisson_generated,123,0.004576626494526863,0.00433602800994413,0.0048444243354606445,101515,351.0300614833832,False,
st_mfdnn,poisson_generated,42,0.0033007288572844116,0.003031935741048073,0.003588924367679283,101515,350.4907898902893,False,
st_mfdnn,poisson_generated_v2,123,0.002086447634501383,0.0018870768461492844,0.0023204500153078695,101515,350.9273371696472,False,
st_mfdnn,poisson_generated_v2,42,0.0017560303793288767,0.001562086958278087,0.0019773411979549563,101515,211.62196111679077,False,
st_mfdnn,poisson_local,123,0.00762588374459483,0.007130873709314756,0.008138097661645815,101515,341.5774018764496,False,
st_mfdnn,poisson_local,42,0.006425909031577248,0.0059447247069670086,0.006905027025936761,101515,182.56946206092834,False,
st_mfdnn,sharp__allen_cahn_2d,123,0.5504372297153355,0.4899310546728651,0.6086883573940632,105113,362.23842191696167,False,
st_mfdnn,sharp__allen_cahn_2d,42,0.5896287421839168,0.5240490292228807,0.6549974273257435,105113,230.09803295135498,False,
st_mfdnn,sharp__burgers_1d,123,0.0005811656336300075,0.0005076600779757427,0.0006499877140850003,100744,196.1779670715332,False,
st_mfdnn,sharp__burgers_1d,42,0.0004347824119031429,0.0003895885312704195,0.00048260274358108294,100744,345.99435091018677,False,
st_mfdnn,sharp__burgers_2d,123,0.015871918238699437,0.014613050342188218,0.01715697680343874,100744,366.434650182724,False,
st_mfdnn,sharp__burgers_2d,42,0.015698127527721227,0.01452084145694971,0.016877640033955685,100744,298.5120527744293,False,
st_mfdnn,sharp__cahn_hilliard,123,0.8567943438887596,0.7984373414367438,0.91156415078789,105113,368.9463174343109,False,
st_mfdnn,sharp__cahn_hilliard,42,0.8229730376601219,0.7654708919152617,0.8813468959257006,105113,369.8193328380585,False,
st_mfdnn,sharp__euler,123,0.06824825044721365,0.06192192041408271,0.07582191858300939,102029,355.0307924747467,False,
st_mfdnn,sharp__euler,42,0.06428242268040776,0.05943946753349155,0.06975157574657351,102029,354.2717492580414,False,
st_mfdnn,sharp__fisher_kpp_2d,123,0.06160670713055879,0.04992093936889432,0.07280965666484553,113080,202.6111879348755,False,
st_mfdnn,sharp__fisher_kpp_2d,42,0.062077379059046506,0.05075659641681705,0.0733954453280894,113080,366.32777976989746,False,
st_mfdnn,sharp__helmholtz_2d,123,0.05836333330720663,0.03517430236795917,0.09911445080488918,100744,369.6952393054962,False,
st_mfdnn,sharp__helmholtz_2d,42,0.07591802597045899,0.05113770380895585,0.11183430053200571,100744,368.54963755607605,False,
st_mfdnn,sharp__phase_field_crystal_2d,123,1.014092755317688,1.0037231986373663,1.0247239765673877,104856,198.63725399971008,False,
st_mfdnn,sharp__phase_field_crystal_2d,42,0.9085079312324524,0.90298992228508,0.9143248369991779,104856,344.31326055526733,False,
st_mfdnn,sharp__porous_medium_1d,123,0.0012722565687727184,0.0011326684211890098,0.0014350934571484685,100744,288.263619184494,False,
st_mfdnn,sharp__porous_medium_1d,42,0.0007539084216114134,0.0006689242535576341,0.0008519073725619818,100744,364.9847683906555,False,
st_mfdnn,sharp__porous_medium_2d,123,0.0029387313628103586,0.0027423321305541323,0.003143618527101353,100744,370.33323550224304,False,
st_mfdnn,sharp__porous_medium_2d,42,0.003128505521453917,0.0028936630681273526,0.003375150016217958,100744,201.07555532455444,False,
st_mfdnn,sharp__shallow_water_1d,123,0.0034200400620466097,0.003067906852156739,0.003809222378738923,100744,198.38862109184265,False,
st_mfdnn,sharp__shallow_water_1d,42,0.0028701794715016147,0.0024224787826824467,0.0034092979573615593,100744,364.66551399230957,False,
st_mfdnn,sharp__shallow_water_2d,123,0.004590491326525808,0.004040439096861519,0.00517159559961874,100744,354.3358497619629,False,
st_mfdnn,sharp__shallow_water_2d,42,0.004455633906181902,0.0040257313777110545,0.004937778720573988,100744,366.1070251464844,False,
st_mfdnn,sharp__sod_1d,123,0.00041718568274518475,0.0004035640309739392,0.00043253538371936884,101001,214.13075423240662,False,
st_mfdnn,sharp__sod_1d,42,0.0004218070872593671,0.00040613250649039397,0.0004379885409507551,101001,349.76907229423523,False,
st_nargp_pod,allen_cahn_generated,123,0.03571875340305269,0.03264677804056555,0.03909606270678341,0,46.338706970214844,False,
st_nargp_pod,allen_cahn_generated,42,0.035705680092796684,0.032645183043554425,0.03905997940478847,0,33.47636532783508,False,
st_nargp_pod,darcy_generated,123,0.04404012283310294,0.03820223545120098,0.0507678037211299,0,401.7006220817566,False,
st_nargp_pod,darcy_generated,42,0.041210956824943426,0.035271358312340455,0.047922396609093997,0,185.09466218948364,False,
st_nargp_pod,era5,123,0.06127090007066727,0.05514058792697532,0.06805028207600117,0,1.610494613647461,False,
st_nargp_pod,era5,42,0.06127090007066727,0.05514058792697532,0.06805028207600117,0,1.9390275478363037,False,
st_nargp_pod,ext__cahn_hilliard_2d,123,0.25794017292559146,0.22810799546167254,0.2927837003152817,0,20.61344838142395,False,
st_nargp_pod,ext__cahn_hilliard_2d,42,0.25796671114861963,0.22812900204770267,0.292818139007315,0,14.823068141937256,False,
st_nargp_pod,ext__eikonal_2d,123,0.028471643747761847,0.02451286317803897,0.03369616895937361,0,22.970075368881226,False,
st_nargp_pod,ext__eikonal_2d,42,0.02844699037261307,0.02437783719203435,0.03362165377335622,0,88.33773422241211,False,
st_nargp_pod,ext__helmholtz_2d,123,4.1821523268520835,3.6960560360848906,4.709262288432568,0,49.06805658340454,False,
st_nargp_pod,ext__helmholtz_2d,42,4.216349146962166,3.7211701321452857,4.757761864885688,0,53.070526361465454,False,
st_nargp_pod,ext__pressure_poisson_poiseuille,123,0.004536377605982125,0.004092344711651094,0.0050297534581332,0,30.160586833953857,False,
st_nargp_pod,ext__pressure_poisson_poiseuille,42,0.004523604969435837,0.004068986067519291,0.005018879940616898,0,28.341292142868042,False,
st_nargp_pod,ext__rayleigh_benard_2d,123,0.0031324322626460344,0.0024998491554142676,0.003962789176279329,0,3.888152599334717,False,
st_nargp_pod,ext__rayleigh_benard_2d,42,0.003132427760865539,0.0024998471224535026,0.003962775301901274,0,2.3147361278533936,False,
st_nargp_pod,ext__wave_2d,123,0.25515515729784966,0.23587674256414176,0.2757588477171958,0,23.957451820373535,False,
st_nargp_pod,ext__wave_2d,42,0.2550694665312767,0.2354383731111884,0.27566987531259657,0,48.97453594207764,False,
st_nargp_pod,fluid,123,0.024677961540874094,0.02204924892503186,0.02841574120302539,0,8.504663944244385,False,
st_nargp_pod,fluid,42,0.024615677240944933,0.0220139668599586,0.028345801130126348,0,35.29802203178406,False,
st_nargp_pod,heat_generated,123,0.0031732998235384003,0.0028084448133886327,0.003555189064340084,0,15.020396947860718,False,
st_nargp_pod,heat_generated,42,0.003173235362628475,0.0028083752740931233,0.0035551178360183257,0,14.414640188217163,False,
st_nargp_pod,heat_local,123,0.0030487669082504,0.002892827169678469,0.0032197140926754743,0,242.39276480674744,False,
st_nargp_pod,heat_local,42,0.0030487498552247416,0.002892810330587281,0.003219697565472757,0,285.3901529312134,False,
st_nargp_pod,ifc_heat,123,0.061119005160435336,0.053837198124710994,0.06880842588107043,0,2.0124213695526123,False,
st_nargp_pod,ifc_heat,42,0.06111975906242151,0.05383275845051685,0.06881181282433317,0,0.37160587310791016,False,
st_nargp_pod,ifc_poisson,123,0.40334518789313734,0.3433894852074445,0.4656529955682344,0,0.13473987579345703,False,
st_nargp_pod,ifc_poisson,42,0.4033451931900345,0.3433894907211652,0.465652996742574,0,0.28780150413513184,False,
st_nargp_pod,lid_driven_cavity_generated,123,0.0032753497711382807,0.0024558440686087125,0.004184349115239456,0,0.5005743503570557,False,
st_nargp_pod,lid_driven_cavity_generated,42,0.0032753347186371684,0.0024558161763707175,0.004184336548787542,0,1.4558360576629639,False,
st_nargp_pod,lid_driven_cavity_v2,123,0.004127294493373484,0.0037014873755106237,0.00459134708700003,0,6.869284152984619,False,
st_nargp_pod,lid_driven_cavity_v2,42,0.004127294493373484,0.0037014873755106237,0.00459134708700003,0,6.56044602394104,False,
st_nargp_pod,poisson_generated,123,5.77472128043155e-05,4.8474445272631785e-05,6.963410804928572e-05,0,17.85995125770569,False,
st_nargp_pod,poisson_generated,42,3.568995781733975e-05,3.0209218896970925e-05,4.243537336515146e-05,0,21.689905166625977,False,
st_nargp_pod,poisson_generated_v2,123,6.679750817056629e-05,5.610573181320433e-05,7.969654098906177e-05,0,23.470966339111328,False,
st_nargp_pod,poisson_generated_v2,42,5.118562768529955e-05,4.240325965918146e-05,6.146249761661693e-05,0,44.508344650268555,False,
st_nargp_pod,poisson_local,123,0.00029890371176222175,0.0002614273235245435,0.0003422288540502194,0,0.5382125377655029,False,
st_nargp_pod,poisson_local,42,0.00029770525259564806,0.0002597348206978545,0.00034092077160048363,0,0.7599742412567139,False,
st_nargp_pod,sharp__allen_cahn_2d,123,0.9859820168751937,0.9800298920426613,0.9914075711216681,0,210.63306188583374,False,
st_nargp_pod,sharp__allen_cahn_2d,42,0.9860945710769067,0.9804774786990422,0.9911985436502175,0,282.4478404521942,False,
st_nargp_pod,sharp__burgers_1d,123,0.007463827603060053,0.006354045922504156,0.00851464493372623,0,16.429930925369263,False,
st_nargp_pod,sharp__burgers_1d,42,0.007463839319098042,0.00635406180224527,0.00851465623563854,0,26.55305290222168,False,
st_nargp_pod,sharp__burgers_2d,123,0.024476683959364892,0.02284734497964382,0.02614406904578209,0,64.55490708351135,False,
st_nargp_pod,sharp__burgers_2d,42,0.02447668476961553,0.022847322230692954,0.026144089721143245,0,41.016897201538086,False,
st_nargp_pod,sharp__cahn_hilliard,123,0.8050401559472085,0.7688960951417685,0.8380934584960341,0,189.02968859672546,False,
st_nargp_pod,sharp__cahn_hilliard,42,0.8102339789271354,0.7755572829172016,0.8405444062054157,0,302.2834768295288,False,
st_nargp_pod,sharp__euler,123,0.05523124527186155,0.04998802158003673,0.0609040417233482,0,152.85167789459229,False,
st_nargp_pod,sharp__euler,42,0.055309410654008385,0.05006250449502841,0.06099044056795538,0,609.2913429737091,False,
st_nargp_pod,sharp__fisher_kpp_2d,123,0.06456179169937969,0.057224369496107104,0.07309362131822854,0,146.92781853675842,False,
st_nargp_pod,sharp__fisher_kpp_2d,42,0.06456179166212678,0.057224369496107104,0.07309362128004432,0,147.3774652481079,False,
st_nargp_pod,sharp__helmholtz_2d,123,0.11557721805758775,0.08387586245057173,0.15368197953980417,0,20.811712741851807,False,
st_nargp_pod,sharp__helmholtz_2d,42,0.11630726308561862,0.08422671925928443,0.15377166624879463,0,30.346100330352783,False,
st_nargp_pod,sharp__phase_field_crystal_2d,123,0.8644575983285904,0.856824301674962,0.8715054215639829,0,219.64972496032715,False,
st_nargp_pod,sharp__phase_field_crystal_2d,42,0.8651613247394562,0.8579025389403104,0.8722437320798635,0,179.6906385421753,False,
st_nargp_pod,sharp__porous_medium_1d,123,0.0075412078958470375,0.006534359176526778,0.008739884884213097,0,12.39879298210144,False,
st_nargp_pod,sharp__porous_medium_1d,42,0.007530000766273588,0.006523911496100481,0.008720240036258474,0,21.42032289505005,False,
st_nargp_pod,sharp__porous_medium_2d,123,0.009262953433208168,0.008378066950594076,0.010269480938324704,0,17.452389001846313,False,
st_nargp_pod,sharp__porous_medium_2d,42,0.00925037455977872,0.008370375126076395,0.010252208303078079,0,16.531057596206665,False,
st_nargp_pod,sharp__shallow_water_1d,123,0.008037278155970853,0.006098056871785957,0.010251897486479719,0,17.592342853546143,False,
st_nargp_pod,sharp__shallow_water_1d,42,0.007362179525662213,0.005946710146024998,0.00903930372823379,0,14.146748065948486,False,
st_nargp_pod,sharp__shallow_water_2d,123,0.010461102724075317,0.009363465183821973,0.01173043792665703,0,24.2684166431427,False,
st_nargp_pod,sharp__shallow_water_2d,42,0.010433496031910182,0.009351447309716605,0.011732096344931052,0,15.739160060882568,False,
st_nargp_pod,sharp__sod_1d,123,0.0027657230116892605,0.0025437987176701424,0.003016385378781706,0,13.603816747665405,False,
st_nargp_pod,sharp__sod_1d,42,0.0027638350962661206,0.002541595457267249,0.003015100764547242,0,18.118345499038696,False,
fno_coregionalization,lid_driven_cavity_generated,123,0.0026253653074211434,0.0025367718657949433,0.002718199788090792,50471336,11384.373029708862,False,rerun_on_fixed_data
fno_coregionalization,lid_driven_cavity_generated,42,0.0025423589397822145,0.0023884660864776563,0.0027064521039361833,50471336,3450.0048167705536,False,rerun_on_fixed_data
fno_coregionalization,lid_driven_cavity_v2,123,0.0013219969369480747,0.0012581140330951417,0.0014002898519427445,50471336,31909.80713582039,False,rerun_on_fixed_data
fno_coregionalization,lid_driven_cavity_v2,42,0.001263272408105918,0.0011963632699897478,0.0013436075172956028,50471336,31804.029599428177,False,rerun_on_fixed_data
fno_coregionalization,poisson_generated_v2,123,0.00239901257870975,0.002237250431863417,0.002577316373843215,50471848,4264.354195833206,False,rerun_on_fixed_data
fno_coregionalization,poisson_generated_v2,42,0.0023311612102952933,0.002129102963640061,0.0025614715335470534,50471848,4661.707051992416,False,rerun_on_fixed_data
mf_deeponet,lid_driven_cavity_generated,123,0.7001633029284557,0.6907068429739185,0.7103504702472253,789761,726.8970601558685,False,rerun_on_fixed_data
mf_deeponet,lid_driven_cavity_generated,42,0.13010176523706873,0.12604118236375353,0.1341534911854602,789761,1150.37783741951,False,rerun_on_fixed_data
mf_deeponet,lid_driven_cavity_v2,123,0.7008710369518224,0.6972521352452025,0.7048103270145206,789761,1441.9788179397583,False,rerun_on_fixed_data
mf_deeponet,lid_driven_cavity_v2,42,0.7008710131251938,0.697174804113607,0.7047478908926369,789761,2545.5936172008514,False,rerun_on_fixed_data
mf_deeponet,poisson_generated_v2,123,0.1029565048068506,0.09197926874540338,0.11459917425408415,594177,338.8991434574127,False,rerun_on_fixed_data
mf_deeponet,poisson_generated_v2,42,0.1029362197276083,0.09200245930318014,0.11507755127726865,594177,328.89909648895264,False,rerun_on_fixed_data
mf_fno_transfer,lid_driven_cavity_generated,123,0.03971971696458541,0.03779375393590163,0.04205945224893961,4740225,562.4967079162598,False,rerun_on_fixed_data
mf_fno_transfer,lid_driven_cavity_generated,42,0.03008066248825455,0.028768407950624023,0.03187926903547876,4740225,1996.1585910320282,False,rerun_on_fixed_data
mf_fno_transfer,lid_driven_cavity_v2,123,0.0061105212548983,0.0058566558420193445,0.006399124759600057,4740225,5479.548749446869,False,rerun_on_fixed_data
mf_fno_transfer,lid_driven_cavity_v2,42,0.006005229166383469,0.005755766066176579,0.0062832950159594225,4740225,19806.24185204506,False,rerun_on_fixed_data
mf_fno_transfer,poisson_generated_v2,123,0.0007264779000116423,0.0006351162275029468,0.0008377251897995381,4740481,707.4249858856201,False,rerun_on_fixed_data
mf_fno_transfer,poisson_generated_v2,42,0.0007572360960105529,0.000653390265728583,0.0008806354314827121,4740481,700.6218993663788,False,rerun_on_fixed_data
mf_fno_transfer_bar,lid_driven_cavity_generated,123,0.04134371589086938,0.03983693145434437,0.04329062664151494,4740225,949.4483811855316,False,rerun_on_fixed_data
mf_fno_transfer_bar,lid_driven_cavity_generated,42,0.02829610128943542,0.02715342006293946,0.029755485937541314,4740225,2003.3938782215118,False,rerun_on_fixed_data
mf_fno_transfer_bar,lid_driven_cavity_v2,123,0.005296084699354752,0.005062837649964168,0.005562319188428892,4740225,9244.45742058754,False,rerun_on_fixed_data
mf_fno_transfer_bar,lid_driven_cavity_v2,42,0.006571764556909484,0.00629999956988456,0.006876599058565933,4740225,5476.5612688064575,False,rerun_on_fixed_data
mf_fno_transfer_bar,poisson_generated_v2,123,0.000725449364655085,0.0006331252924478739,0.0008381463159720094,4740481,791.5178029537201,False,rerun_on_fixed_data
mf_fno_transfer_bar,poisson_generated_v2,42,0.0007582276304589307,0.0006534119377794132,0.0008809956947130938,4740481,810.3197922706604,False,rerun_on_fixed_data
mf_fno_transfer_film,lid_driven_cavity_generated,123,0.02129123423092543,0.020805188247564374,0.021735701319526225,4773441,620.6843621730804,False,rerun_on_fixed_data
mf_fno_transfer_film,lid_driven_cavity_generated,42,0.020346282466619566,0.019346563849259337,0.021436421121082114,4773441,643.5484387874603,False,rerun_on_fixed_data
mf_fno_transfer_film,lid_driven_cavity_v2,123,0.004443017390836044,0.004312655532462832,0.004603084491058119,4773441,10211.382336378098,False,rerun_on_fixed_data
mf_fno_transfer_film,lid_driven_cavity_v2,42,0.9852725101517033,0.9849152089516738,0.9856288563477544,4773441,10183.438529014587,False,rerun_on_fixed_data
mf_fno_transfer_film,poisson_generated_v2,123,0.000414043047114298,0.0003705004114750164,0.00046351524769018776,4774465,1526.719839811325,False,rerun_on_fixed_data
mf_fno_transfer_film,poisson_generated_v2,42,0.00040463368407811203,0.00036051225875513305,0.0004557657326575917,4774465,860.9276950359344,False,rerun_on_fixed_data
mfrnp,lid_driven_cavity_generated,123,0.550051608801243,0.5431932132693915,0.5572615753522077,34094592,2714.2006413936615,False,rerun_on_fixed_data
mfrnp,lid_driven_cavity_generated,42,0.5483175991553575,0.5402617221500856,0.5563475219576279,34094592,2137.156161546707,False,rerun_on_fixed_data
mfrnp,lid_driven_cavity_v2,123,0.5571630793058387,0.5530731921809267,0.5615715875575646,34094592,2482.2201211452484,False,rerun_on_fixed_data
mfrnp,lid_driven_cavity_v2,42,0.5560235231799191,0.5519472840492325,0.5601968577399686,34094592,1616.983295917511,False,rerun_on_fixed_data
mfrnp,poisson_generated_v2,123,0.0666717108973912,0.06404724503977975,0.06950748703187101,2451072,202.4475293159485,False,rerun_on_fixed_data
mfrnp,poisson_generated_v2,42,0.06716303074207577,0.06430782956419848,0.0702929087311348,2451072,353.25898575782776,False,rerun_on_fixed_data
nomad_mf,lid_driven_cavity_generated,123,0.494538463537374,0.48328306573969343,0.5082698598781131,198785,632.7816717624664,False,rerun_on_fixed_data
nomad_mf,lid_driven_cavity_generated,42,0.5090396427409376,0.49863377995125063,0.521820134113044,198785,326.00644993782043,False,rerun_on_fixed_data
nomad_mf,lid_driven_cavity_v2,123,0.20797283884206266,0.19677521033015324,0.21978861826884816,198785,3306.526885986328,False,rerun_on_fixed_data
nomad_mf,lid_driven_cavity_v2,42,0.23733213278959706,0.22734883725280464,0.247406611723472,198785,3247.684197664261,False,rerun_on_fixed_data
nomad_mf,poisson_generated_v2,123,0.005313232296033527,0.005056631164626861,0.005596901108134083,199809,295.3402006626129,False,rerun_on_fixed_data
nomad_mf,poisson_generated_v2,42,0.004783709856557104,0.004550480580066488,0.005038181729500879,199809,278.946670293808,False,rerun_on_fixed_data
film_transfer_lb,sharp__allen_cahn_2d,,0.4755721428832332,0.42645958066341294,0.5238117959268674,4778049,10189.380208015442,False,rerun_on_final_files
film_transfer_lb,ifc_poisson,,0.038415349296917305,0.03320904761639724,0.04420500261272136,4774465,182.47125935554504,False,leaderboard
film_transfer_lb,ext__wave_2d,,0.0656595006778605,0.05417441407019565,0.07995432035144574,4773953,1120.5782496929169,False,leaderboard
film_transfer_lb,sharp__burgers_1d,,0.00010825069560661346,0.00010105201017990098,0.00011601637778574207,448321,773.9088008403778,False,leaderboard
film_transfer_lb,fluid,,0.015340956799316253,0.014430766795832526,0.01632976568221738,4773697,782.8268601894379,False,leaderboard
film_transfer_lb,sharp__porous_medium_1d,,0.00034321959016554276,0.0003128827410334392,0.0003750630074361348,448321,461.0006630420685,False,leaderboard
film_transfer_lb,ext__pressure_poisson_poiseuille,,0.0004773442350028684,0.00030404241428020354,0.0007056303506247311,4773697,705.5575277805328,False,leaderboard
film_transfer_lb,sharp__fisher_kpp_2d,,0.03061453757833132,0.025467739351508034,0.03630078776107116,4785985,10177.344863176346,False,rerun_on_final_files
film_transfer_lb,sharp__euler,,0.06317602848517967,0.057024198964246806,0.06928957833033972,4774977,1648.5487408638,False,leaderboard
film_transfer_lb,sharp__helmholtz_2d,,0.03310898628336048,0.028292051816837326,0.03902611640250315,4773697,5290.99160194397,False,leaderboard
film_transfer_lb,darcy_generated,,0.03216816761222216,0.02746087608269987,0.037425194952969774,4777281,1663.4129161834717,False,leaderboard
film_transfer_lb,ifc_heat,,0.008939311361725093,0.00790224985862045,0.010013866568308459,4773953,199.28231263160706,False,leaderboard
film_transfer_lb,sharp__shallow_water_1d,,0.002229807747211459,0.0012216317749221346,0.0039929570850400385,448321,737.6091814041138,False,leaderboard
film_transfer_lb,sharp__cahn_hilliard,,0.44500199263301965,0.3532458081404837,0.5421620210613524,4778049,6111.334702730179,False,leaderboard
film_transfer_lb,era5,,0.07231217372227801,0.062089657014947626,0.0834614852360274,4776257,5191.288531541824,False,leaderboard
film_transfer_lb,ext__cahn_hilliard_2d,,0.11451735590204924,0.08982139784249361,0.1411785863078242,4773697,710.0234532356262,False,leaderboard
film_transfer_lb,heat_generated,,0.00017230019134162344,0.00015964794280089653,0.0001861779419187762,4773953,879.6036431789398,False,leaderboard
film_transfer_lb,allen_cahn_generated,,0.0002923988352196883,0.00023803211642418277,0.00036207138062702274,448321,539.6740987300873,False,leaderboard
film_transfer_lb,sharp__phase_field_crystal_2d,,0.9030490249142489,0.8760711867677851,0.9289306586914059,4777793,1782.1602025032043,False,rerun_on_final_files
film_transfer_lb,sharp__shallow_water_2d,,0.00391259268724699,0.003266513935105573,0.004701273042728853,4773697,1813.6178901195526,False,leaderboard
film_transfer_lb,ext__eikonal_2d,,0.022705404803331164,0.02019988689276998,0.025505137413752023,4773953,1226.5154359340668,False,leaderboard
film_transfer_lb,lid_driven_cavity_generated,,0.02129123423092543,0.020805188247564374,0.021735701319526225,4773441,620.6843621730804,False,rerun_on_fixed_data
film_transfer_lb,poisson_local,,0.002393314709811306,0.002255317215865649,0.0025410077281808846,4774465,267.1411666870117,False,leaderboard
film_transfer_lb,poisson_generated,,0.0004129535557539341,0.0003698310356580898,0.0004622595496970379,4774465,704.3744583129883,False,leaderboard
film_transfer_lb,sharp__sod_1d,,0.0002159045977878528,0.00020660121534351735,0.00022637468050913545,448577,787.6968154907227,False,leaderboard
film_transfer_lb,sharp__burgers_2d,,0.005332148454651285,0.004908394026240216,0.005789754797265071,4773697,6100.108906507492,False,leaderboard
film_transfer_lb,heat_local,,0.00015069889903450597,0.0001467961363713616,0.00015469447314658572,4773953,4257.04029917717,False,leaderboard
film_transfer_lb,ext__helmholtz_2d,,1.4786750409498117,1.154757950330311,1.9802013456709229,4773953,1323.5308074951172,False,leaderboard
film_transfer_lb,sharp__porous_medium_2d,,0.00046617803066344496,0.0004327038632904718,0.0005039986965396179,4773697,6103.69045996666,False,leaderboard
film_transfer_lb,ext__rayleigh_benard_2d,,9.772326640240239e-05,7.936890162972068e-05,0.00012390292827404626,4773441,1131.4691348075867,False,leaderboard
film_transfer_lb,poisson_generated_v2,,0.00040463368407811203,0.00036051225875513305,0.0004557657326575917,4774465,860.9276950359344,False,rerun_on_fixed_data
film_transfer_lb,lid_driven_cavity_v2,,0.9852725101517033,0.9849152089516738,0.9856288563477544,4773441,10183.438529014587,False,rerun_on_fixed_data
