epoch,train_loss,val_loss
1,0.8956203694253879,0.7593352516790978
2,0.6921899195375114,0.6196760893764353
3,0.5778119197833501,0.5164962245856312
4,0.5110640154923765,0.47828033723329244
5,0.45635046602042867,0.42718857003931415
6,0.4165832352675614,0.405637105081912
7,0.4101695210956107,0.3957862924961817
8,0.3925151080360233,0.38237832333509786
9,0.38163579201623565,0.38102835513894123
10,0.37711937459284983,0.37339125554961966
11,0.3761159126474566,0.36562093666621615
12,0.38008031697482525,0.36923277400490034
13,0.3721477994724501,0.35943640585531267
14,0.38320273319755604,0.43484463107615784
15,0.37638693795682493,0.3506117504939698
16,0.3469999783838804,0.3403819733693785
17,0.3467624788187141,0.33714034585725694
18,0.3317914538809498,0.33271786137332293
19,0.3274575486825925,0.32700846450669424
20,0.3264924228938769,0.31999476519144865
21,0.320169579459582,0.31433953483003124
22,0.3098487829713612,0.34605892984789416
23,0.3346207131599558,0.32214333419512986
24,0.31110916550630313,0.3112362432001826
25,0.3086887403715367,0.29149764455051946
26,0.307951592913242,0.30550175912696914
27,0.31140709876266764,0.29026374101340024
28,0.29898956978582664,0.3061441229399583
29,0.29825357854553153,0.3004170013848403
30,0.3015100000233486,0.3072348884621957
31,0.2803508185293981,0.27884013730481755
32,0.2961120111254689,0.2763635808961433
33,0.26060490034590694,0.2693459133157754
34,0.2397930494109665,0.22558131167912543
35,0.24193284831076953,0.22368099639439643
36,0.24057375455164237,0.24149616387553682
37,0.21199308447890147,0.2522717439441155
38,0.2345252441575161,0.19931665850910626
39,0.20370069575907668,0.2381214788907154
40,0.19094990945908716,0.20638679651389444
41,0.18481654493973174,0.1553965250128194
42,0.1888423037005816,0.15213107401715184
43,0.19630663190328962,0.18780439860539927
44,0.15805473867628642,0.1727145621202942
45,0.15769115417354906,0.12516331687606966
46,0.14953855693714,0.15317927573557785
47,0.17058624341196402,0.14390408137537783
48,0.13632110060195565,0.12298354086347092
49,0.12949474856584423,0.15883733324687882
50,0.15836203476665162,0.13002231664824904
51,0.1323653640791914,0.11837896719612274
52,0.1205368118132917,0.1225905790925026
53,0.1343069929033985,0.13164317458494565
54,0.12914196128568678,0.11386766697380477
55,0.11639984353769535,0.12028957671838297
56,0.11476700755309162,0.12661781933223992
57,0.10970015746766124,0.10934125607772578
58,0.10239865733631726,0.11140452470994533
59,0.10526034665705641,0.10335579563053628
60,0.10528517568186159,0.12152024054138881
61,0.11153585730021276,0.1010371183878497
62,0.10584136507354186,0.10297773574901405
63,0.09686044145807578,0.12538915084567584
64,0.10508021453050984,0.0977078516381725
65,0.10863411038833726,0.11895356971518438
66,0.10493154060037159,0.0921752868514312
67,0.08909685339860408,0.10022660568916708
68,0.09888589618067756,0.09734376340656352
69,0.09238624229419941,0.09419086230055132
70,0.09255074221512367,0.1006317757126084
71,0.10219088533081605,0.09726098542076006
72,0.09098647282601897,0.0862217489303204
73,0.08647986408031098,0.09695722816283242
74,0.09108321541529091,0.10826181592349719
75,0.09104078480255641,0.08647787966823817
76,0.09608885470696003,0.09194887886967576
77,0.08859632159568673,0.1131255587651616
78,0.08755847634192918,0.09345201587766633
79,0.09819148483227787,0.09869343522273209
80,0.07960685931122789,0.09149247734693058
81,0.08142748141083224,0.09195514540549807
82,0.07851246686004172,0.08882018535358266
83,0.09174754426210278,0.08586364597978449
84,0.0946697425973079,0.08619426019060283
85,0.07428146994506304,0.08410915276759251
86,0.07647506911365963,0.08335488211167486
87,0.08008926434203001,0.07273376785349428
88,0.08200375065441041,0.10554518496482294
89,0.08963981308159784,0.08646149711127867
90,0.07836447478648637,0.09611556438126959
91,0.08824048277726368,0.08244371694281585
92,0.07406214201898784,0.08595169391623117
93,0.08265986309903542,0.08036718526878453
94,0.07239286739344133,0.07901477931361449
95,0.0854339203724293,0.08674274704286031
96,0.07813275397571277,0.07811073249294645
97,0.07488266887803063,0.08876875582568926
98,0.08909050069258878,0.09342706444344126
99,0.08600933625593454,0.08181645155401158
100,0.07445979161555864,0.07409589207336717
101,0.07427388179731967,0.08490839542676333
102,0.07642379253635585,0.09034501731321029
103,0.07810484860851473,0.0736682064700545
104,0.08641198957134563,0.07786775731427927
105,0.0776655209428838,0.0851455596380664
106,0.07187514873601053,0.0743579018608968
107,0.0671653577993656,0.0879899470093555
108,0.0789587989472857,0.08121131213013093
109,0.06852401662209191,0.08091663029558378
110,0.07071355767664865,0.08354537131120089
111,0.06804132305062303,0.07834623102332118
112,0.07250292335277815,0.0817241395699948
113,0.08496239307251843,0.0829996970998016
114,0.07017359964339337,0.07550755957314245
115,0.07078268614869132,0.08323279237911516
116,0.0705747077691144,0.08098733520373366
117,0.06837973969063041,0.08248277135510791
118,0.07092474342607032,0.0865875318235622
119,0.06799975649503331,0.08044691053324175
120,0.06914420143283646,0.0802656847955589
121,0.07491895652209704,0.0850985933627401
122,0.06316923926990234,0.08466179088168874
123,0.0771863805976781,0.0806198071940501
124,0.06379403485726787,0.09586797400674127
125,0.06500173020278772,0.09770377159566808
126,0.06702133654660565,0.07985210228235201
127,0.07214464277589583,0.09559607556215803
128,0.06229271160491208,0.09751290682339131
129,0.06593737049396135,0.0775969578770169
130,0.07052484388261754,0.09412953565667447
131,0.0689768734910645,0.09296013237464995
132,0.07444801239944925,0.08279710685026676
133,0.06375246931766641,0.08200863576995998
134,0.054044962945309555,0.09069737954471345
135,0.0722382290282967,0.07835690068421806
136,0.05707867235692691,0.08441984244531259
137,0.06138687570313675,0.07319386925240208
138,0.06499734191591837,0.081034256028651
139,0.06799623869990107,0.07888106357558329
140,0.05273976851967061,0.08207010255570997
141,0.057841709496739516,0.07629182047787167
142,0.05798669481725902,0.07756892235057994
143,0.054619945165318755,0.08626003057362143
144,0.07409244204716622,0.08076931868579454
145,0.06345458301864447,0.08099335198638433
146,0.05390533148588432,0.0899558810699255
147,0.0696319896132221,0.08678133429067775
148,0.060267649824529604,0.08265820548946697
149,0.059018784976304514,0.08256833550326508
150,0.0541791717600673,0.07813725454317298
151,0.05327456068469439,0.09136894332212314
152,0.06357835873167343,0.09229880578834611
153,0.05828291739462685,0.07980565226317049
154,0.061726356316416243,0.08998073454488788
155,0.05033380207737038,0.09041976140704669
156,0.0565840184665212,0.07626697693701674
157,0.06209658294168759,0.07660347856301114
158,0.058994450282340516,0.08375609359869682
159,0.05273277096473685,0.08471473328825227
160,0.054648402692942785,0.09091928084019132
161,0.05496062313828349,0.07667635304661921
162,0.05748411213109112,0.08425459431899819
163,0.07732831998538447,0.077959004742908
164,0.0648896099071144,0.08648948393818132
165,0.07695291177325862,0.09102000469776024
166,0.06196882991488077,0.07779298890802197
167,0.05638647045601498,0.08184433379268885
168,0.047483785796128095,0.08204845708787889
169,0.04757491559911298,0.07878614566230535
170,0.06697555208654613,0.0864424417752371
171,0.06694910844618623,0.07875479391792364
172,0.06015804082996046,0.08230034062139373
173,0.054677955490948636,0.08619672467087146
174,0.05490219308104261,0.0904362442200644
175,0.05579285679799636,0.0775138237945418
176,0.06519999053784672,0.08003667656117514
177,0.056060857206676445,0.0884751429160436
178,0.05256201045406649,0.07647422379942466
179,0.05609673046766778,0.07927767420771129
180,0.0489571167500602,0.08136410155989472
181,0.05315525605573923,0.08349310832662989
182,0.04568499395606286,0.08461274262657739
183,0.0514915965170509,0.09659933366049502
184,0.05196835895924359,0.07849553262903577
185,0.05110647105451288,0.07784653285093475
186,0.04827081233403152,0.08372349180001065
187,0.06037231918926523,0.08500080619166071
188,0.05320125467911783,0.09097287723593843
189,0.055141218660580325,0.07783331912487074
190,0.05046925640031462,0.08054591999167487
191,0.05672026466473143,0.08920693546907048
192,0.047654491326651977,0.07761315086431671
193,0.05030611777520479,0.07847689924981062
194,0.047156138012775434,0.08400595445830122
195,0.05515133385140694,0.0841428675224309
196,0.05132800815948125,0.0768281161262278
197,0.04753815806631384,0.0776738067692085
198,0.052429165831273626,0.08195267251709051
199,0.04804927441160133,0.08543503280719719
200,0.04502056501689002,0.08029443985388093
201,0.04605670142510094,0.08081670187619097
202,0.04280858303545784,0.07978432126959464
203,0.040306028060404855,0.07889201402440107
204,0.042962812027400564,0.0823134859477667
205,0.061654570451163945,0.080140703322744
206,0.0507270565087145,0.08256401465202035
207,0.04297039632139535,0.08036606517949499
208,0.04562464626184825,0.08666880369037017
209,0.049847636044866236,0.09364959730166839
210,0.05028379288119582,0.07708991188229176
211,0.045859586354053135,0.07684190955974703
212,0.04701883338835546,0.08084685799845479
213,0.04317260232278172,0.07757549977541567
214,0.051353594913004334,0.08938801073863692
215,0.045482187587359106,0.07907281674089886
216,0.04478154331445694,0.07742906828646672
217,0.05152083107716985,0.08354322806486211
218,0.04893655227176074,0.10400553353896416
219,0.05377928510915523,0.07870405957214814
220,0.048174470359442,0.08465751983169326
221,0.04621114997561075,0.0942930087521859
222,0.062011868590751786,0.08248629312691533
223,0.04597555068219343,0.07614789884490776
224,0.05042239898658098,0.09138620801662144
225,0.045097964264008694,0.08126061357427061
226,0.04543561245487028,0.08682307558026828
227,0.052722998757534265,0.0952461583908638
228,0.04452618240118961,0.07566500660545546
229,0.04707025644313953,0.08172098765695902
230,0.04163856269517289,0.08031236875176728
231,0.03729205655640569,0.08141688227578811
232,0.052107193183188905,0.08870170108581844
233,0.0409760870926993,0.07767731967127711
234,0.03865294017154595,0.07688778543606736
235,0.0409719504906466,0.07772555235857354
236,0.03926221211221898,0.07541679032613759
237,0.04725515961553609,0.0955542481147257
238,0.041497361428778745,0.07918176564731096
239,0.05002031078252673,0.08249411059725553
240,0.04389293572418742,0.08257379504224113
241,0.05827718385755082,0.08457423782064802
242,0.04740603368577539,0.08143952823148336
243,0.0504206550135321,0.07985355936569677
244,0.04116714192221531,0.08052089485458862
245,0.05134314822973129,0.08095037545028486
246,0.04568246580356714,0.08212809380433314
247,0.03855451053960196,0.08985172975855064
248,0.045423486342998136,0.084271199198295
249,0.04702771256523072,0.07817257537429494
250,0.047871084714477714,0.08224863000680928
251,0.03812982878271128,0.07550738884467528
252,0.039933547821351355,0.08190753553669554
253,0.04014210798850627,0.08635586873630534
254,0.048594549835475634,0.07351068782627135
255,0.04067753682783031,0.08445942301051061
256,0.043310977331710084,0.08529290963981982
257,0.04042998085902029,0.07682071181765773
258,0.04256424275124708,0.07969617722252556
259,0.039633556721632754,0.07956821406096742
260,0.042286135851869765,0.07578532941135249
261,0.03952382523624875,0.08809904014705715
262,0.042466774349302336,0.07795464015918269
263,0.05419616234199754,0.07530802495796281
264,0.040778591224579226,0.08006698615792998
265,0.04410168067274796,0.0950656896060272
266,0.03977243982979496,0.07689107342023299
267,0.046790941767277765,0.07360067965467472
268,0.040135052627343744,0.08363783690042066
269,0.04263938571031564,0.082264093173327
270,0.039374684874073466,0.08265874895236845
271,0.062484677705832034,0.08130283636930294
272,0.04180302274731633,0.08462764184576527
273,0.047901708107196427,0.0760000007306424
274,0.03595296767624942,0.07649237867958265
275,0.03977616456538719,0.08200134443385261
276,0.03815595478660261,0.07558604415720865
277,0.035101365280515724,0.08426484346091
278,0.04293414699293229,0.08950520176113698
279,0.04662777454268222,0.0792159625424777
280,0.05253280820704553,0.0748089275563271
281,0.03497047597384752,0.07521568617799826
282,0.042869710646639796,0.07633506971642487
283,0.03828506668019444,0.08307299990776487
284,0.042656624660503156,0.07809809304045555
285,0.03712931409665036,0.08455831057072283
286,0.038182478596611086,0.07720292938457694
287,0.035243484001828584,0.07624165558800064
288,0.036923582055445374,0.07773398307331822
289,0.038809720053101036,0.08375856123472515
290,0.03740234266627918,0.07980863804133016
291,0.03817688631693771,0.08701341218294058
292,0.04670761704304749,0.08321081019732587
293,0.03770006637214493,0.07864652850424736
294,0.03703052545883065,0.08867278629750536
295,0.05360522034773632,0.1011743673629928
296,0.05629735832397467,0.08374787557095215
297,0.03667803021106974,0.07546612728657878
298,0.03200051891486099,0.07917633546250206
299,0.050065329864761296,0.07780324979533527
300,0.04738764075976928,0.08606673088064767
301,0.042106295827787875,0.08040149676097665
302,0.04769968963155179,0.0800093218758889
303,0.03697798459507455,0.07562523512613206
304,0.04508376125608305,0.07537736336614255
305,0.03501321849497882,0.07995515705125972
306,0.034056410730632494,0.072578163934232
307,0.03199716848919758,0.0765632255969191
308,0.03493144123765368,0.07953450520683948
309,0.03128984670934259,0.07296407545793027
310,0.03447648546538756,0.07667060149716853
311,0.03922416616616578,0.0770361116879566
312,0.036040947752125956,0.08337731465211787
313,0.033628838125114156,0.07717461637536385
314,0.03524877254772336,0.08348615628137325
315,0.041904426141872675,0.07863445128115795
316,0.03260744166878697,0.08842494865333227
317,0.039825881653258045,0.07633715178957559
318,0.03763822076088956,0.08423201106768802
319,0.04710216098538013,0.08302656142858036
320,0.0386736047071723,0.07445948511212691
321,0.05428843266771505,0.08557440799878056
322,0.04455937831706388,0.0890421677838292
323,0.03967170838885546,0.07803659551872645
324,0.04112565588661496,0.09086338794769201
325,0.03649256971072067,0.07367003288932313
326,0.03285618222152178,0.08767912452830408
327,0.0394635721106888,0.07915619363013963
328,0.046141211468971634,0.07794581194942757
329,0.037497951698761,0.07677013643627477
330,0.0339462339737946,0.07604715707980302
331,0.036291471375940736,0.08190057979415831
332,0.03380516983078191,0.08355000234187994
333,0.03380107460397538,0.08100155711099319
334,0.0315060191860767,0.07411783677817586
335,0.05550062462547356,0.08803232473538335
336,0.03971235559184723,0.07842527068497841
337,0.03640777355521264,0.07939742783780086
338,0.036156622412669995,0.07386592006250133
339,0.030814613609758665,0.08278288268355798
340,0.0397251767214376,0.07793898622792467
341,0.034431210669417366,0.09385588529862855
342,0.03345822731505928,0.08351711006391616
343,0.03805070340072847,0.08055484358380015
344,0.02929058840912898,0.07377357782800693
345,0.03373798146423501,0.07921271913108371
346,0.039316676183367226,0.08437784023601609
347,0.03464698949157258,0.07944342927227642
348,0.04145083156031874,0.07872914892614336
349,0.04019868160746875,0.08495174081328519
350,0.03157967771038553,0.07906189215437212
351,0.03288712027865144,0.08033997068802516
352,0.04074570853087969,0.07858430028409887
353,0.03522202838504202,0.08312768950348809
354,0.04255161331645373,0.07406619997849141
355,0.0412306533688475,0.08963814583189207
356,0.03865982879385305,0.08953864373882911
357,0.02984195325208308,0.0733963725598235
358,0.03302547591373464,0.07950272112337868
359,0.035872264248450345,0.0808303330961923
360,0.03458824465314049,0.08233493292017986
361,0.03440404804802987,0.07492919673298236
362,0.04863476606675637,0.08046778026305344
363,0.038313987440076365,0.07558152893730871
364,0.03270485690067928,0.07458777113217757
365,0.04262920122208266,0.08569670188471787
366,0.036310130047106814,0.07946630307755674
367,0.029466633757920847,0.08312256187947471
368,0.04046945547141999,0.07753838501627881
369,0.034345196962917116,0.07940463374431868
370,0.03998938169575597,0.0859002861612124
371,0.03174664685648624,0.07977149030543808
372,0.03921680396486973,0.08020954961914167
373,0.03745387987376754,0.08057541794197302
374,0.036162085305654144,0.08331536425086192
375,0.04340874223873533,0.07464003422878739
376,0.03717610764325973,0.07645037527520555
377,0.03091938606810794,0.07444808917834346
378,0.03748241769365943,0.07506684645226128
379,0.03513526721480872,0.08233774135958281
380,0.035323225732507374,0.07733852324778573
381,0.03377242165626403,0.07600919489648408
382,0.027613395778316317,0.08083311541188032
383,0.0423056832149765,0.07944434166029282
384,0.031946275605116516,0.07767776033857413
385,0.02738047321691969,0.07314295950987584
386,0.02617397396985827,0.07813491569575212
387,0.037027342566128434,0.07918501165427062
388,0.029971912141223685,0.07816323832162939
389,0.028187527283325464,0.07524643750641878
390,0.026562552420323172,0.07151759512965243
391,0.026675150026114758,0.07606208147037596
392,0.026326813592012027,0.07891855838902313
393,0.02890147685677654,0.07445233401125834
394,0.04402634053021016,0.07571079225319072
395,0.02868441527353185,0.07599648202122901
396,0.034776445770151564,0.07973528604833106
397,0.036856311773385,0.08193864847036232
398,0.032029189449679515,0.08140271209311067
399,0.034993424089070774,0.0801275103798785
400,0.03880861338496582,0.08023508483156525
401,0.0286885001828024,0.0775127631791851
402,0.028056853348652024,0.07958236278821353
403,0.0364257942674956,0.08286757347054947
404,0.03301451691546037,0.07695073996644869
405,0.03348878863323071,0.0754896173986576
406,0.02997797254040884,0.07524341406454717
407,0.034112103873145616,0.07587797233932897
408,0.033215868038630414,0.07828882566296068
409,0.031108444398940543,0.075089343732461
410,0.030784398574253607,0.07553595735838539
411,0.036057151573765614,0.08120731157915932
412,0.034508329883311234,0.08477420387859631
413,0.03698005040868136,0.0775280125569879
414,0.026975038330009363,0.0746302174446278
415,0.03249080355941875,0.07899416615266848
416,0.028603062331442924,0.07404898598155282
417,0.03225984642147831,0.07554595538398676
418,0.03065309802589932,0.0762646072042317
419,0.031402889831826604,0.07497614881672655
420,0.03234408722845925,0.0802864459597676
421,0.03565306200129111,0.09041349791494527
422,0.03302568968000083,0.081071482434458
423,0.030231040122927544,0.0786759820685052
424,0.029767173981778673,0.07855451121963654
425,0.04109975577661984,0.08208153370702476
426,0.0364178965352826,0.08085676745738003
427,0.03062219206582416,0.07459610278594464
428,0.031676466083358445,0.07857756172878701
429,0.02992277419585793,0.0789063330319591
430,0.03802097481339703,0.07581755039013717
431,0.034017040122732475,0.07256524602796201
432,0.02771027817107667,0.08275426621723891
433,0.045434088869528336,0.08000370217743971
434,0.036455429950291086,0.07472169324568938
435,0.0387426773874457,0.0871699731190103
436,0.03347623995198725,0.07599636641585439
437,0.029518701393028784,0.07567367962279116
438,0.030976627932914,0.07532590190718945
439,0.02503990308968438,0.07735594862460493
440,0.027306200492671663,0.07585165210833825
441,0.02589550815219042,0.07753966629206387
442,0.026940761209935604,0.07544494080438949
443,0.029151805095538077,0.07685576482001402
444,0.037503653681810745,0.07420858204887625
445,0.03966698048163357,0.08169896420754287
446,0.033127197849806576,0.07227595830172823
447,0.04634653482597823,0.07455489616420932
448,0.04261764340966846,0.09284982434415578
449,0.1461355901997665,0.0976211254048467
450,0.06430015106886905,0.0965753193935356
451,0.05068382635992896,0.07890916225456056
452,0.05097904718454729,0.07933550540890012
453,0.045449639083730016,0.08274325646254652
454,0.03762262155736876,0.07553327176953319
455,0.04151834201850114,0.0768821367569137
456,0.04012145392806926,0.07377714256669644
457,0.04246709749196017,0.07945658119026582
458,0.03224113721365465,0.07732751812403064
459,0.031921663149303774,0.07108602209721591
460,0.033888357104646,0.07926969517741286
461,0.030463773955745756,0.07366333491073217
462,0.03906439491153511,0.0751056338200593
463,0.02978201434133008,0.07725588990408078
464,0.02662994991112092,0.07341299303118747
465,0.029383172178903717,0.07734788201730651
466,0.03270158756722851,0.0745605220621391
467,0.033850107750735686,0.0855465241355406
468,0.04132668480136925,0.07205075184280113
469,0.04172845557332039,0.08328192406579067
470,0.03175183722521631,0.0719522746994083
471,0.036590715566632515,0.07369157670061093
472,0.026963444041280912,0.08214461958423294
473,0.04042911157011986,0.0774293906781309
474,0.029879771464950987,0.07683581431258592
475,0.031453924773255114,0.07295963752613331
476,0.026094597440248,0.0764087618592389
477,0.03182897755298121,0.07690232323674032
478,0.04192122730622097,0.079806636673466
479,0.03034555629993494,0.07549985262908433
480,0.02971208594202248,0.07469045391357632
481,0.02521697855715094,0.07455402778877053
482,0.026042206872686696,0.08661701420046632
483,0.03138312966589083,0.07450694467564274
484,0.030970208469462992,0.07433564462383888
485,0.0437119049910561,0.08027270725720509
486,0.034392954448827756,0.07958428877263439
487,0.030708180541949213,0.07983882581455666
488,0.02785294021838885,0.07376285044845184
489,0.04217600292266349,0.08206565651977271
490,0.03280312325630255,0.07687894661997195
491,0.032471387212085874,0.07269298145197388
492,0.026270042234874072,0.07718110924824736
493,0.030755883438927253,0.0756897952286223
494,0.030994976867796113,0.07524363718982927
495,0.02564118653068722,0.07856151467203197
496,0.03432562717216142,0.07717310900526836
497,0.03560458938810145,0.0817983024438521
498,0.036903198586549134,0.0972731573726599
499,0.03415887058949022,0.06963020038410536
500,0.026788485268580502,0.07774146657465096
501,0.025864680972078752,0.07118033522501924
502,0.02306828863311524,0.07179784690751169
503,0.028308502745852573,0.08281554608491429
504,0.03706216322824499,0.07699087659891386
505,0.03724738610995974,0.07434583864265815
506,0.029169514384062314,0.07748505327486455
507,0.026433817820395795,0.0714417405258444
508,0.0259027808530951,0.07830998312709923
509,0.03115239780875022,0.07605752341430587
510,0.026117575007452862,0.07646049960588752
511,0.03323419232119961,0.0769004562967702
512,0.03317008759581183,0.08628781819552706
513,0.03198930003963481,0.0799899814757787
514,0.032734584308530094,0.08098282015189193
515,0.029553325081880563,0.07455518513096306
516,0.03675954009998928,0.07378427639491576
517,0.02557730002673255,0.07320981383099592
518,0.03139316581399837,0.08069521466965664
519,0.02798992274533432,0.07543267755953591
520,0.026239623814867954,0.07625709627206463
521,0.02513099387054533,0.0745359435490797
522,0.04074819626572738,0.07736733733188539
523,0.0361919959767672,0.08216851680798638
524,0.0337482332470929,0.07834404820861075
525,0.04355040862922758,0.07265413858762063
526,0.030760724739781743,0.07312071272977312
527,0.02700604541011178,0.07352056793102943
528,0.03852243971394895,0.07602317842251077
529,0.028068385632901358,0.07386175210688048
530,0.03517782732517368,0.07596692991884131
531,0.024174487673703778,0.07346374205404654
532,0.02702830922804469,0.07336653016488952
533,0.0370604379692328,0.07183849763003806
534,0.027402092682250242,0.07497565338112656
535,0.02554785663431341,0.07159603926770967
536,0.03242726948661116,0.0809407637531596
537,0.030786782748366597,0.07517099229240776
538,0.026339142142465122,0.0778192120947336
539,0.033093462671886044,0.07656862775335335
540,0.025648832595600603,0.07479974900122573
541,0.026651384343968288,0.07780992073522773
542,0.025742714360449757,0.07594083888190133
543,0.029485419923935937,0.07930506383043184
544,0.026761300114441815,0.07136325386906028
545,0.03422907540767357,0.07547198280804139
546,0.023145589165880016,0.07250471997604634
547,0.04193541478821103,0.07602015281455558
548,0.02283360402692448,0.07339315995910115
549,0.025608895019537604,0.07698376788606022
550,0.027820191956285774,0.07520764970913865
551,0.028272131854977726,0.08058260340140876
552,0.027197153433036282,0.07824409187288213
553,0.04038952358744361,0.08337134147123586
554,0.02595263535045905,0.07601598060146011
555,0.024255424807998454,0.07649875415447063
556,0.030822204034717107,0.07354031660054859
557,0.03375521670081025,0.0818175194145444
558,0.030894243640118633,0.07651167301307048
559,0.02726833816606049,0.07952514488744855
560,0.04548801753821791,0.08155744756224162
561,0.03398388426832644,0.08000158962973378
562,0.029912513327495806,0.0740958756036627
563,0.028202663856006716,0.0721534908303342
564,0.03386212733565453,0.07092729147364919
565,0.02200343521738127,0.07521463138865947
566,0.03189162942683062,0.07065359334972568
567,0.024972291745035253,0.0716623531883223
568,0.03317456053085275,0.09110096840183239
569,0.03229945199710075,0.07419534593372416
570,0.026086884623737917,0.07303422526981597
571,0.033341485855160835,0.07328405136004426
572,0.02240886143335728,0.07207735719387992
573,0.024933372381899424,0.07336591572540446
574,0.022267922347405673,0.07148826734762742
575,0.02279864133081653,0.07366334394852918
576,0.02071871843224035,0.07084828320153076
577,0.023832223567889776,0.07670612775144123
578,0.02609964711795967,0.07153035052363436
579,0.03144488846853983,0.07182941428924862
580,0.03364052647450314,0.07522591171706829
581,0.02427163087765812,0.07561021158121582
582,0.021860048087272897,0.07057799178556093
583,0.02675796778387971,0.07325023515406706
584,0.024541051783905508,0.07285753837354798
585,0.03786812577291529,0.07451003511672032
586,0.025854897682429483,0.0712210828237665
587,0.03209873928241782,0.08148978926932304
588,0.021172389440635528,0.07557800141417592
589,0.02348448654350629,0.07069950328584303
590,0.02358961699758204,0.07405431241842739
591,0.021111205862513905,0.07281910590734099
592,0.026428929346155223,0.07538637903549318
593,0.0400599680817613,0.0759372542749969
594,0.024124583982655247,0.07464254120910975
595,0.02305287546638785,0.07477175782348279
596,0.03362436591994987,0.07912605644243403
597,0.03375298404324578,0.07492917878810026
598,0.027761430453310566,0.07289316352074009
599,0.026399082185986647,0.07549567171430827
600,0.022201204783397033,0.07616195162958968
601,0.0211976830465106,0.07226274814223287
602,0.030909564632186696,0.07309104082055558
603,0.021787798516802653,0.06906750843040925
604,0.02075568559728446,0.07390049947682478
605,0.03760136431521009,0.07772375116670939
606,0.026563012814820746,0.07436310878971167
607,0.02773879279256988,0.07403191451664855
608,0.0245746537972954,0.07701263474043749
609,0.020728924559855536,0.07406197983146012
610,0.02281828445957559,0.07766890268128618
611,0.027797340803712513,0.07654835451814465
612,0.0315572473813187,0.08188945818739128
613,0.025269674271531987,0.07356196494404237
614,0.03902442875350344,0.07406812853980482
615,0.02511749883126876,0.07087499582976625
616,0.020742068867137812,0.07118466380694158
617,0.023157234919669114,0.07497957259192503
618,0.02589252935634885,0.07262126190172401
619,0.035328577806863666,0.0747940297376243
620,0.021835494155887526,0.07620142654219367
621,0.027780155064450536,0.08193533021704595
622,0.02681400728496638,0.08180144621540132
623,0.032456232719473704,0.0802480821360024
624,0.02486241953359876,0.08870223666865724
625,0.03897016604071874,0.07945063463727334
626,0.02538765232344406,0.07429773595772292
627,0.02086321815124313,0.07366891287472613
628,0.02956393390286679,0.07359794471272849
629,0.030195039787496145,0.07281503357684105
630,0.022443204983882022,0.07049116970303662
631,0.02597484623190004,0.07403484322970971
632,0.02616013597031372,0.07112604215330348
633,0.03514243703814322,0.07129791814058944
634,0.03340120091567219,0.07707579579568447
635,0.02751002256936601,0.08008628960390736
636,0.024759478575103334,0.07483663660168349
637,0.026901765554255826,0.07494755572917168
638,0.03236829039281625,0.07676353854568381
639,0.02516468953002583,0.07400619873501603
640,0.024402072005043955,0.07324374209445222
641,0.021490355918540104,0.07285461998673011
642,0.02019753854803531,0.07260514442857943
643,0.02790839826472127,0.07125448889302131
644,0.022561436478153667,0.0767930848220536
645,0.023679119490997918,0.0732720661955071
646,0.02270694499759465,0.07986114245085489
647,0.024546509304997688,0.07502724009946474
648,0.0246319014719194,0.07627650258833901
649,0.02507046148834931,0.07273674905673604
650,0.035185106589128975,0.08669707274302504
651,0.031567167245482204,0.08159029267186808
652,0.04144523026520929,0.07790278025288928
653,0.024761200605141333,0.07582136241714459
654,0.026112950392371062,0.0782275587917868
655,0.027897233633925923,0.07614171092298097
656,0.025046049322360736,0.07585960122427546
657,0.02287687594217006,0.07389825653462183
658,0.025675930742606472,0.0757747140892765
659,0.03412030558437576,0.07206092845825922
660,0.0330457295171426,0.08054292420471522
661,0.02525865018577972,0.07187254187233168
662,0.021389750851359114,0.07342454766793956
663,0.02124481213784143,0.07128610816739854
664,0.019270623523193094,0.0725275209187565
665,0.025559259187371754,0.07122241869979634
666,0.02490301321035829,0.07828188368252345
667,0.024141913239017924,0.07340800427927409
668,0.027995838786600898,0.07724151144126304
669,0.02262215320966834,0.07024157915572475
670,0.029009431460434366,0.07398312221418944
671,0.024559798986186803,0.07587678144151405
672,0.030137100651112844,0.07473283401109222
673,0.027027201345394773,0.0764250551586163
674,0.021390737486903944,0.07787639423644632
675,0.025157630747201676,0.06917831370779745
676,0.04070517537548998,0.08965086477591579
677,0.03162842180264594,0.07169549450987861
678,0.021468581252243827,0.07294119976666338
679,0.022812824719658467,0.07345434203557204
680,0.020328104922250147,0.06977397696416181
681,0.031206694230157005,0.07359501644782256
682,0.03059970369696804,0.07587131514286338
683,0.023458622857274306,0.07692428644662513
684,0.04088901354110914,0.07410703750705361
685,0.030385999300963827,0.07342288852260824
686,0.025028019045774466,0.07141353968614922
687,0.02165776098783487,0.07338378612036095
688,0.019947985455767488,0.07285407560884505
689,0.02169277861737719,0.07409669526089403
690,0.02217946993333045,0.07392657086962745
691,0.0203864051431978,0.07308506076796013
692,0.019441777361457625,0.07100662105439003
693,0.03246662449850744,0.07808390437137513
694,0.033354408350017004,0.0782886250014592
695,0.050806143721069286,0.08151248112358246
696,0.038672888528870936,0.07462704400146815
697,0.02215416244228245,0.0717747275691881
698,0.022459692458934546,0.07263569347093578
699,0.03298620322024374,0.07295964774033778
700,0.020450684893000462,0.07359651573245089
701,0.03269701297497114,0.07458420344313285
702,0.021091509919882196,0.07195135310553667
703,0.0299449347450068,0.07101800016367943
704,0.03108503390395529,0.07316658093143526
705,0.023749732450351446,0.07810142300182715
706,0.024660132889603746,0.0719312011336623
707,0.02217483727208873,0.07349476464708946
708,0.019190102036119816,0.07199769969422716
709,0.025248353751989368,0.07550090284350522
710,0.023386603723452384,0.07265881869129669
711,0.02461103978201887,0.07146413805416055
712,0.030482401534167577,0.07452004350591124
713,0.029817488406519158,0.07509898816359073
714,0.02188581918427563,0.07048355119494268
715,0.021785092659785083,0.07195004955270237
716,0.021872846929350615,0.07567110043345836
717,0.021614035282015425,0.07572778994054125
718,0.02030823592878995,0.0731492984787862
719,0.027751498508229153,0.07431804842518684
720,0.016941066329195207,0.0718199636292338
721,0.029862711042586164,0.07299795166068807
722,0.026766941354239248,0.07151366661963307
723,0.02412896269354327,0.07227069822917308
724,0.019612923696590442,0.07425935807308756
725,0.020727904928048203,0.07377413378323529
726,0.030127859998459353,0.07872710384447175
727,0.023311786248485872,0.06928569597558569
728,0.020475869665512098,0.07110349178538286
729,0.018402543637119118,0.0730540507232635
730,0.02224899951637165,0.07010620824973983
731,0.018727534319212816,0.07218634589274127
732,0.019898717709142585,0.07085036288452029
733,0.02130671767488729,0.07530671048134491
734,0.018382811510123803,0.07261105400876593
735,0.02243725417421249,0.07436380391581017
736,0.025517127952512157,0.07020784178772069
737,0.019939029157208424,0.07481968145173296
738,0.042166680179326135,0.0756578094939839
739,0.01841182839183785,0.07409945591574624
740,0.021422129498099834,0.07498338611278318
741,0.02221388223823335,0.073041807925492
742,0.0254884307392432,0.07589436083434518
743,0.021518294246966562,0.0773162198320666
744,0.02357118698800432,0.07834002071230632
745,0.023521400284500893,0.06943664697925549
746,0.023334196794976635,0.06975490818346354
747,0.022941092373715673,0.07533209270477892
748,0.021070838412474317,0.07609392993880394
749,0.020371091333115737,0.07292370871643077
750,0.018908857277428096,0.07472021584597446
751,0.024075657316136135,0.07513186892023063
752,0.02610413653069529,0.08956742546238695
753,0.02460591353149063,0.0727420463448479
754,0.021091639458385755,0.07041089363713611
755,0.03550877097445222,0.07215813653809684
756,0.020208078106649242,0.06992041338281822
757,0.027193750432899753,0.07099880838304534
758,0.01841810716427045,0.06950651837470836
759,0.016903379751036535,0.07201912868441197
760,0.0540160810031861,0.12100830819821895
761,0.0590423700694567,0.08221036113593214
762,0.026607614407625317,0.0716996269678711
763,0.022554063299513163,0.0727475661233553
764,0.020686605139445736,0.07269084287391868
765,0.028987136987683168,0.07444476832946141
766,0.022705151597300667,0.07309336922969435
767,0.020099946896204007,0.07517930385388229
768,0.02308871261892274,0.07576088583036174
769,0.024601690377748123,0.07842174056627996
770,0.0235121410024764,0.07347707216975682
771,0.021561425418642623,0.07388987352973536
772,0.02492689411958744,0.07117979995962373
773,0.01668747831544719,0.07279102474376373
774,0.024386418924950134,0.08494148560260471
775,0.03039018281948604,0.07506820994585678
776,0.03173539585501049,0.07144329062007125
777,0.027485321985329953,0.07552685076954371
778,0.025846038258935215,0.07503059950836918
779,0.02354732733278252,0.07172924926257074
780,0.025155465378423097,0.0733844071327893
781,0.027678524468059077,0.0753619059509502
782,0.02344314710216649,0.07655953839981466
783,0.0383586172995429,0.07313939363212514
784,0.028890651700358407,0.0766093779476663
785,0.021648900822785956,0.07143165094586543
786,0.034309433241809795,0.0808916305539602
787,0.03259606974719086,0.07500545139002023
788,0.022069882560626468,0.08146665643032332
789,0.023537983166106443,0.07953735276645885
790,0.02218287248970199,0.0702706273635826
791,0.03374603936641381,0.07245734713056631
792,0.020821377985342917,0.0693144580923525
793,0.019917984028875266,0.07241458793107729
794,0.02433556562353825,0.07542315506397333
795,0.021669492907938914,0.07283152146895129
796,0.020794382698390176,0.06946454023508201
797,0.027931181579641414,0.07616006549363746
798,0.02326172535369015,0.07482989145475522
799,0.02021418288233325,0.06846913051112254
800,0.029090797289225,0.08327417028951167
801,0.02811378296639852,0.0747740129218962
802,0.02279946363317929,0.07171810750749177
803,0.018105720791697127,0.07103351550293446
804,0.022478212506092828,0.07263256137009551
805,0.01654332919998042,0.06908372879252397
806,0.016339222529792113,0.0702042695611043
807,0.018877667950051705,0.0740492739959767
808,0.021310755229762356,0.07843117843519774
809,0.036079462588440664,0.0717559118281331
810,0.020846445659368204,0.0706566045606943
811,0.022963665332353226,0.07825216871305815
812,0.03143185613017097,0.08509479263297896
813,0.03987742548802616,0.08111083384295155
814,0.035839473449137516,0.08868135054383361
815,0.03868563937426174,0.07622784829901573
816,0.027566324119517423,0.07542860227868073
817,0.02257645429698838,0.07048839903938442
818,0.029439563060115123,0.07705780475360707
819,0.023360085734939876,0.07823874338303592
820,0.018892401362240876,0.07198678141921983
821,0.029678243916002933,0.07404248209152006
822,0.020826393820135198,0.08095069627340575
823,0.019769859205359203,0.072642277636773
824,0.01827590239926192,0.07211072201418099
825,0.018567081605052126,0.07196048970210522
826,0.01935571532836622,0.07133382685799945
827,0.02036066425432886,0.0752840202143019
828,0.019645065320276166,0.07513820691813801
829,0.025397301362506276,0.07026180723929465
830,0.016827905392945746,0.07089730886214957
831,0.020152390773954063,0.07073951531248283
832,0.021009380079595647,0.07169162454013538
833,0.019736742554086504,0.07444066119223908
834,0.019239158284935085,0.07229965803841301
835,0.02083815576444412,0.07145799584406659
836,0.01878952238486852,0.07412077523861314
837,0.019991212933204577,0.06960608436723699
838,0.026863122215862373,0.06874908038174599
839,0.029546173587207885,0.0770548843500907
840,0.031197994906560382,0.07295707521731393
841,0.027896267487477734,0.07561167333284416
842,0.021844404451782613,0.07345927669141526
843,0.016662455698165775,0.07199149662838843
844,0.018553116233277843,0.0717783935349388
845,0.016470867083597705,0.07049084867451125
846,0.02796250066740386,0.07585041990555019
847,0.01811229511161209,0.07061731888163358
848,0.02077405087556398,0.06924212949915338
849,0.019291243985949266,0.07248298801425704
850,0.020167975972602174,0.07389027268665477
851,0.025051405288419194,0.07116158439177916
852,0.016290916778077154,0.07141974161292676
853,0.02255739651176623,0.07071966420214876
854,0.02010278326684031,0.07570543078551616
855,0.029104249873037995,0.07252487512235355
856,0.01819058615118732,0.06838741134805489
857,0.018976955151997016,0.07710948037473779
858,0.02100041642971921,0.07172712242991704
859,0.01901638986058183,0.0724253763531085
860,0.019843227314678104,0.07504021660203025
861,0.016442912674529426,0.0741183757035057
862,0.01985085597933273,0.07002125695385132
863,0.01794324137947776,0.075750912079835
864,0.018963621818346665,0.0700620738112538
865,0.019425556402314793,0.07056236246549397
866,0.018136276043134048,0.07177726397837016
867,0.0210520797073374,0.07590525024068684
868,0.02730501650432621,0.0774798371588676
869,0.020008137683182676,0.07351781674345634
870,0.026587190088994076,0.07192757309304741
871,0.01991613150857459,0.07170033021678303
872,0.01692872375927188,0.07420464018756584
873,0.02140819182076424,0.07279357222611443
874,0.02383934131014777,0.06848428056652385
875,0.021177242121726367,0.07643567298289229
876,0.021372665601510986,0.07538899917500957
877,0.0240793853449317,0.07513465993759925
878,0.02217020183731583,0.07354304033861424
879,0.017424695433167083,0.07292513045153223
880,0.01802107061735328,0.07419440594681523
881,0.015702086077495056,0.07181612254682938
882,0.020505827399069986,0.07750217017150463
883,0.022221726368306945,0.07690496089165672
884,0.01986349148961911,0.07123062218116936
885,0.016924515982570134,0.07360261555452992
886,0.016163913433828322,0.07412802327172201
887,0.01899963270195506,0.07384384346934489
888,0.01729158035605025,0.06931954342171662
889,0.017452475652799337,0.07255629304432332
890,0.01544109808695634,0.07118836052734452
891,0.02446336393772995,0.07555499460015978
892,0.02305847748553491,0.07846749615026895
893,0.024774780123258084,0.07346293393681223
894,0.02886539997188462,0.07447507331395209
895,0.0184458977948629,0.07073990229451865
896,0.01754372634962902,0.0716631470953014
897,0.01986537603690613,0.07296915204826752
898,0.0335595948755928,0.07474191679168764
899,0.03113152559694825,0.07578881755284499
900,0.024289450266611612,0.08155259551634465
901,0.02180383454856454,0.07587794137927226
902,0.018586915068118177,0.07206781817259346
903,0.036766545549268635,0.09036001828230712
904,0.030231582581833425,0.0695493338736974
905,0.02231602968653915,0.0728026967598382
906,0.033355680396517616,0.08676072725451979
907,0.02170589400986706,0.07472617143676394
908,0.020581080610382146,0.07093853456782817
909,0.01783744418018477,0.07353042949336513
910,0.017550774350715656,0.07283579638428557
911,0.023667575082038077,0.06815952658279796
912,0.019850913989926954,0.07204430363605495
913,0.03496768828306265,0.07197174228223643
914,0.018003017691235558,0.07113340075004071
915,0.01750188871202144,0.07130930944343557
916,0.026951450390338336,0.06912558576218168
917,0.015905351643698717,0.07208783254214098
918,0.015924245691318124,0.07223200144474967
919,0.015228222465860806,0.06766175256486524
920,0.027063844757604188,0.0721220970900734
921,0.01652873392424146,0.07007867986695808
922,0.017709587224785436,0.06968460844498231
923,0.020617013347559963,0.07139343000892409
924,0.01966989123580691,0.07082400484043255
925,0.02457589822526449,0.07769097843415157
926,0.020726307893761647,0.07255434584722184
927,0.022027590151490837,0.07341632908000086
928,0.015869211358803568,0.07580539933347463
929,0.02461673895066435,0.0742702177704725
930,0.020178716571353447,0.07814039013588936
931,0.035765254084709854,0.0728576731188853
932,0.01995174674942015,0.07314387628607881
933,0.01695573846094287,0.07037352103936045
934,0.02372878272565181,0.07415777235700373
935,0.018429410369441988,0.07100993766447057
936,0.015441625843227471,0.08162790187692881
937,0.05263342233053569,0.07932536875394951
938,0.019147690619140584,0.07111247548632753
939,0.02341744726155899,0.0710227046918152
940,0.02081326733935963,0.07264091965175212
941,0.03142708976720941,0.07212180108354803
942,0.019805167903860908,0.0781348858747566
943,0.026829458052018033,0.07178991101215358
944,0.018791230173553792,0.06906061376769441
945,0.020807508192372547,0.07001260567204397
946,0.017697945167091573,0.07112690093075123
947,0.03088243299844123,0.07377994719678
948,0.021782508867334422,0.07550414147457682
949,0.019833667098681756,0.07540487606349147
950,0.019398884625877705,0.07119747721835186
951,0.01798486802726984,0.06996112905050579
952,0.02796276611477417,0.07115860442096428
953,0.024523840574868793,0.08213653196965841
954,0.0199022380033724,0.07107079656500566
955,0.02022469231164007,0.07623887256273351
956,0.02402480067480881,0.07882791582056156
957,0.018772179660822345,0.0740965518512224
958,0.0330949608983945,0.08071401186828923
959,0.019442570877486264,0.06957266896141502
960,0.020934243584314484,0.07444697504578378
961,0.020973098639480558,0.07274525756375831
962,0.02387100663094498,0.068545668831744
963,0.01608682354053827,0.07042529234163146
964,0.01728005411225987,0.07247314221204672
965,0.0179827234599751,0.07162710536915556
966,0.01745990646249822,0.06883472193004493
967,0.015299027105413822,0.07076047637259453
968,0.02522557941747123,0.07424899818081605
969,0.017631849744079817,0.06896713348035526
970,0.017559183662214248,0.0717096832163053
971,0.015193645897843994,0.07150115057788696
972,0.01547056479455442,0.07462721691469203
973,0.01752294531693466,0.06861052376435216
974,0.014043288938934714,0.06976309495238134
975,0.030931041943826086,0.07353015779926066
976,0.018539666627361482,0.07327697005935181
977,0.01387033735907003,0.07226813625647012
978,0.015235012648247627,0.07544380598199696
979,0.014966573250891646,0.06924700977882944
980,0.013187477073185495,0.07103866422758963
981,0.017583900233467918,0.07395990110728376
982,0.024452567801206464,0.073578148594775
983,0.015484499228318283,0.0713935325991241
984,0.019829830037996314,0.07208780662383053
985,0.01745060522424577,0.07574476845058284
986,0.04009791206696938,0.07493520963162109
987,0.02176494714818591,0.06787833253990737
988,0.0137244396548146,0.07093266436928197
989,0.02971401284550985,0.07815790363122944
990,0.024972627502880686,0.07108102862099956
991,0.014941460423778778,0.07419286093168091
992,0.020625207287063792,0.07305186404321427
993,0.01842185526175372,0.07006081117125681
994,0.01658129440416176,0.07198872506842577
995,0.015995514345556777,0.06983059065831933
996,0.017847900141649484,0.07484402350689236
997,0.02007718278579764,0.07752892664425953
998,0.016972862694961337,0.07226084540586424
999,0.01767475209943366,0.07479212565679
1000,0.017783213190757742,0.07279864704250393
1001,0.015599386527153392,0.0736999538981526
1002,0.016593703798669444,0.07385313296153731
1003,0.024664215118767326,0.07113430320394966
1004,0.03814426716709025,0.07949960463327871
1005,0.021305160567771677,0.07324682241469099
1006,0.025303660001500645,0.07481263378135543
1007,0.03535551605833735,0.07266252898706828
1008,0.014608078341358882,0.06899208997499973
1009,0.0160610709210922,0.07067119473950904
1010,0.0163234686274607,0.07207621064475903
1011,0.01482074861896449,0.07171532468762912
1012,0.015420696844104503,0.07271508753000942
1013,0.017942589760223712,0.07223943536891077
1014,0.014554500451375699,0.07334725525146141
1015,0.021695612891807825,0.0716962563737592
1016,0.01652234567615399,0.07764143941172383
1017,0.012838459097806563,0.06948355949462805
1018,0.02092770505754925,0.07328411720151591
1019,0.016263098902650014,0.0715322602811015
1020,0.015037216240289069,0.0720789750342381
1021,0.015163175242027519,0.07447174436092974
1022,0.013029247382217814,0.07187102109492573
1023,0.017114874576933704,0.07839665931642503
1024,0.019716104428315985,0.07390638244779486
1025,0.018829175615595613,0.07224433127800026
1026,0.0157518080088272,0.07293016138605606
1027,0.021690244412744492,0.07423304779487744
1028,0.014945546287727953,0.0703867915130797
1029,0.02763967681384199,0.073763565405419
1030,0.01828731922286805,0.07137050591689303
1031,0.013996121967007,0.07153772611292382
1032,0.013709326411909818,0.07086454303865146
1033,0.02857747620853324,0.073678628917326
1034,0.018086041379311243,0.0742542805490936
1035,0.014148299246559323,0.07378410249201577
1036,0.019039352503269442,0.08099944891412754
1037,0.023972362081365526,0.07198028115177513
1038,0.014327624027374957,0.07228320575596993
1039,0.032412656363928954,0.07600776515060798
1040,0.01955062702158028,0.07238048970475233
1041,0.019568887355279025,0.08089952768389146
1042,0.02173451049002267,0.06953840239678409
1043,0.02554288806633142,0.0748521707447848
1044,0.025707073968055667,0.07119753756992202
1045,0.02181753748006021,0.07702037337280455
1046,0.018993760432849484,0.07349525397657451
1047,0.01644530446855439,0.07522538156811158
1048,0.024985871330300655,0.06921457762556865
1049,0.012169628856604376,0.07444962967457927
1050,0.015925464900590037,0.07547901475563981
1051,0.017522577094176907,0.07101473249588396
1052,0.019850606300217045,0.07526632721412152
1053,0.019261456839156376,0.07365223869942782
1054,0.02250981360066647,0.07668995875911903
1055,0.0232830092100701,0.07367362505884696
1056,0.01774657646129871,0.07223155833127205
1057,0.01765090997876792,0.06976440068997238
1058,0.020188537928448016,0.0719005359257373
1059,0.024744957329290787,0.07243018662720396
1060,0.018051621740608006,0.07345697367773917
1061,0.01672051092580568,0.07303770370127861
1062,0.013365533815982947,0.07362350235158638
1063,0.01191373406194127,0.0714672369728411
1064,0.013515995068002645,0.07240611501504902
1065,0.013365221755771801,0.06880066577429161
1066,0.02126413868699328,0.07253710344844594
1067,0.017316074971821988,0.0750400804188616
1068,0.0204322545038869,0.08903565552823227
1069,0.027569527203526616,0.0808735487231037
1070,0.019354503052922252,0.07164635148861055
1071,0.016444719203844153,0.07240008331256403
1072,0.015026061509540275,0.07048350059074865
1073,0.022144033383799944,0.07102575263283904
1074,0.016304289673960134,0.07640414091205239
1075,0.015621717502494404,0.07017218312225246
1076,0.013860717771989425,0.07569672159831924
1077,0.014747541225559099,0.07321628474427345
1078,0.01701870235996934,0.0736950562337885
1079,0.013726486141288356,0.07178896971812523
1080,0.014535795292907562,0.07214615613520893
1081,0.018569370801779544,0.07530962864408516
1082,0.01839497021536655,0.07188532335268226
1083,0.017596741233219547,0.0705578676366567
1084,0.013420604960555006,0.07051923970007956
1085,0.015962576473184328,0.070026900908702
1086,0.03521205435819387,0.09685766536340977
1087,0.031823912150807515,0.07175995194747634
1088,0.01741302616859211,0.0737486706304371
1089,0.015922059506458176,0.068071833921405
1090,0.018331399683761747,0.07668559243879222
1091,0.015512202828421862,0.07394283395587352
1092,0.015635250734755052,0.06911703419491164
1093,0.020951961876596776,0.07041291123195399
1094,0.015049809376858058,0.07193925143931444
1095,0.026105951304696385,0.07309731714110028
1096,0.028809452954924965,0.07186763164094814
1097,0.014481459353060744,0.07090442399856142
1098,0.031526843354479646,0.07108890218543529
1099,0.015031984163489087,0.06858332315109726
1100,0.016327768716038582,0.07018224530874338
1101,0.01922808697032611,0.06881902036362124
1102,0.022742092308696348,0.07302490888831012
1103,0.02205795806695395,0.07020923573719828
1104,0.016244226780524448,0.07147867619094991
1105,0.016587605124754032,0.07614948688294355
1106,0.016153721243937186,0.0761609447181673
1107,0.019841458928715847,0.07170525167072028
1108,0.01556257300989755,0.06946457332387604
1109,0.016872808982422546,0.06934035259455368
1110,0.013938866269579128,0.07083075962269814
1111,0.01533966533092309,0.07018399401042695
1112,0.014430002796939548,0.07251193014003877
1113,0.013611405252896506,0.06981788581251201
1114,0.015584480624680982,0.0694364797239913
1115,0.01790395005953536,0.06990921433856313
1116,0.014402732063306724,0.06844601528088849
1117,0.010876834240733269,0.06858249692092265
1118,0.030028352543104406,0.06920461834672101
1119,0.0184580009477359,0.07099998113057368
1120,0.019983224576590203,0.07118750443882811
1121,0.017131399275694147,0.07676738468850765
1122,0.021295247707504277,0.07096588482758157
1123,0.018925339952811926,0.07759079064492296
1124,0.015233452399743014,0.07212615844077036
1125,0.012790064420843012,0.07017541637546137
1126,0.01351395206158064,0.07016447459097792
1127,0.012191345421801726,0.07061084514871277
1128,0.012936106027574001,0.07144996193342638
1129,0.015218906060772069,0.07121216178986065
1130,0.022908542293553068,0.07569804251716848
1131,0.02029607361795667,0.07694797333619349
1132,0.01520385822065198,0.0711007169016023
1133,0.01481650741099377,0.0706051082389994
1134,0.014035032431487005,0.07398334911144466
1135,0.01345932637823039,0.06882504022733908
1136,0.016714005409900486,0.07303496209302343
1137,0.017379174849783366,0.07139314869815544
1138,0.02392981301257416,0.0760063882870483
1139,0.0171022328159839,0.07065373048522419
1140,0.02546393468123525,0.07553666632127642
1141,0.015605036694801714,0.07238988617533132
1142,0.017849275258407696,0.0763488435618262
1143,0.01880837276834866,0.07777413206739832
1144,0.023468387654769385,0.15485187599384098
1145,0.05449946266730377,0.07735498552035569
1146,0.015144642553406076,0.07069181165375506
1147,0.017779341925134105,0.07255735373437255
1148,0.032778463726366946,0.07056894340087895
1149,0.015370904903006403,0.07472114205211028
1150,0.013648973488859061,0.06938834848783369
1151,0.014873358952377845,0.06811149651768214
1152,0.02122211034722089,0.07053859147212858
1153,0.021059243195342792,0.07145951363377105
1154,0.011624830077200847,0.07038017218573052
1155,0.012618251582811992,0.07150805870393165
1156,0.02263987359231729,0.07231752893754415
1157,0.01773979587532977,0.07066377343838676
1158,0.011753620795882234,0.07137840073135562
1159,0.017400481732311106,0.0708213097096087
1160,0.025708100263636593,0.07274175706065089
1161,0.013796980314680775,0.07628841264952992
1162,0.012546149397788564,0.0698464819998072
1163,0.010371988823164407,0.0701043510944921
1164,0.020100190747984713,0.0707276407489203
1165,0.012824300256175307,0.07336572710807461
1166,0.013683530691789235,0.07137444831972432
1167,0.014816811422125487,0.07211872261194956
1168,0.016904360623475525,0.0726245146683583
1169,0.01284424551298439,0.06991261393205266
1170,0.011011654896468952,0.06850280700470869
1171,0.012295484723856083,0.07058778733836678
1172,0.014172009487277287,0.07303858397150398
1173,0.014140738545096593,0.07150820431703314
1174,0.014091224284101056,0.06978864450577207
1175,0.016738460682402583,0.0779059727052997
1176,0.026847271371317507,0.10500256896467138
1177,0.04209414992166163,0.08562230225419042
1178,0.024269805432860753,0.07376144975797276
1179,0.019894441875824734,0.07208053481982167
1180,0.02305149356469652,0.06999483519702926
1181,0.016153174315266847,0.07367728904524543
1182,0.014305255299895347,0.06971194255247451
1183,0.014594286615992415,0.07148757500382594
1184,0.012634096632136447,0.07209970182120651
1185,0.021830026498268765,0.07073243851201576
1186,0.023211341800874676,0.07666273683981788
1187,0.01819490355243877,0.07436834296262951
1188,0.034165991913982695,0.07503279558100497
1189,0.017031450910628028,0.07102426739040772
1190,0.013041485001721352,0.06909498968219996
1191,0.037753455486837596,0.07773422737393462
1192,0.02082880839506941,0.07029555039597035
1193,0.013810494015442914,0.06941405442872442
1194,0.011555400922263865,0.07026228768036778
1195,0.017120322098716112,0.07580152148366871
1196,0.022774594433045126,0.07500147373231132
1197,0.01566240503554901,0.07458644364038505
1198,0.03086468733286596,0.07148999207300649
1199,0.01296997923684251,0.07677197902647774
1200,0.023595334459855264,0.07626588011445258
1201,0.014077040629584026,0.06943283211393166
1202,0.016313495429752387,0.06937549784219355
1203,0.013533264378138284,0.06825751208123707
1204,0.011258792464962947,0.07135830462949916
1205,0.011558816137615602,0.06752607403766542
1206,0.016450396534580983,0.07308981429440037
1207,0.013670576680860363,0.06961392867087123
1208,0.016171590813368466,0.07305195328212322
1209,0.02187978674520426,0.07139931045902104
1210,0.01862904403744073,0.06991693371892872
1211,0.011526738068666952,0.07319074277217526
1212,0.02734331361552391,0.06985477983652798
1213,0.014095309607941529,0.06965260831335732
1214,0.012594764205542478,0.07485321472237881
1215,0.015577335771885598,0.07192347094155195
1216,0.014196490924396671,0.07053762523079277
1217,0.02296558690190222,0.07058981148745481
1218,0.024225110751591318,0.07735655662185865
1219,0.024088550977946075,0.07155739713955045
1220,0.019444410937333182,0.07107761494796676
1221,0.0167087345007445,0.07044594426800434
1222,0.01917974304314411,0.07055160709491051
1223,0.017081744198141426,0.07024522919329186
1224,0.022169092334339797,0.07033064055786396
1225,0.019926083282944176,0.07119612627310262
1226,0.01882609588949471,0.07506130038198074
1227,0.016216561904755133,0.0713610662366812
1228,0.012234327917609096,0.06944995326804637
1229,0.01139193582333928,0.06960857691322651
1230,0.024242259871483225,0.07112195835749906
1231,0.021870220007030382,0.07078621538360615
1232,0.01826977944673042,0.07186016406779899
1233,0.019585919873000686,0.07038827098551251
1234,0.022160549934217736,0.07290017068908926
1235,0.01310175275692839,0.07759635574312736
1236,0.013948610452438783,0.07145947092831284
1237,0.011116050090348833,0.07005714425317626
1238,0.011587258740722386,0.07129884880960435
1239,0.03274531056958493,0.07175818184638083
1240,0.013097700595762289,0.07274079464730762
1241,0.0142844388973797,0.06991992737715107
1242,0.014559500042033793,0.07080733677124917
1243,0.011849413605459432,0.07181571145777714
1244,0.012566692414795718,0.07019770399370887
1245,0.022745438997391437,0.07067367156271946
1246,0.01399114579371057,0.07038389689716182
1247,0.01828109329350316,0.07384194254427028
1248,0.019917963031784496,0.0711116633356962
1249,0.011041727775363339,0.06975936361198735
1250,0.015212731628582395,0.07428290002178728
1251,0.01555404075214108,0.07105331589703572
1252,0.010451259574674793,0.0688000502704379
1253,0.026077659397756792,0.07600505158940055
1254,0.017127724959979235,0.07029098612174653
1255,0.018218561277073754,0.07159640031276192
1256,0.019561676428212455,0.07019068244704627
1257,0.01346384946747353,0.0702225128958996
1258,0.01009448338445965,0.07531506771730599
1259,0.012776967920479729,0.07035387189764726
1260,0.013843838494784873,0.07029447663472708
1261,0.013175416437085707,0.06939166644237992
1262,0.011645772577581641,0.06960522346105193
1263,0.03149343133089497,0.07275375047871344
1264,0.01277551460473982,0.06984035521372219
1265,0.013580714329072862,0.07074835720964542
1266,0.018773490177660154,0.07112868707206912
1267,0.01768128024443377,0.071076982619619
1268,0.01251112442276788,0.07022606798057866
1269,0.012563272107824637,0.07006417653689109
1270,0.020117062459288158,0.07065679963892862
1271,0.017846284863366788,0.0714027138805031
1272,0.014760556239576362,0.07261631301695243
1273,0.013452984267104196,0.07077463228899733
1274,0.010864311026345039,0.07056819057479538
1275,0.03448572030822311,0.08513587199730382
1276,0.02978312549674679,0.07126282133106002
1277,0.019500408029668383,0.07129642479401782
1278,0.019514260936213137,0.08499643264483091
1279,0.021758444890449972,0.07029616494749423
1280,0.01212070890786973,0.07114359017526894
1281,0.014102298462745912,0.07129154085440743
1282,0.013723625179648773,0.06896855796040748
1283,0.010800996188039317,0.069472156110264
1284,0.011408638442665058,0.06957852752659853
1285,0.012679546627691921,0.07083508967979808
1286,0.020338370613637014,0.07192610116456087
1287,0.012423572568427245,0.06996882281133107
1288,0.017506458744009648,0.07364507833668463
1289,0.021157770283333373,0.0705621485460671
1290,0.014607418465740441,0.06900638883424583
1291,0.013665349324902397,0.07252770651103858
1292,0.013625551336284342,0.07775579607651048
1293,0.01746383676638237,0.07178802861082823
1294,0.013179229391405948,0.07019246481639102
1295,0.011057989578402155,0.06965439649004686
1296,0.013717855563311367,0.07355884147019016
1297,0.024390196643746385,0.07410946434228342
1298,0.020691074798800356,0.07342695138582908
1299,0.013803649801749234,0.07067516201495527
1300,0.012993210833227747,0.07049745969231565
1301,0.025727717013194644,0.07517304458190922
1302,0.01630983802089964,0.07095912812198314
1303,0.015617024600155488,0.07034876793249507
1304,0.01198572668956365,0.07282885537485133
1305,0.019840865828050155,0.07025808964232753
1306,0.013034559430139939,0.07358166054451376
1307,0.01913916977081553,0.07639860059309722
1308,0.01573328527864244,0.07326065629421917
1309,0.02083801544712255,0.07344531331370051
1310,0.011415926692861374,0.07441398484590359
1311,0.010997729916067145,0.06942138434352732
1312,0.011748359331329788,0.07044418527742376
1313,0.016604637274617872,0.06950912279144564
1314,0.010600706010613135,0.07048389941155163
1315,0.012407909953225183,0.07117460640077304
1316,0.01342280591227885,0.07234390617761396
1317,0.011056762731701229,0.07185966693294377
1318,0.010879852648439079,0.0706113992366277
1319,0.01673720555444216,0.07276138213269394
1320,0.013017314278920616,0.069333842598406
1321,0.012898788378693654,0.07517971806134795
1322,0.011311821049797497,0.07211508977233916
1323,0.011093190837604778,0.06972576817847732
1324,0.02250954533013337,0.0730815882185348
1325,0.01095339291959674,0.07247048050613332
1326,0.013390997272907379,0.0750930537668087
1327,0.011847473202173987,0.07236556111272414
1328,0.029463920870731616,0.09900913198938346
1329,0.028306536814402265,0.07567668879838814
1330,0.016725100165227175,0.07224959564537632
1331,0.024351403882090575,0.06836820052082378
1332,0.009361559379156854,0.06943806852762562
1333,0.011492477473,0.07176081167725393
1334,0.012508519560238785,0.06924558150813095
1335,0.011025882060391403,0.06901344354439498
1336,0.0125819970751444,0.07085618841692917
1337,0.016269212550714285,0.07355016602534697
1338,0.012749634759039341,0.07085560523627098
1339,0.016412063957218278,0.06851153755397127
1340,0.013046250277166736,0.06945222095215231
1341,0.01094549661940168,0.07409664508618209
1342,0.012921327164507584,0.07271225175313782
1343,0.01456271764474883,0.07029174492323309
1344,0.01214122744919411,0.07139145314021218
1345,0.017843558651549875,0.07214338606909702
1346,0.012457531561555346,0.07018151192139264
1347,0.011851377542886801,0.07077836583282117
1348,0.012640826190970721,0.07064219567934074
1349,0.013161123047077731,0.07368188159059462
1350,0.012253297022821201,0.07217044164811758
1351,0.010987064731088365,0.07084254533948756
1352,0.013035905553279065,0.0714495251874876
1353,0.01624325189307379,0.0720723190328531
1354,0.009813471323574038,0.06955852296044653
1355,0.01192612705466142,0.07717061782241764
1356,0.014978183669893532,0.07319408784011253
1357,0.011745055407565963,0.075494162570265
1358,0.015173152048245866,0.07841105492118008
1359,0.021816398323656623,0.07222076509157219
1360,0.011535030039360157,0.07420962602647026
1361,0.01260768787404026,0.0730505138448904
1362,0.01922712822774641,0.07303901582508159
1363,0.013047551838418346,0.07013329805661563
1364,0.013148378402718743,0.07102319482424505
1365,0.01621867290064459,0.07351419368856832
1366,0.024702380729553094,0.0704579318227027
1367,0.014430390840226954,0.07288317376733723
1368,0.013484419924922312,0.07349905872105955
1369,0.014625277907403658,0.07013267360833056
1370,0.018184651086416363,0.0727289352089839
1371,0.011993370634915313,0.06882639210624504
1372,0.01103259492548749,0.07007600615421931
1373,0.010147133815835076,0.07251066628628805
1374,0.012257018587829365,0.06830543290851708
1375,0.011572629338871909,0.07047999286113825
1376,0.0112087047574195,0.07200682941908226
1377,0.015269993664258887,0.07346907056363902
1378,0.015610561907571685,0.07730815044247118
1379,0.019136907258377554,0.07305972283720073
1380,0.016318519643528335,0.07040180898922727
1381,0.010060065300393628,0.07030289655640012
1382,0.02193418165616294,0.07041530339117337
1383,0.01277562864650286,0.06995338505894917
1384,0.009931177280399493,0.07240746525071916
1385,0.013778688882398755,0.07059691273105473
1386,0.013121782724678423,0.06882262416650776
1387,0.009375223484135534,0.07148546329641103
1388,0.01272437796522177,0.07270028061212454
1389,0.010496421512741841,0.07133119865168903
1390,0.01642544709181057,0.07072831380337402
1391,0.01653115045524503,0.07403506290046195
1392,0.012285842294556594,0.06997676800591007
1393,0.009480812110964408,0.0744459851642599
1394,0.01100142969571778,0.07117922654501478
1395,0.011561397492278332,0.07313260652666402
1396,0.015204677253167457,0.07569972444372368
1397,0.012333176834479582,0.06941241307889011
1398,0.008980078206669108,0.06873453341256407
1399,0.010384857245840623,0.068416251910659
1400,0.00989861995986076,0.0728240546427275
1401,0.015061228556505938,0.07686559874611092
1402,0.017734396169224877,0.0736419462545175
1403,0.011994688365853693,0.07114611872306145
1404,0.012021726499483876,0.07277706086187434
1405,0.011303481764122143,0.07051900850800344
1406,0.01810673766749032,0.0785351995201338
1407,0.01045278612477559,0.07149263150187064
1408,0.013131354535494853,0.07485020717134452
1409,0.023172181496706128,0.07066380520138824
1410,0.01825615332015209,0.07122379933532916
1411,0.01324988449675536,0.07110984666380368
1412,0.01545699125850649,0.07146272341485012
1413,0.014497573618838406,0.07201581235442843
1414,0.04241269697846851,0.08376084471630273
1415,0.01808500714121287,0.0714738858971082
1416,0.012046489477753173,0.06902457099585306
1417,0.020100781842949434,0.06914555886410233
1418,0.011418468607910749,0.07249487777775093
1419,0.013863074527557086,0.07020778532016247
1420,0.01391977214525953,0.06878509755272016
1421,0.01851620665258001,0.07474297550238464
1422,0.021809414975041505,0.08337811559886861
1423,0.019192528960566536,0.06951496542844557
1424,0.01706952092217334,0.07257375320919175
1425,0.010951213967814155,0.07094209338713409
1426,0.010159731127298365,0.0714979626630482
1427,0.01209634660997174,0.07283300069863335
1428,0.011278375443129518,0.07454474970586318
1429,0.020782229096444796,0.07360877612031493
1430,0.019092558961957225,0.09047240649996545
1431,0.021363627600562422,0.07305463117764409
1432,0.020131473946253708,0.07075403457073341
1433,0.010149730131508881,0.07082897144600861
1434,0.007829972066942801,0.06947970804863406
1435,0.009325900420161157,0.07052986531105257
1436,0.010971006597202492,0.07254472731572942
1437,0.011932937562652516,0.06895233406907036
1438,0.010754454845918757,0.07676904964118374
1439,0.011652684392448409,0.07010724091141445
1440,0.0182882611549293,0.07471934659289836
1441,0.012387214559874845,0.07204540667677284
1442,0.012784073269432615,0.07573344883389939
1443,0.03101825206409147,0.07795586246520952
1444,0.013522156820775573,0.07031150953960896
1445,0.010651911153431783,0.06832168157910344
1446,0.02448851106612473,0.078311129937644
1447,0.017319945910460897,0.07173591503000498
1448,0.008844666121685206,0.06953884945029304
1449,0.010333351896007233,0.07488040672731877
1450,0.00900343251137244,0.071900710482197
1451,0.012293079173116474,0.07093018932001931
1452,0.01682893385917976,0.07812458258075523
1453,0.015919241052833284,0.07589428007303921
1454,0.03361071400099133,0.07446469792297908
1455,0.014599238922323178,0.07088297657799303
1456,0.009019957899136417,0.0721790153990712
1457,0.008083132013888755,0.07230873054878455
1458,0.01719495485212689,0.07030229922150609
1459,0.009751562015985527,0.07005743463908819
1460,0.04587269621699768,0.088228991269169
1461,0.021668073417601352,0.07385746761222829
1462,0.012858279485862737,0.07259685904683924
1463,0.016861949297000994,0.07374026734652675
1464,0.011865231494614884,0.07123483635279768
1465,0.0112862194330668,0.0687857907368127
1466,0.015205680629162579,0.07343373936892751
1467,0.013435065941914308,0.07144349863878767
1468,0.010831525943425943,0.0692539145623831
1469,0.009234504310011302,0.0715545511111281
1470,0.008373233136431924,0.06991375316130488
1471,0.009805457070936977,0.07335482838383892
1472,0.010943975282079748,0.07331644011694088
1473,0.011318912571967583,0.07248784177808236
1474,0.009415670141846315,0.0699080053091348
1475,0.012012090758773786,0.07087115668936779
1476,0.011944352091526536,0.07125779101274964
1477,0.01952820023971385,0.07532257655808203
1478,0.012030313994303392,0.07404518739920213
1479,0.009025280448523436,0.0710474309467134
1480,0.009729361249174817,0.06872183893034632
1481,0.013476266925658177,0.07169357018736669
1482,0.010524683465544707,0.07296331885987356
1483,0.008032051793833886,0.06858852572907183
1484,0.013210811745667345,0.07109737037716055
1485,0.010968156088855947,0.0714070632829702
1486,0.012823076545024367,0.07580655815084476
1487,0.014674255020075645,0.07354360499552318
1488,0.009716303327170472,0.07253389051160716
1489,0.01577264976725683,0.0846435633070188
1490,0.027066673587155192,0.0721065556644497
1491,0.009853582582538685,0.06945807333652836
1492,0.014164989198146382,0.07108301837417416
1493,0.012079893243513698,0.07040960644196748
1494,0.025285889490925032,0.07237484530174643
1495,0.010405259005445111,0.07132133708935334
1496,0.01679307334475383,0.07421113175332994
1497,0.009486923000095033,0.0751095223135518
1498,0.023629376466231287,0.07226585208398656
1499,0.010029247070029144,0.07081349815865208
1500,0.007877027932671263,0.0697027084447985
1501,0.007833556686659405,0.07035292333976965
1502,0.01371919182727703,0.07106760136764449
1503,0.010010174985064142,0.07254054787613097
1504,0.008446976037398215,0.07195057126140236
1505,0.009370636773006669,0.06855357875277225
1506,0.010178639636693236,0.07069205869932223
1507,0.010016393091611354,0.0688799956538026
1508,0.014454342162113953,0.07142567854925505
1509,0.022878238563440435,0.09071190257493715
1510,0.022289001458794533,0.07155171201043858
1511,0.011946921144848613,0.06952337358604398
1512,0.010036055054106869,0.07155726540058777
1513,0.040179389257416084,0.11099984620074581
1514,0.0350598594156272,0.07657547205462492
1515,0.017756874112523274,0.0705421701409763
1516,0.009148932333603548,0.07200725137589868
1517,0.009889940261186852,0.07186880278258694
1518,0.010081679919343384,0.0690436171820588
1519,0.010896106298755983,0.06996951584603853
1520,0.012431825674649876,0.07101857656598988
1521,0.013315126880839887,0.07054905488825682
1522,0.020783756634798544,0.06985907687952644
1523,0.016834516418356225,0.07147784075492009
1524,0.011952894150066338,0.06899823810447726
1525,0.012414793589015179,0.06962534015937556
1526,0.010076273686681701,0.07095002341912802
1527,0.01960362714414593,0.07348414099679555
1528,0.016110668633261632,0.07639433471555997
1529,0.014772485494963988,0.07210826067099894
1530,0.0210046836840672,0.07072529230350838
1531,0.022275751482893867,0.0705576660975179
1532,0.014255803014183867,0.07175438094856147
1533,0.0107630011873746,0.06849950710708336
1534,0.017558805653270695,0.07017320194713454
1535,0.009374359180292459,0.07170947997791127
1536,0.01139771847819273,0.07325686981205952
1537,0.009716079827269604,0.06823265337779708
1538,0.008945542193517135,0.06878786666650222
1539,0.011733346072764233,0.07511674362540544
1540,0.010380199246201956,0.0712362219367111
1541,0.01132564774793237,0.07021019299675647
1542,0.00945651771202917,0.07271867962484073
1543,0.010322718860634069,0.07053529474893608
1544,0.01113316438928667,0.07597532631236509
1545,0.010770243831959824,0.0704439983966954
1546,0.011653315705074973,0.07133737753581881
1547,0.013334637615818028,0.06906739728791374
1548,0.009505716485312926,0.07259899095858548
1549,0.012212867048630333,0.07183785603981568
1550,0.00996410582202916,0.0714704529160545
1551,0.011861876745162338,0.07049427668851121
1552,0.008913667697377713,0.07113445109517354
1553,0.012590948873284187,0.07102315527454653
1554,0.00783573154383412,0.07091154778063447
1555,0.016882018200749513,0.08766431510821919
1556,0.019167078685213966,0.07393679835070345
1557,0.014550500184437699,0.0748117678334241
1558,0.01188267502630112,0.07123342768889024
1559,0.01921339640773389,0.07570884578434148
1560,0.012053570771432221,0.06936640296140709
1561,0.012737479142634473,0.08496908120867006
1562,0.018509279413960383,0.07273395837548383
1563,0.019604329113209137,0.07475286096633228
1564,0.013773444740738147,0.07320551006566911
1565,0.008689605157974185,0.0706879948650984
1566,0.012183685375371697,0.07318630248756337
1567,0.013086831614632031,0.07222316223651842
1568,0.00787364752805532,0.06985093698017579
1569,0.007173575352889056,0.07089623420459584
1570,0.011302894442619576,0.0706062187863173
1571,0.012060310834650896,0.07151852264290764
1572,0.011063914808815457,0.07045154815030875
1573,0.00947556319737042,0.0720195073008836
1574,0.008723860048925428,0.0707440496349992
1575,0.007850037318388684,0.07151676096339572
1576,0.017943518855214866,0.07437028390423098
1577,0.01039439072791592,0.07115292110314644
1578,0.008166543902905197,0.07045801603853852
1579,0.009381244893311333,0.07239453373173424
1580,0.010138264466018699,0.07435694749567442
1581,0.014477576978714862,0.07493159938650322
1582,0.013704801632272412,0.07203838811781173
1583,0.013641285733392806,0.07301782850260125
1584,0.014697995632419766,0.08375429360191326
1585,0.013048123413562587,0.07445704139638365
1586,0.014689448736257688,0.07185177572239611
1587,0.007943830560881143,0.07168296194240861
1588,0.007518674338931294,0.07242957612775024
1589,0.013047945700282214,0.07034670440176674
1590,0.012328685964910215,0.07343644906479613
1591,0.008107625204941323,0.06970325080598506
1592,0.012107745306361993,0.07371340432486738
1593,0.009825429467478516,0.0703120614614403
1594,0.014181435668730064,0.11991590507944724
1595,0.04794077407043182,0.08258148652494401
1596,0.017155627702540924,0.07102489099840174
1597,0.01566415359806211,0.07710026482815731
1598,0.022042204056600793,0.07218399660703831
1599,0.009448153433918392,0.07132840421713683
1600,0.011081849268658035,0.06978114369444381
1601,0.015285026803203977,0.06949378936586523
1602,0.011734641154171157,0.07331990321776025
1603,0.01143659499757062,0.07424505721581609
1604,0.012623632738372562,0.07073976521503955
1605,0.007845713263581912,0.07094779674122507
1606,0.014003093208428647,0.07212795167787929
1607,0.010981350489030811,0.07296981272243318
1608,0.013792951633645729,0.07479479305800937
1609,0.009225377541467501,0.0722984508202787
1610,0.016425163660280195,0.0748463106670774
1611,0.010244502885950304,0.06974497299295918
1612,0.007985464685529377,0.0704440501212775
1613,0.007735318016716305,0.07046719573270109
1614,0.01957189266607866,0.07571000385478624
1615,0.009237704696396488,0.0690486565941856
1616,0.00987065270788337,0.07252808144890276
1617,0.011442878861622563,0.07111413044887677
1618,0.008211929244529398,0.0783785186651954
1619,0.007602630006470557,0.07470112176317918
1620,0.007260738131896736,0.07193139703351453
1621,0.00876086120724351,0.07114762170497038
1622,0.010316176135618485,0.07021574362328178
1623,0.007914623968174746,0.07184535629094992
1624,0.008154387321603429,0.0702873841114809
1625,0.010406146802557019,0.07114531667459578
1626,0.008069861956162607,0.07179490374144457
1627,0.014578559275331169,0.07362826443032215
1628,0.007393223121119985,0.06971555427276999
1629,0.006902446579129719,0.0755252664287885
1630,0.009293178694912446,0.08593871472473431
1631,0.020813815365764415,0.07449401289523395
1632,0.014161095691722202,0.07343743816204835
1633,0.012443463322429167,0.06956663630660016
1634,0.008053613838310526,0.07224804764254052
1635,0.009054332495693316,0.07157367458543681
1636,0.018350268530201014,0.06984516494629676
1637,0.007636898500862353,0.0717599277284211
1638,0.006328066505877109,0.07030858401965379
1639,0.0058589719066565685,0.07169028909358763
1640,0.016905668638296262,0.0722398095785227
1641,0.013470473181059275,0.07182769208474267
1642,0.007855724251382402,0.07244471525936796
1643,0.014099082220520906,0.07492162500108991
1644,0.013364749321229406,0.06970132319700151
1645,0.006947250844075762,0.0712504809848348
1646,0.010942629847944156,0.07162512799626902
1647,0.013516690736770818,0.07621545191471439
1648,0.017701381613094605,0.0792469305166027
1649,0.025668319332235286,0.0737941724091843
1650,0.010140528934526032,0.07405221693796621
1651,0.02831350045050947,0.0712383199940648
1652,0.013687127255206944,0.07110312526910227
1653,0.008674229112771985,0.07176876021432399
1654,0.008224230138497386,0.07569175590772677
1655,0.00941774679850028,0.07106489421132214
1656,0.009248963069626156,0.07814987233482805
1657,0.008934698631070251,0.07297239366704061
1658,0.019470252540417975,0.07427091773291279
1659,0.007900637577413392,0.07331767827645878
1660,0.019109652304677382,0.07624425178855881
1661,0.023359653250924473,0.07899057557036106
1662,0.011369251043223382,0.07164082991748226
1663,0.01704118941796704,0.07322393809643604
1664,0.015466632809034523,0.07078999846725535
1665,0.011560644414334275,0.07210802075856909
1666,0.010757316931568343,0.07168210731039669
1667,0.007092326008028652,0.07013443181463949
1668,0.007288195486224277,0.07163424605041518
1669,0.021680803770976007,0.07829728954119192
1670,0.011464869507170957,0.072913725928107
1671,0.011056374005249302,0.07145620841430243
1672,0.007496755854825147,0.07164860148925829
1673,0.014725972077923135,0.0733611293342478
1674,0.009778380599807143,0.07511641947846663
1675,0.006703633180057461,0.07086724253898874
1676,0.006616521892385984,0.07031270211800597
1677,0.008761921227503813,0.07190297331128802
1678,0.005666391211664041,0.07039230996579454
1679,0.009638850526084253,0.07062975690702449
1680,0.008088273952385195,0.07208974517527081
1681,0.011671183692133725,0.08061487057752777
1682,0.013333753428675911,0.07469926716615084
1683,0.010259856478687738,0.07238654551425375
1684,0.014241694332593847,0.07358969548217635
1685,0.006952992732400151,0.0723776272626449
1686,0.007422770450890158,0.0711356899455974
1687,0.008754297336242322,0.0722951896694071
1688,0.00830027148226819,0.07080055405397463
1689,0.00940038978930878,0.07662357098626014
1690,0.006807506528207127,0.07285290032177043
1691,0.006937588080413476,0.07110874644272908
1692,0.012322261885719426,0.0715009694111377
1693,0.008540206455967175,0.06989861533680655
1694,0.007474114096557085,0.0705702700897267
1695,0.007336929923676678,0.07152351826653444
1696,0.008867708323844549,0.07865617835058604
1697,0.01873682904404626,0.07624197473053944
1698,0.02658021260274802,0.07534821436070559
1699,0.01086293538553541,0.071824994059583
1700,0.007800185063205729,0.0693124100789988
1701,0.011847850256438914,0.07015534324156013
1702,0.006579774391011197,0.07190202986984923
1703,0.015118835276419,0.0758413323446324
1704,0.008554268031319761,0.07207043498829194
1705,0.04095309255732264,0.08201482559654646
1706,0.014072460288818353,0.07264743678103712
1707,0.008282856761731884,0.07308847955743172
1708,0.01359259117056023,0.06943542336610924
1709,0.01151384223766368,0.07147726784448576
1710,0.010043197756685714,0.07368051331667673
1711,0.00899260321801359,0.07214629056310295
1712,0.008970016342088534,0.07198343816257659
1713,0.012381288382081683,0.07122548960877541
1714,0.007964324470329154,0.07278029127676684
1715,0.013615857868172158,0.07284865048445556
1716,0.007699251863930293,0.07146753479066051
1717,0.010586881548820244,0.07304596195095464
1718,0.009078272149772573,0.07297531351036296
1719,0.007372848818014408,0.07184231139364697
1720,0.007533762621515223,0.07258554211908713
1721,0.012786209040254261,0.07009687041280263
1722,0.008622241051733306,0.07416085094064101
1723,0.008513613367529125,0.07080825810369692
1724,0.016671957924004447,0.0751216708493412
1725,0.008469770923782385,0.0717697733999195
1726,0.00673374191925023,0.06991428844537352
1727,0.007336787910121829,0.0728383611206124
1728,0.007238009778146273,0.07058480486535189
1729,0.007275824500744152,0.06971461688142672
1730,0.009643879761411385,0.07053328318554059
1731,0.012326253589744852,0.08060025227697272
1732,0.011858507088709587,0.07229022562205044
1733,0.00880452416264992,0.07792900106811285
1734,0.013299824541498875,0.07075120714075285
1735,0.006284741074617566,0.06852235047515472
1736,0.015996947994041125,0.07002119529516176
1737,0.007620583011018445,0.06921769194958503
1738,0.0063571284691508285,0.06972236094767587
1739,0.007886072779862578,0.07065558050733461
1740,0.01622658648869741,0.0713691189138214
1741,0.009395466113118542,0.07411670316953707
1742,0.008589296560839612,0.06949430102841896
1743,0.014780463999703666,0.0705286940760481
1744,0.006506078591903082,0.07153127002611495
1745,0.0068870541846910984,0.07050444585338869
1746,0.007211931514025295,0.07226214317002691
1747,0.013624540938876079,0.07428277119583354
1748,0.008867769665595692,0.07183368083901871
1749,0.007137094240425429,0.06964867408935886
1750,0.00616058212672842,0.06932458640041209
1751,0.00858331547588764,0.07427774132567838
1752,0.009702517328416012,0.07483063359980595
1753,0.006985769388163725,0.06915620230791862
1754,0.008774991174955447,0.07105032630955666
1755,0.01641386211630786,0.07418823387837947
1756,0.010593935387460136,0.07055182047281648
1757,0.00880839034249323,0.07254338436258168
1758,0.006472313478822618,0.07064002418054972
1759,0.0056581061733390284,0.07051386745800649
1760,0.0055820753879634935,0.06979238899205263
1761,0.0061488602059341525,0.07247074198603332
1762,0.005828457436346242,0.07151923985932405
1763,0.006699761609345394,0.07134680883179333
1764,0.006319524120352579,0.0732338588152613
1765,0.007554203387186351,0.06985142961480564
1766,0.007443717829766318,0.0721739170732056
1767,0.00617593031691907,0.0730072501906775
1768,0.007483630298073389,0.07446092897489257
1769,0.009306793863123114,0.07536148300445766
1770,0.012287468458219288,0.07240857460295647
1771,0.01686140528783716,0.07212488114236291
1772,0.007458827922523582,0.07209389865921255
1773,0.007756127238705708,0.071356234451135
1774,0.010965480620981571,0.07491001328056618
1775,0.008360908343383698,0.07247259365137956
1776,0.007775237106464126,0.07329804194451574
1777,0.005667814467435113,0.0714713402260515
1778,0.006241366194216622,0.0768656764076766
1779,0.010534334930716824,0.07325005826346558
1780,0.006285820135899285,0.07042518271165982
1781,0.00660642351791683,0.07026996928498261
1782,0.0054647987971204945,0.07136093242500062
1783,0.006100616614891911,0.0705510739022329
1784,0.006403268104693546,0.07303346932531897
1785,0.005576350371467189,0.0711097930345619
1786,0.011235686384001308,0.07294041915495593
1787,0.005788722313461726,0.07208348166449625
1788,0.006678816401122319,0.0710698020151982
1789,0.007394084911267959,0.07410914499434014
1790,0.00746766234336415,0.07137431678616613
1791,0.011057303392191105,0.07143278679528033
1792,0.013702260483593496,0.07137899664709144
1793,0.007275769995017486,0.07239687332608048
1794,0.006544449570994579,0.07215968553060875
1795,0.006009801206263629,0.07191329817275953
1796,0.005667336566846666,0.07211811653802867
1797,0.0059392334817438665,0.073759347107028
1798,0.01619933532159717,0.07108668684212487
1799,0.016475598176001194,0.07041300009740026
1800,0.007528495335466809,0.07020232027261179
1801,0.007130119983153564,0.07160414006551705
1802,0.007656595617865554,0.07267041336324878
1803,0.006940266520345473,0.07081797677920874
1804,0.006423833639854361,0.07171272430428885
1805,0.005838098192768504,0.0694730963959431
1806,0.012830904381332166,0.0717986811858072
1807,0.00533091634231675,0.07167095181189086
1808,0.008912484098786377,0.07455238910919443
1809,0.006376383748769666,0.06884547332325078
1810,0.0061413685945928284,0.07054910323300158
1811,0.006460609880851167,0.07238413188092989
1812,0.01602680274930587,0.07414833108957548
1813,0.01579369198776151,0.07463483264048894
1814,0.007760677077927186,0.07284916696467794
1815,0.005906628897314348,0.0754901574443755
1816,0.006618067607587221,0.07495004528745972
1817,0.006091648619330041,0.07147438629976191
1818,0.005564406663062617,0.07223730138444662
1819,0.005354203556030755,0.07226882613541787
1820,0.007513776789404756,0.07729409928235195
1821,0.007892579278181712,0.07278215466884144
1822,0.005885824216617312,0.07220598220601118
1823,0.005871475071333886,0.07171891855640818
1824,0.005674260210094034,0.07330809206816188
1825,0.008790541015460293,0.07136076780264838
1826,0.007785143384704115,0.07031809402288948
1827,0.006577596459596134,0.07040429873424664
1828,0.005787102269084663,0.07514835121040057
1829,0.0048936151908155895,0.06945313212641499
1830,0.007661094842332658,0.0717860464015999
1831,0.00552658641091942,0.07336383363358061
1832,0.010983972868598927,0.07288260507703126
1833,0.007555503199653566,0.07110344992021571
1834,0.009033591562420784,0.07110120292594259
1835,0.014017794695814201,0.07099680611887074
1836,0.014909179485621964,0.07263204179013283
1837,0.006911961941287902,0.07123372259370067
1838,0.008140971616996586,0.07179939321109227
1839,0.009530699877564717,0.0692251172094118
1840,0.007037769422098574,0.07530661450143446
1841,0.011774170841601294,0.07149715969959895
1842,0.005723459641726506,0.0690840970080598
1843,0.007635942542032108,0.07187715352029729
1844,0.005377576130275909,0.0724156369690907
1845,0.005770496704373334,0.07147798085944694
1846,0.005821309814398939,0.0736529777634114
1847,0.006736164570999183,0.07101662040578392
1848,0.006136610920082626,0.07171060273745902
1849,0.006530962592475467,0.0704428177317581
1850,0.006444362946858974,0.07354409128128735
1851,0.0066501974787995174,0.07142109351050585
1852,0.006150796464250239,0.07285926799128827
1853,0.005157454539277243,0.07047001509588763
1854,0.006288542304199691,0.07252070354414464
1855,0.01678829954872871,0.07356174878383938
1856,0.007699072807676927,0.06995453943211333
1857,0.006387990814718333,0.07229211846165788
1858,0.005736323998989917,0.06912731089836971
1859,0.005081527038743036,0.07301434999644607
1860,0.00518970075574321,0.07205988860742789
1861,0.00586122723418904,0.07288735203052822
1862,0.00558903136620514,0.07081985510979082
1863,0.006129373610895536,0.07453315471646779
1864,0.0067790944186158966,0.07080267989695221
1865,0.006111607335064105,0.071700939222386
1866,0.010414511241240655,0.07433750392649706
1867,0.006071125263009559,0.06999038740581737
1868,0.009545572792533142,0.07285496185447339
1869,0.005651706985130812,0.07114455417582863
1870,0.005124873921076613,0.07331484993149463
1871,0.0049772968685085125,0.07023746126277704
1872,0.006458414857185279,0.07074668755133946
1873,0.0057992986870526704,0.07124916635883183
1874,0.006849172301765613,0.07242415455125627
1875,0.005675703539661946,0.07142250165156554
1876,0.004885317354103942,0.07013162100374848
1877,0.004591007677540416,0.0703610511576024
1878,0.005304274166756102,0.07218179706119954
1879,0.006708405967393079,0.07272709872489586
1880,0.004923089965010138,0.07157316288553682
1881,0.00496048255762243,0.07004885483803905
1882,0.005493851920128523,0.07234950415920793
1883,0.0053870574904016,0.07045593075360869
1884,0.00480718552324699,0.07139172149182561
1885,0.006144043335510085,0.07364952599718458
1886,0.006243820557645215,0.07055049436283589
1887,0.005556364988960723,0.07007142048058354
1888,0.007822134130602253,0.07076492956034224
1889,0.006462569033207377,0.07106289756776098
1890,0.005266137748115862,0.06984890648222208
1891,0.005083786627295249,0.07325687591817445
1892,0.004697555350577663,0.07559988455366072
1893,0.005108631045198459,0.07264132310349242
1894,0.005180426215647857,0.07122885762599476
1895,0.005070191854757014,0.07304634958655015
1896,0.0051974250342358246,0.07122387384113513
1897,0.005756333124383023,0.07010177268943094
1898,0.006056373555003008,0.07149132677262887
1899,0.0060610176607102245,0.07348448555347017
1900,0.009857394496054859,0.0736740381085783
1901,0.005622364306197645,0.0723120720128069
1902,0.0054825845475200575,0.07101586240724214
1903,0.014845482263492192,0.076334373843401
1904,0.0069106943163798895,0.07104791721380443
1905,0.005575345040132586,0.07096534407228455
1906,0.004690435462482391,0.0699964302188173
1907,0.00503439310978993,0.07295776855079154
1908,0.005798757344858026,0.07010263131749361
1909,0.0054637431765564935,0.07292130664177705
1910,0.005102001124741889,0.07119926940976527
1911,0.004741021459717829,0.07343799676886179
1912,0.004848447582337036,0.07060824827592176
1913,0.005557710167639495,0.07033513467712212
1914,0.004871658418111526,0.07105787460666552
1915,0.005163191768069252,0.07066795560426282
1916,0.004357744865177847,0.06961486053496674
1917,0.0054631797103415645,0.07532668651494764
1918,0.00514425654373012,0.07288778922462225
1919,0.0051005113750205704,0.07226302037785824
1920,0.005962207054333954,0.07019216227426864
1921,0.0046778621289260145,0.07178508202757752
1922,0.010611837613031408,0.07068707444763422
1923,0.0077031117522370855,0.07108689093948307
1924,0.005729616526222341,0.07105033878321038
1925,0.006374918839669433,0.0744768856350043
1926,0.009220571298047106,0.07078502743614647
1927,0.005932050650548131,0.07159494500336491
1928,0.006885269704949239,0.07271822467259596
1929,0.014456949812771758,0.07807143346259468
1930,0.00822226286261433,0.07122052072507695
1931,0.0056097976247368375,0.07196013306391269
1932,0.006552703255279498,0.07167722889803406
1933,0.005439093755412158,0.07134434887042321
1934,0.0052979990291090965,0.07125310448551536
1935,0.00525899602503145,0.07190034290154775
1936,0.006274012611524952,0.07026644728909757
1937,0.005882563171645504,0.07306073611616191
1938,0.006673673359052421,0.07100283139779753
1939,0.005217317515125843,0.07096989585418151
1940,0.004709601437316793,0.07184426230670217
1941,0.004365066395558673,0.07015556627347655
1942,0.005653111145869598,0.07125129461064375
1943,0.005713717798851313,0.07163396692440324
1944,0.0050362108149755525,0.07373885345414169
1945,0.005021860263949744,0.07278353381052352
1946,0.004436038202404695,0.07128947381312985
1947,0.0045090895365094506,0.07216985028862655
1948,0.004441359810250867,0.07344116080076174
1949,0.00476768057863447,0.07335961794942841
1950,0.004797749918357098,0.07068634561652827
1951,0.004732192620973696,0.07130966135732512
1952,0.004460285495102499,0.07141872857671633
1953,0.004420935101865507,0.07081370001523417
1954,0.004545849190330057,0.07401092318738613
1955,0.005183516826398881,0.0735522475009574
1956,0.005282783505673226,0.06989947928671252
1957,0.004780959562751754,0.07314579864791163
1958,0.005792891389185265,0.07147554679771413
1959,0.004571714987365243,0.07195399580219933
1960,0.004186293730646559,0.0725071852405866
1961,0.0042260650247569,0.07292120110122184
1962,0.004643313500586442,0.0712808729114389
1963,0.005083215422198457,0.07008584958494157
1964,0.004997677130326862,0.0740957536494224
1965,0.0050591886047927845,0.07301760569476244
1966,0.0053029657103600076,0.07254837854837715
1967,0.005265639359160651,0.07414643522492029
1968,0.005273493030911376,0.07133366098454721
1969,0.004777411003319728,0.07224342873072565
1970,0.010475233057075907,0.0889485018108423
1971,0.013867692182535382,0.0728590879075808
1972,0.02180650388547526,0.07256302523209636
1973,0.009005589261767819,0.0714189171006805
1974,0.005540996535935185,0.06988221825214855
1975,0.005666464024156238,0.07063211125314683
1976,0.010035422289025821,0.07291716902999949
1977,0.005640148878576333,0.06978456599446467
1978,0.004712677067350071,0.07436801655624146
1979,0.004546766991210301,0.07410825835657597
1980,0.005180230047436997,0.07154405159983121
1981,0.007778678492272162,0.09441729730233214
1982,0.02917050840303909,0.07430360525995866
1983,0.006818521217527715,0.06993182479663003
1984,0.005432602019577658,0.07068483406365067
1985,0.006405307228901777,0.07470407975571496
1986,0.005695883845939625,0.07261108521157339
1987,0.005083627930220485,0.07224209358294804
1988,0.004341549596232493,0.0699673854094699
1989,0.0047617708537202085,0.07024158782005907
1990,0.00877056511113169,0.07203381618760284
1991,0.004415509730378943,0.07014583667418114
1992,0.0041468079628125066,0.07261359374176589
1993,0.004068877275005497,0.07207328144619639
1994,0.008787335465927856,0.07112451076955724
1995,0.005154456225074945,0.07281834299776488
1996,0.004185489390547559,0.07223505024473768
1997,0.004472202395138602,0.07292574421878446
1998,0.004514402101914104,0.07767800813106666
1999,0.00430757090811352,0.07093884988237444
2000,0.004408694989103415,0.07056398878345513
2001,0.0048110524431851966,0.07175018350806153
2002,0.006619510883144264,0.07234317631948561
2003,0.005051083734323238,0.07389738479801886
2004,0.004246543346229812,0.0727910455643085
2005,0.004347828981761462,0.07048386115029939
2006,0.005069581026847833,0.07397068530918662
2007,0.004985549130993764,0.07203751182496398
2008,0.004348247109103633,0.06912590234650108
2009,0.004868010428316635,0.07180727962264441
2010,0.00825267882439597,0.08563082521421868
2011,0.01360291104652805,0.07068180393679697
2012,0.006776375536949937,0.07052406033776458
2013,0.005891312096927747,0.07114794807401217
2014,0.015743243566431035,0.07362958660027139
2015,0.007424479389131116,0.07079596993020901
2016,0.004204665618688802,0.07218269184045027
2017,0.005154716855259525,0.07477949126471851
2018,0.004374687284009303,0.0757201688182085
2019,0.004770791188734919,0.07363597994534891
2020,0.004024644179392291,0.07173082148446176
2021,0.005112588722375587,0.07101069252592579
2022,0.005279560300425209,0.07094527614818778
2023,0.004252005692536367,0.07347004617888826
2024,0.004615343762649264,0.07224057751117195
2025,0.00442579542914388,0.07268452269018144
2026,0.004567600059728824,0.07144780832349806
2027,0.0038799313415238943,0.0734033362384428
2028,0.004549145635777974,0.07644222665550117
2029,0.003769490624804248,0.07191535175070726
2030,0.004161595612133745,0.07153999275133424
2031,0.003897500017126526,0.07057392634544755
2032,0.003705259214000642,0.07119794808010708
2033,0.0036347238609689904,0.06936355693298474
2034,0.0038151650574221787,0.0727132761239408
2035,0.003856661819289424,0.07102686954769574
2036,0.003954124362514497,0.0705962269975428
2037,0.004035536421690615,0.07249615419852107
2038,0.004213940265346144,0.07091359289965235
2039,0.0037706229940850907,0.07176064789519274
2040,0.003778065317587746,0.07388751373105779
2041,0.003885909004084369,0.07145098081432787
2042,0.004194472028164421,0.07051541251048707
2043,0.003923756971102804,0.0709688744524069
2044,0.0042089184886282514,0.07112682664902288
2045,0.0039466820609081405,0.07219311290590984
2046,0.00407720417905377,0.07334081654934059
2047,0.004190767202146795,0.07401925485982631
2048,0.00417318880385763,0.06926506571004863
2049,0.004014820858199722,0.07433069183638222
2050,0.005390299045477868,0.07220467038097836
2051,0.003706128431373162,0.0711055086519485
2052,0.004403409949535954,0.07318770618441708
2053,0.004097661007849681,0.0707179293185846
2054,0.003598129262908312,0.07065296899480629
2055,0.0036410425160500605,0.07400686379736826
2056,0.004716912769131526,0.07579708545653145
2057,0.004820023485252102,0.07155245497710723
2058,0.005196110065880474,0.07323179069094192
2059,0.004068830821277766,0.07165582603156417
2060,0.003609256878740455,0.07210977931966758
2061,0.0035549148057403518,0.07240262806863713
2062,0.0038003612646897293,0.07580231742601945
2063,0.0035532619103462344,0.07423442032626995
2064,0.0039842135023302324,0.07089877802701224
2065,0.004135155342344113,0.07232085510826948
2066,0.009332787203179165,0.07179517496872068
2067,0.0044546003889899734,0.07339257117650264
2068,0.0038517519822898892,0.07272407250072722
2069,0.004279617820121932,0.07213587381113741
2070,0.0035191854012423546,0.07084984169866805
2071,0.0038374479944733057,0.07307286383140654
2072,0.0041282278635950765,0.07238730424104776
2073,0.003678945119443078,0.0730963963315003
2074,0.0037250419849453953,0.07251438377121636
2075,0.0036261872597167203,0.07463530198972028
2076,0.003908267938079412,0.07257460096949025
2077,0.0040688634343550405,0.07293296467167393
2078,0.003547405452558006,0.07267677309668452
2079,0.0036512858907292163,0.0735836034841406
2080,0.0038024234413213116,0.07108176550022642
2081,0.005277323374542229,0.07307754537291396
2082,0.004344418670450772,0.07160492543887376
2083,0.0035634607202183676,0.07394718259274212
2084,0.003969674642405073,0.07069547909468338
2085,0.0035536411644593114,0.07410416511216558
2086,0.004179447133175819,0.07013583592230216
2087,0.00351362732650718,0.07093596139124461
2088,0.004098177018946147,0.07073570397638139
2089,0.003708839508468361,0.07105101340620738
2090,0.0036966057383341477,0.0729149464041667
2091,0.0036526188505433942,0.07195969129490075
2092,0.0037260354448366783,0.07389247189637713
2093,0.0037353648468384923,0.07550016910136494
2094,0.0036498285088466254,0.06989471545270212
2095,0.0034689198585291362,0.07152513816093742
2096,0.0034739641840555078,0.07152121471133746
2097,0.003821145297906896,0.07302333971014
2098,0.003602968269030689,0.07404393207907378
2099,0.0038140198043591362,0.0782051542610453
2100,0.003528629196807742,0.07279248134160698
2101,0.0035392050383186266,0.07248035771655559
2102,0.0034480997336426965,0.07127896272448968
2103,0.0035770737849245998,0.07230390255388461
2104,0.0034944066459599147,0.07053367393954954
2105,0.003629385538948087,0.07611871277329915
2106,0.003928317852627755,0.0711839890905789
2107,0.003536618851872634,0.07259845742979146
2108,0.0038763395171951165,0.07270441090403344
2109,0.0037512607860808087,0.07292595178934566
2110,0.0038621141786941075,0.07284912771374959
2111,0.0035928232671231684,0.07075674899090502
2112,0.003889011503065875,0.07072625191588151
2113,0.003512614550430993,0.07167363734472365
2114,0.0035064653902194902,0.07408652577857326
2115,0.003615717103611386,0.0730050344739044
2116,0.003614798744375523,0.07219026506619346
2117,0.0036847210528626806,0.07336225205644928
2118,0.003795160818553083,0.07468845710195694
2119,0.00361122805946346,0.07255731115962628
2120,0.003625668396992276,0.07187287649489883
2121,0.00359121888735825,0.07078715884371807
2122,0.00377936244556873,0.07301488871637143
2123,0.0038550046657950714,0.07303173808301601
2124,0.005395099603889224,0.07251673393455663
2125,0.0036872410139530245,0.07244099148159337
2126,0.003503766304997254,0.07482266089970008
2127,0.0034483129992135173,0.07324750771872084
2128,0.003960135520573086,0.07107369355241158
2129,0.0034721849127132506,0.0730230590902773
2130,0.003650144932990117,0.07141554303336561
2131,0.003643795861760417,0.07256342872118293
2132,0.003430974416487316,0.07143283349678929
2133,0.003650495772276272,0.07395359414412563
2134,0.0035136025720115364,0.0726926632991112
2135,0.0035083116481787174,0.07193823485520848
2136,0.003585909208615652,0.07031812425469396
2137,0.0034552672264811387,0.07271579350519897
2138,0.0036197839243495167,0.0737315557504955
2139,0.003549037594640143,0.07184251184974398
2140,0.0034018725333414203,0.07181214438494585
2141,0.003603253215784937,0.0724160861700101
2142,0.0034120991511480607,0.07181879917257711
2143,0.0036066541051182626,0.07292012530460693
2144,0.0036485182861490965,0.07177099835753142
2145,0.003527507295417468,0.07240559102822665
2146,0.004032955616624985,0.07480750180650175
2147,0.003369738474826921,0.07297597597714953
2148,0.003430706212372989,0.0710996260917874
2149,0.00347508499136072,0.07769964321663506
2150,0.003542510547374483,0.07124405781876174
2151,0.0033485618920640605,0.07406970188208391
2152,0.0033197427784504374,0.07457398623228073
2153,0.003370946098037274,0.07118313823054011
2154,0.003387693569741466,0.0711634127157075
2155,0.0035916455236021253,0.07175007281372123
2156,0.0038635066935214504,0.0742468317797907
2157,0.003923793152546901,0.07419713616445847
2158,0.00373270326121754,0.0745691227210793
2159,0.004010815545624606,0.07197189278769911
2160,0.004191621794981362,0.07157455651757114
2161,0.003945419204284125,0.07016011568388544
2162,0.0035412460273616365,0.0713362365699651
2163,0.0036003340851679024,0.07156044108452354
2164,0.003543298963025259,0.07357678758470636
2165,0.0038658018620994212,0.07351351600317728
2166,0.0033490527406638505,0.07378790296035304
2167,0.003336790077633525,0.07278764373004287
2168,0.0033827093597735077,0.0739822947702611
2169,0.003509884891406776,0.074204555691633
2170,0.0033747604508011318,0.07444816299324346
2171,0.00332555455319163,0.07097027021317852
2172,0.0034227250786177045,0.07195181158700384
2173,0.003361405552215991,0.07262676020612693
2174,0.003465996554477555,0.07214725727126711
2175,0.004043168468593523,0.07341921239867247
2176,0.0035976254699465623,0.07265047325675648
2177,0.0035125580528710143,0.07594075294813715
2178,0.003702552235162697,0.07479681392062577
2179,0.0033158285997305823,0.07806978725774545
2180,0.003290090732550873,0.07327245259867575
2181,0.003760560984988945,0.07138680285753164
2182,0.003425868297781106,0.07191114305030732
2183,0.003281074949776678,0.07194728650768897
2184,0.003184964209590633,0.07499535762725916
2185,0.0032627314495559208,0.07289326035961471
2186,0.003214235116835672,0.07219036578908003
2187,0.0032521941287437205,0.07198367958753031
2188,0.003718293632517881,0.0721809366591891
2189,0.0034384356291970487,0.07265763909072805
2190,0.0036315901473538254,0.07193473918844286
2191,0.0033547817254993705,0.07188060186934053
2192,0.00346711563489467,0.07318247658641715
2193,0.003688957942153406,0.07423157939561327
2194,0.00354073233508321,0.07482307807619411
2195,0.003549797932666998,0.07308909145737053
2196,0.003662182626877926,0.07176509049527328
2197,0.003462002088598977,0.07646161728634272
2198,0.003558359686927549,0.07192105529152959
2199,0.003346681362747866,0.0730786042703423
2200,0.0032486788954784315,0.07062847118703346
2201,0.003287987721511703,0.07242281070179808
2202,0.0036006445958509715,0.07303439334669806
2203,0.0033489666152219976,0.07248589811020327
2204,0.0034827971371141813,0.0718824483809017
2205,0.0032487344741237386,0.07209792060959608
2206,0.003325790489460327,0.07611278808654699
2207,0.003480370914808775,0.07338366644424305
2208,0.0032077986180642183,0.0726657912396548
2209,0.0034181163237549856,0.07400641377483096
2210,0.0032507397780387566,0.07219426684959192
2211,0.003301761237186231,0.07529630558681966
2212,0.003309494814307058,0.07200531030358527
2213,0.0036739228252426585,0.07311078142328072
2214,0.00330845398031362,0.07275539085754476
2215,0.003306589448433311,0.07374981673140275
2216,0.003442009899263098,0.07546457181448925
2217,0.0033265637178382717,0.07247692314828548
2218,0.0033448763807715854,0.06995001636949696
2219,0.003416547440080013,0.07295580424909902
2220,0.003431109425416187,0.07275130932118959
2221,0.0032747650627035145,0.07134080020930235
2222,0.0032242681162554456,0.07046842268833839
2223,0.003549827861258042,0.07300089663804922
2224,0.00344027709478635,0.0701649993807451
2225,0.0032964398636304566,0.07481045671797037
2226,0.0032663251810523225,0.07361118291927161
2227,0.003338316979534854,0.075018752935835
2228,0.003260536987895035,0.07155826672874298
2229,0.0032197477246363147,0.07442288433101243
2230,0.003177261271960683,0.07178552325506855
2231,0.0032488778415997294,0.07182043910325321
2232,0.0031782117654747537,0.07415166990201276
2233,0.0033621565989133987,0.07594449698626247
2234,0.0034012804274975695,0.07331754924510057
2235,0.0033247771126956776,0.07243150399815768
2236,0.0032245123804164437,0.07218652592042933
2237,0.0034923718163457503,0.0719597253733709
2238,0.0031951262760136663,0.07177927610195968
2239,0.0031737085296057142,0.07378224731612026
2240,0.003314193223565116,0.07094794410960119
2241,0.0032758114802531406,0.07062919520047076
2242,0.0032138068558864273,0.07319707824920951
2243,0.003146265431958306,0.07112103934051997
2244,0.003187794343431168,0.07093314152388346
2245,0.0031573380238513775,0.07035816048171586
2246,0.003437815717243382,0.07028721418595851
2247,0.003394833001013273,0.07010995955171442
2248,0.0032247347657957046,0.073292671140274
2249,0.0032304957608304055,0.0744252013682124
2250,0.0034004140398567278,0.07106569902341169
2251,0.003192637956534807,0.07277882790057581
2252,0.0031640262796972705,0.0718430170887395
2253,0.0031344265177799245,0.07299731880949255
2254,0.0031255580474648824,0.07155815181427432
2255,0.0033254865637241766,0.0749686762951968
2256,0.003240244580596265,0.07321004567663174
2257,0.003153990256398636,0.07289845516956539
2258,0.0031098919193666185,0.07146634208155156
2259,0.0032850492090208683,0.07124048551745284
2260,0.003219953749831007,0.07639170492203314
2261,0.0031761642199500135,0.07470310552227766
2262,0.0031279693846663803,0.07332557051402883
2263,0.003107348416105707,0.0718657267198228
2264,0.0031915144939384304,0.07130771399216544
2265,0.0032834383428423757,0.07220291934515301
2266,0.0031637159602418774,0.07489242498064998
2267,0.003165347127208842,0.07396374711939566
2268,0.0031435333548528272,0.07190201829250593
2269,0.0031585648815004525,0.07091928561005675
2270,0.0033310665442465243,0.07230994217377856
2271,0.00318877331454155,0.07468163470427196
2272,0.003195025511436328,0.07008303608511922
2273,0.0033645677748121625,0.07378443384678442
2274,0.0034340919195426202,0.07135488535452605
2275,0.0032373162863781925,0.07263387293370445
2276,0.0032628221586229844,0.07199941495232713
2277,0.003136341260062957,0.07096140123997118
2278,0.003120621483843061,0.0704549059906699
2279,0.0032861166316899104,0.07404540195351555
2280,0.003138383397931776,0.07459616099010434
2281,0.0032152794155534533,0.07122324534077991
2282,0.0031471160053622945,0.074134926990907
2283,0.0031474650973238073,0.07348965440776414
2284,0.0032095059848808007,0.07474367010563537
2285,0.003129664782966052,0.07430942110101083
2286,0.0031118558947475727,0.07224293036344356
2287,0.0031338839369846453,0.07134673753776646
2288,0.0031121680520323097,0.07059132819411748
2289,0.003091962604424376,0.07532724792273122
2290,0.003109647878547868,0.07104004460169856
2291,0.003103529609634678,0.07112066204984087
2292,0.003164589142304229,0.07113116565055418
2293,0.003277886133395766,0.07337363251020436
2294,0.0031467468673392522,0.0768849629544674
2295,0.0031948952379470055,0.07075558679369756
2296,0.003103806119015131,0.07456595848377486
2297,0.003076704287592053,0.07302796409318321
2298,0.0032298413833725882,0.07275181327173884
2299,0.0032148628464978785,0.07455285205354069
2300,0.0031452583919825226,0.07229946923435182
2301,0.0031592074583129824,0.07196950066582601
2302,0.0031008799669849556,0.0720833924255873
2303,0.0031008145152985303,0.07161428783098259
2304,0.0030645488259210293,0.07227071077751934
2305,0.003122326154495388,0.07197517869914684
2306,0.003110706459491464,0.07440824281975142
2307,0.003177965049658169,0.07203777181101323
2308,0.0031850307093798927,0.07147419990453505
2309,0.0031017144896720644,0.07516828900142421
2310,0.0031080954557804385,0.07195102485050832
2311,0.0030835062917905823,0.07356521709446322
2312,0.003124331127046418,0.07310564229661659
2313,0.0031729545732551373,0.07362901053407736
2314,0.0032363177020231196,0.07480496459437493
2315,0.0031190583340788614,0.07389289803597562
2316,0.0031548599467312094,0.0749817353143429
2317,0.0030802714698261882,0.07285446369259578
2318,0.003087328876832903,0.07128976541279551
2319,0.0030688679657386014,0.0751835874895703
2320,0.0032977442918374527,0.07225124860990018
2321,0.0032128564835318765,0.0746751222806168
2322,0.003138864281525993,0.07059751436076965
2323,0.0030674317802031024,0.07030694410765082
2324,0.0032371773974251786,0.07119286842737581
2325,0.0030895084621484,0.07273926008912854
2326,0.0030881577232694923,0.07235575035998695
2327,0.0030624961260075573,0.07211653899429436
2328,0.0030964282122338455,0.07398263884143423
2329,0.0030918481612291922,0.07176573934934492
2330,0.003098431990706715,0.07343687989135135
2331,0.0031453180542875513,0.07082124022687587
2332,0.0030752925602222873,0.07367661023946633
2333,0.003100859007847767,0.07375913146967278
2334,0.003142563934907971,0.07119609525702651
2335,0.0030621304344619423,0.07368794666197066
2336,0.0030774760803026747,0.07199640105242718
2337,0.0030832068314396287,0.07219621912578593
2338,0.003139564329553921,0.07458860554118503
2339,0.0032834905757332298,0.07280558215122773
2340,0.0031404431265571555,0.07336978972854472
2341,0.003149921546009921,0.07295056309242894
2342,0.003059301172823975,0.075445850428782
2343,0.003260745875665854,0.07038085416594245
2344,0.0030869000845334745,0.07189043876446578
2345,0.003012720758218003,0.07161380059288856
2346,0.0031226769521785756,0.07417047860329612
2347,0.0030444393337333464,0.07173073499050356
2348,0.0031549444489274467,0.07095761307722942
2349,0.003075926533979028,0.07408833434632547
2350,0.003104738577277776,0.07304851518463072
2351,0.0030675444034509195,0.07619690997782805
2352,0.003146050875965611,0.07301855572781767
2353,0.003040939689173033,0.07630200755028498
2354,0.0031748040875589304,0.07859339131821964
2355,0.003069453655237034,0.07398492191220286
2356,0.0031286753600223874,0.07350129566918638
2357,0.0030977936157939204,0.07073319385897246
2358,0.0031296929510946743,0.07413131220821749
2359,0.0030418064191260123,0.07110459153962913
2360,0.003028605225259514,0.0708474168614636
2361,0.003043725962902428,0.07395206220018535
2362,0.0030603322775619906,0.07519750775101788
2363,0.003065098634684534,0.07266744377469658
2364,0.003039311630750618,0.07291391891495028
2365,0.0030374085467869305,0.07166490429326107
2366,0.0030669213366055375,0.07183479642808288
2367,0.003056449192316274,0.070501374440235
2368,0.003043832934715531,0.07360551825591496
2369,0.0030541520048995565,0.07250818023854927
2370,0.003202375532551245,0.07191328631531924
2371,0.0030656568830114642,0.0736818498649394
2372,0.0032144561789486104,0.07117530963101183
2373,0.003070577035357352,0.07312383756676413
2374,0.003040722747943525,0.07079413615372546
2375,0.003024655086248179,0.07588888529249302
2376,0.002999311730522534,0.07216386411124304
2377,0.003191862026153594,0.07150896313719284
2378,0.0031439988752739465,0.07205441950780705
2379,0.003049389402262376,0.07136504070128415
2380,0.003007468613460193,0.07460567351421318
2381,0.0030107724751845047,0.07293101596204858
2382,0.003049357022015746,0.07178773857970584
2383,0.0031997464096529824,0.07327789607875627
2384,0.003149665006783829,0.07234640934861693
2385,0.0030353544907626875,0.07597957329269041
2386,0.003101988755411769,0.07503201644447513
2387,0.003130112333824642,0.07323295031125683
2388,0.0031094547904163693,0.0718698719689123
2389,0.0030996885083522355,0.07488720871526795
2390,0.003053519412069392,0.07074636011792902
2391,0.003018830683911482,0.07657638044659058
2392,0.003063862374764765,0.07319357513186328
2393,0.003003312693762835,0.07551690517810353
2394,0.003082295074667723,0.07256022629731879
2395,0.0031528678681806525,0.07269161532546643
2396,0.003121616591795765,0.07541569714483462
2397,0.003034755916752178,0.07278213958094891
2398,0.0030514231334122185,0.07124103997883044
2399,0.003030565340322994,0.07230333866257417
2400,0.003097911459484304,0.07207394564958443
2401,0.003011933433732783,0.07439401280835159
2402,0.003105502477832442,0.07673983561589305
2403,0.00311490732353169,0.07231585520849491
2404,0.0030719590713459777,0.07363966258620858
2405,0.0031314223331799233,0.07182797376897401
2406,0.0030029272335088085,0.07108600796165324
2407,0.0030470222787972435,0.07121044782020693
2408,0.00311454457922789,0.07274888545498812
2409,0.002998816969784029,0.07288605223099391
2410,0.0030099594670706968,0.07404596028023196
2411,0.002997862672882861,0.07328319848330696
2412,0.003090919126817799,0.07171329024964407
2413,0.0030426311235127496,0.07303764768187564
2414,0.0030347944053362905,0.07180871674440857
2415,0.002995483018165939,0.0724738044174094
2416,0.003068217371961213,0.07218927484855317
2417,0.0030314714712058677,0.07236753327580622
2418,0.0030167694882340845,0.07119898029362648
2419,0.003030969388345052,0.07382768476591971
2420,0.003078588080186642,0.0732075654175646
2421,0.0030195431734163745,0.07473757121721306
2422,0.003195013517373735,0.07335413941987474
2423,0.0029923337946724743,0.0727966918719741
2424,0.0032007386886038843,0.07256606589059782
2425,0.0030801143098715985,0.07361837035805958
2426,0.0029933686312696777,0.07376229669665334
2427,0.002997139084144119,0.07196436232343353
2428,0.002981638562132759,0.07143047694723707
2429,0.0030869297036568294,0.0728848681301999
2430,0.0030665238224390347,0.0711677384406403
2431,0.0030130316929593915,0.0768772531347466
2432,0.003036575504289619,0.07232871847717386
2433,0.0030380862124182494,0.07135836371129617
2434,0.0031996564735252654,0.07157422434118457
2435,0.0029900721916607744,0.0732427617549
2436,0.0031065639892306914,0.07379177145491865
2437,0.002998544351375869,0.07443732497536748
2438,0.003084225755266635,0.0720646247678532
2439,0.0030391290272968503,0.07210392979228109
2440,0.003044633548794355,0.07350257446144458
2441,0.0030176753016206257,0.07318897506124095
2442,0.0030134448848758186,0.0719465800843442
2443,0.0029641449331746766,0.0736910564484154
2444,0.0029900530995479947,0.07062234156263203
2445,0.0030102093877755454,0.07553733481948537
2446,0.00313188974909064,0.07323155316867326
2447,0.003034527539815695,0.07274731065620456
2448,0.0030085721518844366,0.07430592388437506
2449,0.0030087284819693026,0.07336421068150896
2450,0.003081374022916987,0.0721275113466987
2451,0.002975511512073884,0.07463120155615316
2452,0.0031031817095616954,0.07220507512116492
2453,0.0030138738063634095,0.07277640775032808
2454,0.003048714440823956,0.07389215269781892
2455,0.0030188791520987,0.07396536951599862
2456,0.0031466647467304452,0.07244734660276494
2457,0.0030384302025421475,0.07066934144960012
2458,0.0029825152870162526,0.07239803953801181
2459,0.0030362996364707204,0.07496560594641176
2460,0.002976992852886596,0.07336703038081191
2461,0.0030190183176749554,0.07442819797678997
2462,0.003186880437172599,0.07288661416162524
2463,0.0030353445447339066,0.07290426944207429
2464,0.003033953360471653,0.07292378408120091
2465,0.00309045676238321,0.07235563738752428
2466,0.0031591623687246655,0.07315356243299063
2467,0.0030054019787421793,0.0711609575533329
2468,0.003050067629898697,0.0745022481582816
2469,0.002997054106798198,0.07170935540943217
2470,0.003009389380874772,0.07162681162207946
2471,0.0030155527853585056,0.07406890235449139
2472,0.003061056238537812,0.07388077683765489
2473,0.003041285294513904,0.07447517625894164
2474,0.0030638069727496014,0.07185731968261246
2475,0.0030645047472118397,0.07289277765909233
2476,0.003044757059976739,0.07480183684437496
2477,0.003032843650940537,0.07178002562289848
2478,0.0029806758446449585,0.07524630136059639
2479,0.00305208243972689,0.07202641839595665
2480,0.0029845562870074124,0.07078114269595397
2481,0.003004490172338663,0.07250395021342992
2482,0.0030397629083592594,0.07185803497569603
2483,0.0029808539214038923,0.07169890551265319
2484,0.0030015731138413695,0.07171895276559026
2485,0.0030089461348285214,0.07363987740194589
2486,0.0030043877370737283,0.07306101720285296
2487,0.002967623328106904,0.07408182838357481
2488,0.003007185506724919,0.07347978761695083
2489,0.0030298597328248067,0.0743701610350071
2490,0.003053674022564927,0.07275129934973586
2491,0.0030289101217315768,0.07382361417202125
2492,0.003017869855344389,0.0738799692245952
2493,0.00303321659600006,0.0718253644972218
2494,0.003026815391872604,0.07067202397605829
2495,0.0030957018061713274,0.07254638636769507
2496,0.003011425461497473,0.07491613638804372
2497,0.003016975047037613,0.07241263688731014
2498,0.003087544978704292,0.07526772573851702
2499,0.0030703822393145495,0.07174527155874964
2500,0.0030070162972371125,0.07277708478215941
