epoch,train_loss,val_loss
1,4.803787323736375,4.319470141465802
2,10.696860005778651,3.0911654720927837
3,5.493701104194887,3.264217486058859
4,3.2483236097520396,4.0143891408628685
5,3.049962543672131,1.8121294335912643
6,1.6576185726350354,1.3866034545994044
7,1.6442456745332288,0.9755537169320243
8,1.18715081291814,1.026702696816963
9,1.108993637946344,1.2230806138581203
10,0.9431122079972298,0.876996101741504
11,0.865772835669979,0.8247320746120653
12,0.7459131248535649,0.7100182782139695
13,0.6752096991385182,0.6592837739409062
14,0.6106679900999992,0.6104984722639385
15,0.6094536512128769,0.6085377780715924
16,0.7074705766093347,0.6136933766809621
17,0.6931924031626794,0.670108499831723
18,0.580283809092737,0.5789039729531845
19,0.5377516650384472,0.6086850601031368
20,0.5685618635146849,0.536736211830512
21,0.5071528034825479,0.5134250898110239
22,0.47017163518936406,0.557540466163989
23,0.5055418533663596,0.5258486644367227
24,0.4681626212212347,0.5429736256300656
25,0.4602855482409077,0.5304924676890361
26,0.429295051482416,0.5049544042513185
27,0.4593707553801998,0.47418734812198726
28,0.44503504710812725,0.490770708573492
29,0.4145511802165739,0.4809178571055706
30,0.41896534542883596,0.46867726993441283
31,0.40377315109775913,0.46553730105696467
32,0.3997594944892391,0.466179625282909
33,0.39122824322792793,0.4503894195072633
34,0.37381461743385563,0.4502560075811276
35,0.36509700648246274,0.4784931961008182
36,0.3824137689605836,0.42638945713975374
37,0.36678599734460154,0.4291492307694036
38,0.36201341498282646,0.4649115624583156
39,0.3598424590403034,0.4214019007551341
40,0.35580707942285844,0.423776944777123
41,0.35069125025503095,0.43899559489168916
42,0.3594679553662577,0.41279965870661245
43,0.34687856704958026,0.41213162881987436
44,0.3467914731271805,0.4205685263887085
45,0.3402317839284097,0.4049176797830969
46,0.3314134536250945,0.4107321163914855
47,0.329489016725171,0.4153719237424377
48,0.33318065731756147,0.4044103059254792
49,0.3236713505560352,0.40442788892222525
50,0.3194880043306658,0.41185728761187773
51,0.31917816208254907,0.39279539969033167
52,0.32470050742549283,0.3988247448041624
53,0.31569474454848995,0.40743251693876165
54,0.31431451247584435,0.39016262107624444
55,0.30381812876270664,0.39378011771909577
56,0.32209721111482187,0.40699653435769234
57,0.3025539661607435,0.37872630126195445
58,0.2960422587010168,0.37953459028910874
59,0.2962333002398091,0.41054872604539816
60,0.3012144440604794,0.37368603345744295
61,0.2863032212180476,0.37518857393348426
62,0.28635694903712117,0.39664725148886965
63,0.2940192559073048,0.3663375323129477
64,0.283773063651977,0.3726583930633421
65,0.2811427250985176,0.38178842281339165
66,0.28341216810287967,0.36979742949469047
67,0.2758295872519093,0.37134526613959695
68,0.2793330867444315,0.3792150237954649
69,0.26900934019396383,0.355573710791748
70,0.25870546314024156,0.3613252077335702
71,0.26808170349367205,0.38926250519310324
72,0.2620488270636528,0.3515065249643828
73,0.2699157710998289,0.3560092100374083
74,0.25478901786188923,0.361000968325407
75,0.2537234906227358,0.3543694398008791
76,0.25552429210755134,0.35748138448648287
77,0.2628347296868601,0.3620701117772506
78,0.25618861663726067,0.3552349084301999
79,0.24301443897908734,0.3675047230152857
80,0.25036192084512404,0.36757137915843113
81,0.26841616918963773,0.3560896084870312
82,0.25741580369011047,0.34671349491093095
83,0.25733834505081177,0.35205533241568354
84,0.251640857227387,0.35683136565942214
85,0.24605135956118185,0.3237057053355645
86,0.22561191214669135,0.3137028543722062
87,0.2302181557301552,0.3329936348107226
88,0.22714005651012545,0.3233956575841832
89,0.23385756534914817,0.32690641762021194
90,0.23485879071297183,0.34850287818370906
91,0.24431583766014345,0.3296687459587154
92,0.2276638150215149,0.32189825490901347
93,0.2290702909231186,0.3177490728092672
94,0.21436910667727072,0.3244550310280688
95,0.21490960832565062,0.3030770520369212
96,0.2028153279135304,0.3075457314650218
97,0.20072881540944498,0.3170797434217649
98,0.1965297734545123,0.299044879830272
99,0.19429281161677453,0.3034617627473702
100,0.2000803505220721,0.31297861147942696
101,0.19392772066977718,0.2987921963957019
102,0.1939314425952973,0.30522872518776056
103,0.18996448718732403,0.3141437118364157
104,0.19166528746005027,0.3015161897604328
105,0.186440451010581,0.30300875146287426
106,0.2004447050632969,0.31359726407175376
107,0.18746640268833406,0.30081004165766534
108,0.18886055773304355,0.2973693983447283
109,0.18248092311043893,0.3141889188223913
110,0.17919538674816007,0.2950113131886437
111,0.18050311265453214,0.29733176264248995
112,0.1786665738590302,0.3105174850551108
113,0.18137727004866447,0.29056964190980245
114,0.178486620226214,0.2968554640921734
115,0.18164014239465037,0.30853851800574394
116,0.18574257243064143,0.288013973555768
117,0.17433769424115458,0.29296430019208963
118,0.17214170290577796,0.3116964891291501
119,0.1830222943136769,0.2932224606810357
120,0.17453009611175907,0.29671481722279597
121,0.16938894266082394,0.30524238802137826
122,0.17147881417505204,0.2880327566375111
123,0.16836440370928857,0.2878255403430241
124,0.16608602289230592,0.3049355870052089
125,0.1661022795784858,0.28912207685915153
126,0.16098918116861774,0.2952009137710533
127,0.16333832423533162,0.30500625428699313
128,0.16709654081252315,0.29034877689858724
129,0.1650377050522835,0.2932121694685523
130,0.1687049880143135,0.2991192877143248
131,0.16568064353158396,0.2875698575549257
132,0.16329471430470865,0.2893783359748678
133,0.1597816001984381,0.3048002161925897
134,0.1672404302704719,0.287213456137736
135,0.1568922967680039,0.2876920793438914
136,0.15526311820553196,0.30371250186050147
137,0.16570474207401276,0.28812946472550394
138,0.15391767169198683,0.289412959700539
139,0.15808133829024532,0.30108144617917243
140,0.16132223798382667,0.27902356932934064
141,0.15862877234335868,0.28530964591449365
142,0.15923473238945007,0.2973585191525911
143,0.15568987159959732,0.28509624485383955
144,0.14965929523591073,0.28488345358306005
145,0.15201503374884207,0.2904898733423467
146,0.15383483373349713,0.28336917330746664
147,0.15272883926668473,0.28723108529447017
148,0.15103591642072123,0.2989486144449478
149,0.15194718972329171,0.2827972328304348
150,0.15210688546780618,0.2841493007832004
151,0.14973286947896403,0.2908985299574104
152,0.15006285761633226,0.27893400976532384
153,0.14166584562870763,0.28198481300719697
154,0.14440065189715354,0.29442560725044786
155,0.14624734174820683,0.2770909561698598
156,0.1440653685600527,0.2807491251400539
157,0.1419971493944045,0.2958724265708063
158,0.14977904192862973,0.27323827827185915
159,0.14528379949831194,0.27513875608754934
160,0.14033555888360547,0.2953280402454816
161,0.14596006658769423,0.2743727677597438
162,0.14242265589775577,0.27631176593608425
163,0.1412620957820646,0.2900268692420539
164,0.14078644014173938,0.2710146231758863
165,0.13986586514980562,0.27604946830218896
166,0.1360975484694204,0.28706038812348117
167,0.14383547008037567,0.27520736514177535
168,0.13573865159865348,0.2791467314973511
169,0.13816407803566225,0.29177391394636687
170,0.1389023651999812,0.27079931028504717
171,0.1381806904269803,0.2773573730971879
172,0.13580961837883918,0.2954825103133543
173,0.14756776728937704,0.27722398753751787
174,0.1324366283032202,0.27106582110089467
175,0.13069114569694765,0.28306671558764945
176,0.13585799259524192,0.2654623201018886
177,0.13293282928005343,0.2741706523680149
178,0.13164652547528666,0.29542580926627443
179,0.13566633914747545,0.26458212867715303
180,0.13861011785845603,0.2651584140937729
181,0.13310956666546483,0.2791804396418999
182,0.12643519260229602,0.26605459114065144
183,0.13136998564004898,0.2708611171645927
184,0.12957271981623866,0.28058889784609764
185,0.13761664109845315,0.27480320987247286
186,0.12841279059648514,0.27135697051994784
187,0.12435194345251206,0.28248741931485055
188,0.13143200787805742,0.26755429740836445
189,0.12660379996222834,0.2722759455965276
190,0.12475807916733526,0.2829818969083609
191,0.12940883828747657,0.2649237698779668
192,0.1280586431103368,0.2679549417549506
193,0.12580628813274444,0.2839805241067308
194,0.12433303604202886,0.2667678437734905
195,0.12637087798887683,0.26571042592961686
196,0.12853892652257795,0.28557938441895603
197,0.12808730501321056,0.26527509048469083
198,0.12408447409829786,0.2649833888263631
199,0.1275754864177396,0.27715794252871273
200,0.128529688764003,0.26758809167340886
201,0.13149869249713037,0.2667756166897322
202,0.1260434840956042,0.26987107023410034
203,0.1323350384350746,0.2615955541456552
204,0.12449797363050523,0.2730890665586132
205,0.12152448344615198,0.270458131655117
206,0.11596055280777716,0.2616725260751289
207,0.11832707711765843,0.2629498846100685
208,0.11794485656484481,0.2725232613639425
209,0.1172177969448028,0.2574682628973982
210,0.11690343099255715,0.26114322375832943
211,0.1158260703086853,0.2775515735074691
212,0.11858901093083044,0.2597643574676418
213,0.11498225360147414,0.2623813996338904
214,0.11786358442998701,0.2759995567320582
215,0.12175838577170525,0.2617976430962259
216,0.1179530341779032,0.2662325922707866
217,0.12730572997562348,0.27037185012248527
218,0.1389973831753577,0.29152653838757586
219,0.15070895610317106,0.2814514356149468
220,0.14404514768431265,0.2849438159089339
221,0.14266539821701665,0.28325997991370677
222,0.14059017742833785,0.28239900852205757
223,0.1404965433382219,0.29928946465179135
224,0.13609305504829652,0.2715291064185905
225,0.1242495640631645,0.2895559023197432
226,0.12536066241802707,0.26799118294751734
227,0.12363595924069805,0.2759199319477368
228,0.12587485053846914,0.273502689928638
229,0.12708146052975808,0.27934577168528
230,0.12468590755616465,0.27887472099528876
231,0.1281399712447197,0.2771592668273993
232,0.12617803340958011,0.28318350745323007
233,0.12169949470027801,0.27787726650710093
234,0.12214285375610474,0.2784147461255391
235,0.11728637953919749,0.2774009724009903
236,0.1260352240454766,0.2745609330503564
237,0.12102886024982698,0.2785843854261221
238,0.11604780872021953,0.26837667277582306
239,0.11892718749661599,0.2766755101525395
240,0.1190231264598908,0.269925550261237
241,0.12499977984736042,0.2775679463357256
242,0.12302181124687195,0.26714642999465005
243,0.11990336112437709,0.28130957312452465
244,0.12138010417261431,0.26615211703723535
245,0.12000723519632893,0.2826534191842067
246,0.11779844760894775,0.2685099967141498
247,0.11775873168822258,0.2756363101919791
248,0.12145581216581407,0.2696926084377413
249,0.1121029531763446,0.27786414392460557
250,0.12149160715841478,0.27421656781270687
251,0.12142893095170298,0.2726215185004667
252,0.1147590539147777,0.2748754532414869
253,0.116641104221344,0.2729712939053251
254,0.11253628278932264,0.26800087774009035
255,0.11419149920825035,0.272771034137647
256,0.10868748637937731,0.26769329700852396
257,0.11416189757085615,0.2782274810293862
258,0.10907101943608254,0.27683661739927784
259,0.127268819559005,0.2772170283964702
260,0.11468527538161125,0.2751682711424385
261,0.11128919499535714,0.27408211325344284
262,0.11699036124252504,0.2694321070099833
263,0.11113810298904296,0.2714636413599913
264,0.11824962184313804,0.26169853700432266
265,0.11349035318820708,0.26206371964966146
266,0.10982599037308846,0.27071201009559154
267,0.10905797250809209,0.2686427517194198
268,0.11907521274781996,0.2690877715746562
269,0.11032718227755639,0.2746061341356215
270,0.12466248629554626,0.2719884502857849
271,0.11848156250292255,0.2679280908334823
272,0.11969506115682664,0.2730399651784347
273,0.11372074556927528,0.2669717174275477
274,0.11630594273728709,0.2591820118346609
275,0.1141736795825343,0.26556137293801274
276,0.10919849670702411,0.25971410384303645
277,0.1089664428464828,0.2725964874253237
278,0.11182435097232941,0.26557481333725436
279,0.11109582022313148,0.26861857019719626
280,0.11095471055276933,0.2641158336983587
281,0.11072848593035052,0.2687314221061262
282,0.10811080038547516,0.26467849833325935
283,0.11518695277552451,0.27097802614807187
284,0.1128634565299557,0.2653194231571709
285,0.10745630990112981,0.26287502472412616
286,0.11338388078635739,0.26353623790848524
287,0.10868692494207813,0.2570440807662213
288,0.10201092088414777,0.260744456584591
289,0.10644836267155985,0.25872918186629923
290,0.10800892595321901,0.26539431015650433
291,0.10515780915175715,0.26161465691145797
292,0.10103981749665353,0.26290577000245113
293,0.1093238212408558,0.26992537073772355
294,0.11601301835429284,0.2689535345200608
295,0.10971128868479882,0.24774689464491412
296,0.10147207999421705,0.25285412979902777
297,0.10669516964304832,0.262579297660885
298,0.11295988146335847,0.26100455146086843
299,0.1169631774387052,0.2641194080350393
300,0.11682978849257192,0.25082525327092126
301,0.11873082768532538,0.25380208692455053
302,0.1148660389646407,0.2528420584393026
303,0.11479387913019426,0.2399781504669285
304,0.10567168242508365,0.24100262752003537
305,0.11570294009101006,0.24353414041954174
306,0.1031448345991873,0.23847159623800962
307,0.11275328167023198,0.24146058998609843
308,0.10011283140028676,0.23578976206761554
309,0.10027615750028242,0.24333469405359492
310,0.10151385131382173,0.2382803667607463
311,0.10090774441919019,0.23754248833447172
312,0.09292281274833987,0.24992987416441878
313,0.10056226315998262,0.2360261093479649
314,0.10478575455565606,0.22600025289638298
315,0.10611747397530463,0.23691033435644662
316,0.10064949888375498,0.23654805956627792
317,0.09768736050013573,0.23017572355748417
318,0.09546137360795852,0.2432694990085181
319,0.09565455538611259,0.22754009639410147
320,0.08850300143803319,0.2411808671060959
321,0.09071439961271902,0.23337864005625397
322,0.09241404336306357,0.23720595696217434
323,0.0847033072383173,0.22933147963425868
324,0.08773142123414625,0.23620488335912987
325,0.08869968330667864,0.2381288905191541
326,0.10024546976051023,0.2488343904639844
327,0.09754015264972564,0.23474386495008207
328,0.09319840155301555,0.2453627463495522
329,0.0996137965590723,0.25023443586097327
330,0.09886488630887001,0.2450600886031201
331,0.10659548568148766,0.23458958549756453
332,0.09376338316548255,0.23082935100510008
333,0.08939952283136306,0.23026805761314573
334,0.08514458205430739,0.23756697318308934
335,0.08691494767704318,0.22465324170308604
336,0.08380250224182682,0.23654212199506305
337,0.08117060603634003,0.23174798764979332
338,0.08216344300777681,0.22748909076503046
339,0.07822050634891756,0.23369970600258438
340,0.08006498145480309,0.2374977569158812
341,0.07883272151793203,0.22783711597435458
342,0.08113699502521945,0.23116762110762729
343,0.07579784888413645,0.23590827992834842
344,0.07719488345807599,0.22784578852486193
345,0.0817378600758891,0.22783228833424418
346,0.07832069646927618,0.23571406764195377
347,0.08081582957698454,0.22494127420255713
348,0.07536327646624658,0.23251821216485255
349,0.07555718912232307,0.2362134616850014
350,0.08024188852117907,0.23043849283740633
351,0.07492078408118218,0.23420249090009465
352,0.07532396383823887,0.23373569454764365
353,0.08097790325841596,0.2303973914014367
354,0.07524219635994203,0.2303400003446971
355,0.07660236714347717,0.23669188647043138
356,0.07760878988812046,0.23087304035075626
357,0.07370359306373904,0.23309151731188735
358,0.07455930810782217,0.2370454769460181
359,0.07368540595616063,0.23316857039480282
360,0.07191808377542803,0.23886769733632118
361,0.07608908559045484,0.2359288034209034
362,0.07912522145817356,0.22940122748825484
363,0.0720449835062027,0.2316924252157522
364,0.07258470789078743,0.23628685248077363
365,0.07261735152813696,0.22999147798184463
366,0.0778302600787532,0.23349274960078092
367,0.07405539602041245,0.23998419798555828
368,0.07555892919340441,0.23466064715594576
369,0.07269069888899403,0.2312076619095671
370,0.07202575908553216,0.23897785822251685
371,0.07618294944686274,0.23045917904765384
372,0.07434913467976355,0.23024101932544755
373,0.07043364499845813,0.23719923377485203
374,0.07171251384481307,0.2315014528302023
375,0.06971218749400108,0.23490607641394576
376,0.07021526679877312,0.24211268873889943
377,0.0727987539383673,0.23348678547636906
378,0.0746626752999521,0.23536977138286247
379,0.07471065271285272,0.2393112350301934
380,0.07328431115996453,0.23365477859077596
381,0.07154260239293499,0.23510221419925975
382,0.07046597042391377,0.23777326168422414
383,0.0774092998716139,0.23550541825909962
384,0.07367027334628566,0.23683346120785354
385,0.07630670407126026,0.2408189595417869
386,0.0716657946186681,0.23318177805209817
387,0.06933584160381748,0.232322596293643
388,0.06844977049096938,0.2374128649632136
389,0.07127615040348421,0.2310813318443179
390,0.07165953372755358,0.23468645970176036
391,0.0682740401356451,0.23910057208591834
392,0.07029211160636717,0.23465222538563243
393,0.07103641451366487,0.234068246301553
394,0.0748480361315512,0.23882324332581426
395,0.07185905859355003,0.23335697552315274
396,0.06813303885921355,0.23758833651853384
397,0.06868826573894869,0.241326175125918
398,0.07331480085849762,0.23603543474859462
399,0.0746224791772904,0.23651475793586338
400,0.07296096221093208,0.23825772528660327
401,0.06866903603076935,0.23540985617870674
402,0.06921070045040499,0.23879377454295195
403,0.06801405044332627,0.24465563321920267
404,0.07290255062041744,0.23439487273382364
405,0.06858484038422184,0.23437752188148356
406,0.0713330572170596,0.23782501061608022
407,0.07222188552541117,0.23908273610554842
408,0.08315789819725099,0.2467948893332541
409,0.08880704713444557,0.24247562504352482
410,0.07780916291859842,0.24258469896657125
411,0.08159057844069696,0.25624656557738035
412,0.1014408637439051,0.2384259658573863
413,0.09299626682073839,0.23075240006422937
414,0.08132827786668655,0.23456720824827226
415,0.07174363491996642,0.23232942729964293
416,0.0755714875075125,0.2564880757179475
417,0.09149568696175853,0.24205450041401655
418,0.07671103290011806,0.22778690372941487
419,0.07491699197599964,0.22985093586875083
420,0.07533045834110629,0.2324660352074114
421,0.07404852225895851,0.23598146128624603
422,0.07869101820453521,0.23760914055625895
423,0.07434747824745794,0.22871104200232895
424,0.06694160449889398,0.23200612005434537
425,0.07052204565655801,0.2261200350403487
426,0.07456120464109606,0.24111803675205784
427,0.08164940798474897,0.24509275217253462
428,0.07362473275392287,0.2331969637545129
429,0.07096182218482418,0.23546947322244333
430,0.06883159604284071,0.2295383982789845
431,0.06781104399311927,0.23756343017992818
432,0.0801786681817424,0.24660927281343847
433,0.08354104574649565,0.2337237034077035
434,0.07837076244815704,0.23035579355886407
435,0.0758850293294076,0.24280570712603422
436,0.0793031812194855,0.23205974358215667
437,0.07020744296812242,0.23350089825783157
438,0.07282507011005955,0.2318400603562668
439,0.07010636358491835,0.23519881667200485
440,0.07611852115200411,0.23725494264361255
441,0.07625336103862332,0.2302478224337848
442,0.06562335548862334,0.2324777525992023
443,0.06818731008998809,0.22563461623245612
444,0.0683747292045624,0.23965727823569363
445,0.07313552282510265,0.2277068602187293
446,0.07191429118956288,0.23115563478535578
447,0.07414642889653483,0.22814469655653588
448,0.07995011345032722,0.23845033172079197
449,0.07033256994139764,0.23269242922166236
450,0.0753375222125361,0.2462506610199921
451,0.08140495563707044,0.2354899409570192
452,0.06973557630854268,0.226472166397219
453,0.06466014947622054,0.22569873914085234
454,0.06287735292027073,0.227397668219748
455,0.06653716150791414,0.22458090623817348
456,0.06120754441907329,0.22618955291602247
457,0.0632189295945629,0.22720382793953545
458,0.06179881023783838,0.22349097514361665
459,0.058856195860332056,0.22629035665726005
460,0.06155580594655006,0.23199604018439626
461,0.06536053289328853,0.2316914147004149
462,0.06898782258072207,0.23607210344389865
463,0.0680591271769616,0.23116602970842728
464,0.06850035524656696,0.22733273986437566
465,0.06665052641783992,0.2289040211896251
466,0.06357147448485898,0.23123041026873098
467,0.06258655315445315,0.22885279925096602
468,0.06974997948254308,0.22921399914083027
469,0.05746275631170119,0.23143540147253147
470,0.059681165602899364,0.22973788333566567
471,0.06133265024231326,0.2280891208645694
472,0.05954016240373734,0.22344267155442918
473,0.05838748187788071,0.22979843526854551
474,0.05890402918861758,0.2250715227130063
475,0.057308662562601025,0.22871115041854687
476,0.05641920215660526,0.23187620993843652
477,0.0557767080683862,0.22482787640321822
478,0.05787147581577301,0.2306757409844482
479,0.0585753723017631,0.2266923665701596
480,0.05598842713140672,0.22655163186235835
481,0.05754123784361347,0.22916958568837112
482,0.05849687983432124,0.23458246901668703
483,0.05372582760549361,0.22870872944668122
484,0.05372766561565861,0.2312835025832169
485,0.06300703267897328,0.2322404651638858
486,0.05488257686938009,0.22895869052499757
487,0.05430119388526486,0.23017512217052
488,0.05314165449911548,0.2299981391370147
489,0.05321342221671535,0.2306838137912272
490,0.05258620037667213,0.23007216175696008
491,0.05451722479154987,0.23210845895130233
492,0.0582314484542416,0.22982503309435115
493,0.05527553430968715,0.2300463814409753
494,0.05675650207746413,0.23523464918435366
495,0.05504470799238451,0.23040746585617686
496,0.05586151550373723,0.23186520548691428
497,0.05721160817530847,0.22895731767616176
498,0.057737225366215554,0.2287496060207673
499,0.05448309704661369,0.2309279387307944
500,0.05528188616998734,0.2280360419947402
501,0.05520937195227992,0.2287900373899847
502,0.055135327601625074,0.23043267223470493
503,0.05297586874615762,0.23069311629859426
504,0.05845617587047239,0.23123358470156677
505,0.05290380673062417,0.23216287717036435
506,0.05149513999781301,0.23261829064155282
507,0.055536705399713206,0.23255535228210583
508,0.05052914025802766,0.23026651831199052
509,0.056179879413497065,0.23404361150766673
510,0.054177294695569624,0.23262173893457666
511,0.05197227445821608,0.23423772041958973
512,0.054906897727520235,0.2340290459773893
513,0.05171246850682843,0.23253542244583741
514,0.051546234397157546,0.23115699217283636
515,0.05290011340571988,0.23299009791741096
516,0.05358374875880057,0.2339159103115101
517,0.05442924364920585,0.23273062664912758
518,0.0519184299534367,0.23258298512240103
519,0.05190182477235794,0.23193323040815225
520,0.05476622391612299,0.23480410403326937
521,0.05168826409405278,0.2351264654843132
522,0.05512710961122667,0.2349834804397478
523,0.050152845440372344,0.2342684555023834
524,0.054439706787947684,0.23125839980323812
525,0.05265847677665372,0.236063127529651
526,0.05292131992117051,0.23370165032402315
527,0.05369937528044947,0.2351442825674712
528,0.056365200108097445,0.2399154835401621
529,0.05689126938100784,0.23530946627147215
530,0.06111135694288438,0.23776563258846303
531,0.05679887172675902,0.22949235469924478
532,0.05296499907009063,0.23460934447465384
533,0.05588931169721388,0.23208816117959513
534,0.05657936175984721,0.2329700812884142
535,0.05844295361349659,0.23475799655406399
536,0.05598653167966874,0.2369523579838282
537,0.05765672592866805,0.23539690344704123
538,0.05228873534548667,0.23173422846280245
539,0.05526587403108997,0.24223149917030096
540,0.055496417346500584,0.22904860655914872
541,0.06132349816541518,0.22771344414181577
542,0.06494999003987159,0.2314504721110925
543,0.0617003463689358,0.23195375531986542
544,0.07436168626431496,0.2298037785859335
545,0.06410999884528498,0.22738464120635413
546,0.060721865104090784,0.22984670741217478
547,0.058359274580594034,0.23053955449197525
548,0.061001666491070104,0.2337498603981539
549,0.07193188104898698,0.23131419191683145
550,0.06552830266375695,0.22881398740268888
551,0.06021253704544036,0.23057853761024044
552,0.07210553100993557,0.22389184274619683
553,0.06170848396516616,0.22762572059505864
554,0.05813082740191491,0.23727407297096156
555,0.06413563052492757,0.23052698482098735
556,0.05991555209602079,0.23676160116094097
557,0.06212509543664994,0.24221546891936682
558,0.07157532125711441,0.22934832769378385
559,0.05876568055921985,0.22826166006556728
560,0.05503063324478365,0.22430874698592307
561,0.05474724163932185,0.22314627233304477
562,0.05072738518637995,0.22706783351892218
563,0.049707224051798546,0.22478538579809337
564,0.049371857196092606,0.22576653905082167
565,0.049929690697500785,0.2256513396301365
566,0.049190989785617395,0.2254484031059987
567,0.04935507019681315,0.22647804511071445
568,0.04903061976355891,0.23231239221000433
569,0.04811920189569073,0.22686981232393355
570,0.04933143839720757,0.2304174101218245
571,0.049580552765438636,0.22879540565468015
572,0.04839744695251988,0.22840967546578936
573,0.04668162018060684,0.22973563819003284
574,0.04902936241799785,0.23092311045579744
575,0.051486746438087955,0.2293833615935237
576,0.04888936745062951,0.22967467320742166
577,0.04988827412166903,0.22815522271439545
578,0.047095485992970004,0.2265401246927137
579,0.05276087623450064,0.23240337761721216
580,0.052795411718468514,0.23543486731094226
581,0.049806958725375515,0.22900381336982986
582,0.04914020001888275,0.23010817031961933
583,0.046270206330283996,0.23231105801455657
584,0.04694869080858846,0.23454374750903376
585,0.04574864549982932,0.23341045855430134
586,0.04996711953032401,0.23049585397978475
587,0.05044903305749739,0.23119733932621797
588,0.046800576510929295,0.23176739878373637
589,0.0455605712148451,0.23329994007758328
590,0.04664711257623088,0.23320962260839037
591,0.045682252895447514,0.23501513285893844
592,0.045918402292074695,0.2353336401003644
593,0.04609230593327553,0.23181334462829103
594,0.04710316093217942,0.23441331364905327
595,0.04684699074395241,0.231509673640244
596,0.046606429281734654,0.23100850650839938
597,0.048737316843002074,0.23439298760622068
598,0.04779740771458995,0.2320106169185543
599,0.04614695894622033,0.2314814273127936
600,0.051157784317770315,0.23200507260354838
601,0.04480475776137844,0.23641010181497513
602,0.04854540430730389,0.23271344191299045
603,0.04406089732243169,0.23241277016643294
604,0.045377373935714845,0.2329957627861721
605,0.04609478277064139,0.2313047434602465
606,0.047661125900283936,0.22937984917695659
607,0.047565369956916376,0.23174335869183219
608,0.0462636221801081,0.2314693240967012
609,0.0450796909149616,0.23819375990476824
610,0.04685938706801784,0.23124020877189205
611,0.044207202931565624,0.23409404626167507
612,0.04691330415587271,0.23476374421950272
613,0.04719867304928841,0.23401941676486404
614,0.04594476268656792,0.23331302691969955
615,0.05321497229799148,0.23633521705641783
616,0.04606642922566783,0.23160112333626376
617,0.04818327076012088,0.23427798320775045
618,0.046039558706745025,0.23202630911106453
619,0.048624886860770565,0.2325845857087831
620,0.046286560234523585,0.23392996109816663
621,0.046764806033142155,0.23508485613908983
622,0.05069496710934947,0.23326214856671212
623,0.04732139024042314,0.2378347758437159
624,0.04739376962665589,0.23178875031775997
625,0.04488438716338527,0.23125002725530686
626,0.04581616458392913,0.2304118098247619
627,0.04673239720925208,0.23542397471149465
628,0.04676667324477626,0.23227255199487346
629,0.046724499353478034,0.23978045425916972
630,0.04992484553687034,0.23184279996649662
631,0.04573367115470671,0.24099058988399075
632,0.04550820516963159,0.22934117110301377
633,0.05096725554716203,0.2357088382306852
634,0.05382555843360962,0.234697768637411
635,0.05511272782760282,0.23680562471835537
636,0.05281067831862357,0.2250481460775648
637,0.05544227313610815,0.23377032421137156
638,0.0500214621424675,0.22982751703202575
639,0.05227932321929162,0.23048034101201778
640,0.049896196612427314,0.22672727782475322
641,0.05129607478457113,0.232767331682351
642,0.053609571750125574,0.22621692761890871
643,0.053558061199803504,0.24151618565831864
644,0.06140515712961074,0.24746341327378027
645,0.05917556055130497,0.23407361938391713
646,0.05815564961202683,0.22893842767205155
647,0.05059440241705987,0.2399344685531798
648,0.06561819043370985,0.23061234778479525
649,0.06463618408287725,0.23671552456709974
650,0.05812518611069648,0.24668198562504953
651,0.06575022097076139,0.22554411942648112
652,0.04972132908240441,0.22873451088305405
653,0.055349011334680745,0.23097026251013716
654,0.049173119327714364,0.23035720203604018
655,0.0519996119603034,0.22929109491053082
656,0.05166984469659867,0.22634401230286239
657,0.04994954589393831,0.22824433953839735
658,0.05203155019590931,0.2276996088057831
659,0.045931449220065146,0.2253290652705912
660,0.044048115851417664,0.22615565299838408
661,0.0456082834111106,0.2310393398118796
662,0.05309837347557468,0.22516398120643502
663,0.0454122225844091,0.22650181660825447
664,0.044911325098045414,0.2295605095481514
665,0.04252818587326234,0.22478518588351726
666,0.04489493538295069,0.22619196062996275
667,0.049216331132958015,0.23574138864090569
668,0.04360498319710455,0.22526146083099202
669,0.041780460866228226,0.22780120574442067
670,0.0417957667621874,0.2275232544220181
671,0.0421379302297869,0.22859754818573333
672,0.043905327156666785,0.22918839282111117
673,0.04548803620761441,0.2296194294117447
674,0.041218841027828954,0.22457149411950791
675,0.041404622336549145,0.22509955321637012
676,0.04205379010208191,0.23253876788723737
677,0.04106094315648079,0.22406318567151712
678,0.042711666995479215,0.22619384008093288
679,0.042446700796004266,0.22984152647636288
680,0.03952398679910168,0.22726881399489285
681,0.04162023384724894,0.2245502118254664
682,0.04522668942809105,0.23665529665044674
683,0.041060266355353016,0.2289234257132786
684,0.04288755898033419,0.2275644486261191
685,0.04422112061612068,0.23252733387893304
686,0.04340346097465484,0.22565416431516633
687,0.04304324463009834,0.2295645268115782
688,0.043657543558266856,0.2356157219947729
689,0.0413573217247763,0.22960161169370016
690,0.040078373325447884,0.22960849969010605
691,0.04909259994183817,0.23267666812528642
692,0.046536066719601234,0.23490503124127113
693,0.046270145163420706,0.23058149984157772
694,0.050471872331634644,0.23142398352312266
695,0.045972353268054225,0.22699450598772905
696,0.04660013053686388,0.2301552553747531
697,0.0460139297910275,0.2324523855570265
698,0.048996411624454686,0.23196354411299666
699,0.05011077777993295,0.2245616856822394
700,0.05127649189483735,0.24244403816703566
701,0.057586749114336505,0.23131296527863743
702,0.048793092249862606,0.22770690705095017
703,0.05282828968859488,0.22946107615354963
704,0.05470206780779746,0.22365305518596096
705,0.04949324986627025,0.2313735453332576
706,0.05966081061670857,0.2290042640646
707,0.06449041683827678,0.23792354011894168
708,0.054400581265649485,0.23763958769932128
709,0.05288607795392313,0.22527141193100683
710,0.05103341682303336,0.23343743914201445
711,0.05418511528161264,0.23238728268254072
712,0.05937379838958863,0.22480232632697972
713,0.050260367653062264,0.24235962544168746
714,0.056696253317979076,0.223746949157918
715,0.04839321982956702,0.2277212970911112
716,0.04324343283810923,0.22186722806223055
717,0.04599784446820136,0.23198809950871574
718,0.05013469390330776,0.23033488976925537
719,0.04880746417949276,0.22778016747089855
720,0.04795752261434832,0.22268572483295784
721,0.046407691052844445,0.2256150799511668
722,0.045637267010827216,0.23037844694646678
723,0.04700917221846119,0.22173246199773966
724,0.044355777482832634,0.2268146132317402
725,0.04098573627491151,0.2243699527399283
726,0.04353816470792217,0.2229845271746915
727,0.04334028089238751,0.22431970053448116
728,0.03922366831571825,0.22798336235652292
729,0.041720430336652264,0.22483347509439128
730,0.03923113175457524,0.22480973067289606
731,0.03847291152323446,0.2289482188179977
732,0.03932375917511602,0.22572697560888783
733,0.03824157604286747,0.22614547009007974
734,0.04061723680746171,0.22701699796475863
735,0.040601482434618856,0.22653348023132572
736,0.0411757419426595,0.22326862457252683
737,0.038213804724716374,0.22709583328630692
738,0.037127926104491754,0.22737458281050948
739,0.03803291231874497,0.2243537706390658
740,0.03900001822940765,0.2295834231645541
741,0.03653960170284394,0.22610621815337276
742,0.039394679208917004,0.2293167948946917
743,0.03711776014777922,0.22588557251413963
744,0.03823004482734588,0.22955159462036046
745,0.038882140791223894,0.22891450985183096
746,0.03779796354712978,0.22750023291224525
747,0.036269407599203045,0.2287590140313433
748,0.036540568355591066,0.23173211933228008
749,0.038983880151664055,0.2286350733803627
750,0.03660868600972237,0.22849681402059427
751,0.04136058604044299,0.23023777964868045
752,0.038554928475810636,0.23002029462416368
753,0.038338487306910175,0.22892843657418302
754,0.03698054905379972,0.22917593447935014
755,0.03709392898505734,0.22966963639086052
756,0.03631784286229841,0.2304505582964211
757,0.03719075793220151,0.22806879997552187
758,0.041366911703540434,0.23203089695078388
759,0.03664970073488451,0.22719398753386094
760,0.03586383572509212,0.22971874262605393
761,0.035755613157826084,0.22824805885329283
762,0.03607919752117126,0.22917750866192027
763,0.037643366523327365,0.22950640888441176
764,0.038249171549274076,0.2307719749242142
765,0.0357052591298857,0.2297630667088922
766,0.03984807215390667,0.22948553500916427
767,0.036280400330020536,0.230294126727826
768,0.04431779406243755,0.23256802719487882
769,0.040762371714076685,0.23318842045944138
770,0.04342240756077151,0.23438238193815514
771,0.043967963466721195,0.22941496150386065
772,0.04227151733732993,0.22902893291828327
773,0.04485470128636206,0.22870289793886936
774,0.04566884581600466,0.22558610342947163
775,0.04496812279666624,0.22650321929675893
776,0.045301089483884074,0.22788806778745244
777,0.04591308906674385,0.22722431188239192
778,0.041186689128798824,0.22970299590799145
779,0.04247994781021149,0.23004786434926486
780,0.043846499535345265,0.2281097570308169
781,0.04154288732717114,0.22508859768845982
782,0.051746261456320365,0.22630565454786583
783,0.04596860730840314,0.22604863453927196
784,0.04205598622079818,0.2249674882207598
785,0.04417700680994218,0.22773144620104244
786,0.044059438570853204,0.23136836772126362
787,0.04379244256884821,0.2299851434944865
788,0.04066475432726645,0.22315595943228642
789,0.03999879415477476,0.22757589734885328
790,0.0422368902833231,0.2295384975453666
791,0.041565604868435094,0.23022903550537607
792,0.04019436768947109,0.22646649301350863
793,0.03928517574264157,0.22880857406104715
794,0.04655356813342341,0.22496128537899868
795,0.04029871667585065,0.22451392469698922
796,0.041645721802788395,0.23127397760412746
797,0.043062716361976436,0.22882321032515743
798,0.04312156104753094,0.22932299512221402
799,0.04667473079696778,0.22561180744702952
800,0.045950601298001506,0.2284562195975679
801,0.03892054961573693,0.22685952036452472
802,0.03865213463864019,0.22720220655128173
803,0.03675676389567314,0.2278726420232228
804,0.03644398972392082,0.2298914777829235
805,0.03776596714892695,0.22974948611175805
806,0.03510167882327111,0.23026466952230698
807,0.03589067728288712,0.23050136322664438
808,0.037010553022546154,0.22829182980054602
809,0.03557677470868634,0.22850679257011652
810,0.03793704545786304,0.22599194861743085
811,0.03580306458377069,0.22728670319369562
812,0.03475020621572771,0.22640210068913033
813,0.03695503393969228,0.22815672134546408
814,0.03407275712778492,0.22766175985635073
815,0.033529121188386794,0.232389062344281
816,0.0351996362930344,0.2268604388213098
817,0.038525741066663496,0.22840824637347296
818,0.03466272798757399,0.22860453503771236
819,0.033606835671009555,0.2316373219540842
820,0.034505883892697674,0.22714211016818694
821,0.03559100555796777,0.23370944097974247
822,0.033934776821444114,0.22985516440001943
823,0.03497465892184165,0.23025635949202947
824,0.03696710556264846,0.23084481463844614
825,0.036900354489203424,0.22776015338144803
826,0.0370349905663921,0.23106256541901066
827,0.0324773651457602,0.23155733274487325
828,0.036814913273819035,0.22853361880570128
829,0.03403640105839698,0.23108216391918354
830,0.03463856653580742,0.2296898268667379
831,0.03594820477789448,0.23224074705352163
832,0.03305751049230175,0.2298723185869088
833,0.03327792702663329,0.2354918715723774
834,0.03545795164762005,0.22971714274925098
835,0.03699756978500274,0.2320835690077086
836,0.03283757956758622,0.23043507901498847
837,0.03361605143835468,0.22928249182408317
838,0.03503196085652997,0.23082941479252694
839,0.033375597408702294,0.22861600926794803
840,0.03348314569842431,0.23124616688355468
841,0.035038304304884325,0.2291700868379502
842,0.035142201089089914,0.23283908047472923
843,0.032935355219148824,0.2296371871890281
844,0.03452969654913871,0.22785160729759618
845,0.032896230177533244,0.23287034699492587
846,0.03426140186286742,0.22875385471902096
847,0.03457879887953881,0.23601114290549344
848,0.03245044403499173,0.23781640693209224
849,0.034215941183990045,0.23231506399941027
850,0.03974028220099787,0.2319792737264681
851,0.03418825735007563,0.22912908534059548
852,0.031770695721910845,0.23028369513071867
853,0.034133548698117654,0.2307355657107848
854,0.03943056733377518,0.23504220408604556
855,0.035923890649311,0.22899311889233745
856,0.03853405651546294,0.23605008109619743
857,0.036771894102135015,0.2325041193262975
858,0.03332441540495042,0.2309612949241074
859,0.03779016795658296,0.23768785383020127
860,0.03361276585248209,0.23376906448438353
861,0.04035698976968565,0.2326824238575192
862,0.03743404594640578,0.2324885151215962
863,0.037888011023882895,0.23196990250196672
864,0.036652000200363896,0.23340053621091342
865,0.04444303808193053,0.23921722718946317
866,0.0397975716379381,0.23468395686687382
867,0.03995049420383669,0.23665830317445866
868,0.03622232918297091,0.23378397475806692
869,0.040714277014616995,0.2427571171656587
870,0.04531052672574597,0.2308379376965358
871,0.03809221209056916,0.24192240598954654
872,0.0415078682764884,0.23472513792508826
873,0.03874116030431563,0.2376404853542347
874,0.035362536388058814,0.23199040265310378
875,0.03883438677557053,0.2369719494255563
876,0.03889621313541166,0.23109802547702216
877,0.0364177034747216,0.2365783344310029
878,0.03799250962272767,0.23574734727541605
879,0.036767445504665375,0.2367319394099085
880,0.03441648101133685,0.2340115687452761
881,0.03822372553329314,0.2356059792869372
882,0.033247392264104655,0.23382543453148433
883,0.0335529574583615,0.23890134255240733
884,0.03700425668108848,0.23828676970381485
885,0.03513074666261673,0.23813180296791525
886,0.034245634631764506,0.2343092132406426
887,0.03705067704281499,0.24199033115890092
888,0.03625360960441251,0.23437048341696126
889,0.04151614743375009,0.24100632958095475
890,0.03638620338132305,0.2326634013488478
891,0.03374686909298743,0.23936344642089424
892,0.03900174327915715,0.23280361324623414
893,0.03442235206884722,0.23646644807250278
894,0.035001907257303115,0.23390391013377293
895,0.03739621153762264,0.23630427003354953
896,0.03538980334997177,0.2391880219218725
897,0.038416447057839365,0.23753134458136738
898,0.03876821468434026,0.23446049042662284
899,0.03424643701122653,0.23955044165290987
900,0.0361283736363534,0.23137073353269047
901,0.037302821033423944,0.24148070151196385
902,0.03636613247856017,0.23201508797649154
903,0.042957570644155625,0.24375604582310917
904,0.03530840707882758,0.2346140445399105
905,0.035549825838496606,0.2398081854321903
906,0.03545174675603067,0.232740659574817
907,0.035013403863676136,0.23804246415769248
908,0.03714441724361912,0.23249871984012144
909,0.036667965953388525,0.23517973694884986
910,0.0376238088694311,0.23351611585395976
911,0.034971022077145114,0.24127742958098725
912,0.034243277965053436,0.2356419649189875
913,0.038589149833686893,0.241119629981225
914,0.03722364118983669,0.23075046687197864
915,0.03354805179180637,0.24023595822036714
916,0.03245696569642713,0.23148280834046223
917,0.033545742832845254,0.24246937144818462
918,0.03501851772589068,0.23581980848521517
919,0.034555718062385436,0.24030062474104993
920,0.035660209374562386,0.23652084261403047
921,0.034496065469518784,0.23677600210621244
922,0.034026116613418825,0.23291035960043283
923,0.03366912606983415,0.24322797731498727
924,0.03573168736071356,0.23560836123195208
925,0.032074317696594426,0.24058115407637784
926,0.03419571081476827,0.23295310808154276
927,0.0327064051262794,0.237608423956056
928,0.0340247773114712,0.23504230204530827
929,0.03308197603591027,0.23816941010025808
930,0.03268831679897924,0.2362558980259979
931,0.03626476853124557,0.23704485654980317
932,0.03393554134714988,0.23505206775844545
933,0.03575182105264356,0.2388606439706377
934,0.03908194649604059,0.23133603190270283
935,0.03294629327231838,0.24397559165207663
936,0.03602934893100492,0.2341924327283276
937,0.03864106547928626,0.2375438955418747
938,0.037744039609547586,0.2333301162734665
939,0.0346946824462183,0.23522060829445832
940,0.03429573221552756,0.23147338300121756
941,0.03656189960818137,0.23844832521781587
942,0.03331834540492104,0.23510266003901498
943,0.033306393051339735,0.24020453376280038
944,0.036269507220675866,0.23464643200836086
945,0.034538903904538,0.24130574701573318
946,0.03876024424549072,0.23488358873173706
947,0.03759234494739963,0.24264719215849587
948,0.041380168930176764,0.23224055008930072
949,0.03737997191567575,0.23896807462051697
950,0.03422111465084937,0.23392034678680257
951,0.03269116808810542,0.23807277173774882
952,0.03380799690081227,0.2332713389232344
953,0.03241348771318313,0.23997700158366583
954,0.03418719780541236,0.23627199172824248
955,0.033407393001740976,0.23891201574252663
956,0.03256098841947894,0.2354555738749062
957,0.03374103552872135,0.2380504002771282
958,0.03254483051357731,0.23478742750515616
959,0.03288728942073161,0.2422266219343458
960,0.032496561266241536,0.2350279447951711
961,0.03415706128843369,0.23928626594985636
962,0.03280263586390403,0.23389710583035508
963,0.03366393439712063,0.2364778551914937
964,0.03291555133558089,0.2340592712836158
965,0.034488054893670544,0.2412091679964448
966,0.03918728893322329,0.23412248432486876
967,0.038656704007617886,0.2354597353322763
968,0.040868539182889844,0.23002565052724422
969,0.03571560570309239,0.23834152258279032
970,0.033970117809311036,0.23519147084769151
971,0.04514262428687465,0.23972227355292566
972,0.04255742759954545,0.23455169744658888
973,0.045505975883814595,0.23145425760357602
974,0.04475056980886767,0.23007183292306455
975,0.043234956360632376,0.23486174784955524
976,0.04108924598943803,0.23243805037853413
977,0.03757629591611124,0.22973963435281786
978,0.039593230812780315,0.23055886998212427
979,0.03674577825492428,0.22882075533084104
980,0.03488449079375113,0.22942262002848146
981,0.037126514700151256,0.23076299329598746
982,0.04023624752317705,0.232432122778773
983,0.04519751079140171,0.22893065703393223
984,0.038684770464897156,0.22861674416782266
985,0.03561873097092875,0.22300106544691817
986,0.03960457756634681,0.2347072254595601
987,0.0438031115599217,0.23034070458328515
988,0.04458658853846212,0.2316604115834511
989,0.04240976093757537,0.225246921629834
990,0.03884161876574639,0.22242262709260285
991,0.040060205325003595,0.22403132299283393
992,0.03712563084498528,0.22969080115619459
993,0.03600449211174442,0.22276200496015094
994,0.03767240371915602,0.2230063070704166
995,0.03803737906198348,0.22698057489586354
996,0.03711218386888504,0.22876531225547456
997,0.036470260591276234,0.22692557411235675
998,0.0362812775758005,0.23274044662639312
999,0.044210725493969455,0.22840232280710884
1000,0.0393147693286019,0.230739124847534
1001,0.0375586009073642,0.2267234643972607
1002,0.0377773039283291,0.23413208929966567
1003,0.04121181585134998,0.22660283053429203
1004,0.03546069898912983,0.23087586578271144
1005,0.03420580803386627,0.22787549990908543
1006,0.03502058045518014,0.23092256807593772
1007,0.031972243781051325,0.2259663894287028
1008,0.031651462878911726,0.22741391201664632
1009,0.029974915447735017,0.22915580977025188
1010,0.032874870865095045,0.22537931127655775
1011,0.03127689911953865,0.2251829602440497
1012,0.02975230231400459,0.22751295081057346
1013,0.030344670518271385,0.22421325840298692
1014,0.030337057887546478,0.22623131213182196
1015,0.03331483696256914,0.2303298688622047
1016,0.03123194526039785,0.22687735664366482
1017,0.0302225761115551,0.23363967195041196
1018,0.03146009303389057,0.23296338779137546
1019,0.03448596993280995,0.23439003975319683
1020,0.03483354228158151,0.22895343385095285
1021,0.03509877345735027,0.2279555913350337
1022,0.03193193169370774,0.23401620520983724
1023,0.03546570253468329,0.22919470322012603
1024,0.03661594996529241,0.22569004201650023
1025,0.03256144843274547,0.22830308962585336
1026,0.030513827118181413,0.22227771725869716
1027,0.0324950453735167,0.2297106217172809
1028,0.034464663675715844,0.22702434957774362
1029,0.03766092141309092,0.2323267883749534
1030,0.03407897704070614,0.2258922439021873
1031,0.03267327383641274,0.23309323068400076
1032,0.03424452617764473,0.2236029014999705
1033,0.03492763061677256,0.22768729544223698
1034,0.029663523959536708,0.22742825272238643
1035,0.030978956530171055,0.23197176219676072
1036,0.03158093351990946,0.22979076875182322
1037,0.032097031752909386,0.23225989116164378
1038,0.03083625129393993,0.22301774712881647
1039,0.03198581909941089,0.2300659874477482
1040,0.03374149626301181,0.22988785396243697
1041,0.03149401781059081,0.22676092994989908
1042,0.029091339678533615,0.22737729418696018
1043,0.03326215486853353,0.22992941923906332
1044,0.03292945556102261,0.22976752167058767
1045,0.03183615652303542,0.22454846726921865
1046,0.03271349735798374,0.22441662362494266
1047,0.03457337245345116,0.22894754449377083
1048,0.03322789601741299,0.22747692514332316
1049,0.03484192730919007,0.22616421567616904
1050,0.032188134508267525,0.22552797575492906
1051,0.03223265677450165,0.22692093757310308
1052,0.03266333944855198,0.22874798381089567
1053,0.03357537595495101,0.22708734137970105
1054,0.031590463653687506,0.23339308058857022
1055,0.03680922403450935,0.22817643270606086
1056,0.035637810345618956,0.22531106097058842
1057,0.036394383397794536,0.2249691540510732
1058,0.032171167072749904,0.22727454709528683
1059,0.03267832953603037,0.2263960794249274
1060,0.03341275105072606,0.22643609983580454
1061,0.03071961768211857,0.2261637299505989
1062,0.03561600526013682,0.22753723361587763
1063,0.032940520033721,0.22678756243304202
1064,0.03361263630851623,0.2262061392528969
1065,0.031095401353893742,0.22499631655246094
1066,0.030832736182116693,0.22581263476595245
1067,0.02944641374051571,0.22739389359502865
1068,0.03171187771424171,0.22904289534366817
1069,0.02857509669998,0.22642431544480765
1070,0.028845671083657973,0.22964431875779814
1071,0.030494308399577296,0.22534824112304172
1072,0.03194430758876185,0.23714331972569153
1073,0.03568524723091433,0.23056032984776603
1074,0.030371143753009457,0.22724721153129013
1075,0.03190695061799018,0.2249118218893993
1076,0.030489881312654864,0.23175538807435142
1077,0.029500562457307693,0.22867535973401895
1078,0.030015798946542126,0.23213161061282145
1079,0.028587989929702975,0.22683460890948026
1080,0.033042014846878666,0.22863672636355972
1081,0.03106995179287849,0.22824425319382421
1082,0.02853309591450999,0.23186069782963373
1083,0.028902643870922826,0.22964316856741607
1084,0.02789915118726992,0.22951933876016087
1085,0.02826221022875078,0.22867811786799802
1086,0.0299894648694223,0.23679217177076747
1087,0.031188300840796962,0.2292140534423049
1088,0.028488864761687095,0.23342806070968322
1089,0.030269221312576724,0.2308351394153179
1090,0.0321668773408859,0.2335816858182276
1091,0.029276266333556945,0.2286080105935123
1092,0.028765662543235287,0.23173314964113975
1093,0.029426327816420985,0.2294540556152363
1094,0.02897769176671582,0.23298136475390957
1095,0.02898825753119684,0.23031842742199288
1096,0.030319227806983456,0.23194908027660877
1097,0.027936132684830698,0.23025050781723252
1098,0.02808713312110593,0.23050211399868317
1099,0.0288342057216552,0.2282774568276298
1100,0.028827676369297887,0.23195744184473702
1101,0.02919600501416191,0.23002685117243526
1102,0.028872313338422006,0.23591248915159613
1103,0.027524604191703182,0.22874913198457925
1104,0.029274386203577443,0.23642700735040775
1105,0.028936659616808736,0.2297251233107464
1106,0.02815974930361394,0.23551686769141292
1107,0.029455269416493755,0.2306931405736689
1108,0.028633058311477784,0.23334126271550218
1109,0.027752028357598088,0.23002576293951288
1110,0.028470191263383435,0.23215150754702718
1111,0.029059888314335577,0.23122341886050718
1112,0.030962619449823134,0.2368576990855965
1113,0.029771725016255534,0.2326365916203138
1114,0.0280866316489635,0.23785635179146788
1115,0.026956095810859435,0.23305600750864597
1116,0.029267978704264088,0.2340891257787408
1117,0.02879058257226021,0.22773826828128413
1118,0.027121467275484916,0.23343380635842345
1119,0.026770090864550684,0.23144814599874922
1120,0.02827889664519218,0.23520854821330622
1121,0.02778902409538146,0.23329433843605502
1122,0.028111106025115136,0.23401254971971489
1123,0.027612046128319155,0.23286108900431104
1124,0.027336774213660146,0.23185580382520393
1125,0.02750520402145001,0.2312264452900803
1126,0.02824314707709897,0.236408475086205
1127,0.029983069086747784,0.23310689770040058
1128,0.02680831216275692,0.23186904561698884
1129,0.028090949200334087,0.2327200043619725
1130,0.025971271638428012,0.2273362732321995
1131,0.027866964558920553,0.22885532225283764
1132,0.03082594209380688,0.22895361651155285
1133,0.03182212695960076,0.2291202086180374
1134,0.030218607115168727,0.22656362150844775
1135,0.028260029732219635,0.23031431996732726
1136,0.029238664695332126,0.2343208917549678
1137,0.028992010400660576,0.23258387108793235
1138,0.032720422852904565,0.2302816109101575
1139,0.027994884298213066,0.23090490265597677
1140,0.033232185629106334,0.22814734313721047
1141,0.03242685351400606,0.23002597887563825
1142,0.029692489473569776,0.23158175563603117
1143,0.02904049547449235,0.23038433854442492
1144,0.030201872630465414,0.23326913108652397
1145,0.03397360420034778,0.2383514628523872
1146,0.03227077003928923,0.2273003144894626
1147,0.02889500702581098,0.2329568585432263
1148,0.02866519819344244,0.2295035920047521
1149,0.027841486036777496,0.23207085551624013
1150,0.02733914764417756,0.2295547242003276
1151,0.02706324453315427,0.22771432715699189
1152,0.030458035488282482,0.23424996824043437
1153,0.028908496181811055,0.22881284976065308
1154,0.028192722028301608,0.23382697820215298
1155,0.027216826535521016,0.23290517959827767
1156,0.027901846434800856,0.2392459664129673
1157,0.03178687994518588,0.22826720617319407
1158,0.03285735731403674,0.2323515639642725
1159,0.02973089307065933,0.23156021707189411
1160,0.029058932597118038,0.23179241779603457
1161,0.02915433337611537,0.23270122113084435
1162,0.027023262254172755,0.23324015280955418
1163,0.02899650340118716,0.2315322495716855
1164,0.02913757756112083,0.2296218579649029
1165,0.03428269225743509,0.22822043669403047
1166,0.032119511236106194,0.23228464923556288
1167,0.03199222828111341,0.23329201859788487
1168,0.03168013259287803,0.22934120605912126
1169,0.03207038066560222,0.230804511889778
1170,0.034339490436738535,0.23051753416097254
1171,0.028580231892485774,0.2309208116062303
1172,0.028719483604354244,0.23133521786608494
1173,0.027149103521820036,0.22847941521564522
1174,0.02665393054485321,0.23015285449517997
1175,0.032148659469619874,0.2311447867026604
1176,0.030055807843323675,0.23014963655394122
1177,0.027041537747267756,0.22777113587336434
1178,0.030086196959018707,0.2320541526216612
1179,0.026656578324975505,0.2324211044344388
1180,0.030018997288519336,0.2308927823726396
1181,0.027950471567530787,0.23095380217957318
1182,0.0306902437681152,0.2288677592698793
1183,0.029518095055414785,0.2311825452741226
1184,0.03330345608053669,0.23146691111693704
1185,0.02751961716961476,0.2273675773227424
1186,0.02575166048782487,0.22721828008654124
1187,0.02639031344123425,0.2286039284969631
1188,0.029168819047270284,0.22956794440596923
1189,0.030593186316470945,0.23261188075207828
1190,0.028849378588699525,0.2325707048849952
1191,0.02881263478869392,0.2311097075392429
1192,0.03001019977513821,0.2315717905311656
1193,0.02653705845436742,0.22905250353024417
1194,0.029979109043075193,0.23112791082016507
1195,0.02858608540508055,0.23032618991862563
1196,0.02796717919409275,0.23357115129480385
1197,0.02567668409357148,0.22843371436261295
1198,0.029873298300850774,0.2350557154805439
1199,0.026025393076481357,0.23000541837293104
1200,0.026257649304405335,0.23444958441986477
1201,0.025848234312668923,0.2323234499173057
1202,0.024847979627309308,0.23188477429680357
1203,0.025120925398603562,0.23142208017054058
1204,0.029307056999494954,0.2350592346194394
1205,0.029479096853925336,0.23092188486329893
1206,0.02808355864497923,0.23621887050774462
1207,0.02559896858949815,0.23225280030030654
1208,0.025596687450043617,0.2329594611299964
1209,0.025257641990338604,0.23192041705276137
1210,0.025793214418715047,0.23488793837695493
1211,0.026314659524829156,0.23258539052087263
1212,0.026101455513027408,0.23470746600687653
1213,0.02486843381437563,0.23289927858905984
1214,0.025906753455919605,0.23775110261183335
1215,0.025386170273826968,0.23089080608279483
1216,0.025008858572090824,0.23679346193496445
1217,0.026855939698796117,0.23460414210208377
1218,0.026646422883195263,0.23557773467741513
1219,0.025674210801239935,0.23300117519415708
1220,0.024670004243812254,0.2371414101362826
1221,0.025069012997611877,0.23234701081923673
1222,0.028935215766391447,0.23347366685257817
1223,0.028244044992231553,0.23518918058776617
1224,0.024798547428461812,0.23617884815486154
1225,0.026790629231160688,0.23286617885257369
1226,0.024954164941464702,0.23390353846370726
1227,0.025870610268846635,0.23389505697671034
1228,0.026932608035783612,0.2341163633834748
1229,0.030895519761308547,0.2345457109517621
1230,0.025525664429991476,0.23755570469344767
1231,0.025745475364308202,0.23226653536160788
1232,0.028053458359452985,0.23750934538835272
1233,0.02598852958650358,0.23285819937412003
1234,0.023848401442650827,0.239241391644442
1235,0.025526706970507098,0.2355204891590845
1236,0.025285192615082188,0.23660975466844134
1237,0.025740116594299194,0.23499025113152383
1238,0.025210093526590253,0.23523567389127306
1239,0.024391527497960676,0.23642022859183767
1240,0.027440719246383635,0.23644879146626122
1241,0.02491784792753958,0.23286067998797672
1242,0.02720905407782524,0.23573340415805205
1243,0.025101562300997395,0.23456641781449616
1244,0.02459622012271035,0.23585270375088044
1245,0.025916368430179935,0.23581194078414364
1246,0.02918156765161022,0.23394891029611267
1247,0.030356180163160447,0.23595723995290005
1248,0.02799184524243878,0.23598221926611468
1249,0.028712634117372574,0.23457243982562445
1250,0.032458806951199806,0.2374478893023087
1251,0.02832098173037652,0.2317305017159995
1252,0.025242578238248825,0.23391538966717876
1253,0.03151455233173986,0.23357990294470823
1254,0.028001032889850678,0.2325656401334251
1255,0.029474137290831533,0.22947083394927786
1256,0.02840158655758827,0.23578054515789626
1257,0.029900968915993167,0.23100730190450386
1258,0.02966754138469696,0.233305801313025
1259,0.02730825711642542,0.23191098021086595
1260,0.030760537893060717,0.23694731022481033
1261,0.026448759761068127,0.23475528043463714
1262,0.03099080054990707,0.23540102617633074
1263,0.03062364386935388,0.23348465520785866
1264,0.02655286588255436,0.2330797239204397
1265,0.024926035995444944,0.23116729395431385
1266,0.02576051682474152,0.23147358881650412
1267,0.025386367954554095,0.23225798810783185
1268,0.026752208269411517,0.23127099998612752
1269,0.027378051872214964,0.23259849622285456
1270,0.027066890330564593,0.23265177313994645
1271,0.029151525528680895,0.2348853152870833
1272,0.027449929485878637,0.23086260535513847
1273,0.030222808882113424,0.2316484413574214
1274,0.02871360906189488,0.23300151541866457
1275,0.026353202820304903,0.2323347975810369
1276,0.02790181452949201,0.2307381172078594
1277,0.031110182044006163,0.2331949439189189
1278,0.026817896132988316,0.229602606299527
1279,0.024855903800456755,0.23348275749456315
1280,0.02535505628874225,0.23209887141721292
1281,0.02405293706444002,0.23194465179341778
1282,0.025300194839796713,0.22904413419409206
1283,0.025422515948453257,0.23249449336289763
1284,0.023940725071776296,0.2308507926183237
1285,0.02396219950770178,0.23076734167143217
1286,0.023852810624145692,0.23412088482152849
1287,0.024648501687953548,0.23317962466624745
1288,0.024413977299005754,0.23043215607192583
1289,0.024418589388651234,0.23563147494966225
1290,0.02448676971177901,0.2327055640163876
1291,0.02381664832993861,0.23439101012129532
1292,0.02341420473831315,0.2328147527045176
1293,0.023540989706112493,0.23408616392086623
1294,0.02373347239148232,0.22989059753137125
1295,0.02379505804950191,0.23476367938638032
1296,0.024163345896428632,0.23160966539890843
1297,0.024906237038873857,0.23527061793589055
1298,0.025541119938415867,0.2312869632005094
1299,0.02323517293458985,0.23450185186731487
1300,0.02890185621236601,0.23493032941692754
1301,0.02368526515220442,0.23405420731631735
1302,0.022817515858238744,0.23427913642318027
1303,0.024859562215785825,0.23438641290766254
1304,0.026978289588324485,0.23545088699288236
1305,0.022910419250688246,0.23739580981862873
1306,0.02277588670051867,0.23390808477437586
1307,0.022551918402314186,0.23679555175746592
1308,0.023445145196972356,0.2354608646460942
1309,0.024304563059441505,0.2364227502492436
1310,0.02242507869678159,0.232884806835263
1311,0.028581476019274805,0.2359464961036405
1312,0.025205735838220965,0.23307230564436518
1313,0.023905995151688977,0.2374027087948376
1314,0.023660229939606883,0.23262994827931388
1315,0.024233619592362834,0.2332393825801094
1316,0.023261081847933032,0.23274312577301398
1317,0.02316988704185332,0.23384029916802743
1318,0.023252577430778933,0.23798797651191703
1319,0.0246192162195521,0.23677798269087807
1320,0.0243024802616527,0.23453813966802486
1321,0.02555810155407075,0.2361213323615846
1322,0.023284453297815016,0.23389155606279396
1323,0.023410577627439654,0.2344979521699418
1324,0.022930957917724887,0.2326621266833523
1325,0.02605976230434833,0.2370568200908508
1326,0.024899598451391343,0.23441934320412783
1327,0.02403942195157851,0.2361498469099365
1328,0.02488687322024376,0.2370669419380059
1329,0.02359730287665321,0.2329627897282292
1330,0.024218427017331123,0.23346407797402308
1331,0.02363031435637705,0.23402924693766095
1332,0.02373416361308867,0.2343155459727261
1333,0.023825467834549564,0.23768027477844017
1334,0.024426104741231087,0.23342604412321458
1335,0.024399902671575546,0.2357643933822039
1336,0.023258710640572732,0.2335006444152435
1337,0.02396887835235365,0.232961588224074
1338,0.022795128666104808,0.23354447332390568
1339,0.022479459823619936,0.23979860562877847
1340,0.022683042371945995,0.2347014136705781
1341,0.02320562657569685,0.23707765228766248
1342,0.02481198238749658,0.23653276712822735
1343,0.024910745841841542,0.23945666700228116
1344,0.023273771508566795,0.23699318014440082
1345,0.023251278145659353,0.2390169676832089
1346,0.024130078453210094,0.2341649568543996
1347,0.023892794345175068,0.23631881984104788
1348,0.023396666191758647,0.23535760195183575
1349,0.02714652087419264,0.23660507667482944
1350,0.02266096906556237,0.2336995719294799
1351,0.024467984755193035,0.23377140882170588
1352,0.023996661026631633,0.23524029967480137
1353,0.022470555118014737,0.23559395520758808
1354,0.022952408680031375,0.23741194138998972
1355,0.02282214987902872,0.2376960562658788
1356,0.02362227511982764,0.23239088614931083
1357,0.022403183122796398,0.23587394694337868
1358,0.023364768934346015,0.23454637758265762
1359,0.026819566384919228,0.23981986626198418
1360,0.02266734099436191,0.23484928965717927
1361,0.024145367405106945,0.23584256760010444
1362,0.023607140527136864,0.23726498968619153
1363,0.0235825601604677,0.23539129306648607
1364,0.022617590283193895,0.23591864206139604
1365,0.02404905603297295,0.23825522506595553
1366,0.022268599800525174,0.23229801748181345
1367,0.02465440194693304,0.239702531344311
1368,0.026228298823679646,0.23428295074698322
1369,0.02446446375500771,0.23599958053806372
1370,0.022844104216464104,0.23684499758228025
1371,0.02886297661931284,0.23640815245179006
1372,0.023156358469878475,0.23655488922781215
1373,0.022909339096757672,0.23668912900868513
1374,0.022126823783882203,0.23405940046435908
1375,0.02240378013060939,0.23704064142584502
1376,0.025026063945504926,0.23611264849515787
1377,0.022421558297449542,0.23766184028676876
1378,0.022786931405144352,0.23534186811823593
1379,0.02240918991306136,0.24038527876063995
1380,0.025305420460720218,0.232650051701039
1381,0.022129690695193507,0.2385717156835666
1382,0.022651948575531284,0.2358715561846444
1383,0.024825951925689173,0.23821610238468438
1384,0.02352778553482025,0.2353190386429765
1385,0.023535710428991625,0.24002255092288619
1386,0.026327578110560294,0.23429969752342777
1387,0.022358800374692487,0.23709161221084737
1388,0.028272373782050227,0.23797892153561861
1389,0.025014757629363768,0.23650505193940977
1390,0.02358052735367129,0.23702453614625715
1391,0.022090417242819262,0.24020325054500932
1392,0.022997946448383794,0.23760761626830376
1393,0.022693665157402714,0.2386812869468727
1394,0.024465104024256428,0.23537913166490712
1395,0.022353961703277404,0.23915058811356252
1396,0.027855404622612462,0.23766544188622543
1397,0.023978334821520314,0.23665163145029455
1398,0.02344587998044106,0.23444486000484094
1399,0.022397362176449068,0.2413027360475153
1400,0.025249467561802557,0.23579476314379758
1401,0.02270655340004352,0.23951335281208344
1402,0.022551723305256136,0.23629330987470193
1403,0.022173662579828692,0.24051359504984135
1404,0.023268484180012056,0.23928080577599375
1405,0.024009402360646956,0.23979285538644718
1406,0.02239400665125539,0.23727697679273466
1407,0.02264475395842906,0.23905237269282043
1408,0.023038362062746478,0.23307357399834128
1409,0.022755438221558448,0.2375296764355853
1410,0.024654287244043043,0.23886686115336597
1411,0.022187409201456655,0.2388835962030822
1412,0.02329872103948747,0.23612158911718162
1413,0.02239059548704855,0.23931725577154853
1414,0.02234988130869404,0.2365517739888122
1415,0.02311054695277445,0.23975242793858798
1416,0.022125430104713285,0.2383521191383663
1417,0.02373511254066421,0.24093480819000637
1418,0.023752402273877975,0.23695126934009686
1419,0.02871420763192638,0.2396254358733806
1420,0.023097648615798643,0.2377677693552242
1421,0.02272712980066576,0.23832776410537854
1422,0.02260121288559129,0.24122515638221176
1423,0.02407604966673159,0.24000459610668937
1424,0.0227814466362038,0.23836682001152135
1425,0.025095518558256088,0.2386729599987355
1426,0.023407699960854747,0.24053872968618734
1427,0.022175388350602118,0.23936872987221358
1428,0.028054329416444226,0.2396678140288905
1429,0.024553532682118878,0.23679222741670775
1430,0.02249367264730315,0.2368032808665345
1431,0.025169312893863646,0.23845086506285465
1432,0.02399354476121164,0.2364814554464847
1433,0.025019751621350166,0.23658655811670729
1434,0.028995269428818457,0.24220991874099673
1435,0.0247088092108888,0.24047218912974336
1436,0.0245414360636665,0.23917154355306075
1437,0.026353611881213802,0.23339064464085085
1438,0.023195349220787326,0.23910444806841083
1439,0.027370353319471883,0.2355417925911141
1440,0.02658618523949577,0.2363864808228978
1441,0.024089003342293924,0.23427668718018926
1442,0.023893533514872674,0.238825670982662
1443,0.02354705393795044,0.23362230040823906
1444,0.02419519875078432,0.23638745888432763
1445,0.024303805263292406,0.23740316613724358
1446,0.02443027322090441,0.23692686198498672
1447,0.02227960100337382,0.23503805413132622
1448,0.022763620881784345,0.2360377628776364
1449,0.024332678846774564,0.23398972409112112
1450,0.024584085590416384,0.23615758983712448
1451,0.023988149940006195,0.23473532736898964
1452,0.026116607770804438,0.23843230923315636
1453,0.02636612669354485,0.23968723315493504
1454,0.024225057793721076,0.23414933162374904
1455,0.022634789467819275,0.23737142573024397
1456,0.02329799592975647,0.2323277788726907
1457,0.02882822699123813,0.23567790902198704
1458,0.02213114109491148,0.23795528321487264
1459,0.02285301871597767,0.2354678969111359
1460,0.028784643498159224,0.23867488926962802
1461,0.02509229822504905,0.23906724304334262
1462,0.02251735948506863,0.2367002411668462
1463,0.02320917803914316,0.23499570025089092
1464,0.025848844719509923,0.23687054885359934
1465,0.02703074191606814,0.24136303339088172
1466,0.023062496716457027,0.2394104902084011
1467,0.024193093120571104,0.2380932890308232
1468,0.026481798038847985,0.2359056970977544
1469,0.02330943587566576,0.23957166296049467
1470,0.027991110639226054,0.23788458639218993
1471,0.023699804779983336,0.23760581460961125
1472,0.026436826033938314,0.23773472365878878
1473,0.02401475734528034,0.23697412630221001
1474,0.02276728061899062,0.23767109816534476
1475,0.023463711262710633,0.23511630337788048
1476,0.023656793359306552,0.23931779228804403
1477,0.028870085915250164,0.240158540002983
1478,0.026376183595388167,0.24166549140946908
1479,0.024331812115926898,0.23730703366728953
1480,0.02293523989858166,0.23457347200179757
1481,0.02178592715532549,0.23635404233944446
1482,0.0215288860302779,0.2365958984558445
1483,0.025332098886851343,0.23668325937033297
1484,0.022865814186872974,0.23445952663146763
1485,0.025602713467613343,0.23759077224217562
1486,0.023897981331233057,0.23783649646100544
1487,0.023194675844523213,0.23784739667909188
1488,0.026460589360325568,0.23863777563087923
1489,0.021610482265391657,0.2375053477690632
1490,0.021521272858785044,0.23560801193230135
1491,0.02475070550797447,0.23631501750539718
1492,0.02826143957434162,0.23745698711477725
1493,0.023543583830037424,0.23575004998753243
1494,0.02552659941777106,0.23819576136599807
1495,0.022349163949970278,0.2354582926459181
1496,0.02210817594201334,0.23894455786187546
1497,0.023197830023784793,0.2374685470546995
1498,0.022434322403803948,0.236084698062194
1499,0.021427071082495874,0.2384725810217678
1500,0.02242568844268399,0.234445967097629
1501,0.024234230299630472,0.23834741436747978
1502,0.023116102502230677,0.23622194193957144
1503,0.022893313318490982,0.2386289989216286
1504,0.0230236018617307,0.23511390649435812
1505,0.0219429021761302,0.23750899422138855
1506,0.0213214878834063,0.2373940426305422
1507,0.022128316784097303,0.23954773177030989
1508,0.022595922012002237,0.23617197804731832
1509,0.02221577506392233,0.24019081842032888
1510,0.02205317347280441,0.23886910215356297
1511,0.023426716786719138,0.23818574382697133
1512,0.021670053803151654,0.23467009613537848
1513,0.022228971183780703,0.24016434096154712
1514,0.02586863081782095,0.23624107540400704
1515,0.02260249648844042,0.2356715880166319
1516,0.023237535008980383,0.2378645930672648
1517,0.022145336493849754,0.23852697847630447
1518,0.024191555597128406,0.2411259423595921
1519,0.02285296055338075,0.24004268713463517
1520,0.022328902456548907,0.236199463183121
1521,0.021145039688675635,0.23791840538046413
1522,0.025034387986506184,0.23554027909623051
1523,0.024472012875541564,0.23602084020026645
1524,0.021592643893053456,0.23636970558859652
1525,0.022819036197277806,0.23745753610492648
1526,0.021141218922791943,0.23761257947536937
1527,0.021120572042080663,0.23788462101218097
1528,0.022503962079363483,0.23822198890354998
1529,0.023901682767656543,0.237873498023602
1530,0.02160765236664203,0.2374800192308904
1531,0.024161367406768185,0.2390578443319875
1532,0.021744848919972297,0.237207909051637
1533,0.020691166902261394,0.23787669990594523
1534,0.02106850203727522,0.23483693648251078
1535,0.02097157467036478,0.2353815182782056
1536,0.02092728199016663,0.23825241177153766
1537,0.020582448691129684,0.23855905499972196
1538,0.02038283856405366,0.23796249705747255
1539,0.021735475488728093,0.23957188136147378
1540,0.024203849716051933,0.2391523645261774
1541,0.019663714833797946,0.2408693916815564
1542,0.020684053340265827,0.2373491470004084
1543,0.0223602591863563,0.23945764976934084
1544,0.020764962018978213,0.23866993002126688
1545,0.02046033115156235,0.2415721499382105
1546,0.02030461990544873,0.2411038329950849
1547,0.0235212821994097,0.23890166757698345
1548,0.01996744484190018,0.23773139726398582
1549,0.020379492892853675,0.2380207334096569
1550,0.023192661664178296,0.23919462687090823
1551,0.02122826045078616,0.24070958789428673
1552,0.022318533471515103,0.23949899813883885
1553,0.021217739449874047,0.2373674254220231
1554,0.02085928883283369,0.23930438471617257
1555,0.021724362406999834,0.23811960743184676
1556,0.020789450094584497,0.23828582469383278
1557,0.02074637384183945,0.23923159635306002
1558,0.020530270712990916,0.23612964963703825
1559,0.020403729871876778,0.24387974271499424
1560,0.020174336589632497,0.23904216640575188
1561,0.020598467619669054,0.24164528618181558
1562,0.02000670675789156,0.2398149353220947
1563,0.02096073143184185,0.24078921234249173
1564,0.02150644127640032,0.23967479751970536
1565,0.020805549897974538,0.24293503015859982
1566,0.02295455210391552,0.2374911192888604
1567,0.021117047797287663,0.23868297850876524
1568,0.021471118314131614,0.23763455984586462
1569,0.02297646372068313,0.2365516808098719
1570,0.021258120935770772,0.24171152699710732
1571,0.023397086128111807,0.23785450964942015
1572,0.02106042903277182,0.2410275020769664
1573,0.02026593462834435,0.23844830366901884
1574,0.02042053117146415,0.23981848833405583
1575,0.019589770705469193,0.24206392773261345
1576,0.02020967877920597,0.2407457974545639
1577,0.022130756668986812,0.24366453992095508
1578,0.02088866028333864,0.2396372608224252
1579,0.02005991051273961,0.23859401704524094
1580,0.020088608286553813,0.24237465391631113
1581,0.02008468315245644,0.23846759925360667
1582,0.02251873784247906,0.24111114461021615
1583,0.02376945412928058,0.24548582370418653
1584,0.01999640434740051,0.24155361636688835
1585,0.020170739701678677,0.245671856261435
1586,0.020648858359744473,0.23891681137688478
1587,0.022872958272214857,0.24656291123022112
1588,0.024371772163337278,0.23998542174808962
1589,0.021207476455357768,0.2383988664711926
1590,0.021319279507283243,0.2434484268116174
1591,0.022775948227893923,0.23936362919353305
1592,0.022877853664179004,0.2401496588735652
1593,0.02164755935870832,0.2403262597053571
1594,0.019709804666138465,0.2412837023349633
1595,0.019744022478980404,0.24066743258396187
1596,0.019478300946854776,0.24229060094756888
1597,0.0200579893444815,0.24097160300365963
1598,0.02406314724395352,0.2428241159234728
1599,0.020106071005425146,0.2398223475480737
1600,0.020183076901781942,0.24545874538128837
1601,0.019912792790320613,0.24169508881288065
1602,0.019837344185479226,0.24287732976271695
1603,0.021343454478248473,0.24214132488670206
1604,0.022949520438428846,0.2423564871600397
1605,0.02030382587784721,0.2382110356164158
1606,0.020316851235205127,0.23884610391051547
1607,0.021410788139027935,0.2402758987849219
1608,0.02166509868637208,0.24143064944517045
1609,0.02197915730216811,0.2420644238031
1610,0.020262783633605126,0.23753499958598823
1611,0.023804356073660236,0.23885663458727358
1612,0.022789178476218256,0.239433588875565
1613,0.020567943792670004,0.24504370494444566
1614,0.021287015549117518,0.2412606296608024
1615,0.022266596735965823,0.24125083422003532
1616,0.01921125405257748,0.24317613117079387
1617,0.02030572589607008,0.2403376135685689
1618,0.02181042436390154,0.2394359343706217
1619,0.019707153521237836,0.2418986999226692
1620,0.019213694718576247,0.24025181059102366
1621,0.019811457503707178,0.24291563822063886
1622,0.019287926355196584,0.2416450956411529
1623,0.01883375001770835,0.24376501751722848
1624,0.01892373308299049,0.24360088316868422
1625,0.019401848796875246,0.24264674362980931
1626,0.019672248512506485,0.24142465783390485
1627,0.01880792810791923,0.24617051432156623
1628,0.019465882571474198,0.24163666206941867
1629,0.02160273708643452,0.2420944404930698
1630,0.01972969609402841,0.24149154955731297
1631,0.02085872457152413,0.23934079422837212
1632,0.01999150198553839,0.2473761856481246
1633,0.019541817506955515,0.24157985522035966
1634,0.020122924459076697,0.24240818459139132
1635,0.0189151271216331,0.24020261580782726
1636,0.020574738602003744,0.24212328492101273
1637,0.0209387629142692,0.24219002471979997
1638,0.020181980284471667,0.2419778887639966
1639,0.019660038633211967,0.24356490396019212
1640,0.0201675315657931,0.24320694923699648
1641,0.02176592072411891,0.24080425131141692
1642,0.020843875444223805,0.24601777189208152
1643,0.0198700285005954,0.24344231087462345
1644,0.018757543977229826,0.2474667330209474
1645,0.01935012254022783,0.24160266744164297
1646,0.02141984305795162,0.24499778419658355
1647,0.018866647215139483,0.24128763683905877
1648,0.02091598384563,0.24703681689306609
1649,0.019105271646572698,0.23994151134986924
1650,0.018709280498085484,0.24154398801332727
1651,0.0183993061824191,0.2472624003812484
1652,0.020675033691429322,0.24163596459050526
1653,0.01972799790242026,0.24337670722402127
1654,0.019030366994200215,0.24428925474634147
1655,0.02011273350686796,0.24496239446159593
1656,0.018652120064343174,0.2447095959258259
1657,0.020495279181388118,0.2437442281939332
1658,0.022298391367639264,0.24274768846524986
1659,0.019477435477798986,0.24223154775779648
1660,0.0204500061489882,0.24304307448236565
1661,0.02202264453855253,0.24335472554640664
1662,0.020307447520955917,0.24358351409136503
1663,0.01899183595613126,0.23975321717728348
1664,0.020030018843470082,0.24415312061333716
1665,0.02143346524286655,0.2433091528284221
1666,0.01860650015934821,0.24287545684734382
1667,0.019271229844420187,0.24254036745182553
1668,0.01929489667377164,0.2436034897141588
1669,0.018698744235500213,0.24790528394225844
1670,0.018971647766809308,0.24425037242565537
1671,0.020269159167524305,0.24517578693260825
1672,0.019073057799570022,0.24370590842009188
1673,0.021418678544221387,0.24594942325338684
1674,0.019417735657865,0.24327516992737477
1675,0.022817171208800807,0.2456642231322769
1676,0.018281308874007193,0.24434132776911696
1677,0.022034932168260697,0.24195916666871026
1678,0.019737507847528302,0.24317751862202072
1679,0.021333736637907642,0.24596440097443142
1680,0.019007019157851895,0.24300494106640494
1681,0.023089204644483906,0.24450323288153886
1682,0.02116735459816071,0.24073439825298196
1683,0.020165434888293667,0.24882112734748008
1684,0.019410281472148433,0.24587927818447725
1685,0.022169166755291722,0.24410248060423628
1686,0.0218534515269341,0.24215070249741538
1687,0.019656506156729113,0.24330311782079234
1688,0.019148061712903362,0.24424232045809427
1689,0.01854133035146421,0.24399140361407048
1690,0.018512991647566517,0.24219965340947747
1691,0.02241848871832894,0.24243472228970445
1692,0.018640082750108936,0.24524861607784615
1693,0.019084020187297174,0.24232840594044305
1694,0.02008223395434118,0.24383892821040667
1695,0.019159901406495802,0.24232482473204905
1696,0.0212655138344534,0.2442460774927211
1697,0.021234644156309865,0.24251445261458107
1698,0.019468458068947637,0.24261562305883058
1699,0.018541938835574735,0.24420993377391556
1700,0.019122906750248324,0.24294886605482652
1701,0.020497868919084148,0.2444567334532439
1702,0.02164981430096011,0.24628779870973794
1703,0.02276775667503957,0.24828109175041504
1704,0.01856756384574598,0.2439585918920082
1705,0.020941598160612966,0.24375328795055398
1706,0.01975300751866833,0.24531117787486628
1707,0.018017263422089237,0.24271177248399062
1708,0.020998358966842774,0.24530330673793801
1709,0.020652760721502766,0.24740414653804368
1710,0.018911510766033205,0.24518273472039023
1711,0.018345315730379473,0.24554108325998886
1712,0.019027379551722158,0.2455684289821706
1713,0.019074347831549182,0.24545560422397794
1714,0.018129372007904515,0.24831575472701461
1715,0.020522889771288442,0.24596743547079855
1716,0.021685296849858378,0.24559343649181806
1717,0.020431792303439108,0.24659622107681475
1718,0.022492807118162032,0.244894395682746
1719,0.01901193600027792,0.24883003473132476
1720,0.019546179581553705,0.24435480013676456
1721,0.019607289483950983,0.24525711986056545
1722,0.019294096877978693,0.24862597147026158
1723,0.019223819216412884,0.24633477213687466
1724,0.01812668240839435,0.24424842470570615
1725,0.02077109781244109,0.2456047422903821
1726,0.018193263079850905,0.24452168470187893
1727,0.02321557484326824,0.24668624044809126
1728,0.019861490675999273,0.2462795466035231
1729,0.018586183507596294,0.24402527257165216
1730,0.01835784418207984,0.24259322306566072
1731,0.01783214557555414,0.24535751992598512
1732,0.019890219694183718,0.24508730484578842
1733,0.02034440834916407,0.24630615850887203
1734,0.01892312988638878,0.24493368279963806
1735,0.018651398018963875,0.24557027261806907
1736,0.018071354156540285,0.24594775977588834
1737,0.01889589879541628,0.243401403527212
1738,0.019165506165835164,0.2465750132885792
1739,0.017980990390623768,0.2459245472772976
1740,0.019967180226118333,0.2458961205673696
1741,0.017614581051372712,0.24607735267259123
1742,0.018161114365343126,0.24285652393237092
1743,0.018647226474938855,0.24642834937512725
1744,0.018958970784179626,0.24713690373533054
1745,0.02281175433628021,0.24604922286549905
1746,0.01806419949618078,0.2452819349622368
1747,0.018290170919029944,0.24583502412589273
1748,0.018636155873537064,0.2466342837962889
1749,0.02099874447430334,0.2462815309601619
1750,0.017748929199672515,0.24687339499928898
1751,0.019602169132521077,0.24738067485634843
1752,0.018759003750258876,0.24457876668089912
1753,0.018370423706308488,0.2481408060941481
1754,0.017607779091885014,0.24534632459768377
1755,0.018706498006659168,0.24539061398583845
1756,0.01802235282957554,0.2468319903489641
1757,0.017733174105805737,0.2492681025039582
1758,0.021966068795131098,0.24824087015518867
1759,0.017839731288052375,0.2472143489540669
1760,0.018403292723721074,0.24677897175601252
1761,0.01780019568339471,0.24630247134911387
1762,0.018019371095203584,0.2503778598362342
1763,0.02095855424000371,0.24893367436147273
1764,0.017499980306433092,0.24838028325323472
1765,0.017944972841970382,0.24618085490581684
1766,0.017407089291561033,0.24852861841220902
1767,0.01705191656947136,0.2468041493779137
1768,0.017851083869895628,0.2483689691264528
1769,0.017677690473295028,0.24877503219254335
1770,0.01786605731373833,0.248422575549673
1771,0.01838136398263516,0.24718349847130308
1772,0.017179297824059764,0.24553653825643965
1773,0.01787368094007815,0.24940085414806404
1774,0.01839819274121715,0.2461652245587275
1775,0.018021554295574466,0.2471007044826235
1776,0.017948402752799374,0.24763987487868258
1777,0.02101859750766908,0.24849441651264229
1778,0.018165538928681804,0.24618178568687057
1779,0.01753601582059937,0.24844500579332052
1780,0.017425948093014378,0.24698647613961594
1781,0.01821940416289914,0.24673240200469368
1782,0.017206971623724508,0.2479684469395114
1783,0.020422296478383003,0.24779488773722397
1784,0.018804546926290758,0.24707147669523283
1785,0.017113249748945236,0.24978244375614894
1786,0.01785419869326776,0.24869038358816228
1787,0.017865722878806053,0.24968003207131437
1788,0.017657625819406202,0.24793948625263415
1789,0.018316239298832034,0.24757881298250423
1790,0.022572766148274945,0.24935068604641392
1791,0.017418621047850576,0.24886311740056613
1792,0.01795040431522554,0.2462100042286971
1793,0.01707919422657259,0.24774665544206337
1794,0.01803339465010551,0.24614875817806797
1795,0.017466599902799054,0.24996289834940344
1796,0.01734112599684346,0.2472832145771586
1797,0.017997411590430043,0.25248195910662935
1798,0.01742764081685774,0.24774518000302756
1799,0.01855975503642713,0.2502855913606204
1800,0.018009924480030613,0.2481817371190939
1801,0.01674594441729207,0.24640098397146193
1802,0.01820484620909537,0.24708343414883865
1803,0.01837621232674968,0.24941004245054155
1804,0.016939438939575228,0.25047255294364795
1805,0.023395500235980558,0.24942992463297115
1806,0.017966509105697755,0.2491856379840607
1807,0.01714278391051677,0.2501375793589088
1808,0.016983972982533516,0.2486352448101928
1809,0.02042965242458928,0.25135339781604615
1810,0.017148806923820127,0.24855609966399975
1811,0.017939251457010547,0.2543678147004063
1812,0.02046989445244112,0.24581862086042724
1813,0.01727851666510105,0.24780209683684776
1814,0.020605880646936355,0.2529808772088292
1815,0.01852029327663683,0.25065292544980394
1816,0.01871956392161308,0.24981485792718136
1817,0.01778471638118067,0.2498364214386259
1818,0.017198720946907997,0.24758140272215792
1819,0.016515059156283256,0.2509504575702481
1820,0.018595315756336335,0.24760137483440245
1821,0.018010057989628084,0.252140265135538
1822,0.017321639483974825,0.25032859895014226
1823,0.01771592823488097,0.2501273347172223
1824,0.01824709238304246,0.2500584965436381
1825,0.023849467356358806,0.25041732173366354
1826,0.017648583698657253,0.24989116931320132
1827,0.017455868663326386,0.2501876147692664
1828,0.018480262328540126,0.25105230495296327
1829,0.016946218006553188,0.24917707911559514
1830,0.016879857127224247,0.24766858713818074
1831,0.017498159240330418,0.24963866219036562
1832,0.017570688899966977,0.250550956878447
1833,0.016828547922834274,0.2509339060027498
1834,0.01696124522676391,0.24788552231358407
1835,0.01723173993729776,0.24853670339387163
1836,0.017077666256696947,0.2517118611207283
1837,0.0177148763811396,0.24740400566791831
1838,0.019473231607867826,0.24843649674477733
1839,0.016658455493950074,0.24943742163498
1840,0.01791059793603997,0.24963471468976864
1841,0.01755794233852817,0.24729373371391966
1842,0.017044319320590265,0.24880256023920866
1843,0.01962002823429723,0.2517842190680946
1844,0.01706620678305626,0.25090766024021877
1845,0.01682967452272292,0.24953792907092207
1846,0.017393847837323142,0.2523776207277948
1847,0.018764013184174415,0.2514080227093589
1848,0.017677421591454936,0.25099553690667736
1849,0.01704291686896355,0.24862113860167356
1850,0.017461064421842174,0.2526489199701706
1851,0.016712610339445454,0.25078565879423814
1852,0.01710591266953176,0.2502782130450533
1853,0.016955523841804074,0.24982867993059613
1854,0.01667937504187707,0.24845701934102185
1855,0.01666943746949396,0.24951671336527756
1856,0.017447539394901644,0.2518927382496664
1857,0.016667325770662676,0.2510955058467717
1858,0.016851985586747047,0.2489591801450366
1859,0.017919813973769065,0.2526268234527798
1860,0.01948309389333571,0.24929131261238777
1861,0.01827954801340257,0.2513233864292465
1862,0.017470260180773273,0.2495816241679036
1863,0.017656637415770563,0.2542391150144109
1864,0.017045805410992716,0.25033028931695417
1865,0.017126743531515522,0.250510400735346
1866,0.01657454651449957,0.2517548465639129
1867,0.018877600770323508,0.25095290602896747
1868,0.017392228928304488,0.254619982495045
1869,0.017880700648792328,0.2500626433239246
1870,0.016600035912086888,0.25034405335896
1871,0.016689726421909946,0.2500375858449697
1872,0.018804030492901802,0.2509474758068123
1873,0.01655811371822511,0.2548089668640218
1874,0.01618809517352812,0.25042925943109323
1875,0.01678597578598607,0.24985535805087938
1876,0.020272305535693324,0.2505962695917091
1877,0.01958055109266312,0.25239812984203636
1878,0.01694203005923379,0.25304849348719555
1879,0.017275201517247384,0.25038504578117143
1880,0.018157575159303604,0.25309937169079794
1881,0.0166392101635856,0.24870518869475314
1882,0.0186444386359184,0.24958311458279317
1883,0.016537406331589146,0.24959746959215418
1884,0.01674237270509043,0.25127307480588595
1885,0.016468690888535593,0.25089089475329357
1886,0.016603356768046657,0.25281396881679546
1887,0.017080647630556937,0.2524292556414927
1888,0.016462679171273784,0.2541339727197972
1889,0.017261271815626852,0.24837051466443485
1890,0.016422401332566814,0.2512893690949395
1891,0.019066183136836175,0.25137890699812043
1892,0.016266487058131926,0.2549768690776108
1893,0.018522609445837238,0.24964670280466103
1894,0.017108587127539418,0.25243123013871654
1895,0.02008582873930854,0.25309754960369646
1896,0.020666074127920212,0.24927267148381188
1897,0.01920003167563869,0.25315789751391066
1898,0.018944759102117632,0.2530306331197122
1899,0.018849529325962067,0.2533243487502698
1900,0.016925612945229776,0.2542909161563505
1901,0.016614553067953355,0.2530655581177327
1902,0.016238186328161146,0.2505786030140138
1903,0.016830005352535555,0.2543327255655351
1904,0.016624095158711556,0.25269491014474615
1905,0.015760274093237617,0.25114344945527556
1906,0.0170936515975383,0.25174359801717866
1907,0.016731554281807715,0.2527855681372167
1908,0.016703003656960303,0.2519999194264711
1909,0.016342113695798383,0.2501433837159833
1910,0.016018276613566182,0.25320092127436683
1911,0.016419396645599795,0.25323166894285304
1912,0.017785254325116833,0.25308108512769667
1913,0.017468801068682826,0.254260488582733
1914,0.0164401909757045,0.2562265965275298
1915,0.01749882041927307,0.25216605904556455
1916,0.017147900116059087,0.2557580843007654
1917,0.018548793129382596,0.2525515472306345
1918,0.017832810840299054,0.2527690516005184
1919,0.016600378879135656,0.2505712998764856
1920,0.016116606131676706,0.2544655916012618
1921,0.020949606272962787,0.2525897713606818
1922,0.01729586738492212,0.2552293600668584
1923,0.018860731093633558,0.2521149814875801
1924,0.01677150159112869,0.252471733660925
1925,0.01708347218171243,0.25483793673808114
1926,0.016611987304302953,0.2528578820906785
1927,0.017084638888557113,0.2559564789957869
1928,0.015742981626141454,0.2510584160349423
1929,0.016472714081887278,0.2544312668698175
1930,0.017120188042040792,0.2543536847770065
1931,0.016709241535394423,0.25623475829312076
1932,0.016461656338745547,0.25404409802796546
1933,0.02116431932776205,0.25506393096052615
1934,0.016685437771581834,0.25474176561473905
1935,0.015883510932326317,0.2532292765408829
1936,0.017469310231747165,0.2557788016951473
1937,0.017065915609559706,0.253168424754812
1938,0.016216083159369808,0.2535777439300279
1939,0.01870064260137658,0.2540590535653265
1940,0.01747151013583906,0.2549835753844197
1941,0.01653335435736564,0.2537053475030383
1942,0.01645586879984025,0.2541519420636925
1943,0.01625702908683208,0.25431604631114424
1944,0.01706980204870624,0.25424606056141674
1945,0.016280842043699756,0.25251544892489164
1946,0.019167278923334613,0.25432220698896807
1947,0.01575207596103991,0.25326029851771237
1948,0.01691770763887513,0.25400846994909126
1949,0.01738103947812511,0.2511726866165797
1950,0.01598517164107292,0.2551625585720354
1951,0.016121896464497812,0.2539909852850706
1952,0.01648746268643487,0.25205064099982266
1953,0.016310581516834996,0.2549600491771722
1954,0.015873548544702992,0.25361961350405127
1955,0.01759106383448647,0.2562502671527982
1956,0.016578330628333554,0.2528852597812662
1957,0.018922270906548345,0.2539745618526201
1958,0.015814567735839273,0.2550936637815079
1959,0.016642871162583752,0.2544879332222138
1960,0.01622077864744971,0.2532681364538078
1961,0.016557699670234034,0.2534347643380177
1962,0.016730422063940955,0.25402944380029996
1963,0.01579991622918075,0.25402514748555377
1964,0.01668986497867492,0.2539930779832348
1965,0.015974220158832687,0.253072288811655
1966,0.01588856663194395,0.25451837222378954
1967,0.01922957052386576,0.251166152289338
1968,0.017342026495645122,0.2547292635404974
1969,0.01604220868959542,0.2538107061819325
1970,0.01957052855962707,0.25214863305253193
1971,0.01817524415110388,0.25553293481357114
1972,0.016739170757993575,0.25508745466557364
1973,0.016136197673697627,0.2578971912911661
1974,0.018369003319211544,0.2540225005314165
1975,0.015832404606044292,0.2553204421262096
1976,0.015869904339553847,0.25402336263268216
1977,0.01592363149768883,0.2542018929594441
1978,0.016227786819781025,0.2546388775409015
1979,0.01567187244372983,0.2569915622024608
1980,0.016097203437839786,0.2583028600553522
1981,0.01618383632552239,0.25368173304655794
1982,0.015744937103121512,0.25840526916329426
1983,0.01860463655283374,0.2560563967714931
1984,0.015934481165341793,0.25443529361919653
1985,0.015783142238374678,0.25480373330731737
1986,0.016815900141673702,0.25488512300160293
1987,0.017211771660274076,0.25809758076243533
1988,0.015986693121733203,0.2551315068675761
1989,0.01862377204721974,0.2574975588790755
1990,0.015538901661432559,0.25394716926087113
1991,0.019282554035946246,0.25862742837210345
1992,0.017194578303925453,0.25596818847016883
1993,0.01672614600148893,0.2578503310605697
1994,0.016001874460808693,0.2550343509604758
1995,0.01845093690339596,0.2522669844235991
1996,0.016336122587803873,0.2580969478552204
1997,0.01871399617483539,0.25433786728776486
1998,0.01801427760191502,0.25310111023429643
1999,0.015733302120239503,0.25446336807911857
2000,0.016749466198586648,0.2559667907113718
2001,0.016370412503038684,0.25591839820071866
2002,0.017527735401545803,0.25602160614534725
2003,0.01617677816219868,0.2539895303491363
2004,0.015882732166397955,0.2571830380904047
2005,0.017705702493267673,0.2543368966582425
2006,0.017760870106998953,0.2584935936115141
2007,0.015876958266861977,0.25651497395713824
2008,0.016265061113142198,0.25501681460921927
2009,0.017616210265025016,0.2547232374959721
2010,0.015708967652772705,0.2557870300491352
2011,0.017501016718245322,0.25623489998486404
2012,0.018287543928430926,0.2552590259633267
2013,0.016253157368590756,0.25575422030642514
2014,0.015763048743528706,0.25925558521634057
2015,0.015661184585863543,0.2538324001812397
2016,0.016751516610383987,0.2568834620460233
2017,0.016020088877168395,0.2566120751146087
2018,0.01557007425975415,0.25599838584138634
2019,0.018158535142579386,0.25685517303178784
2020,0.01605559044307278,0.2546589570236684
2021,0.015559122747471255,0.25537414725561786
2022,0.01581906647451462,0.2556015400584778
2023,0.015703365867657047,0.25545305715766464
2024,0.015702081063101368,0.25475929935175673
2025,0.015886411611591617,0.25498803449155094
2026,0.015445252730240744,0.25683033006980005
2027,0.015671225865521738,0.2562402251893118
2028,0.0157792512027006,0.25472641794155715
2029,0.015942274863200802,0.25549443125874177
2030,0.016364059140605312,0.2540273990547448
2031,0.015807423560369398,0.2528151174386342
2032,0.01636247811538558,0.256485873147061
2033,0.016705035081794186,0.25753717482986305
2034,0.015872779873109633,0.2570813519315313
2035,0.01582890505632085,0.25608261769875545
2036,0.017947702157881953,0.2592612245029077
2037,0.015529000470715185,0.25783799297379373
2038,0.018149011798443332,0.25871847614758
2039,0.016283994360316183,0.2564461506473689
2040,0.01671423153170655,0.25663232960199056
2041,0.015715861903323282,0.26078522115721736
2042,0.018833885990804242,0.25659661230288056
2043,0.016386907607797655,0.25637532427048026
2044,0.016373990644370357,0.2551724086130472
2045,0.01549238693569937,0.25605735063254087
2046,0.018946668914248867,0.25635429428782974
2047,0.01551901443951553,0.2563689984848027
2048,0.015758978683621652,0.25686066457651613
2049,0.017468265438031767,0.2565897381992866
2050,0.01554586233631257,0.25559307716992263
2051,0.017897389769073454,0.2556178697144477
2052,0.015125514518830084,0.25752147199366626
2053,0.015416570308227693,0.2565700611225644
2054,0.01597050180838954,0.2566362214939935
2055,0.017137129821123614,0.25525988085676254
2056,0.016092943328042186,0.25494163369475153
2057,0.015629835907490022,0.255484029762727
2058,0.01535430003798777,0.256245392269658
2059,0.015641226973985473,0.2548600997318301
2060,0.015384223973078112,0.2558104659157588
2061,0.015611409780479247,0.2591940938007264
2062,0.016365799632283948,0.2577975461432211
2063,0.01563891702361645,0.25614148262598757
2064,0.016814878360638694,0.2559368827737364
2065,0.015883554133676713,0.2578092094949612
2066,0.01634056875181775,0.2564844383034192
2067,0.015682736291520057,0.2592666573766479
2068,0.015304945409297943,0.25670958801469107
2069,0.01562982614362432,0.25664961894502614
2070,0.018547577362868092,0.25926877815920607
2071,0.015453210731427516,0.255793588576759
2072,0.01551819181129817,0.2572753578050991
2073,0.01521963824427897,0.25439739059236716
2074,0.015906006217964234,0.25470693390769766
2075,0.018492817938808474,0.2596327790565658
2076,0.016283063608552178,0.2590110306452988
2077,0.015483429715518028,0.2579279410136971
2078,0.015657043625270168,0.2564885975947057
2079,0.01582437963976014,0.26158788240045533
2080,0.017723255159874118,0.25707177548928367
2081,0.018506112959115736,0.2575567587649912
2082,0.015413020467085222,0.25705401659161226
2083,0.015548440928180371,0.25870386005045476
2084,0.015332563029181573,0.25774311769128144
2085,0.014884621776159733,0.2586768439090939
2086,0.017739513528443152,0.259664047182652
2087,0.01682829502369127,0.25692682233370634
2088,0.015488918630346175,0.2585661335845938
2089,0.015189012572649986,0.2552786915747444
2090,0.015283380905466696,0.25791019694249434
2091,0.01500941626727581,0.2572960038681078
2092,0.015239305283513761,0.2584115016206464
2093,0.015351172176099593,0.2591975614391174
2094,0.015587036047250993,0.25726995701180366
2095,0.015685884942931515,0.25643145123071837
2096,0.015775929896100875,0.2587833449730001
2097,0.018123031083133914,0.2563141272181556
2098,0.01535520831783933,0.2575013373878068
2099,0.015447589839177748,0.25792139152387034
2100,0.01520109386934388,0.2576564278145482
2101,0.015200821622725456,0.2557901784516217
2102,0.01603345738183106,0.2572924195973198
2103,0.017445710217279774,0.25820617355350267
2104,0.016135802672755335,0.26049093244816723
2105,0.015428862444335414,0.2581429942359303
2106,0.015791774847574772,0.2563256370020391
2107,0.018036756484258558,0.2609210493122426
2108,0.015149388252006422,0.25740329323705274
2109,0.016393669430286653,0.25720666595419545
2110,0.015904093401566628,0.25994317868449035
2111,0.01619009637544232,0.2599254546308876
2112,0.016149711464681932,0.25845514349919513
2113,0.017881651859610312,0.2612429828123939
2114,0.01760888952882059,0.2586291876801273
2115,0.016195670881819342,0.2591199902887631
2116,0.01901051564322364,0.2591317915976197
2117,0.015288535505533218,0.25763989984989166
2118,0.015477606035288303,0.25627572670168147
2119,0.015797331118054928,0.2610323288312233
2120,0.015704214242437193,0.25800805402578864
2121,0.015371271769606298,0.25800091715384843
2122,0.017842939453980616,0.25994226231909634
2123,0.016206363095871864,0.26078938302539645
2124,0.01536537956206068,0.2628409065548937
2125,0.01586973607059448,0.2588746069293273
2126,0.01591602322315016,0.2598722121097091
2127,0.019021270856741938,0.25707187501708967
2128,0.01533025346936718,0.2603889645863894
2129,0.017581786960363388,0.2589485369305264
2130,0.01611516648723233,0.2594765059108423
2131,0.017422974169734987,0.259350313167823
2132,0.016067192679451357,0.2588042363263013
2133,0.016236864751385104,0.2591013141667335
2134,0.015597512524935507,0.25903510531984775
2135,0.015202523299282598,0.25905369229633407
2136,0.017392875206085942,0.25791346115575997
2137,0.015477707038723653,0.25805449810691344
2138,0.015968990361978932,0.2568918068083307
2139,0.015787794044421564,0.2546397060678716
2140,0.01976939332821677,0.2599572054948424
2141,0.01570393980270432,0.2619990640340891
2142,0.015548819315529639,0.25744813124189403
2143,0.016776551222128254,0.2595863858037126
2144,0.015960779131179856,0.2585331584726061
2145,0.015671007635612643,0.258877500406184
2146,0.015079474917823268,0.2589151777868582
2147,0.01636313346605147,0.26160698176774766
2148,0.01580804120749235,0.25959883563052444
2149,0.016027877858329202,0.2570232614165261
2150,0.015242713052899606,0.25937936856483756
2151,0.015431483306231038,0.25712142081786515
2152,0.016397904814972032,0.26063198665329684
2153,0.015443443170478266,0.2592245838546514
2154,0.015050477438396024,0.25805086573413144
2155,0.015109554323698244,0.2600636735073008
2156,0.016029771537550034,0.25803165111625403
2157,0.014730668987237638,0.2571329279875098
2158,0.014885853976011276,0.2582842181051584
2159,0.015645781411759315,0.26093648713931705
2160,0.014952481183553896,0.2591766337105505
2161,0.01557299647960932,0.25831511795968937
2162,0.015529397154046644,0.2579036477514377
2163,0.015812152786360632,0.2600288396715221
2164,0.017440680144054276,0.2579440903245357
2165,0.015225391113950361,0.25782390611064165
2166,0.014842976305273271,0.25765859647502276
2167,0.015831016785194798,0.25917244383266996
2168,0.017352561075841228,0.2602630909298894
2169,0.015469684866407225,0.261269451009301
2170,0.015485969101709704,0.25967525117528767
2171,0.01550752318073665,0.2599377773310009
2172,0.015337872078582164,0.2602255116952093
2173,0.016664902709664836,0.2584480609287295
2174,0.015418347481998705,0.25894044440491754
2175,0.01728442082962682,0.2576135560907517
2176,0.016031940197271687,0.26190360585101563
2177,0.015168649925579947,0.2616910240928033
2178,0.01622629490110182,0.2651932240652859
2179,0.019241479946480643,0.25666736831939907
2180,0.017061659014753757,0.2635447526710075
2181,0.016985505488851377,0.25827425397129583
2182,0.01547226462993891,0.26058225905088556
2183,0.015055691402766013,0.2557823315897681
2184,0.015092589622063021,0.2565131168392368
2185,0.018088334991085912,0.2580901282398324
2186,0.016553746326075446,0.25784966136728016
2187,0.014935106940327151,0.2572299309989862
2188,0.01569177874273831,0.2579222827552255
2189,0.017464821947918784,0.2591291847160287
2190,0.01597504810460152,0.25859294831752777
2191,0.015736632439638337,0.25911591483984975
2192,0.015416854091228978,0.2599058918337475
2193,0.015403637662529945,0.2594877872102541
2194,0.015764945336887912,0.2578237340190357
2195,0.01829181593512335,0.25903082932147165
2196,0.015286991673131143,0.259175675442643
2197,0.015109125975399249,0.25939131686860756
2198,0.016232932467133768,0.2594037061197716
2199,0.015732110087429325,0.2584513827672877
2200,0.018422018376088912,0.2620437448484856
2201,0.01635751077124188,0.2602587127521223
2202,0.015291364022320317,0.2603689701784225
2203,0.01566501715851407,0.25784018165186834
2204,0.015614744546192308,0.2568941622374948
2205,0.016534770628617655,0.2585536810688506
2206,0.015085438386567177,0.2586799409978073
2207,0.01576245011341187,0.2584120518805688
2208,0.01474277660130493,0.25957005678262923
2209,0.01574405586166728,0.26505438677201
2210,0.015327335425442266,0.2625253400333543
2211,0.01731659877564638,0.2612070572331436
2212,0.015407481981861976,0.25954274926568033
2213,0.015406952990639594,0.25873374509482755
2214,0.015081159950744721,0.26191511473858864
2215,0.017422938509093176,0.25925681954786595
2216,0.0173642685817134,0.2585869607396592
2217,0.016671406285416697,0.26060920961219863
2218,0.01527536453138436,0.2598701352463629
2219,0.01504656654452124,0.25840909401874496
2220,0.01506457204419759,0.2611717388295291
2221,0.015213633917512433,0.25956185640099655
2222,0.014662153297855009,0.2578533542410174
2223,0.01623315649527696,0.26239587937978875
2224,0.01564763612564533,0.2615773790985122
2225,0.014837809988567907,0.2605413904315547
2226,0.01512897852808237,0.261431156095108
2227,0.015619833052398698,0.25782373644654316
2228,0.017984288954927076,0.26228671758097216
2229,0.015722668909978484,0.2585073224733348
2230,0.01553442737748546,0.25955625416192796
2231,0.01557086690539314,0.25908466426650983
2232,0.01519910967157733,0.2589643158784187
2233,0.01633564397812851,0.25887419567221687
2234,0.015596034185540291,0.2573535644022146
2235,0.017059312832932317,0.2602126716745826
2236,0.015132895130063257,0.26031997784934846
2237,0.015302251183217572,0.2595658280646293
2238,0.015344932615276306,0.26154011861423504
2239,0.016836629038856875,0.25794869750962224
2240,0.017471076319775274,0.25998382240459134
2241,0.015745799507825606,0.2599233939758219
2242,0.014858447586096103,0.25973221891207204
2243,0.01588892474049522,0.2609246877724664
2244,0.015457209379922959,0.2619758255424954
2245,0.014918839829342981,0.2599876183540301
2246,0.01715766073715302,0.26266702202926007
2247,0.015352093224083223,0.25977137942511336
2248,0.01506092558584867,0.26167017004842447
2249,0.01675762377318836,0.2617807626948321
2250,0.015753931816547148,0.2604009012381236
2251,0.01556532514551955,0.26060591850961956
2252,0.016961050670473807,0.2591966547837532
2253,0.014844546515134073,0.26071529859737647
2254,0.015312277020946626,0.259996734279439
2255,0.015291060290990336,0.26213184477093826
2256,0.019247425479754325,0.2592902106599401
2257,0.015118134418322195,0.2616375133507234
2258,0.01571184895451992,0.25928915555315807
2259,0.015529439874714421,0.26117737012399467
2260,0.01535189175798047,0.2588152469399579
2261,0.015104601580289102,0.2593787189264943
2262,0.016559749871732726,0.2591291889735033
2263,0.015297037068634264,0.25990771664712664
2264,0.0145507235861113,0.26254342063178393
2265,0.0151223253398653,0.2581825437850522
2266,0.014933186312836985,0.2596265828997868
2267,0.01465870845582216,0.26054829941656354
2268,0.01538354002179638,0.2626549031277348
2269,0.015356767892597182,0.2616316718714578
2270,0.014972963280254794,0.2611823188780543
2271,0.015130752517331031,0.2611285557872371
2272,0.014810871603267809,0.2620943081483506
2273,0.015040237787029436,0.25924746300044815
2274,0.015424738127377725,0.2611135060625865
2275,0.015176957773585473,0.25931577332187117
2276,0.014819757982848151,0.25822349706837405
2277,0.014896808973243159,0.26074523260270743
2278,0.015312887788299591,0.25969313992593523
2279,0.014685379461415352,0.2615923823644045
2280,0.015455911777192546,0.2583487627649666
2281,0.017548316248482274,0.260014609473391
2282,0.014912842742858394,0.26056157388633355
2283,0.017165582687143358,0.2601331855569567
2284,0.01566920729894792,0.25809656057441444
2285,0.017259607061503396,0.25995177904466044
2286,0.015319212730373106,0.2590491068841222
2287,0.017493167321287816,0.25766411983877197
2288,0.015215800173820989,0.26061148026533293
2289,0.015539298194550698,0.2590611357064474
2290,0.014835504033873159,0.26208962395525814
2291,0.015017237303958784,0.26154580906519015
2292,0.015266069331236424,0.25940384019287605
2293,0.016307611499101884,0.2610350186962233
2294,0.01547251554626611,0.2604100612694757
2295,0.01474490737722766,0.2616538785603411
2296,0.014888868156460023,0.26084855557384345
2297,0.01746441880541463,0.26205185485214816
2298,0.015461914721996553,0.2591950609196995
2299,0.015238005067071608,0.26057209455429164
2300,0.015564952045679092,0.25924482299271684
2301,0.018994037662782976,0.2604328658721202
2302,0.017032051849509438,0.26092557388738286
2303,0.015235203708852492,0.2616949181882361
2304,0.014913578277393695,0.2601181148437032
2305,0.014732349063119581,0.26010174776677203
2306,0.017191882155114604,0.2622125229067671
2307,0.017550333853690855,0.26548678769653006
2308,0.014627854850503707,0.2635019724455692
2309,0.015410756752375633,0.26026795965089533
2310,0.014783210391479154,0.2587637944627824
2311,0.014789942501773757,0.2595836792822768
2312,0.015025800875117701,0.2604610927421646
2313,0.015286117551788207,0.2582873017118688
2314,0.01858001971437085,0.259349766157026
2315,0.015232477337121964,0.25972011296970204
2316,0.015025308836371667,0.2618543994157834
2317,0.0145466344491128,0.2609450179980811
2318,0.015563728948754648,0.2600728510913992
2319,0.015590719337905607,0.260844438409148
2320,0.014887871190665229,0.2622170439340118
2321,0.01527905136707329,0.26072876308496135
2322,0.016589171944126006,0.2598995790445715
2323,0.014821141717895385,0.2608852525402729
2324,0.014832729924350016,0.26162512544402505
2325,0.015209844996852259,0.2587701261491704
2326,0.015597740608838296,0.25947026292184244
2327,0.017119897469397512,0.2597637095845732
2328,0.01560398990348462,0.2589451069745205
2329,0.015249470248818398,0.25932220319159943
2330,0.015204796026791296,0.2590946927479933
2331,0.015427668608965413,0.2584724281366009
2332,0.02055979447980081,0.2613642884226969
2333,0.016985080835800016,0.26259524791611166
2334,0.014845412044275192,0.2616408389612547
2335,0.017336145914610353,0.2603850356842342
2336,0.015520844368203994,0.26162868670951156
2337,0.019025637557910334,0.2636478128737973
2338,0.01722390967751703,0.2602216237992571
2339,0.01495574252499688,0.2591186264030318
2340,0.01521845516418257,0.2608153462634051
2341,0.018212435917267875,0.26274039702756063
2342,0.01820670218477326,0.2584785747348814
2343,0.015476547061435638,0.2599574217670842
2344,0.01558646388472088,0.2619354404079585
2345,0.01735345069919863,0.2620785622145598
2346,0.014664068427537718,0.25906248965807127
2347,0.014730433182370278,0.26116377365469634
2348,0.015662083822873332,0.25956518324395467
2349,0.015081507934918326,0.26226598704070375
2350,0.015431693574834255,0.26267021957943615
2351,0.016395846862466104,0.25930945119612797
2352,0.014866410544322382,0.25844843842481313
2353,0.01524609886109829,0.26104144658659933
2354,0.017298723601045146,0.2588816163757989
2355,0.015596533134098976,0.25855257363994616
2356,0.015657673199330608,0.26304766924160167
2357,0.01594571108298917,0.2600256684504655
2358,0.015132140187967208,0.26312315441612016
2359,0.01506101820738085,0.2589593555843621
2360,0.01550591358494374,0.25874304035701845
2361,0.014694942221526177,0.25885255533949775
2362,0.014985409144672656,0.25877194756403904
2363,0.015014809195793444,0.25929426108685355
2364,0.015058237939111648,0.2611213974038461
2365,0.014930780586456098,0.2613443867828613
2366,0.015042113200310738,0.2598782202653718
2367,0.015007714740931988,0.26101541384718474
2368,0.015030277412264578,0.26198705922541465
2369,0.017176148842179006,0.2606906282871887
2370,0.01510586403310299,0.26017768587683676
2371,0.01703648016818108,0.2600300468896565
2372,0.01489947207512394,0.25910729931709464
2373,0.01469104673953787,0.26147422194480896
2374,0.015410629221268238,0.2599891771499376
2375,0.015180378581487363,0.2618205051000853
2376,0.015028738987541968,0.25863299558037206
2377,0.018022802207739122,0.262179397326663
2378,0.014771908641822876,0.2616191766315833
2379,0.015006234238464986,0.26267456788018834
2380,0.015298240247272676,0.26215800986552895
2381,0.015035435797706727,0.2610424146765754
2382,0.015593817217215415,0.2593546023494319
2383,0.0153124344445044,0.2587766836684449
2384,0.01588921960923941,0.2598440929836498
2385,0.014908035766453512,0.26124682809625355
2386,0.017264304262015126,0.25892420789054166
2387,0.014769242295334417,0.2615332926126351
2388,0.01628091510745787,0.26037173723815976
2389,0.015603494890514881,0.26121248906118827
2390,0.0169281572584183,0.2605294224463011
2391,0.01621915369985565,0.26059337830483764
2392,0.014993367085774098,0.263318890579661
2393,0.017403588540131045,0.25790120306469144
2394,0.01465350789048018,0.2592924819853073
2395,0.015063505078996382,0.26041232938306375
2396,0.015564335810561334,0.2605754380536856
2397,0.01538951478658184,0.2655058618924373
2398,0.014608869479308206,0.26044546418769615
2399,0.01465385112791292,0.25875475311787205
2400,0.015048399417390746,0.2577100921244848
2401,0.014699072607101933,0.26066734356091437
2402,0.01571049721490952,0.2593203375587487
2403,0.017201879031715855,0.26043848712043954
2404,0.01699886753434135,0.26112078253487897
2405,0.015540637646711642,0.2643029632275565
2406,0.015535687787398215,0.2588153216324952
2407,0.014964886490375764,0.26098440482951046
2408,0.015190127816411757,0.2606852806749798
2409,0.015092391520738602,0.2577087588626938
2410,0.015182835200140554,0.2578739100380948
2411,0.017622051039530386,0.2595781389633217
2412,0.015380444365643686,0.2575157653344305
2413,0.015148760089951177,0.2590973231203873
2414,0.014735992006476848,0.2616645977237171
2415,0.014903663627562984,0.2618434361198492
2416,0.015564254094516077,0.26048456957764493
2417,0.015423662539932036,0.25998804331722114
2418,0.015477049855455276,0.2591078576811573
2419,0.019347539592173793,0.2588850371446227
2420,0.01478932073880588,0.26212442201331143
2421,0.015421673715595276,0.2614727999482836
2422,0.014632346138598458,0.2609750793541882
2423,0.014768632429261361,0.25947277005154984
2424,0.017280355786844608,0.2623155955832106
2425,0.015050218320421634,0.2622377614030862
2426,0.014853843848311132,0.2590575956536415
2427,0.01509068455667265,0.25835538339943515
2428,0.016219341766930396,0.26074622926257907
2429,0.01488424627290618,0.2606352438828103
2430,0.01550205163056812,0.26037170045208513
2431,0.014793779100141218,0.25938851802719565
2432,0.016840040803916993,0.25995281166898876
2433,0.014795657247304916,0.2615214164992024
2434,0.015027289729445212,0.2618092364984049
2435,0.01477987187043313,0.260479220284854
2436,0.014916678710329917,0.2642135407616919
2437,0.015248018106625925,0.26207870547484635
2438,0.015037328575647647,0.2577434722567561
2439,0.015030501710791741,0.2613462147706732
2440,0.014799443464125357,0.2606016757120763
2441,0.015055884486965595,0.2581668409488554
2442,0.015372423845673762,0.260210911843711
2443,0.015133109664724718,0.26078777904050393
2444,0.01583029029350127,0.2595152402282658
2445,0.016309194146625457,0.26314446307662737
2446,0.014828340300629217,0.2598786128120016
2447,0.01529430658105881,0.26170673219482404
2448,0.014971584472204409,0.26117629242272006
2449,0.015676114527929212,0.26252997814115125
2450,0.01765547593634936,0.26011995145850314
2451,0.014963650595276587,0.2589975891256691
2452,0.015139064871736111,0.2616640711786753
2453,0.01925511048325608,0.26158997599492995
2454,0.014842448395586783,0.2600400964717817
2455,0.015414153496103903,0.2598130476280561
2456,0.01679523688771071,0.25944900557510836
2457,0.015776745554420255,0.2598084761086562
2458,0.014856130425487795,0.2613998814707711
2459,0.014678813006368375,0.2614782545948985
2460,0.014898455010787133,0.26205880798044656
2461,0.01678993159364308,0.26184204414972384
2462,0.014983723841367228,0.2608264452383333
2463,0.014817054143115398,0.2607312121785673
2464,0.015035513848547013,0.2603683598283538
2465,0.015453303112618385,0.261223061528421
2466,0.014950121001851174,0.26174043335562064
2467,0.015164002415633971,0.25845945385613833
2468,0.014929115622033995,0.2591414114735778
2469,0.01570768654346466,0.25954555374637883
2470,0.017018007384913582,0.26135300025157165
2471,0.015001665650596541,0.26315090795955565
2472,0.015496342142503108,0.2605962031765988
2473,0.0175383914742739,0.2612438577981222
2474,0.01518570295264644,0.26147529124317315
2475,0.015577944836789561,0.2591178754442616
2476,0.01478374689336746,0.2607774658310682
2477,0.015539675440278745,0.2597038727206993
2478,0.01718777832725356,0.26202613417815446
2479,0.015435748343025484,0.2609586071475108
2480,0.014781181820698323,0.2612708330826652
2481,0.014690899800869727,0.26110610619822244
2482,0.015161367493771737,0.2583395009276861
2483,0.01487971656024456,0.2606298496251118
2484,0.016708855727507223,0.2653921262960984
2485,0.01603771040156003,0.26022641132947494
2486,0.014834297159987112,0.26054236371266215
2487,0.015048996875843695,0.2601648902235772
2488,0.01546712664346541,0.2608617938177329
2489,0.01595338818527037,0.2613604604675059
2490,0.01536408328120747,0.26298542638171585
2491,0.014750964278655668,0.25969052979521884
2492,0.015384641445932849,0.26240851089619754
2493,0.014514099536163191,0.2590771778708413
2494,0.016809203091167634,0.2595593589066264
2495,0.015142615493987837,0.25982234016396943
2496,0.014779994985268961,0.2601887575142963
2497,0.014747289520117545,0.2591763846482848
2498,0.016962637914524924,0.259663921512458
2499,0.014489637237162359,0.2604303849221471
2500,0.018381675645228353,0.26138959186417715
