epoch,train_loss,val_loss
1,2.0724950990369244,2.0571606834430742
2,2.073779267649497,2.0618517530293095
3,2.0834381811080442,1.9131693081150676
4,1.870718563756635,1.661424692113298
5,1.6076212583049652,1.4434349199285483
6,1.3886717711725542,1.2629291530241047
7,1.1952011469871766,1.09494972408266
8,1.0482631998677407,0.9588822229464251
9,0.9014877484690759,0.835522170652423
10,0.7975144040200018,0.7449129933402652
11,0.7091612142901267,0.6984953953508746
12,0.6983807029262665,0.6849402198217865
13,0.6775974496718375,0.6627331819749416
14,0.6535815808080858,0.6267238232426178
15,0.6042217631493846,0.5921741721026581
16,0.572139766908461,0.5662816647897687
17,0.5470800611280626,0.5357865296808401
18,0.5082372503895913,0.5079176154053002
19,0.4907354510599567,0.4904097728711322
20,0.4595637475290606,0.47300492141181066
21,0.44030443891402216,0.45978300336907085
22,0.43588143683248953,0.44688231410239276
23,0.40699941112149146,0.43163818531765374
24,0.40037258978812923,0.434856421069095
25,0.39621661074699893,0.4279985609359311
26,0.3985614872747852,0.41994224193699675
27,0.3808755095927946,0.41763608340631453
28,0.3758153434722654,0.4100024894365392
29,0.3722516240612153,0.41091559509884446
30,0.3666433586228278,0.4058965567807506
31,0.37546612562671783,0.4099604728676024
32,0.36705767819958346,0.3973652293956967
33,0.3534891672672764,0.3976777242986779
34,0.35658599195941804,0.39259282635865655
35,0.34790693367681197,0.38950306154731523
36,0.34344478480277524,0.3893351301662904
37,0.34016755511683805,0.38947321530571555
38,0.34882725631037065,0.3877420851909427
39,0.3397675887230904,0.3882834175624943
40,0.34183588047181407,0.3859834272909284
41,0.343407049294441,0.3949688859003827
42,0.3546857362793338,0.3902997568735204
43,0.3329031015596082,0.38679705623696026
44,0.3330474640092542,0.3907951261465412
45,0.3387360822769903,0.38516854911221
46,0.33152097079061693,0.3894812868053752
47,0.32792245476476606,0.38078779527418
48,0.33085177310051456,0.3782528771045513
49,0.3162484159392695,0.38995243448362615
50,0.3223319793901136,0.3793328452976724
51,0.32770131576445793,0.37869128338376384
52,0.3219206515819796,0.37431795032400833
53,0.31184535737960567,0.3809136370369665
54,0.3093588054180145,0.37024298489541935
55,0.3143317718659678,0.3711266733500593
56,0.32151542363628266,0.379217034892032
57,0.31256345202845914,0.3724820221725263
58,0.30637981141767195,0.3736297170769302
59,0.31537297752595717,0.37511068694573596
60,0.30948961838599176,0.3694396131767665
61,0.30695651615819625,0.3670397515882525
62,0.3029399591107522,0.3715250736340544
63,0.29930469201457116,0.3671982143457073
64,0.2920232049880489,0.363648651013697
65,0.3000227241746841,0.366755252419259
66,0.2906342917873013,0.3635494408750893
67,0.29035276559091383,0.36953761942105784
68,0.2902955210977985,0.36626240088228595
69,0.2864351762879279,0.36721544277697876
70,0.28638966621891143,0.3700525774842217
71,0.28762231526836274,0.3741657512827326
72,0.29322461735817695,0.36565451073766053
73,0.2817206488501641,0.36769026995900284
74,0.28034720401610097,0.3603511985232657
75,0.27822955385331183,0.37743123641288967
76,0.27828521593924493,0.3645351593356981
77,0.277221062491017,0.365242151015982
78,0.27876241553214287,0.3665626875141211
79,0.2849251906717977,0.37333174778106515
80,0.2848955065973343,0.35998818278312683
81,0.2737562800607374,0.35791720528351634
82,0.2669866959894857,0.36741438209263605
83,0.2745328641706897,0.36396866842618864
84,0.269332226245634,0.35814627429895235
85,0.2658553209996993,0.3608720666334444
86,0.26284491150609907,0.3644889538598837
87,0.26688736388760226,0.3643918700684282
88,0.2721867080657713,0.36411863722299276
89,0.28507719982054924,0.36223841871235307
90,0.26858717491549833,0.37610235750525817
91,0.28552768307347454,0.3661082689475296
92,0.271491737134995,0.3670093702493156
93,0.2733705514861691,0.36368142901207867
94,0.2610282426880252,0.3674752674903487
95,0.25923692747469873,0.3594180151334681
96,0.2581950089623851,0.3558706179597324
97,0.2567669057076977,0.3614918794249532
98,0.24714654251452414,0.36392356571099516
99,0.27597325078902707,0.3590794235542603
100,0.26112820736823544,0.36070320757110613
101,0.26422339870083716,0.3611349548612322
102,0.2601375550993027,0.36714758901369005
103,0.25619279905673,0.37066230767950376
104,0.2635619332713465,0.36177220283295575
105,0.2561994473780355,0.3578695109613557
106,0.2564353625620565,0.3652107280149197
107,0.2589320127041109,0.36210621800040244
108,0.2520817893166696,0.3600088836704579
109,0.2430608243711533,0.3636643469781804
110,0.25136301594395793,0.36434067684904975
111,0.24310457466110105,0.3659648543461821
112,0.24726135884561845,0.3617980291221972
113,0.24972703187696396,0.3650405825230113
114,0.262318019905398,0.3634553857913292
115,0.24718696359665163,0.37269325072604015
116,0.24788208113562676,0.37008456172500936
117,0.2716290921934189,0.36791828349419403
118,0.26447466015815735,0.3709656708969508
119,0.25454498442911333,0.37693846412469867
120,0.26595845722383066,0.36241425316136583
121,0.2480649342460017,0.37397135275049614
122,0.26065451964255304,0.3633282091982084
123,0.2674615325466279,0.3733317220121398
124,0.25495616947450944,0.3784583349873249
125,0.2618449051533976,0.3606596896821694
126,0.25596305439549105,0.361018236866571
127,0.24547506628497953,0.3699013951577638
128,0.24927462252878374,0.36776394481049446
129,0.24880007774599136,0.36010728205057013
130,0.2429453033593393,0.3737043842934726
131,0.2573918181080972,0.36218153563955974
132,0.24276446478982125,0.3625319410386241
133,0.24878449882230452,0.36065773774209176
134,0.24775132633024646,0.3618596823591935
135,0.2317130570450137,0.3601660782980142
136,0.23531180139510863,0.35546569208752243
137,0.23616413339491812,0.3715135847267352
138,0.23581742471264255,0.3599601775631869
139,0.23240772754915298,0.36041947519570067
140,0.2315224346614653,0.36317170570069984
141,0.22726977640582668,0.36109111153691037
142,0.22593591722749895,0.3617486396529023
143,0.2262567017347582,0.3669327133729643
144,0.22289865584142746,0.3694687363946049
145,0.2313536867018669,0.36574501314557584
146,0.24086547618912113,0.3857974246480411
147,0.253849942837992,0.36686140859037414
148,0.23145618986698888,0.36407955808747083
149,0.23242394097389713,0.3705988276871225
150,0.23120179628172227,0.36894628226308895
151,0.22470172518684017,0.36011887216627747
152,0.22582216560840607,0.37400942450776736
153,0.2229108896947676,0.3651918741993438
154,0.22826731108850049,0.3623770021256946
155,0.2245484628985005,0.36896237783264696
156,0.22385727253652388,0.3750248258573967
157,0.23526527612440049,0.3648962049854728
158,0.2202552422400444,0.36595124760665987
159,0.22977238557031077,0.3729505427648549
160,0.22254780031019641,0.3665255111709872
161,0.2227115208102811,0.3612425652960488
162,0.22374560275385458,0.36738535963503044
163,0.22943147295905697,0.3646322699417745
164,0.21843597148695298,0.37028115098936515
165,0.22380284916970036,0.3669817045069577
166,0.22471447240921757,0.3659982817214832
167,0.21525093047849594,0.3668455559209475
168,0.2143395773826107,0.36606470064113017
169,0.21402159092887754,0.36521152222066894
170,0.21489800368585893,0.3721782032559091
171,0.21444325149059296,0.3701229623535223
172,0.2175163016203911,0.3712636000082308
173,0.21354594346015685,0.36836649212323336
174,0.22463628457438561,0.37145104190161954
175,0.22569573550455033,0.3725520473972598
176,0.22576942799552793,0.37110598635554015
177,0.2276458788302637,0.3765232296366441
178,0.2217384134569476,0.3724645145405504
179,0.21225831537477433,0.3663265780548105
180,0.2237005325094346,0.36817438530742674
181,0.2241148703521298,0.3686596131265014
182,0.21521523594856262,0.3656722871133857
183,0.21243701490663713,0.3668006856489301
184,0.21697834903194058,0.38287772824590965
185,0.2274549617882698,0.37521188136628997
186,0.2151073525028844,0.36575695349459064
187,0.2114484598559718,0.3730817599254742
188,0.2181020297350422,0.386498825293137
189,0.21905141299770725,0.3773636762659651
190,0.21287408999858365,0.36972539309869734
191,0.20900902488539297,0.3694420421780799
192,0.2047397893282675,0.3778541394343651
193,0.21815101994622138,0.36963756199468645
194,0.20835638767288578,0.37338896995797793
195,0.20312885074846207,0.37851750925370026
196,0.21724075607715115,0.3725588633900597
197,0.20524626874154614,0.3749865198643285
198,0.2025149950096684,0.3846309808710763
199,0.21014072433594735,0.3903868159554656
200,0.21854250133037567,0.3783458664751889
201,0.20858191386345895,0.38796403219825343
202,0.20703465563635673,0.385750804255182
203,0.2136734022248176,0.3738372780774769
204,0.19692587564068456,0.38238930709678726
205,0.20284052337369612,0.3879866752409397
206,0.2058612564879079,0.38022793467182264
207,0.20141452695092849,0.38329223829104486
208,0.20359660012106742,0.3881676935761196
209,0.21073549889749096,0.38251731509254094
210,0.19807688699614617,0.387484834307716
211,0.1978677660226822,0.39741965291792886
212,0.1991085184197272,0.39407324380145636
213,0.19987293693327135,0.4007190884205333
214,0.20560559197779624,0.4014938327304104
215,0.19479782735147783,0.4027621366625143
216,0.19442239692134242,0.4034369407142314
217,0.20369456564226457,0.40877988269753324
218,0.19066433800805,0.40828930659401685
219,0.1950830985461512,0.4104357048084861
220,0.18847689224827674,0.415554344205928
221,0.19671215453455526,0.4131380151537128
222,0.19204681967535325,0.4158715513117033
223,0.1969528640470197,0.41974258609582904
224,0.19734734104525659,0.41948320849198745
225,0.18781280950192483,0.42140290021597593
226,0.1840992776616927,0.4311409554535285
227,0.19183557793017356,0.4323077528996575
228,0.1934423086143309,0.4310848648685561
229,0.19220271418171544,0.43755106288090084
230,0.1851745387238841,0.43125340917654204
231,0.18365832442237484,0.440063937938303
232,0.19343024059649436,0.4341904494099151
233,0.18793931459226915,0.45172040071105
234,0.19218923536039167,0.44723996886035855
235,0.182650430067893,0.4507506935668171
236,0.18559376126335514,0.4485848523620376
237,0.17975892511106306,0.451331217038004
238,0.1843989303996486,0.4516291636273377
239,0.19467325220184942,0.45475055310959206
240,0.19091747556963273,0.44929040987091257
241,0.19027709768664453,0.47954403823778446
242,0.18573134656875365,0.45221175249656637
243,0.17953976652314585,0.48186081969050837
244,0.18597425953034433,0.4502736046200707
245,0.1800588898120388,0.48228334850237187
246,0.18017240060913947,0.45619861187791466
247,0.19036530054384662,0.45608698447844137
248,0.17751505057657918,0.4669467878520937
249,0.18461221120049875,0.4670778170862891
250,0.1875896838403517,0.4778005004227908
251,0.17737396445966536,0.4656817646403062
252,0.1848499544205204,0.46426621617231156
253,0.19122785570160036,0.45028780016086456
254,0.18001152478879498,0.48884796386673335
255,0.18835299774523703,0.44366430728357836
256,0.1822901464277698,0.48781827712118775
257,0.19289676941210224,0.4629911815462853
258,0.183646128062279,0.4566023085350381
259,0.18084847734820458,0.46828501908701464
260,0.18265635159707838,0.461067998991873
261,0.18939408131184116,0.4681490425179178
262,0.17837863968264672,0.4419904686603929
263,0.17535465715392942,0.47665174361458396
264,0.18788136013092532,0.45496407726354765
265,0.17929842106757626,0.45733758373965594
266,0.17879242329828202,0.4568652215607483
267,0.18750359117984772,0.4510489744052552
268,0.18357384589410597,0.4768068240698716
269,0.1789041627799311,0.4377850707909816
270,0.1832913818859285,0.4571684675856043
271,0.17894678058162813,0.4545203254635173
272,0.17792545307067134,0.444311056967666
273,0.17848783394982737,0.4505461892089748
274,0.1803451060287414,0.45446065008490905
275,0.1790988834634904,0.45690618548775674
276,0.1757206166944196,0.453385877728761
277,0.1750654770481971,0.4351737892866732
278,0.17631553738347946,0.46802457771205663
279,0.18531810035628657,0.4607899885129809
280,0.17227090462561576,0.4425923364951198
281,0.17654926978772686,0.4616688961970776
282,0.17711328210369234,0.45812807980934184
283,0.1760019241802154,0.4632463062317449
284,0.16587486766999768,0.4363296935731606
285,0.17836477487317978,0.44943300360127497
286,0.17264073029641183,0.4659729021832459
287,0.1742498408402166,0.45437926838272497
288,0.1728224504378534,0.46697803106821867
289,0.17122253919801406,0.44292120960422027
290,0.17315153344984976,0.47287051473046304
291,0.17351251167635764,0.4596270773942608
292,0.17470680177211761,0.4568141502395907
293,0.17048617812895006,0.4686483105173087
294,0.16708874798590137,0.4568512413585395
295,0.17433927232219326,0.46186501280705733
296,0.16807754481992415,0.46575654434380975
297,0.1701806697153276,0.457934126892783
298,0.1649693173746909,0.46935390746384337
299,0.17320661102571794,0.45937655735434146
300,0.1721957758549721,0.45942283408683643
301,0.1655123262636123,0.4675390637458715
302,0.16855467855930328,0.46239225779260906
303,0.16974808035358305,0.48304171363512677
304,0.17268241509314505,0.4612955867796016
305,0.17184108015029662,0.4877450012025379
306,0.17445190971897495,0.46459350311068964
307,0.16594858419510625,0.46153525705624343
308,0.16452954709529877,0.4769988831571469
309,0.17315390898335364,0.4490169858125816
310,0.1628958991458339,0.49041896991263656
311,0.1692456199276832,0.44905344353881393
312,0.17215892287992662,0.4666269888405812
313,0.16691579357270273,0.4623013862541744
314,0.16454035716672097,0.4689073325846727
315,0.1716164566816822,0.478375778610545
316,0.16511359185941757,0.4430988777550241
317,0.16206744601649622,0.48165167849464224
318,0.17040069930015073,0.465905242172399
319,0.1643621460083992,0.4494477117569524
320,0.16378144919872284,0.4670261357511793
321,0.1633615090001014,0.45206321114884285
322,0.1622338266141953,0.47401640162730874
323,0.16437893577160373,0.44987507758283973
324,0.16756851009784207,0.48311486929879155
325,0.17498722432121153,0.47742963950138045
326,0.16525756735955516,0.43707466969513953
327,0.17135745046600218,0.4802121360947315
328,0.1657964644893523,0.4389877308878982
329,0.19088185410345754,0.4187976202570406
330,0.18460639349875912,0.5532940790467992
331,0.22169050093620055,0.4249808298316516
332,0.20074097619902703,0.39025994679682835
333,0.2161682733604985,0.4183155251176734
334,0.19004183815371606,0.45860220936306734
335,0.20338550209999084,0.40324570100409046
336,0.18561648024666694,0.407263898311701
337,0.18793427848046826,0.4213372334501797
338,0.18610973992655355,0.4043430429054681
339,0.16975030735615762,0.4005079005744523
340,0.1833254276744781,0.4041903363284013
341,0.17959368613458448,0.3983191985235477
342,0.16684759239996633,0.39269017575677473
343,0.168381221352085,0.38904987832059834
344,0.16980484945158805,0.3904414018592739
345,0.16841102271310746,0.41333112740576416
346,0.17002719160049193,0.3940067618413079
347,0.17600138341226884,0.40753720771698726
348,0.17252590435166512,0.4104188020366774
349,0.1826283229935554,0.4065702860815483
350,0.17542010689935378,0.40867681879746287
351,0.18302943966081064,0.3915547505954752
352,0.17569737905456173,0.40115165023277877
353,0.17890886577867693,0.4002189132802767
354,0.16350192889090506,0.39768878588999124
355,0.1640516524353335,0.38730211686669735
356,0.17153332550679484,0.4059071197993773
357,0.16350513600534008,0.4161476275526491
358,0.16198113608744838,0.39204817255935576
359,0.16633352493086168,0.4151158947544289
360,0.16390528073233943,0.4202977695261924
361,0.16266044589780992,0.4021184793988565
362,0.15978172036909288,0.4113727194772926
363,0.16571478497597478,0.4109118806389639
364,0.16127021947214681,0.4066844454086514
365,0.16263815231861606,0.4108263296740396
366,0.16434891377725908,0.41591427947644305
367,0.15574067542629857,0.4051749278280072
368,0.15752041964761673,0.41350574234972026
369,0.1644193039786431,0.408653398877696
370,0.15238881543759378,0.41247909081012085
371,0.15667564878540655,0.41534690301221117
372,0.14932310100524657,0.4153155573926175
373,0.16952885831556014,0.40919586799497293
374,0.15611084093970637,0.4208972361452299
375,0.15810805078475706,0.4165332501095937
376,0.1565903256977758,0.43069908485974284
377,0.16683929677932494,0.4313454054352036
378,0.15439210832118988,0.411051103719195
379,0.153752566825959,0.4273563651811509
380,0.16182681389393344,0.4245683942970477
381,0.15644849644553277,0.414412366118945
382,0.1550379188791398,0.4297204221549787
383,0.16723489184533397,0.4181785373610064
384,0.15381327511802798,0.42697247481883915
385,0.15488949706477503,0.4277870203169964
386,0.15853894333685598,0.4158031740284205
387,0.15321893413220683,0.43139853266845074
388,0.15939477710954605,0.4263788584927867
389,0.15843158095113694,0.4107259435014318
390,0.1535466322975774,0.4176908667971915
391,0.1522530581681959,0.4239006581013663
392,0.1586768454121005,0.42143570689629195
393,0.1552404833416785,0.4221565491872324
394,0.15735613194204146,0.4191303976944515
395,0.1535747108920928,0.4231913281712018
396,0.14966632185443754,0.4138947085927901
397,0.15516191432552953,0.4272348504317434
398,0.15610674167833022,0.425058901160582
399,0.14940072403800103,0.41258186632230465
400,0.15478586573754588,0.42313813782276066
401,0.15102917244357447,0.41989819634528386
402,0.14658043846007315,0.41956486170154467
403,0.15219672168454818,0.42014250047224805
404,0.1538882452634073,0.4174299912345141
405,0.15689850382266507,0.4218349675636244
406,0.159833017856844,0.41914771650369304
407,0.15496054147520372,0.4201681353245164
408,0.1492700908453234,0.43122314786851257
409,0.15593390743578633,0.4220876759455019
410,0.15228996017286855,0.42158452617494685
411,0.15138580145374422,0.42591472616171777
412,0.15064585977985012,0.4201746832457999
413,0.14816493805377715,0.4175995367212702
414,0.14596121830324973,0.42884611612872076
415,0.15404362159390603,0.4244208424013659
416,0.147910536296906,0.41604901585065035
417,0.15098961130265268,0.42956890221825217
418,0.1482234356864806,0.42500688370905426
419,0.15169189918425777,0.42361700564697574
420,0.15162126912224677,0.42328857352261556
421,0.14556017710316566,0.420920480388149
422,0.14383245956513188,0.4180056767206742
423,0.14601955971410197,0.42287048809510425
424,0.1419578569550668,0.42579750839928937
425,0.1417871247376165,0.42355291780672577
426,0.1427563803811227,0.4224147279758501
427,0.1471609329023669,0.4267066088983588
428,0.14364795290654706,0.43237560248016416
429,0.14507962234558597,0.42529620689557013
430,0.151890633567687,0.426861601291145
431,0.1423247754573822,0.42774131677503274
432,0.14318649999557004,0.42645036121060076
433,0.1460737778294471,0.42990616845307794
434,0.1473334998853745,0.42407000266519707
435,0.14603093651033217,0.43015870474334944
436,0.14566291003457962,0.4233073004355705
437,0.1457450356214277,0.4309537937318472
438,0.1425498560551674,0.42608330721843213
439,0.13967189048567125,0.44164760317420004
440,0.1439436174208118,0.4203012127027774
441,0.1442195874068045,0.43181508122231427
442,0.1490258656201824,0.4255133873239197
443,0.14696934771153233,0.4324180984258054
444,0.1462736398943009,0.4169855241040538
445,0.14781010198977687,0.44061673621187236
446,0.15077331037290634,0.4230398071887798
447,0.15256006342749442,0.41300570793020397
448,0.1469413402580446,0.429741107356877
449,0.1496548888183409,0.418129002838804
450,0.14637143429248564,0.4242525763977739
451,0.14105096267115685,0.4069127580874546
452,0.14750990367704822,0.41365561120790945
453,0.14093818924119395,0.4248894388813124
454,0.14749888835414762,0.39490764444334464
455,0.14856635899313034,0.42351702318753215
456,0.14547482998140396,0.3959111347981264
457,0.14643026263483108,0.42076942742916573
458,0.15109828402919154,0.4075558665103482
459,0.15381073759448144,0.40437455008501993
460,0.14973291754722595,0.4214457614081247
461,0.14908213480826346,0.407268289261892
462,0.15068624433009856,0.419469133803719
463,0.1382820394731337,0.40805683548289134
464,0.1528866776535588,0.4171844014249051
465,0.15399355273092946,0.41999361553885284
466,0.14868319707532082,0.39796637943514007
467,0.1472888699462337,0.4213127430369681
468,0.15168741970292984,0.41027792728036866
469,0.15399849270620652,0.3944693911344485
470,0.15432734739395879,0.4161548530099386
471,0.14428827839512978,0.39962189381283925
472,0.1408752529851852,0.400649677093764
473,0.14277551731755656,0.4089323315106538
474,0.14889538432321242,0.40398971314418286
475,0.1427571201516736,0.4125588669215229
476,0.14385677153064358,0.40416015120675985
477,0.14406890638412967,0.4229222475586081
478,0.14556171769096005,0.39164953042092476
479,0.1389320444676184,0.4093539874655262
480,0.14096700472216453,0.40593666196765754
481,0.14121820705552254,0.41061009164143325
482,0.1468773628434827,0.41697548497888376
483,0.14421929515177204,0.4027998242760661
484,0.144412667039902,0.4071147196125566
485,0.14719920869796507,0.40302441726651106
486,0.14157021622503957,0.39486723047748845
487,0.14281254526107542,0.4089903142069814
488,0.13924025383687788,0.40539830743818356
489,0.14514204811665318,0.4026384004076621
490,0.14694114077475764,0.4207336417863841
491,0.17838031582293973,0.4208033903499594
492,0.15490300184296024,0.4079117849655916
493,0.1610785573720932,0.39298976461092633
494,0.14875852532925143,0.41401147782653197
495,0.14380679976555608,0.40276094793078293
496,0.1429309114333122,0.38511652441550615
497,0.13944681036856868,0.4022928001289081
498,0.14355816620011483,0.40664391469835937
499,0.1385558795544409,0.3943434046175247
500,0.13438341165742568,0.4046816278370401
501,0.136357482883238,0.39355841921385665
502,0.14603781988543849,0.4120206226382339
503,0.14436002652491292,0.40313853043362613
504,0.13693296044103562,0.3900070747636016
505,0.13856644207431423,0.4178538905050522
506,0.13887102180911648,0.4017180713794584
507,0.15630362687572355,0.40682130715900794
508,0.1458263651978585,0.4043390773292771
509,0.14270746852121047,0.38625953363296683
510,0.14276264896315913,0.3920803089488419
511,0.1488307656780366,0.401933623435802
512,0.13760043584531353,0.3910954369787584
513,0.137767689362649,0.3969696019227642
514,0.14843478798866272,0.3933189430631193
515,0.14045995041247336,0.3852327969438749
516,0.14021670770260594,0.3856100211466165
517,0.1415497583727683,0.3962080206040452
518,0.13561353616176114,0.3864038974270785
519,0.13806509346731247,0.39901547899521084
520,0.14615481851562376,0.3962861092616442
521,0.14348675839362607,0.3866362921277383
522,0.14140588141256763,0.40622188468326004
523,0.14597357665338823,0.38666006840560074
524,0.132152360293173,0.38926782830615986
525,0.13270975745493366,0.40231500248562424
526,0.13624860490522078,0.3922720907027261
527,0.14489114428720168,0.389973718346211
528,0.1380323032217641,0.4048843732603212
529,0.13498611315604178,0.3856277165556313
530,0.13083227363324934,0.39200141473222794
531,0.14080954270978127,0.3982153229396744
532,0.14801307887800277,0.3800201488467386
533,0.13526482735910722,0.4106395388754986
534,0.1348359995791989,0.38693297208102423
535,0.13987203567258774,0.3994185087973611
536,0.1444828688136993,0.38656303017659294
537,0.14106721503119315,0.3804582440315333
538,0.13956365902577678,0.3956283540803388
539,0.1347805251998286,0.3811634699802351
540,0.13448847638022515,0.39023863335599873
541,0.13991322392417538,0.38892238368665366
542,0.1370712302384838,0.3956559851653594
543,0.14412436417994962,0.3813825696333309
544,0.14199646778645053,0.3868232249914853
545,0.13623932580794057,0.3958324657795124
546,0.13937353895556542,0.3773391830891296
547,0.13754033657812303,0.3935837017414265
548,0.14141425730720644,0.3949120246378103
549,0.14151199642688997,0.38239590371760507
550,0.13793203763423428,0.3860468500688261
551,0.1402026438905347,0.3809382146910617
552,0.13742756074474705,0.38507790053099916
553,0.13545001418359817,0.3850837431306528
554,0.13653644919395447,0.38108320493148384
555,0.1364249231353883,0.38982873975782467
556,0.1371249859371493,0.3870874868150343
557,0.13010191917419434,0.3841642401272193
558,0.13274896241003467,0.39429473137497006
559,0.14019901473676005,0.383545513365203
560,0.15090206025108213,0.3795059811053121
561,0.14139316735729093,0.4083852559552157
562,0.15641076093719852,0.37482959278544087
563,0.13505765555366392,0.3773835911637261
564,0.1299742323256308,0.3859211890619799
565,0.13094413953442727,0.37956502578013523
566,0.1317287544088979,0.38406354704297574
567,0.1366106439982691,0.38382922340753983
568,0.13600938118273212,0.3806754503781933
569,0.14128715472836648,0.3763140885154705
570,0.140312060713768,0.3791499308924328
571,0.12869555334891042,0.37811573854365144
572,0.13053546413298575,0.37404617614913405
573,0.12873000579495583,0.37195114436603727
574,0.1274376151061827,0.3766586153130782
575,0.1364078608251387,0.3908482111785047
576,0.1438741534948349,0.37536891854197757
577,0.13042590695042763,0.3792767281968492
578,0.13388202459581436,0.37735127192690854
579,0.12783295204562525,0.3776503867075258
580,0.13023959148314693,0.37202522128745724
581,0.13569044057399995,0.3737090530252098
582,0.12517805397510529,0.3769259248162272
583,0.1377800424252787,0.37849366448278116
584,0.13491548597812653,0.3751731812953949
585,0.12937178582914413,0.3789975130020228
586,0.12705833296622,0.37843787259326545
587,0.12693120298847074,0.37589087888112943
588,0.12727972336353793,0.3742263925105408
589,0.12480571866035461,0.3799014408188057
590,0.13545469410957828,0.3718152085043733
591,0.1271630568850425,0.3810660436488034
592,0.12939540849577996,0.3748738924811657
593,0.12767620865375764,0.37835492727750525
594,0.12763841113736552,0.3824565451694909
595,0.13098615912660475,0.3822228777079953
596,0.12586076797977572,0.37826783794508245
597,0.1284567367646002,0.3813464849963224
598,0.13526503693672917,0.3820581487695077
599,0.12724205947691394,0.3782132863251488
600,0.12474576888545867,0.38686547751414746
601,0.13102582193190052,0.385570173051423
602,0.12305011552187704,0.37839285577448983
603,0.12623070372689155,0.383625055240808
604,0.12423449274032347,0.37613335184584884
605,0.12456482312371654,0.3792515302212316
606,0.12406195027212943,0.3774932371195695
607,0.1262740646639178,0.3820622772501226
608,0.12934257594808454,0.3835633008701162
609,0.12868397995348899,0.38147750735880437
610,0.1285286117945948,0.38035843941502107
611,0.12758804040570412,0.385015871142385
612,0.12971600649818296,0.37486484542227627
613,0.1282737336812481,0.387085875771697
614,0.1260686427835495,0.3820276265604454
615,0.1294801595710939,0.37986039458062115
616,0.12224099160202088,0.3887553781943214
617,0.12212362548997326,0.38537014262718067
618,0.12500593378659217,0.3797594659161149
619,0.11845612646110597,0.39440156485801353
620,0.12578909147170284,0.3852073008703409
621,0.1246199055064109,0.37776800146079004
622,0.12384249366098835,0.3968565369907178
623,0.12540695167356922,0.37745764119583264
624,0.1300967816383608,0.38011434382962106
625,0.12830077496267134,0.39446143533352923
626,0.12361056045178444,0.3771331917522545
627,0.12466991764883842,0.3834273387913716
628,0.1268582295986914,0.38575569698983864
629,0.1284392415996521,0.3823863238021545
630,0.12843219935894012,0.38259492668890416
631,0.12755540397859388,0.3842133937921739
632,0.12451374338519189,0.3852344772271943
633,0.1265925880401365,0.37898804594699603
634,0.1275081701817051,0.38219584939175083
635,0.12741642709701292,0.386397581799586
636,0.12573714073627226,0.3799865557286972
637,0.12435067421005618,0.3854605247801109
638,0.12357778871251691,0.3816895024071361
639,0.12224815064860929,0.3830360083801107
640,0.12733832530436978,0.38916968552391035
641,0.12275229490572406,0.3814559958333658
642,0.12007136258386797,0.38861295670495
643,0.12691767369547197,0.38021661524187056
644,0.1311180216650809,0.3819702384914073
645,0.12537037653307762,0.3969678202816717
646,0.12749635308019577,0.37519062260039765
647,0.12941119315162783,0.40056039650637404
648,0.13505816555792285,0.385600414416545
649,0.13103192083297238,0.3741412481717896
650,0.13246853289104277,0.4009135307225966
651,0.13363111331578223,0.3753463277840674
652,0.12817636132240295,0.3633939381828882
653,0.1292981577496375,0.39397401349586353
654,0.13899308539205982,0.37150700573335615
655,0.13175009239104488,0.3613538780905549
656,0.12808565122465934,0.3902069062069245
657,0.13056990311991784,0.36950090154071796
658,0.13512132581203215,0.35854542800657135
659,0.13314544097069772,0.3889629716861218
660,0.1359927144742781,0.3748729665924732
661,0.1333375438567131,0.36541577396835
662,0.13243060198522383,0.37719726203975823
663,0.14997435240976273,0.38774734556226803
664,0.13796107711330538,0.3711575669304171
665,0.13580858899701026,0.3627999268080059
666,0.14317131138616992,0.37041066740090983
667,0.13866652692517928,0.38672624987767157
668,0.14747557260336414,0.36116990148274225
669,0.13533138267455563,0.36498913109153136
670,0.13405864565603196,0.3675974927151711
671,0.129794318589472,0.3719309031365808
672,0.13241181065959315,0.3697896923188279
673,0.12552088763444655,0.36791064065500606
674,0.13506918088082345,0.3753468154516435
675,0.12851239644712018,0.3689386949204562
676,0.1250559762120247,0.36905500994887863
677,0.12560208045667218,0.3701058736719882
678,0.12324965072254981,0.36611002302707585
679,0.12828578968201915,0.37088892222347114
680,0.1262670144919426,0.3711025262984417
681,0.12883207201957703,0.3654282296211797
682,0.12435989947088304,0.37827085768967345
683,0.12696791656555667,0.35457538916054826
684,0.1230200382490312,0.3830968850387965
685,0.12984627869821364,0.3763496390261447
686,0.12249340693796834,0.36066555476427675
687,0.12509944506229892,0.3651015819762285
688,0.11979925848783986,0.366227082142555
689,0.1179133350810697,0.36106347873396144
690,0.12484202557994474,0.3646579850885205
691,0.1176965301555972,0.36929034925343696
692,0.12234451213190632,0.36955077539111736
693,0.12290147812135759,0.36046630592274487
694,0.13035838786632784,0.363982995127078
695,0.1289164101885211,0.3721395622668111
696,0.13277851381609518,0.37083548904959124
697,0.11983477276179098,0.3601758114825514
698,0.12524681129763204,0.37914234847950756
699,0.1303986830096091,0.3705760773859526
700,0.12173477416076968,0.35871247644711257
701,0.12508292928818734,0.3637743476488835
702,0.12265626509343425,0.37210717005538463
703,0.122958350806467,0.3589679225345602
704,0.12349201258151762,0.36679724329396296
705,0.12082520824286246,0.36654637511212723
706,0.12130901265528894,0.3627028591501384
707,0.12324218932659395,0.3626454220827958
708,0.11927908899322633,0.3735553853045729
709,0.12764372268030721,0.3683150985784698
710,0.11820558939249284,0.36936757073067783
711,0.12716378079306695,0.3597279474101867
712,0.11612126255227674,0.3691074257357079
713,0.12012342123254653,0.3619618208187266
714,0.12784250417063314,0.36674813601307404
715,0.1267262528980932,0.36983050708483933
716,0.11794510964424379,0.3732066418144637
717,0.11732510549406852,0.36309969118962016
718,0.11867926942725335,0.36914590942232234
719,0.11381787974988261,0.36456898265613946
720,0.11540569629400008,0.3685996839426514
721,0.11765870211585876,0.3669592478968446
722,0.1157044316491773,0.3697146715078139
723,0.12217331797845903,0.3652763241215756
724,0.11185323855569286,0.3721000393082325
725,0.11158842737636258,0.36976315973695356
726,0.11432128039098555,0.3714923159520429
727,0.11668072472656926,0.37143880270776297
728,0.11490186784536607,0.37234697888668317
729,0.11381899036707417,0.37217403907226143
730,0.11861200750835481,0.3697632504136939
731,0.12382157627613313,0.36755678319094476
732,0.12302345133596851,0.37145932127061043
733,0.11959818005561829,0.36739357417089896
734,0.11386851677971502,0.37437510161770315
735,0.12110686782867677,0.36903153303870584
736,0.11515618283902446,0.3678096189982909
737,0.1173555146782629,0.36985570969139425
738,0.11819465842939192,0.37300006563502147
739,0.12026281270288652,0.37218903770721645
740,0.11672122560201152,0.3761324065370966
741,0.1212491479612166,0.36998705196201354
742,0.11506834914607386,0.36956692757761866
743,0.11580763685126458,0.37459502393440497
744,0.11654892011034873,0.37681417932785244
745,0.11943118971201681,0.3673448419959324
746,0.11763029136965351,0.3733999125640793
747,0.11566235461542683,0.3702113638097481
748,0.11976169410251802,0.37205672249160615
749,0.1153010862969583,0.370818546317275
750,0.11945948605575869,0.3745116542903403
751,0.11487786616048505,0.3687335633693781
752,0.11701331576032023,0.376708032567997
753,0.11388314539386381,0.37187640798420535
754,0.11499639432276448,0.37793718999191034
755,0.11476921602602928,0.37302093622379734
756,0.11406652004488053,0.37815636500977634
757,0.11489753713530879,0.3751485838477773
758,0.11383472959841451,0.369671998242089
759,0.11544933073943661,0.37370854601226655
760,0.11688339662167334,0.3748803266457149
761,0.11939926757927864,0.372753086469526
762,0.11850795077700768,0.37761902547719184
763,0.11260381172741613,0.37046193546221073
764,0.112751274820297,0.3763381925441866
765,0.11870639170369794,0.3726537945425899
766,0.11883765410992407,0.3697125062458497
767,0.11845071806061652,0.3752177189615436
768,0.1111392710478075,0.37950069227613004
769,0.11551181010661586,0.3717264853473893
770,0.11677892145610624,0.37715828911702437
771,0.11370034179379863,0.36997496685886144
772,0.11601437171620707,0.37733544965734456
773,0.12016978619560119,0.3752310340267076
774,0.11307989661732028,0.38009735867194366
775,0.1184500600061109,0.37530626479844403
776,0.11475945600578862,0.3802160970997392
777,0.11281630420877088,0.3744403607116307
778,0.11521799549941093,0.377506413928847
779,0.11525951638337105,0.3713698685916145
780,0.11102515795538502,0.382326780031797
781,0.10825124431040979,0.3731862186339864
782,0.11558069913618026,0.3764827370942386
783,0.10941109157377674,0.3717386603803563
784,0.11648974255208046,0.3791524055308865
785,0.11490488749357962,0.3785825098367562
786,0.11595091199682604,0.37946196427022605
787,0.11374351358221423,0.3791128548613766
788,0.11775337015428851,0.3733927419311122
789,0.11052864044904709,0.38122683136086716
790,0.11288941579480324,0.3753387603843421
791,0.11534950497650331,0.3772061624025044
792,0.11300651056151237,0.3764974722886145
793,0.11634129646324343,0.38005129160140094
794,0.11110270984711186,0.36858296431694415
795,0.11176838221088532,0.37799846894460215
796,0.11127849620196127,0.37682327613197175
797,0.11884906142950058,0.3760287983525068
798,0.11736562944227649,0.38107843924883317
799,0.12203370323104243,0.37700168859390987
800,0.11891048329491768,0.37261113942715157
801,0.11010059377839489,0.3831254740556081
802,0.11317446659649572,0.37200333084677695
803,0.11395403093868686,0.3699862824048016
804,0.11166280099461155,0.379500580087939
805,0.11096920938261094,0.3748803444972313
806,0.1111569282027983,0.3698099893436097
807,0.11073517462899608,0.38439665387447614
808,0.1112846496605104,0.3695593762367889
809,0.11552771012629232,0.37862099509191394
810,0.11509393083472405,0.3724698667836966
811,0.11093875982107655,0.3834703793203024
812,0.1180623774566958,0.3893791877835018
813,0.12748824011894963,0.3697992014257531
814,0.15407548748677777,0.3811803587845394
815,0.13466089290957298,0.41216257378869786
816,0.1487325357813989,0.36410566118725557
817,0.12604859279048058,0.3670803876150222
818,0.12917002146282502,0.37116671870824386
819,0.12179528272921039,0.38186138980370715
820,0.12633301894510945,0.36176333862139765
821,0.11676780615122087,0.3793265952502277
822,0.12144742088933144,0.3717520788946845
823,0.11478393717158225,0.36209861639149504
824,0.11991666449654487,0.37537534927067
825,0.11339937799399899,0.3650022210333879
826,0.11530703234095727,0.3701632943069726
827,0.11886667123725338,0.3684732857204619
828,0.12532509550932916,0.3775718002988581
829,0.12185345301705022,0.37076747559365775
830,0.11673334913869057,0.3721282166197784
831,0.11273538104949458,0.37670061268603294
832,0.11973762127660936,0.3764291042672064
833,0.12167241063810164,0.367110446431583
834,0.11991089870852809,0.37079086197647537
835,0.11550321574172666,0.37573586086880295
836,0.11362478545596523,0.3717158275439327
837,0.10916405002917012,0.36991523090460543
838,0.11181095482841615,0.36728706223922863
839,0.1168187145263918,0.37147870413342815
840,0.10639113380062964,0.3677924565952225
841,0.11393285566760648,0.37136115473613407
842,0.11013482006326798,0.37064843070238157
843,0.10938914048094903,0.3715860412682507
844,0.11405138695432294,0.36475399173889544
845,0.11028886778700736,0.3758191476788437
846,0.11063497609669162,0.36870153513468595
847,0.10884745683400862,0.37202320555995283
848,0.10986723630659041,0.3693297723480932
849,0.11027387433475064,0.3775536600957837
850,0.10678897894197895,0.3695023066567299
851,0.11289281422092069,0.38001085455555067
852,0.10969798915809201,0.37080554249591396
853,0.1117166982543084,0.3708905603801995
854,0.11419301576191379,0.37379006231040285
855,0.11085801980187816,0.3749372104654336
856,0.11134637315427104,0.37312305593550354
857,0.10987781565035543,0.37517688858479187
858,0.1097631543394058,0.37063071348314597
859,0.11204271018505096,0.37341581624850895
860,0.10984997883919746,0.36966589160431595
861,0.10945592556268938,0.3753884794718042
862,0.1087902125812346,0.37041359527367995
863,0.1090798786570949,0.3758915794971294
864,0.11039541902080659,0.37050035506262813
865,0.11431019368671602,0.3768245344024553
866,0.11187253147363663,0.3731517635640644
867,0.10465641391854133,0.3764155622114215
868,0.10647258042327819,0.3751161311353956
869,0.11190382391214371,0.377942772362764
870,0.11260374731594516,0.3723438180478892
871,0.10749430065193484,0.37805899902991486
872,0.10843520275046749,0.3761042711280641
873,0.11342951150671128,0.3841236330064616
874,0.10799328141635464,0.3752404907741642
875,0.11595311784936536,0.38277872500563026
876,0.1177115433158413,0.37331939378477874
877,0.11014957822138263,0.37862704264789
878,0.11655676388932813,0.36822459676809477
879,0.11122431750259092,0.38179730510054377
880,0.11402967139597862,0.3713978865839784
881,0.11277022236777891,0.36948811208693905
882,0.11579254461872962,0.3870707036259778
883,0.11216403760256306,0.3671598650309675
884,0.11468365283743027,0.37925349127379876
885,0.10973338806821455,0.3744602884565081
886,0.11531313845226841,0.3758505124197269
887,0.11028647831370754,0.3754969152591581
888,0.10964438607615809,0.3703802558114953
889,0.10695297823798272,0.3727010144177535
890,0.10785539352124737,0.3739424391199174
891,0.10776305078498778,0.3736284726992586
892,0.11135860820931773,0.3719281697631779
893,0.11746341422680885,0.37621703071701795
894,0.10616003649850045,0.37546223155537944
895,0.11022182505938315,0.36830460338066695
896,0.10668539856710742,0.3786907783875191
897,0.11082679754303347,0.3702478715799805
898,0.1102320544662014,0.37715067690177667
899,0.10871860408975233,0.3752488974939313
900,0.10885149408732692,0.3716975917344105
901,0.10428922575327658,0.3742797904295431
902,0.10404434872250404,0.3724806150398159
903,0.10880703671324637,0.3795942143539438
904,0.1072880161866065,0.3690011247357629
905,0.11830607561334487,0.3846538818270939
906,0.11117045677477314,0.37283379071039663
907,0.11529304351537459,0.37095181968875396
908,0.10944625567043981,0.37411378962653025
909,0.10842979939714555,0.3739859716485915
910,0.11070543070954661,0.3741150096544347
911,0.11630777053294643,0.37803989454618375
912,0.11075455286810475,0.376837308394879
913,0.11360020959569563,0.3827425251927292
914,0.10815030937233279,0.37754971677796884
915,0.11316659157314608,0.36670377992448355
916,0.11271481985046018,0.3729196139296195
917,0.11354130482481371,0.3765459274289602
918,0.1153871056533629,0.3701067096308658
919,0.10888065157398101,0.3760429282385604
920,0.10832916560672945,0.37139538027588886
921,0.10474150387510177,0.37420484625307243
922,0.11274226274221175,0.37739854535662143
923,0.10897927731275558,0.36857039894077714
924,0.10563757486881749,0.38426400321468074
925,0.11086540236588448,0.37242433271910014
926,0.11550652043473336,0.37313940650538396
927,0.10830559533449911,0.3752927953438054
928,0.11241252960697297,0.3683617623676931
929,0.11115476585203601,0.37596312262360615
930,0.11092056406121101,0.37742537954696137
931,0.10537800697549697,0.36754287222871806
932,0.1077073882183721,0.3793189855745263
933,0.10849604539332851,0.3751540336393772
934,0.10895957725663338,0.3813571757391879
935,0.10779471743491388,0.3705500132009798
936,0.10852786850544714,0.37689614303428726
937,0.10950727015733719,0.37600093243414895
938,0.10891913141935103,0.37691083864161845
939,0.10732867015946296,0.3717018345693
940,0.10885729616688143,0.3837827147547165
941,0.10539076885869426,0.37116004186764096
942,0.10876822375482129,0.37853817391515077
943,0.10639761941086862,0.37103295505495
944,0.11366729197963592,0.38088865738763544
945,0.11075936209770941,0.37369214442738313
946,0.10494619367584106,0.3843888033153419
947,0.10466898256732572,0.3762778051216202
948,0.0992382911424483,0.37816885352732243
949,0.10283606908013744,0.37305113434194026
950,0.1077450273498412,0.37758979963180717
951,0.10422205396236912,0.3781350574696572
952,0.10345208188218455,0.37714588746689914
953,0.10462811108558409,0.37419441476800386
954,0.10459134439306875,0.38228152920130204
955,0.10425408593108577,0.37346000166465165
956,0.10526284479325818,0.3789471507371219
957,0.10502172694090874,0.3703250019323258
958,0.11614736698327525,0.3798399381619647
959,0.10730377128047328,0.3707102412418614
960,0.10458946228027344,0.3774748655937071
961,0.1101020317404501,0.375484540871809
962,0.10234298533008944,0.3840834188431427
963,0.10477729790633725,0.3778834199546871
964,0.10609371984197248,0.37788571480820354
965,0.10668860664290766,0.37514918691532356
966,0.10474979853437792,0.38226903276634694
967,0.1036939325351869,0.3752305506912987
968,0.10528913885354996,0.3831946445736371
969,0.10772591252480784,0.3746923126074903
970,0.10268783064619187,0.3838954000245957
971,0.10399299307215598,0.37558523029611823
972,0.10578951816405019,0.37552610831451894
973,0.1029713072123066,0.38054717319053516
974,0.10775301845804337,0.37918796246511893
975,0.10348920620256855,0.37112426989359365
976,0.10475099831819534,0.38375344678274076
977,0.10647178897934576,0.3751855448523261
978,0.10828200823837711,0.3840221399651434
979,0.10771619600634422,0.37679778386775714
980,0.1024455779021786,0.3766279564166726
981,0.10028206364762399,0.3766043394579923
982,0.10609355448715148,0.3785786170857891
983,0.10474926209257494,0.3719140058173273
984,0.10763437757568975,0.3814977046690489
985,0.10406055806144592,0.37341396738413285
986,0.10191898432470137,0.3791143905399437
987,0.10199428109392043,0.3740370958520655
988,0.1070694976275967,0.38136220934396997
989,0.10472630469068404,0.37372625023500067
990,0.10217442363500595,0.376121589563843
991,0.10492083189948913,0.3780643029469894
992,0.10333374358953969,0.3822422463045383
993,0.10486086193592317,0.3770732575640045
994,0.1049470329476941,0.3830904754480921
995,0.1019697122035488,0.3751818578046067
996,0.10403144095213182,0.38179492987785724
997,0.10084527706907641,0.37457402315653654
998,0.1077433081884538,0.3816853536101511
999,0.10510045674539381,0.374046984770543
1000,0.10197643046417544,0.3858851761298072
1001,0.10249694556959214,0.3807169626978107
1002,0.1146438994234608,0.3781163469890604
1003,0.10351350230555381,0.3816126224988684
1004,0.10167493286632723,0.37895981112219634
1005,0.1046140193939209,0.38082553308111683
1006,0.09872865412504442,0.381450137772357
1007,0.10543758181794997,0.3775899511082728
1008,0.10437355599095745,0.38164520943373964
1009,0.1073638085396059,0.37869307473488617
1010,0.10622941798740818,0.3832799397913137
1011,0.10233938165249364,0.377684346790003
1012,0.10359546782508973,0.3828168877384119
1013,0.10544465674508002,0.3821643093474826
1014,0.11048238363958174,0.3781589652810778
1015,0.10123127602761792,0.3759425787399885
1016,0.10583009354529842,0.3832130557612369
1017,0.10340943644123693,0.3814369955457243
1018,0.1020153554216508,0.3805311736008876
1019,0.10451073271612968,0.37880132267050876
1020,0.10279555714899494,0.37740841836558847
1021,0.10164121129820423,0.3781678242641583
1022,0.1036524897621524,0.3934243721023837
1023,0.1125220190132818,0.37988780091579694
1024,0.10046185889551716,0.3846983485353322
1025,0.10234241980698801,0.37915669026828946
1026,0.10614287901309229,0.38876648900801675
1027,0.1052639972298376,0.3783930366051227
1028,0.11301099941615135,0.3842787623853612
1029,0.10409709931381288,0.3797580591568672
1030,0.10670694132005015,0.37663593791182476
1031,0.10282287001609802,0.39177412093432623
1032,0.10827792892532964,0.3756360200264101
1033,0.10130761804119233,0.3812432394440013
1034,0.10190410671695586,0.3814077466950381
1035,0.09931242922621389,0.3766508897145589
1036,0.1019547795576434,0.3857419396701612
1037,0.1054560232066339,0.3783442010556845
1038,0.10193228457243211,0.3787728570457688
1039,0.10231925787464265,0.38519518641302164
1040,0.09878444263050633,0.37256189523484173
1041,0.10865048559442643,0.38791829474587786
1042,0.1070011758035229,0.37383917086106494
1043,0.10212797935931914,0.3777721752797751
1044,0.10587658036139704,0.38871247039402934
1045,0.10525752051222709,0.38081994451078255
1046,0.10646895343257536,0.38499229474175245
1047,0.10620984939798232,0.38279492365088974
1048,0.1038442095441203,0.3730188150304302
1049,0.11106004710158994,0.3815596675813049
1050,0.1032760712888933,0.3762279342589223
1051,0.10426133967215015,0.3812874118636425
1052,0.10464389357836015,0.37379835422774005
1053,0.10899088531732559,0.3775197438578259
1054,0.10824250189527389,0.3915675279490631
1055,0.11643788266566492,0.36727781851488844
1056,0.10902748713570257,0.382669972223148
1057,0.10567418918494255,0.3752534234135372
1058,0.10723726884011299,0.3783603938749261
1059,0.10460704853457789,0.38066159371744124
1060,0.10885646915243517,0.37034042250542415
1061,0.10588829603887373,0.3845555847300623
1062,0.10504161758768943,0.36662411674819795
1063,0.11494798020970437,0.3863294456238137
1064,0.10738512729444812,0.374385252482909
1065,0.10410235365552287,0.37340760604480755
1066,0.10408247622751421,0.37586808749906403
1067,0.10185976110158428,0.37018259104929474
1068,0.10484698727246254,0.3806860411077514
1069,0.10542247949108001,0.3751323444203924
1070,0.10848749957738384,0.3770637446477598
1071,0.1047612500767554,0.3736959214049174
1072,0.10530625163547454,0.37386510941319
1073,0.10555574057563659,0.3745268958254267
1074,0.10893532345371862,0.3700400850826636
1075,0.10351464801257657,0.3774716431335698
1076,0.10381865164925975,0.3736972589241831
1077,0.10756759706043428,0.3808733891873133
1078,0.10136839723394762,0.37041657617815155
1079,0.11037298964877282,0.37306312137379083
1080,0.10826059959588512,0.37323309701486934
1081,0.10523857969430185,0.37172618881801617
1082,0.11111993246501492,0.384797676986919
1083,0.11095138639211655,0.3652754487250383
1084,0.11464751415675686,0.37866809030523274
1085,0.10744606391076118,0.3779770600467099
1086,0.11110866430305666,0.3635140838180867
1087,0.11344396827682372,0.3945442735401909
1088,0.11706960898253226,0.36992321523807403
1089,0.10602004898171272,0.3661397661182815
1090,0.11239905439076885,0.38181812781140323
1091,0.11162426971620129,0.3649552817033945
1092,0.10071166268279476,0.36611996019693244
1093,0.10101448648398922,0.3762776963692859
1094,0.10056464854748018,0.36467016460303975
1095,0.10481860728994492,0.3747730556137879
1096,0.10155307693827537,0.36545760022070173
1097,0.10279325419856657,0.36878012557675066
1098,0.10398119255419701,0.37529944156046796
1099,0.1060122371681275,0.36913905025723587
1100,0.10252915491019526,0.37923844565723774
1101,0.10342448925779711,0.3699213196908621
1102,0.09935448438890519,0.37875754589723765
1103,0.09727991756892973,0.3675001638575007
1104,0.10421060266033295,0.36788962045707796
1105,0.10547999821362956,0.3710909511959344
1106,0.09969310919123311,0.3707850428302784
1107,0.10575618522782479,0.3739666083552186
1108,0.10586147058394647,0.37121558854155673
1109,0.11304831985504396,0.3719608386357625
1110,0.10410160835712187,0.3711221029137011
1111,0.10421177144012143,0.3766132185333653
1112,0.1040881672693837,0.36441961976519804
1113,0.10191679145059278,0.3801875625337873
1114,0.10922026345806737,0.36812959801881834
1115,0.10358462482690811,0.36790407480751364
1116,0.10050881101239112,0.37337180038442586
1117,0.09826116600344258,0.36972626692669136
1118,0.10266324949841346,0.37276275937718556
1119,0.09612167530482815,0.3690919484709737
1120,0.09939295558198806,0.3755812206513302
1121,0.09911031997011553,0.37217806694202854
1122,0.1061011026463201,0.38309656714735774
1123,0.10443040536295983,0.3729972586147767
1124,0.10190028432876833,0.37917620869806234
1125,0.09897350351656636,0.3741347786029777
1126,0.10069619023030804,0.37228361280042127
1127,0.10468575454527332,0.3745830658085663
1128,0.09782461677828143,0.36632106611901954
1129,0.10914815024983499,0.3820630600279136
1130,0.10024402410753312,0.3683806294038481
1131,0.10073290260568742,0.3731079828320888
1132,0.09729117876099001,0.376794249491584
1133,0.10282547603691777,0.37061537126251926
1134,0.09882300274987374,0.3741865364232458
1135,0.10127286468782733,0.37598042305848356
1136,0.1008281032404592,0.37447839474917055
1137,0.10644907576422538,0.37475103655255826
1138,0.1052733217516253,0.37004536636789936
1139,0.10434889577088817,0.37705590163257185
1140,0.10268549957583027,0.3707150150659987
1141,0.10966955245502534,0.3771506093050304
1142,0.11281494075252164,0.37149235352238913
1143,0.11194920804231398,0.3709351010340497
1144,0.10748690775325222,0.38697951725849833
1145,0.11485962040962712,0.37124739889811753
1146,0.11039928226701674,0.3676009025788845
1147,0.10586829651747981,0.37828314916830613
1148,0.10194028072780179,0.3690443478132549
1149,0.1036559554838365,0.3709308205541214
1150,0.10597942865663959,0.37510110366912114
1151,0.1065911405509518,0.3758050726918051
1152,0.10055027709853265,0.37202381759060354
1153,0.09926370771661881,0.3721706864230316
1154,0.09939883577246819,0.38026949180696246
1155,0.09963049931872275,0.36138084411322324
1156,0.10014682239101778,0.37367672385428485
1157,0.09963323608521492,0.37147905937113557
1158,0.09765729788810976,0.3719195208155123
1159,0.0953983359279171,0.3707587366414847
1160,0.09981160394607051,0.37418209692290555
1161,0.09568730261056654,0.3700293813432966
1162,0.09445528133261588,0.372574802478752
1163,0.09763022175719661,0.3752060604274721
1164,0.09372681763864332,0.3712229937837835
1165,0.09715541548305942,0.37794303662496104
1166,0.09504996504514449,0.3818782847327995
1167,0.09723709139131731,0.37517226571427253
1168,0.09732012402626776,0.3796848772761218
1169,0.09402032028282842,0.3695013882372911
1170,0.09631604869519511,0.37537072752053874
1171,0.09268007836034221,0.37277093066607503
1172,0.09565597892768922,0.3748249365273574
1173,0.09936090054050568,0.375942622883278
1174,0.10006492032158759,0.3755098936103639
1175,0.09887619941465316,0.3749512304787648
1176,0.09449677193357099,0.37811020106301274
1177,0.0944346107782856,0.3759194582626037
1178,0.09860136215725253,0.37281429028152524
1179,0.09404398548987604,0.3702573222773416
1180,0.09545192194561805,0.38937147585371684
1181,0.09678534178003188,0.38062153991899994
1182,0.10258708942321039,0.37769057203952533
1183,0.10150996547552847,0.3785657225396101
1184,0.09634294240705428,0.37895544041368295
1185,0.09729502734638029,0.38050126872564616
1186,0.0986137193056845,0.3825499403446838
1187,0.10350626899350074,0.3754532559025556
1188,0.10048944070454567,0.3811585909890053
1189,0.09921653256300957,0.3710426632174872
1190,0.09820546978904356,0.38937909411906
1191,0.10061732535400698,0.3668941798664275
1192,0.09940523077403346,0.37383861597020523
1193,0.09954719341570331,0.38222168143231766
1194,0.09777877023143153,0.37134109680216415
1195,0.10214601144675285,0.3847614047969493
1196,0.10354843110807481,0.37909690038602156
1197,0.09777162872975872,0.3759882010164715
1198,0.0953789463927669,0.37340058106228824
1199,0.09789155351538811,0.3749879887677673
1200,0.09816766578343607,0.37465637294869675
1201,0.09900663432575041,0.37741588986009583
1202,0.10525363827905347,0.3840887941662829
1203,0.09932281437420076,0.376204169259633
1204,0.10288296471680364,0.37543883725515287
1205,0.09935914100177827,0.3768561714723295
1206,0.09967600962808056,0.37445344520093204
1207,0.09764747850356563,0.3754528678748243
1208,0.09582517488348868,0.3779657976818563
1209,0.0958513144043184,0.37006706425121855
1210,0.09474736764546364,0.3793645397314153
1211,0.09505173083274596,0.3785305479564762
1212,0.09802946953042861,0.37941022168723565
1213,0.10083909765366585,0.3777143244904683
1214,0.10055236229973455,0.3788233118547234
1215,0.09514261445691509,0.3786175228599319
1216,0.09820153011429694,0.38200218359330546
1217,0.09970468739348073,0.3836260261691005
1218,0.09418046738832228,0.37533202491009743
1219,0.0999367076062387,0.3826487635759483
1220,0.09646879929688669,0.3767720049335843
1221,0.09565637813460443,0.38186145045404746
1222,0.10182926082803358,0.37900308528938387
1223,0.0998628074603696,0.3834157890096344
1224,0.09473229992774225,0.3750853583328706
1225,0.10007064861636009,0.37982163288838283
1226,0.09985240332541927,0.3728523193893576
1227,0.0978059122158635,0.37627025736603226
1228,0.09871220083967332,0.38160611274547146
1229,0.09595236422554139,0.37995663666187374
1230,0.09878373314296046,0.38401043489762116
1231,0.09758498808068614,0.37751646851537224
1232,0.09345559992136494,0.3785107157433541
1233,0.09397186675379353,0.372484352654383
1234,0.10113440213664886,0.3814496419632943
1235,0.09115899282117043,0.3770765511314373
1236,0.09521330772869048,0.37853585979095977
1237,0.09141236639791919,0.37804109926211804
1238,0.09493084732563264,0.37812954896972295
1239,0.09625930891882989,0.383041686058642
1240,0.09737695753574371,0.37803843707070317
1241,0.09674050610873007,0.3805002514879805
1242,0.09508639934562868,0.3743938428716253
1243,0.09463953707487352,0.3873977509506962
1244,0.09320124238729477,0.37887959940391674
1245,0.09339648917798073,0.38703235714955436
1246,0.09784573845324977,0.3768866685100068
1247,0.09437937313510526,0.3835309740893524
1248,0.09897868070871599,0.3748494397129929
1249,0.09506623470975507,0.3808848966930743
1250,0.09203568581611879,0.38160098584971036
1251,0.09493466130187435,0.3744142679194161
1252,0.09667715886908193,0.38946610345577537
1253,0.09614555585768915,0.3739192214675416
1254,0.09192034842506532,0.38263318502813354
1255,0.09453248328739597,0.3860254139828503
1256,0.09693992258079591,0.37334954462254555
1257,0.10710722039784154,0.39038127645812837
1258,0.11328986863936147,0.3907908271428636
1259,0.10750305220004051,0.36943063289300543
1260,0.11657740247826423,0.3735766005247159
1261,0.10630774113439745,0.3853401331076945
1262,0.1039991385994419,0.3779749325791696
1263,0.10400677496387113,0.3792215770946111
1264,0.10753585566436091,0.37821474656425325
1265,0.09418420806046456,0.3844958535561287
1266,0.09948213975275716,0.38345048279690563
1267,0.0955920450149044,0.37269694345039234
1268,0.0967829410106905,0.3845662734562293
1269,0.09686655022444264,0.38102510885188456
1270,0.09507318009291926,0.3728805625050289
1271,0.09473158202825054,0.38817380275343893
1272,0.0999031062087705,0.3770015813354263
1273,0.09818672989645312,0.378002337196417
1274,0.09405858261931327,0.38285414609395174
1275,0.09340704496829741,0.38009769209943023
1276,0.09634608943616191,0.38306653671396107
1277,0.09980455906160417,0.377293955936169
1278,0.09369369692379428,0.38245025994186116
1279,0.09946283385638267,0.3703134902437827
1280,0.0990838487782786,0.3881728094920777
1281,0.09439912798904604,0.3744759894253915
1282,0.09316274956349403,0.3826089591011965
1283,0.09504752774392405,0.38031661704668124
1284,0.09031389869989888,0.3805153163005236
1285,0.09409944953457001,0.383869530189605
1286,0.09050602417799734,0.3788470681149858
1287,0.09455421975543422,0.3789629576200232
1288,0.09703190985225862,0.38232036737869857
1289,0.09279217426815341,0.3732383411032215
1290,0.09393703072301803,0.3887465102481364
1291,0.09502602200354299,0.37583694198077783
1292,0.09926228802050313,0.3926307501500113
1293,0.09317665354859445,0.3809776577286254
1294,0.0931754806830037,0.38211219793274287
1295,0.09358774678361031,0.38387557423503177
1296,0.09319269008213474,0.38106061932735874
1297,0.08932166618685569,0.3774814709535517
1298,0.09183942045896284,0.3835077529264273
1299,0.0887612717286233,0.37739807763195277
1300,0.09587259614659895,0.38965547450801785
1301,0.0937319532517464,0.3807428783193268
1302,0.08955200160703351,0.3868653087837057
1303,0.09704368561506271,0.3770356631667393
1304,0.09624510835255345,0.3869606062284388
1305,0.08899805382374794,0.3811198362431729
1306,0.09253181565192438,0.388922365386982
1307,0.09337542686731584,0.38063283298248635
1308,0.08931030260939751,0.3895053538612853
1309,0.09204581668300013,0.3860618177063782
1310,0.09367823744973829,0.38206829470500614
1311,0.09755331205744897,0.3925944648888476
1312,0.10652423241446095,0.384688971783583
1313,0.10175313512163778,0.37289357760496306
1314,0.10617685029583593,0.38499364443590167
1315,0.10334800832694577,0.391011360220443
1316,0.10110386172609945,0.37761330888384864
1317,0.09782841585336192,0.3849572375005947
1318,0.0950614079352348,0.3772995466725868
1319,0.09665339031527119,0.3840629382241041
1320,0.09320783470907519,0.38035575772885394
1321,0.09453847788033946,0.3839595715204875
1322,0.09019157506765858,0.38481376725330685
1323,0.09737963229417801,0.38293464171856567
1324,0.08939935098732671,0.3837572074026093
1325,0.09011527607517858,0.38650719011039064
1326,0.09335970494054979,0.3831442215090109
1327,0.09203419257556239,0.38961962978343917
1328,0.09240197750829882,0.3818751761787816
1329,0.08951803176633773,0.3832128554358518
1330,0.09347563188883566,0.3785015901079154
1331,0.0972789432252607,0.39157651995955256
1332,0.09600338099464294,0.38094112060422586
1333,0.09643400700822953,0.3878312860067028
1334,0.09688180733111597,0.38145989896659566
1335,0.09316505299460504,0.3827026270535357
1336,0.09270519426753444,0.38357344777661756
1337,0.09784974902868271,0.3851276033354881
1338,0.09186874161804875,0.38008491004021244
1339,0.09308980549535444,0.386176179674335
1340,0.08805177625148528,0.3811942557792616
1341,0.09142474782082342,0.38582411064838706
1342,0.09350064444926477,0.3840218776449524
1343,0.09379601430508398,0.38578826861273974
1344,0.09400732695095,0.3819676797491566
1345,0.09238240699614247,0.3865554524692975
1346,0.09096466701838278,0.383479711928762
1347,0.0882525097939276,0.3881879529558626
1348,0.09022309030255964,0.3825349923512691
1349,0.09531222740488668,0.3952581244602538
1350,0.09950764429184698,0.38161128946115497
1351,0.10100186832489506,0.38715297528974396
1352,0.09239998291577062,0.38615668596779196
1353,0.09567563644339962,0.38759814833937434
1354,0.09261307312596229,0.38865616290192856
1355,0.09309904830109689,0.3899815490371303
1356,0.09470500076009382,0.3828952916732109
1357,0.09506527262349282,0.38820517175179675
1358,0.09103465777251028,0.38227194405737375
1359,0.08946160827913592,0.3852821238955161
1360,0.09226896565768027,0.38293459384064926
1361,0.0930664359081176,0.3939896523205559
1362,0.09622422677855338,0.3827269361132667
1363,0.09140313969504449,0.3941457851190017
1364,0.09350416689149794,0.38530332268330086
1365,0.09117341161735597,0.39441325401602534
1366,0.09244091496352226,0.38509579028999597
1367,0.09323914204874346,0.3897781211481357
1368,0.0925872458084937,0.39492536644290266
1369,0.08869633871701456,0.3858874045069654
1370,0.09284358856178099,0.396177684827556
1371,0.09601352435927238,0.38216200306600795
1372,0.09637306366235979,0.3953619617268555
1373,0.095253124833107,0.3850868195668797
1374,0.09301389008760452,0.3898439806206782
1375,0.09076179756272224,0.3857892682229666
1376,0.09415284640366031,0.396112824218315
1377,0.09069541649472329,0.3894050204963015
1378,0.09509102687720329,0.3957200798773228
1379,0.08835053588113477,0.38573443777579114
1380,0.08830146563629951,0.39337459288742904
1381,0.09123817014117394,0.3839839841787678
1382,0.09024248704794914,0.3940275707340479
1383,0.09256108201319171,0.38595171171919745
1384,0.08877403625557499,0.39399143769627526
1385,0.09101600969030012,0.38767319641316444
1386,0.09649554015167298,0.3918863926316264
1387,0.08994289247259017,0.3950988742193781
1388,0.08784970977614003,0.38805304449004935
1389,0.09143235390224765,0.3932054663511147
1390,0.08783039594850232,0.38858789198081894
1391,0.09837315039288613,0.40423574244468136
1392,0.098264807414624,0.38000644149636864
1393,0.09572860790837195,0.3971523854666784
1394,0.09392067020939242,0.3941769860591506
1395,0.10345325306538612,0.38767012042509286
1396,0.09524248011650578,0.3892104090903337
1397,0.09054366162707729,0.3911581844614263
1398,0.09046647361209316,0.38595181979929893
1399,0.09311485410697999,0.386337727681736
1400,0.09272381230708092,0.3979341806026927
1401,0.09333479668824904,0.3822145468011536
1402,0.0921615979844524,0.39095455281119
1403,0.08973434351144298,0.38607123770510643
1404,0.09506712805840277,0.3860911626863599
1405,0.09500893806257556,0.39012915202250753
1406,0.09165326986582048,0.38474779394933756
1407,0.09386332597463362,0.3971151903010251
1408,0.09254883926722311,0.397343015013482
1409,0.09886467408749365,0.3822956162885317
1410,0.09447307908727277,0.3902866604334131
1411,0.09497910641854809,0.39152442930933823
1412,0.0896008815015516,0.38271433652791764
1413,0.09216512883863141,0.39535840979793613
1414,0.08993948323111381,0.38869572888340864
1415,0.09072888474310598,0.386471564608409
1416,0.09598903261846112,0.3886036358979113
1417,0.08950459668713232,0.3853986314066072
1418,0.09320680460622234,0.3938321485405877
1419,0.09528885661594329,0.38665980571194697
1420,0.08727183433309678,0.39646047562883613
1421,0.09439920898406737,0.3925093393726158
1422,0.0860282019261391,0.3945715397521667
1423,0.09204080821044984,0.38869197901926544
1424,0.0915460824485748,0.39044549635478426
1425,0.09268721048870394,0.3959244496392128
1426,0.08934812728435762,0.3886776361100954
1427,0.09041569598259465,0.393263805704308
1428,0.08824475301850226,0.39223789578691165
1429,0.09229342999958223,0.4028358472917313
1430,0.08999192522418115,0.3896371102273315
1431,0.0886287480112045,0.39695743719736737
1432,0.09618955225713792,0.38681711342400477
1433,0.09217933613446451,0.39824495705446805
1434,0.09358595648119526,0.3973699625124011
1435,0.09080214942655256,0.3970711330572764
1436,0.08976435228701561,0.38967107165427434
1437,0.08962485722957118,0.397427543362878
1438,0.09224913317349649,0.39447730055130215
1439,0.09161975691395421,0.38536646708211203
1440,0.09192824580015675,0.39484560616631853
1441,0.09106206797784375,0.39415193590006437
1442,0.08593110956491963,0.39457083584969505
1443,0.08954389681739192,0.39542967701018006
1444,0.08985703462554563,0.38991448798574
1445,0.08656848486392729,0.39713838308078603
1446,0.09226625725146263,0.3838354341667099
1447,0.09321725584806935,0.39950938332349734
1448,0.09025147701463392,0.38824103597112763
1449,0.09327899400264986,0.3911439996016653
1450,0.09093468564171944,0.4017577847293146
1451,0.09450461667391562,0.38422025026832907
1452,0.09165621548891068,0.39657485021983174
1453,0.0917945114835616,0.39536631510670023
1454,0.09480962421624892,0.38548212705698226
1455,0.09300368904106078,0.40462533677729745
1456,0.09110188315952977,0.38834478427891744
1457,0.0923796072602272,0.39382874502573995
1458,0.08983183411821243,0.3946016754273484
1459,0.08674303946956512,0.387962272815537
1460,0.0900438653845941,0.3966211119391267
1461,0.09218223873646028,0.3943133030768325
1462,0.08827794319198977,0.39276636259298875
1463,0.0922483227426006,0.3951381306749836
1464,0.0872281662398769,0.3876039281226041
1465,0.09224970446478936,0.41268333934602286
1466,0.09250810742378235,0.3799486985630858
1467,0.09285243336231477,0.3896181219651884
1468,0.09214327051754921,0.39910617702288137
1469,0.09571158741751025,0.38351803413011076
1470,0.09709556593048957,0.39932894273509356
1471,0.09421801831453078,0.394876778275148
1472,0.09595184532865401,0.38374628212517664
1473,0.09076638231354375,0.39182021295217645
1474,0.0941700947380835,0.38651229190945924
1475,0.09549515982789378,0.3890090610150407
1476,0.08862491432697542,0.3964525373059705
1477,0.08999938854286747,0.38069532187959004
1478,0.08936788382068757,0.39541494846343994
1479,0.08999474947491,0.38941235679731634
1480,0.08954410158818768,0.38599054085879697
1481,0.08451433311547002,0.40000106061909135
1482,0.08885569293652812,0.3845259556196686
1483,0.08798418314226213,0.3974269631512482
1484,0.08632582450105299,0.391519791575004
1485,0.08519811351453105,0.3892731021968344
1486,0.08822174754834944,0.3848533542980825
1487,0.08617985128395018,0.3945562330104952
1488,0.08878791885029885,0.3899076917864625
1489,0.08469149662602332,0.39119715551684675
1490,0.09055601805448532,0.3902676846449238
1491,0.08746281049905284,0.39477439086538807
1492,0.09013823467877603,0.3884549005736683
1493,0.083921596167549,0.396525628285898
1494,0.08650969521653268,0.39117926105222006
1495,0.085973164006587,0.39933244626324876
1496,0.08537268951054543,0.39104157193262773
1497,0.09029105834422572,0.3926961205358194
1498,0.08190250733206349,0.39433964631312474
1499,0.08557803520271855,0.40028640792184605
1500,0.08930359612549504,0.3915049105061027
1501,0.08580861721308,0.3998370345373799
1502,0.09387660531267043,0.3894000265532568
1503,0.08870180672214877,0.3998697420260064
1504,0.08426590047536357,0.3886672024589433
1505,0.08554332559147189,0.4037269624253562
1506,0.08537560364892406,0.3932814151422123
1507,0.0856047702893134,0.40785830607987883
1508,0.0884460314146934,0.3895815604163292
1509,0.09169261782400069,0.396147831863628
1510,0.08605883967491888,0.39071916674910334
1511,0.0866115792624412,0.3960448821684472
1512,0.09243070598571532,0.3957057657994722
1513,0.08368697810557581,0.398577327342858
1514,0.08531254145406908,0.39645351002688395
1515,0.08851497019490888,0.4008337391498394
1516,0.0863990327042918,0.3915614533543886
1517,0.09184044287089378,0.4003772723644897
1518,0.08783989183364375,0.39243200608064654
1519,0.09121833933937934,0.39801256930021417
1520,0.08582193332333718,0.3950896097305126
1521,0.08652713101717734,0.3948288475511068
1522,0.08534650456520819,0.3974182803678632
1523,0.08834230587367088,0.39372232489119796
1524,0.08593442915908751,0.4039856350810307
1525,0.09083034002011822,0.39166982699755143
1526,0.0901810841694955,0.4017633981722638
1527,0.08940557726929264,0.3908479389242062
1528,0.08677207534351657,0.40573499607561825
1529,0.0866966829184563,0.3971171175925654
1530,0.08573336226324882,0.39832229594837754
1531,0.08769688010215759,0.40035431426868107
1532,0.08457489936582503,0.39902599869216593
1533,0.08663594121894529,0.399079184857825
1534,0.0860586344234405,0.39823352648202043
1535,0.08464240426978757,0.40369184767094474
1536,0.08806524521881534,0.3953547227502168
1537,0.08977920321687576,0.4010528025770546
1538,0.08746062002835735,0.39594144712115886
1539,0.08366251087957813,0.3989956611977484
1540,0.08817183058108052,0.3977997174537869
1541,0.08304204046726227,0.39912722694843933
1542,0.08706868920595415,0.4033356134903461
1543,0.08589659438979241,0.40472371401942164
1544,0.08412823345391982,0.4014700706441301
1545,0.08421973884105682,0.3945046601289496
1546,0.09155892340406295,0.4039080393941779
1547,0.08593316111833818,0.3940410589365135
1548,0.08580628710408364,0.40205974223320945
1549,0.08385934416324861,0.39549076527282406
1550,0.08438337137622218,0.4005647210548994
1551,0.08917999435817042,0.39959702612762166
1552,0.08496236608874413,0.3966166394993775
1553,0.08812768541036113,0.3996617094167791
1554,0.08818580955266953,0.39707339795908536
1555,0.08649353562824187,0.4062440064467284
1556,0.084380378405894,0.39252691407849016
1557,0.08908630474921196,0.4076543268852664
1558,0.09065675711439501,0.40191248679220826
1559,0.08345480936188851,0.395632776476088
1560,0.08514026696643522,0.40699791863448637
1561,0.0853805755895953,0.3987853536779122
1562,0.08416599852423515,0.4077481150925906
1563,0.08483206624946286,0.39455646306351017
1564,0.0864525901213769,0.4083058680209301
1565,0.08513647245783959,0.3960197529099639
1566,0.08564353758288969,0.40361168345711884
1567,0.08333920759539451,0.4107734135219029
1568,0.0874666658139998,0.3951094539691332
1569,0.0864836071287432,0.4087487318760769
1570,0.09025578705533858,0.393795767374206
1571,0.08824422595001036,0.4027269274967356
1572,0.08798426894410964,0.4014566308424288
1573,0.08693592610859102,0.39963094602551374
1574,0.08709353016268823,0.40429225989750456
1575,0.08687635487125765,0.3963025292955843
1576,0.08515228162850103,0.4008060914830755
1577,0.08109568323819868,0.3966543011199263
1578,0.08425018383610633,0.4063801464430969
1579,0.08163364159484063,0.3982258699740981
1580,0.08436199878492663,0.4015395320895919
1581,0.08264295756816864,0.39439368382432405
1582,0.08451247551748829,0.4062536704659761
1583,0.08507191918549999,0.3969821900054626
1584,0.08528430567633721,0.40377019536226316
1585,0.08297635807145026,0.3961061349040584
1586,0.08375944221212019,0.40885520661086366
1587,0.08448957099068549,0.40096685783307356
1588,0.08295138612870247,0.40572403561800047
1589,0.0848179197599811,0.40041181325613706
1590,0.08391263504182139,0.4055308833307491
1591,0.08151609282339772,0.3988361728370638
1592,0.08409785575443698,0.4054435206983322
1593,0.08833584117312585,0.4014484732222736
1594,0.0837883944472959,0.40817057503793475
1595,0.0868352267049974,0.4018070561844006
1596,0.0843572758378521,0.40270283295397175
1597,0.086323905375696,0.4005464363964578
1598,0.08326753709585435,0.4072559551338205
1599,0.08661716407345187,0.4008963027394804
1600,0.0909751386892411,0.4051465460829866
1601,0.08365341804681285,0.4014682696576704
1602,0.08456533762716478,0.4075707778297271
1603,0.086815393740131,0.3983917426794095
1604,0.08605212838419023,0.41127775605758626
1605,0.08543559163808823,0.3983086384926225
1606,0.08335462885518227,0.40626816402999383
1607,0.08283346506857103,0.3996655657924805
1608,0.08345242854087584,0.4050001295885645
1609,0.08687502193835474,0.403892631668196
1610,0.08270844865229822,0.4087725159219632
1611,0.08537366529626231,0.3977912403736497
1612,0.0838357089988647,0.41626056364006864
1613,0.08795830679516639,0.4091132828466277
1614,0.08573500763985419,0.39881227137450886
1615,0.08512636826884362,0.41163042710538494
1616,0.0866778459279768,0.4073804994872339
1617,0.08400754750736299,0.3983143399233806
1618,0.08629732651095237,0.41312729042574275
1619,0.08179015738348808,0.39416482723446417
1620,0.08439211955954952,0.40366987745863453
1621,0.08709358856562645,0.4043615296072231
1622,0.08840984490609938,0.4022988810724483
1623,0.08225469916097579,0.4070981625925031
1624,0.08430794338064809,0.40247489082484617
1625,0.08353314236287147,0.40827053531369467
1626,0.08283055213189894,0.4025420924475916
1627,0.09031610671550996,0.40538888430236875
1628,0.08823011599240764,0.40608676222332735
1629,0.0814372084794506,0.40650180325771035
1630,0.08144888834607217,0.40404296429234937
1631,0.08730497595763975,0.409491920605638
1632,0.0828248476309161,0.40310703341225934
1633,0.07994773863784728,0.4119789400196314
1634,0.08212555728612407,0.40373112504046066
1635,0.09045248406548653,0.4118704707700208
1636,0.08005273318098437,0.39876513433336913
1637,0.08898048367231123,0.4136317382779038
1638,0.08363440272308165,0.40807162408243147
1639,0.0886998577944694,0.40086803198757026
1640,0.0891054438487176,0.4099195595074417
1641,0.08089454712406281,0.40807653250252096
1642,0.09064079436563677,0.4056649986365086
1643,0.09093651608113319,0.40412386475051554
1644,0.08667994218487893,0.4043087242988118
1645,0.08702072549250818,0.4031387849111007
1646,0.08325465143688264,0.41231484520704226
1647,0.08352913875733653,0.4003827190190031
1648,0.0864972073224283,0.40474167809749306
1649,0.08768951964955177,0.40192393125746784
1650,0.08082306457142677,0.4126753746566916
1651,0.08212852285754296,0.4011754839492023
1652,0.08247152018931604,0.41417075958765837
1653,0.08889628922747027,0.4011219060958776
1654,0.08252915115125718,0.41215160048396365
1655,0.08357692774265044,0.40396808741385476
1656,0.08499511163080892,0.40419690770314154
1657,0.08351319715861351,0.40845796495750736
1658,0.08254675855559687,0.40183813619733155
1659,0.08448043393511925,0.4008015107391472
1660,0.0906768157597511,0.40199503078496546
1661,0.08453449486724791,0.40868032396885384
1662,0.08338370126101279,0.40982584875627864
1663,0.0938741028789551,0.4062542876504119
1664,0.08263528010537548,0.40778848887386177
1665,0.08392822574223241,0.4046883264131713
1666,0.08344013027606471,0.4067820837921965
1667,0.08079007051644786,0.4052714709201851
1668,0.08383123720845868,0.4098852294728272
1669,0.08371355648963683,0.4069939352814715
1670,0.08500068514577803,0.4022661794098398
1671,0.08379878247937848,0.4151818975619505
1672,0.08391524130298246,0.39891073772483004
1673,0.0900583791155969,0.41013215485969584
1674,0.0804853196586332,0.4024338591517064
1675,0.08271671735471295,0.4123455873109344
1676,0.08205138339150336,0.4100254214646524
1677,0.0821247473359108,0.40985348126045745
1678,0.08252888437240355,0.40777050873689485
1679,0.07962660851978487,0.4040538900926298
1680,0.08960183157074836,0.40831246934737775
1681,0.08139879713135381,0.4086563365351885
1682,0.08117075961443686,0.4141879935461776
1683,0.08262500263029529,0.41065410026034016
1684,0.08141735580659681,0.4089829188241696
1685,0.07890569851283104,0.4130183408284247
1686,0.0857362225651741,0.4036365610764439
1687,0.08019788995865852,0.41624522881400317
1688,0.0826578238798726,0.4099340535943072
1689,0.07909755192456706,0.4148156094670595
1690,0.08518199165982585,0.40633542622838703
1691,0.08005727226695707,0.4031256552328143
1692,0.08222709644225336,0.4115555112373859
1693,0.08169186716118167,0.4069539437019138
1694,0.0833844340616657,0.4104098077854118
1695,0.07881890021024211,0.4034999791990247
1696,0.07808333971808033,0.4137481752792397
1697,0.08424907273823215,0.4094362555440506
1698,0.07946771815899879,0.4115014939678642
1699,0.08496284749238722,0.41121864311378403
1700,0.07856825114257875,0.41065625715674015
1701,0.08220054882187997,0.4093624333988754
1702,0.08177773606392645,0.41000837266893314
1703,0.08521938396077003,0.412203062671169
1704,0.08155964579313033,0.4078969054652336
1705,0.07991521925695481,0.4130374508394036
1706,0.08709575380048444,0.4026214826973459
1707,0.08310844821314659,0.4177187034360747
1708,0.08705496355410546,0.40583144146995737
1709,0.08045321534718236,0.4186733931228332
1710,0.08124695501981243,0.4052355754793736
1711,0.088059741402826,0.4153607876079722
1712,0.08501477203061504,0.4067642351140952
1713,0.08515823440205667,0.41063869447636425
1714,0.08522881231000347,0.41359988049158175
1715,0.0839592876934236,0.41220337421374215
1716,0.08024436115257201,0.41144954448654536
1717,0.0835373610738785,0.41813002388578907
1718,0.081986234072716,0.4051485662173508
1719,0.08007401300053443,0.41047524651489165
1720,0.07796819964724203,0.40792140035999747
1721,0.08282194454823771,0.4166521610024579
1722,0.08267757320596326,0.4109505205823664
1723,0.08279878910510771,0.40983455618820097
1724,0.08110505871234401,0.4134318903275301
1725,0.0812502236616227,0.40785745167194454
1726,0.08138374984264374,0.41380209828677933
1727,0.08097236074747578,0.4062492673409015
1728,0.08321848247320421,0.4131442917170082
1729,0.07854426580090676,0.4077354315528296
1730,0.08031452254902932,0.41118731303023814
1731,0.08082626904210737,0.40934368138922783
1732,0.08224779920231912,0.4113907432347013
1733,0.08513921979934938,0.4151807408733177
1734,0.081110077038888,0.41068899317791585
1735,0.0818601688069682,0.4196280713069409
1736,0.08035235491491133,0.4071962274704362
1737,0.08203591117935796,0.4156048217961065
1738,0.08133787805995633,0.4076182415013325
1739,0.08166394406749357,0.41419753910306106
1740,0.0798120883203322,0.4143851279166707
1741,0.0791480416251767,0.41427361031522725
1742,0.08327485332565923,0.4173741330180252
1743,0.08142792000885933,0.41502049303891364
1744,0.08305614129189522,0.41306891761029274
1745,0.07913669607331676,0.4119626129779003
1746,0.08385086203775098,0.41127657113517435
1747,0.07947672783367095,0.41298993002800716
1748,0.07842611088868111,0.4088348756756699
1749,0.07859396309621873,0.418410736441911
1750,0.08427166361962596,0.41015788755918803
1751,0.07881158109634154,0.4144985963378036
1752,0.08900356653236574,0.4129327556543183
1753,0.08389454310940157,0.41453773701997626
1754,0.07805837738898493,0.4063123797713067
1755,0.07988063943001532,0.4128282852937703
1756,0.07988437505499009,0.41823977739888624
1757,0.07911146336024807,0.4118061251658246
1758,0.08230904561858024,0.4117774825197712
1759,0.07841723724719017,0.41307299455305685
1760,0.08285167500857384,0.4175681231314676
1761,0.08568190879398777,0.4075888750845926
1762,0.08179685569578601,0.4142524389396037
1763,0.08190313558424672,0.41292382227747065
1764,0.0831819323282088,0.4137361290908995
1765,0.0853757348752791,0.41377570769541844
1766,0.08017853887811784,0.41449179603043657
1767,0.07704269693743798,0.4116311510254566
1768,0.07979997247457504,0.4121631389871277
1769,0.07704586103077858,0.4143240051460744
1770,0.0774820257098444,0.41603108904415503
1771,0.0795899644013374,0.4122561222329773
1772,0.07621298874578168,0.41971818882421147
1773,0.0827593837053545,0.41106172753754716
1774,0.07987461263133634,0.41896635525507436
1775,0.07967169414604863,0.4141760707499091
1776,0.07995017137258284,0.41719558005942436
1777,0.07837496721936811,0.41601643205286565
1778,0.08001736191011244,0.41263639897033383
1779,0.08033278103797667,0.4127681556351502
1780,0.08490966164296673,0.4162073865122066
1781,0.07969212676248243,0.41346494931923716
1782,0.07999236545255108,0.40919734272442965
1783,0.08189360340756754,0.41349867964746956
1784,0.08268602096265362,0.4120536244154574
1785,0.08010118022080391,0.41083613023124543
1786,0.07735420643321929,0.4139019710975781
1787,0.07848425305658771,0.40842696695698233
1788,0.07911483703121062,0.42160207451435555
1789,0.08133020011648055,0.41198688581175075
1790,0.08094604241271172,0.4187292605265041
1791,0.08192491963986427,0.4156037992552707
1792,0.07783195472532703,0.41647008300425115
1793,0.07819149811421672,0.41148175646487933
1794,0.0835643228023283,0.42265655731497553
1795,0.08033664836998909,0.4143848224988856
1796,0.08462401070902424,0.41907665745955064
1797,0.08035032643425849,0.4110276440629983
1798,0.07854601428393394,0.41445082665087285
1799,0.08240666624999815,0.4182329115114714
1800,0.08022881299257278,0.4160949136679035
1801,0.08074702610892634,0.41441237829382854
1802,0.07815135246323,0.41431196538129245
1803,0.07969320036711232,0.4147104930160637
1804,0.08348715353396631,0.4196035149402188
1805,0.07814339692554166,0.41347601576556536
1806,0.07864820164057516,0.4205610559398967
1807,0.07889480552365703,0.4132040925043866
1808,0.07583925200085487,0.4162906573380444
1809,0.07941057629162265,0.42307595382059426
1810,0.08393271579857796,0.409163146538842
1811,0.07711356541802807,0.42351247247000384
1812,0.08346579271939493,0.41174189824807017
1813,0.08087860432363325,0.41607515174045895
1814,0.08017721940432826,0.4146344896247214
1815,0.07581176007947614,0.41174242722061943
1816,0.07874605011555456,0.42318267616114225
1817,0.07950574664338943,0.4035225302951975
1818,0.08062295207092839,0.4174915275776894
1819,0.07990934916080968,0.4194030015540302
1820,0.07878081861042208,0.4083862383114664
1821,0.07763603954545913,0.4200993787525292
1822,0.0838900244524402,0.41603982358946834
1823,0.07933127471516209,0.41283478981868965
1824,0.07753255482642882,0.41515310142273293
1825,0.08125015516434947,0.41646363375180945
1826,0.08227615899616672,0.4241140909810413
1827,0.08095375688806657,0.41463253962664975
1828,0.08095371819311573,0.41651739034437596
1829,0.07658225850712869,0.4204204724097909
1830,0.07870814949274063,0.41097654077343476
1831,0.0771903772988627,0.4175382593371217
1832,0.08101196130437235,0.4219204811075875
1833,0.07953553021915498,0.42070032391034273
1834,0.08000618579887575,0.4228350083929554
1835,0.07854852945573869,0.4188767419124307
1836,0.07624129926966082,0.41378920777399736
1837,0.08199026868227989,0.4180066754345906
1838,0.07668984945743315,0.41681921952649165
1839,0.07958574496930645,0.4157533308019614
1840,0.07809591629812794,0.41768183482619453
1841,0.08452750910674373,0.41343110934235994
1842,0.081065658119417,0.42394728178069707
1843,0.08188382031456116,0.4212158815305036
1844,0.08108269230973336,0.4136623509396288
1845,0.08515461077613215,0.42380400319446
1846,0.07849169041841261,0.41747067498981505
1847,0.08014151021357506,0.41591945985206086
1848,0.0802849980611955,0.4227824147631949
1849,0.07811550844100214,0.4158120305466473
1850,0.08441049797881034,0.4151254693667094
1851,0.07966980842813369,0.42108660585300667
1852,0.07956495616705186,0.41777256325372775
1853,0.07712505084853019,0.4183406393629566
1854,0.08643402928306211,0.42214470197981163
1855,0.07681243746511397,0.4175127717785369
1856,0.07581196364856535,0.4179805199753372
1857,0.07466456294059753,0.4177860901469276
1858,0.08016016839012023,0.4172500445878595
1859,0.07471244686072873,0.41997837138952765
1860,0.07863011187122713,0.4151939819928697
1861,0.07596132904291153,0.42201992391344895
1862,0.08102147377306415,0.4165030498253672
1863,0.0783816816345338,0.4237396887370518
1864,0.08094421678012417,0.41665949633246974
1865,0.07479285833335692,0.42606449067443236
1866,0.0781820228984279,0.4154850963811229
1867,0.07904902845621109,0.4227838148001143
1868,0.07515511565631436,0.41701748123145044
1869,0.07560039576022856,0.4201720282248686
1870,0.08379175513982773,0.419993215485623
1871,0.07649192742763027,0.41715038278347866
1872,0.08324258486109395,0.42389035172629774
1873,0.07956305314456263,0.42199822326650593
1874,0.07833060742385926,0.4141759758903867
1875,0.08054327508134226,0.42208133499723927
1876,0.07825280485614654,0.4175006928748654
1877,0.07842135525518848,0.4190356109972884
1878,0.07463328035608414,0.42085901261272285
1879,0.07537811898416089,0.4208962817986806
1880,0.07673105717666688,0.41780694273480196
1881,0.07634560283153288,0.41338291697036056
1882,0.0788556779584577,0.4239817402117832
1883,0.07820400379357799,0.4196528371115376
1884,0.07720336678528017,0.41992235714032833
1885,0.07641077954922953,0.4240231091964215
1886,0.07693601447728372,0.4206379180713405
1887,0.08068280883373753,0.41806214689312127
1888,0.07892970188010123,0.42225403228499236
1889,0.0765182099515392,0.41912652451292914
1890,0.07708339681548457,0.415445052367404
1891,0.0779306756392602,0.4211847660386174
1892,0.08019881118689814,0.41539217386030614
1893,0.0784249839282805,0.4202077856338711
1894,0.07794943788359242,0.41818891820453463
1895,0.07745460829427166,0.4187065282262358
1896,0.07553195761096093,0.42008141930539505
1897,0.0810597387533034,0.4204890611476468
1898,0.07376185011479162,0.4179886194100057
1899,0.07915386341271861,0.4216719545367965
1900,0.07985767289515465,0.42225680405035954
1901,0.07480648712765786,0.4170023728731581
1902,0.07851599901914597,0.42586510029054225
1903,0.08709464294295158,0.4212721365884432
1904,0.07676019856045323,0.4180223778226322
1905,0.08090797066688538,0.4220354785596518
1906,0.0758183836456268,0.4222700683992907
1907,0.08133743318819231,0.4229410388565302
1908,0.07745794302994205,0.4228635557313312
1909,0.07894360201974068,0.4187023313272567
1910,0.0759122071246947,0.4219305699779874
1911,0.07526923980443709,0.41923677898887407
1912,0.07601311995137122,0.4214965031111151
1913,0.07650432423237831,0.4192207991180563
1914,0.08158939211599288,0.4234356484317541
1915,0.07951252306661298,0.41903811924738393
1916,0.08338589125102566,0.42531873013142657
1917,0.07713613803348233,0.42111888699663014
1918,0.07924159616231918,0.42101512143486425
1919,0.07470393252949561,0.42079599466837736
1920,0.07793448937516059,0.4152891281105223
1921,0.08341446855375843,0.42288091240968917
1922,0.07860778560561518,0.42680645989893673
1923,0.07773720088504976,0.4152001347906309
1924,0.07795843650256434,0.4219361390535694
1925,0.08160802842147889,0.4210626034808338
1926,0.07442441318304308,0.4185804974913298
1927,0.0764302957442499,0.42316313233590663
1928,0.08033180356987062,0.41744654601379144
1929,0.07524985988293925,0.4197617925348736
1930,0.07919455848393901,0.4222813114187771
1931,0.07637297746635252,0.41469255605138333
1932,0.0813258326342029,0.42152537498856546
1933,0.07902689494432942,0.42412737168763814
1934,0.07665521675540556,0.418007007592304
1935,0.0803721946093344,0.42400580203921573
1936,0.07843105855488008,0.4264329077307144
1937,0.08211214143422342,0.4217871746473145
1938,0.07783954422320088,0.4225476086139679
1939,0.07500081196908027,0.4155163001595882
1940,0.0768035801668321,0.42540515783735383
1941,0.07485178497529799,0.42433452583793413
1942,0.07537194077045686,0.42289248878196967
1943,0.0825633704662323,0.4252904322661254
1944,0.07634104379723149,0.42153719650175336
1945,0.0804459767476205,0.4263296916819455
1946,0.07652084937980098,0.4248040157900119
1947,0.07854153239919294,0.41771900840570453
1948,0.0756679809381885,0.4255455641967611
1949,0.07742580483036657,0.4189423268898985
1950,0.07768396143951724,0.42212635540125665
1951,0.0793213635202377,0.4225615307800752
1952,0.08282706982666446,0.4185096410880412
1953,0.07745230053701709,0.42687930043478656
1954,0.08292865873344483,0.42315871412293954
1955,0.07706658974770576,0.422974661776894
1956,0.07604075824060748,0.4275660657494289
1957,0.07777897172397183,0.42134966998171985
1958,0.07607798158161101,0.4160308287406625
1959,0.07907610074166328,0.42357550042314934
1960,0.07596352912725941,0.42617966716450856
1961,0.0811144632677878,0.4143579033831307
1962,0.07484647775849988,0.424314021093206
1963,0.07859327932519297,0.4237396959075354
1964,0.07861008519126524,0.42116669567306536
1965,0.07667818881811635,0.42478586998499723
1966,0.07749088757461117,0.42278549493404854
1967,0.07593692286360648,0.4216893224190351
1968,0.08464486824889336,0.4273175425398021
1969,0.07692249984510484,0.423111603522958
1970,0.07654776015589314,0.4255798526276323
1971,0.07777708816912866,0.4218517293159227
1972,0.07841580457264377,0.4210005979191391
1973,0.07858134037063967,0.4248281592563878
1974,0.07646945287143031,0.42057523908172934
1975,0.08197820619229347,0.4244215250164644
1976,0.07781087847486619,0.42555738922049824
1977,0.07616403674887072,0.4224112440918322
1978,0.0764942969526014,0.423633817443274
1979,0.0770147043851114,0.4216125366233644
1980,0.08038141193889803,0.42316089253079026
1981,0.07491350750769338,0.4253473526851874
1982,0.079550072070091,0.42259412249526884
1983,0.07987179799425986,0.4243544010739577
1984,0.0748316460559445,0.42104049434040425
1985,0.07887597478205158,0.42701806400652814
1986,0.07673859019433299,0.4242138796133505
1987,0.07494088574763268,0.42546334041091133
1988,0.07848306432847053,0.42491888716107323
1989,0.07698283248370694,0.42575966826357636
1990,0.07647616872864385,0.42558058812504723
1991,0.07580518001510252,0.4204908379337244
1992,0.07398018721611269,0.4262004918920665
1993,0.07822073010667678,0.4253556773925485
1994,0.07508296399347243,0.42324972361849067
1995,0.07761800217051659,0.4243325920481431
1996,0.07762141742052571,0.4233422070218806
1997,0.07500388833784288,0.42668511417874116
1998,0.07926276254077111,0.4234839745780878
1999,0.07924889004038226,0.4278019707005723
2000,0.0747736218956209,0.4294210492369525
2001,0.07558778312898451,0.4280435274119365
2002,0.0748792641585873,0.42646891095285727
2003,0.07869013182578548,0.4260614893042055
2004,0.07507462943753888,0.42303511418196793
2005,0.0805448115833344,0.42311129534154907
2006,0.07872074914555396,0.4232314974443058
2007,0.07384876498291569,0.42472677817918303
2008,0.07784692270140495,0.42528375288597625
2009,0.07735188473616877,0.4245443722807375
2010,0.07674034156145589,0.4221954774438289
2011,0.07701758535638932,0.4267892603736772
2012,0.07610682061602993,0.42112246626301814
2013,0.07379482085666349,0.4230645015126183
2014,0.07765137115793844,0.4285113767424323
2015,0.07459275592719355,0.42869882110067475
2016,0.0783057090255522,0.4244619854410788
2017,0.07775300188410667,0.4245384113681048
2018,0.07665692510143403,0.4237928434571527
2019,0.07505327799627858,0.42896017223073724
2020,0.07310612836191731,0.4272221448576839
2021,0.07438953100673613,0.42613181934918376
2022,0.07738865767755816,0.42469981641398935
2023,0.07661947944471913,0.4276710589577381
2024,0.07947231420586186,0.4201565263115971
2025,0.07503831674975733,0.42986823390599777
2026,0.07605844111211839,0.4269169671344279
2027,0.07818126870739844,0.4249348718869059
2028,0.07636304608275814,0.43123980572349147
2029,0.0739487140409408,0.4224599047113481
2030,0.07804781054296801,0.4276566133463293
2031,0.07800221274937352,0.4235373578573528
2032,0.07798939438596848,0.4241836685733986
2033,0.072630473442616,0.4255292506743792
2034,0.074613566360166,0.4256596521177985
2035,0.07753683049832621,0.4251138046570589
2036,0.07699697248397334,0.42293171289570647
2037,0.07717395766127494,0.4221390315464565
2038,0.07781590713608649,0.42251072140564594
2039,0.07548239995394984,0.4259299317696937
2040,0.07737547207263208,0.4231148887248266
2041,0.07476217684245878,0.42600337559716744
2042,0.08053759821961003,0.42999900739294544
2043,0.07749517983005892,0.4235420212859199
2044,0.07295155957821876,0.42864229065135007
2045,0.07867943447443747,0.4276005270188315
2046,0.07806464813409313,0.4233531886921789
2047,0.0750371816177522,0.4306898295580594
2048,0.07496015919793036,0.4265234196992745
2049,0.07522682340875748,0.42157692635866034
2050,0.08064247163072709,0.4274357513228156
2051,0.07637181157065977,0.42554878523774015
2052,0.07644690356908306,0.4222264379487002
2053,0.07463682394835257,0.42802608887055765
2054,0.07368115167463979,0.4254397050778669
2055,0.07693944366708878,0.42934399910439225
2056,0.0765535079183117,0.4280911920064673
2057,0.07321163819682214,0.42323235065715953
2058,0.07320719452634934,0.42379178618428703
2059,0.07873832146006246,0.42731281681765887
2060,0.07489902430003689,0.43038901126474366
2061,0.0768539033109142,0.4239961342853412
2062,0.07745124255457232,0.42621405187406036
2063,0.0760294497013092,0.42759006954075995
2064,0.07464152526470923,0.42580369585438776
2065,0.07700854059188597,0.4247102249684489
2066,0.07625173705239449,0.4301938900822087
2067,0.07223888678896812,0.4238087596899286
2068,0.07394912959106507,0.42868953024534356
2069,0.07716099413171891,0.42925824915854854
2070,0.07617763429880142,0.43019972356937286
2071,0.07604126968691426,0.4251279697232975
2072,0.07717190851126948,0.4258959263488464
2073,0.07280891004108614,0.4292643259193067
2074,0.07448944281185826,0.4306777578248715
2075,0.07585239963185403,0.4284359177103019
2076,0.08354992010901051,0.423725543389643
2077,0.07287607029561073,0.42675506635417315
2078,0.07408734459069467,0.4259804877123438
2079,0.07322093724243102,0.42216070493062335
2080,0.07453824651818122,0.42977284922038106
2081,0.07613307910580788,0.4246109686698531
2082,0.07802676361414694,0.42646418859187823
2083,0.07554598489115315,0.42328193955552906
2084,0.07671871012256991,0.4238229032447165
2085,0.07801184610974404,0.4275673340287125
2086,0.07467966262371309,0.4270167111005998
2087,0.07446331602911796,0.426297034087934
2088,0.07598895675713016,0.42726327744044157
2089,0.07360868420331709,0.42691748669571744
2090,0.07486365086609317,0.42827258126478746
2091,0.07672180740102645,0.4281939759589078
2092,0.07321989319978221,0.4298498942738488
2093,0.07383857355002434,0.4252746288937734
2094,0.0746262683983772,0.42462731894096334
2095,0.07474049108643685,0.4276141613199
2096,0.07301131972382145,0.42688571032426115
2097,0.07672899841300902,0.42644867151602167
2098,0.07735749958984313,0.4258395364708769
2099,0.0778677131860487,0.42832940981202855
2100,0.07582582990008016,0.428832195008309
2101,0.07433104491041552,0.4313449416692394
2102,0.08072585035716334,0.4305887088590397
2103,0.07451980873461693,0.42562929049769144
2104,0.07550584621006443,0.4276993946921557
2105,0.07804175418230795,0.4294593482089222
2106,0.07603619488016251,0.42847413496863573
2107,0.07904516521000093,0.4296763675254688
2108,0.07373640950649016,0.4321923998364231
2109,0.0728102614802699,0.42581878890071
2110,0.07922175021902207,0.4335218728484964
2111,0.07681751107015918,0.42935889115309656
2112,0.07647199424043778,0.42570872616050837
2113,0.073292123934915,0.4293139076471926
2114,0.08205656010297037,0.43019592635016096
2115,0.07806188541073952,0.42689552940521625
2116,0.07291196647190279,0.42209840717172264
2117,0.07404763708191534,0.42988883126947214
2118,0.08010949242499567,0.4323457338308033
2119,0.07420625056951277,0.4256238971736497
2120,0.07518842095328916,0.4297125203567639
2121,0.07460339775969906,0.4334371852546109
2122,0.07824157274538471,0.42573915485451397
2123,0.07500297335847732,0.42568354775433553
2124,0.07881404747886042,0.4311819021265608
2125,0.07692628594175462,0.4272258727622211
2126,0.07427744471257733,0.4272576015545312
2127,0.0729130657930528,0.4302195120126681
2128,0.0734768055619732,0.4259725216038544
2129,0.07474280437154154,0.4296057759819174
2130,0.07466481409726604,0.4337076703109837
2131,0.08369370237473518,0.43148611788462876
2132,0.07750392104348829,0.42725973813456103
2133,0.07877060073998667,0.43112706637621523
2134,0.07318670062288161,0.4271649682432189
2135,0.07230320236375255,0.42587895284320476
2136,0.07418013243905959,0.42927288321922896
2137,0.07216317903610968,0.4305450193266522
2138,0.07371372320959645,0.4265451523146235
2139,0.07331909840145419,0.4295465444263659
2140,0.0732257419055508,0.4268504760617899
2141,0.07724318364935537,0.42651602693070145
2142,0.0721527160175385,0.427628053982455
2143,0.07744103814325025,0.4310834386892486
2144,0.07761473737416728,0.42533314033857267
2145,0.0767148127478938,0.42625637983618525
2146,0.0722473174814255,0.43115091316383286
2147,0.07623070310200414,0.4279224210066305
2148,0.07787856291378698,0.43273195415212395
2149,0.07828718544014039,0.42710054615386445
2150,0.0735482239434796,0.431696749719462
2151,0.07436287066628856,0.4293169129014314
2152,0.07117671976166387,0.43017171909635826
2153,0.07795945603039957,0.42767408624627534
2154,0.07479430542838189,0.43030786252858344
2155,0.07548778263791915,0.4314270085260683
2156,0.07402780411704894,0.4335360029586276
2157,0.07546996637698143,0.42874818666835773
2158,0.07589223668459923,0.43180878643403975
2159,0.07655415179268006,0.4342438522586249
2160,0.07392858834035936,0.4371163975774196
2161,0.07809897536231626,0.4277032727286929
2162,0.0758075887157071,0.43017000131738514
2163,0.07846046984195709,0.4273182855811633
2164,0.08011900321129829,0.42971523752188623
2165,0.07584390933475187,0.4320423006264488
2166,0.0740003290195619,0.4276034137360135
2167,0.07289907216064391,0.4295057134520739
2168,0.07352621733180938,0.42955683242707027
2169,0.07496047813084818,0.43407302235899714
2170,0.07961082338325438,0.42737516372424916
2171,0.0744371128178412,0.42862827063801895
2172,0.07185776147150225,0.4302608937697303
2173,0.07821677456940374,0.4322286019647928
2174,0.07597901888432042,0.43019861602842957
2175,0.07277067918931285,0.4321735868029726
2176,0.07446305958494064,0.4306438782609495
2177,0.07380175230003172,0.4305062938602945
2178,0.0744731635335953,0.4287563666215815
2179,0.0731679261211426,0.432960786018754
2180,0.07493216039672974,0.43124072795224966
2181,0.07413874806896333,0.4308746744666183
2182,0.07640527212812055,0.42868690726751074
2183,0.07528251121121068,0.43120420733490084
2184,0.0773551951973669,0.42977781194194514
2185,0.0714019839802096,0.4304845997862947
2186,0.07167557050143519,0.4325142290657923
2187,0.07357853266500658,0.42977762356736604
2188,0.07189829791745832,0.4291095670900847
2189,0.07640777311978801,0.4289989311593517
2190,0.07861433322391202,0.4338817801093099
2191,0.07474157574676699,0.4336702835589722
2192,0.0727384414884352,0.4321690042664234
2193,0.07639546403961797,0.4297623812853543
2194,0.07623419189645399,0.43081953576334137
2195,0.08096944660909715,0.4307088202103636
2196,0.08287660224783805,0.430653130649624
2197,0.07434149855567564,0.4311005190799111
2198,0.07468022694510798,0.4298104749138194
2199,0.07697120741490394,0.43308198967374356
2200,0.07404326959963768,0.43131365617713835
2201,0.07388495557731198,0.43013508883036466
2202,0.07994565968551944,0.43094105962523843
2203,0.07101682934068865,0.43444396828051496
2204,0.07371082204964853,0.42933787282248187
2205,0.07277605225962977,0.42901650071144104
2206,0.07668220636344725,0.4278881283182847
2207,0.07406324628860719,0.4302427269761126
2208,0.07466069632960905,0.43201907416035357
2209,0.07239173112377044,0.4286254688462518
2210,0.0746172450242504,0.4311744690240176
2211,0.07409047479591062,0.43356335125770185
2212,0.07330323731706988,0.43067012469571336
2213,0.07454975021462287,0.4324312670935963
2214,0.07224070424995115,0.4316694752166146
2215,0.07858454700439207,0.42983715755300117
2216,0.07597589252456542,0.4312210097199395
2217,0.0735833056030735,0.4340882402912417
2218,0.07437234468037082,0.4321575146868713
2219,0.07646384883311487,0.43131651182222486
2220,0.07699066664903395,0.4362840001146895
2221,0.07202658874373283,0.43433496356010437
2222,0.0778444676149276,0.43416691752603476
2223,0.0745570580324819,0.4369702708153498
2224,0.07457613776768407,0.43433586771326854
2225,0.07530165679993168,0.4370418962530026
2226,0.07415732765390028,0.4276454025193265
2227,0.0752148995957067,0.4357525380631736
2228,0.07257881760597229,0.4314887729055601
2229,0.07233310971529253,0.4319685831255184
2230,0.07088286357541237,0.43380874335616454
2231,0.07432529907072744,0.43581480482467133
2232,0.07443833543408301,0.4384871462831521
2233,0.0720344046431203,0.4337669956056695
2234,0.07715647739748802,0.43091457058911337
2235,0.07380943432930977,0.43426206797585454
2236,0.07315122744729442,0.4344930238741681
2237,0.07268768140385228,0.43060132592244255
2238,0.07785996049642563,0.4290391394966527
2239,0.07150398098653363,0.4336571555986142
2240,0.07218127192989472,0.43244213762139916
2241,0.07227196520374667,0.436308109894731
2242,0.07628228563454843,0.43235025661332266
2243,0.07301182227749978,0.43336460069008637
2244,0.07539663632069865,0.43077158434946733
2245,0.07329056003401356,0.43281858285566915
2246,0.07371629510195024,0.4334882399940252
2247,0.06994833604943368,0.4309682544311485
2248,0.07382920624748353,0.43303855977261574
2249,0.07622765004634857,0.436743415313257
2250,0.0742839680564019,0.433440965966772
2251,0.0740447955266122,0.43480309672224193
2252,0.07183949096548942,0.43276334204769373
2253,0.07968753047527806,0.43674962181495247
2254,0.0760543817473996,0.43483871774267135
2255,0.07788542297578627,0.4321633008936593
2256,0.0743367929131754,0.4354961538374573
2257,0.07574445994630936,0.43562384177568864
2258,0.07162991839070473,0.43512052267715146
2259,0.07517259832351439,0.4341635078117065
2260,0.07679833423706793,0.4336988533798017
2261,0.07713551050232302,0.4360240570883404
2262,0.07532494226771017,0.43530069362549556
2263,0.07368766204003364,0.4346900508367926
2264,0.07211273019352267,0.4307449608667751
2265,0.07173151546908964,0.4318673796671674
2266,0.07332777063692769,0.43166576000980866
2267,0.07794900238513947,0.4356435327452227
2268,0.07473748177289963,0.4359985955974512
2269,0.07883068126055502,0.4336899846119988
2270,0.07275519303737148,0.4323504784501585
2271,0.07280552315135155,0.4318416811021647
2272,0.07299445737754146,0.43224307312104937
2273,0.07264618287163396,0.42953762501702275
2274,0.07257999431702399,0.4337145325384642
2275,0.07374214380979538,0.43510967634973075
2276,0.07385679767016441,0.43107172211907563
2277,0.07480433703430238,0.43536744716770964
2278,0.07235518097877502,0.4349755654508309
2279,0.07566915212139007,0.4319239435040562
2280,0.07354728372827653,0.43271718235840473
2281,0.07631669554018206,0.433818477138242
2282,0.07151235567946587,0.43377199313395604
2283,0.07677609713808183,0.4339799856332908
2284,0.07288740479177044,0.4331413093664891
2285,0.07942167453227504,0.43416879850820195
2286,0.07378453881509843,0.43189018367227155
2287,0.07405484924393316,0.430619724412311
2288,0.0756618332478308,0.43491586273475397
2289,0.07362179746550898,0.4337128851198612
2290,0.07107538826042606,0.4322705954537356
2291,0.07557655438300102,0.4358520414446828
2292,0.07900205014213439,0.4350508609809971
2293,0.07249657280983464,0.43689947297101034
2294,0.07375591296342111,0.4339819823888908
2295,0.07267972610650524,0.4307362913039693
2296,0.07328275927612858,0.4314110248459312
2297,0.07213800088051826,0.43176256026839255
2298,0.0731674641851456,0.43360805309804756
2299,0.07382378703163515,0.432733842902315
2300,0.07068805444625116,0.4328424766248928
2301,0.07267750775621783,0.4346396439804469
2302,0.07914839516724309,0.4307868340260403
2303,0.0720609248645844,0.43252516711564887
2304,0.07476773810002112,0.43557211129288925
2305,0.07174089358698937,0.434277303684923
2306,0.07176561605545782,0.43388387755045016
2307,0.07183302914904009,0.4332632786946787
2308,0.07913473705130239,0.43302413380534427
2309,0.0735689829434118,0.43324740249710275
2310,0.07758203509353823,0.4311765447296296
2311,0.07203077452798043,0.43217652236907406
2312,0.0738606513027222,0.4334610302496076
2313,0.07303307205438614,0.4342612173772396
2314,0.07471034291290468,0.43490723985478397
2315,0.07141212518176725,0.43240763288093986
2316,0.07393762998042568,0.43347430520487906
2317,0.0707331343043235,0.43190913929377583
2318,0.07186371400471657,0.4353036709447254
2319,0.0773972878533025,0.4337788399000813
2320,0.07866393654577193,0.43647592490478265
2321,0.07912771451857782,0.43559112472641737
2322,0.0737662106271713,0.43314817629959945
2323,0.07308459474194434,0.437760418294964
2324,0.07293721408613267,0.43157834419630525
2325,0.0719569109139904,0.43471712792726386
2326,0.07385845434281134,0.434392966274032
2327,0.07149821760192994,0.43489560559578705
2328,0.07967053930605611,0.43304907924549324
2329,0.07256122149767415,0.4330018958202878
2330,0.07269965304482368,0.4370477339229488
2331,0.07481559990875182,0.4339093418049633
2332,0.07751597007436137,0.4313500986660931
2333,0.0755706395833723,0.43330800951572884
2334,0.0722787058161151,0.4329424790272438
2335,0.07643139121993896,0.4348701918334292
2336,0.07390110939741135,0.4314936773669451
2337,0.07159642755023894,0.43254032454693825
2338,0.07397384364758769,0.42987367697526935
2339,0.07312600026207586,0.43346258714085534
2340,0.07112837558792483,0.4342278372823146
2341,0.07506839330157926,0.43699843057414944
2342,0.07062144000684062,0.43471250132211764
2343,0.07376975494046364,0.4340552556186093
2344,0.07539571581348296,0.43152348745735664
2345,0.07467195271484313,0.43644280317134426
2346,0.07332019724192158,0.43733336513203785
2347,0.07321182590338492,0.4351172524884829
2348,0.07609844376002589,0.43319189473799896
2349,0.07278240087532228,0.4308921759738062
2350,0.07137314398442546,0.4369915881401913
2351,0.07242569928207705,0.43381951835221216
2352,0.07306264292809271,0.43372443445344316
2353,0.0770821429548725,0.4338512534933879
2354,0.07264890521764755,0.43847361595409556
2355,0.07417196660272536,0.4335495026637438
2356,0.07641715316041824,0.4385298176815635
2357,0.0739894869827455,0.43361264414954603
2358,0.07521681872106367,0.43371314818697765
2359,0.0716027422778068,0.4324104850901697
2360,0.07795583288515767,0.4332106434611748
2361,0.07294848441116271,0.43499139354641275
2362,0.07163102972892023,0.4332087182610256
2363,0.07481536725836416,0.4366865747405174
2364,0.07205707291441579,0.430485272915441
2365,0.07193358146375226,0.43621979702385444
2366,0.07300941982576924,0.43578044536119714
2367,0.07491120023112144,0.43514459279545564
2368,0.07367103426687178,0.43625899365073756
2369,0.07979985398630943,0.4358176264846534
2370,0.07385353047040201,0.4348949725018408
2371,0.07057445255979415,0.4336464052511038
2372,0.07490986898060768,0.43635055079197227
2373,0.07258842356743352,0.43379659797613485
2374,0.07138166360316738,0.43467978927724643
2375,0.07118662038157063,0.4360308824177075
2376,0.07269214742606686,0.43526188868627813
2377,0.07270846804303507,0.43097826920655136
2378,0.07051834391970788,0.43472219305229665
2379,0.07411305606365204,0.43485360874568013
2380,0.07324880601898316,0.4334934021446639
2381,0.07578448254254556,0.4339146486350468
2382,0.07488276088430036,0.429852931421801
2383,0.07122979769783636,0.4356972501242071
2384,0.07079784115475993,0.4356249693342319
2385,0.07284534049610938,0.43648069103558856
2386,0.07232886913322634,0.43681899430160237
2387,0.07523660938585958,0.4363127394128862
2388,0.07374386777800898,0.4349955313635948
2389,0.07155641480799645,0.43393628198401374
2390,0.0718139965207346,0.4363925576508792
2391,0.0766698494553566,0.43738494772361336
2392,0.0707224345495624,0.4363919320261867
2393,0.0719049796462059,0.43350017227624593
2394,0.07147773427347984,0.43314621494826216
2395,0.07436059415340424,0.4376922729320096
2396,0.0716504053242745,0.4337610095216517
2397,0.0745654211890313,0.4356567759561658
2398,0.08042688836013118,0.437186960065574
2399,0.07136934154456662,0.43231362515224847
2400,0.07479763703961526,0.4357407351484275
2401,0.07581339704413567,0.4298101344652343
2402,0.07420695044340626,0.43704492047914584
2403,0.07390899163100027,0.43412349083668605
2404,0.07438387505469783,0.43733404991321995
2405,0.07383539022937897,0.4376247708958791
2406,0.06989955301246335,0.4386605662212037
2407,0.07665257973055686,0.4358988018113569
2408,0.07404790650452336,0.4354358448420551
2409,0.07461938622497744,0.43287618865345356
2410,0.07259499642156786,0.4382183939442599
2411,0.07474145533577088,0.4339467503671957
2412,0.07384774593576308,0.4351448761042497
2413,0.07562731038178166,0.4350253442176303
2414,0.07423286380306367,0.43450081856328443
2415,0.07477012252615343,0.4358519024418709
2416,0.07902048888706392,0.43595593398376215
2417,0.07775928368491511,0.43626691539185986
2418,0.07158197486592878,0.43798189339482396
2419,0.07429389871897236,0.4370034725444956
2420,0.07390202990462703,0.4355729693607579
2421,0.07115810628860228,0.43739469495034755
2422,0.07733752674633457,0.43390128218141716
2423,0.07296799267491987,0.4399706726534325
2424,0.0736421707176393,0.43711356814941366
2425,0.07252171875969056,0.43342219924269465
2426,0.07371509748120461,0.43904428479067964
2427,0.07591524984567397,0.43433414283850436
2428,0.07162845927861429,0.43769894110827817
2429,0.07174382647199015,0.4337778659840873
2430,0.07813668034730419,0.4333481842413881
2431,0.07187294431271092,0.43711005595692415
2432,0.07845006210188712,0.43593405123641316
2433,0.07426493062127021,0.43699014328774954
2434,0.07173161857551144,0.43360022270589843
2435,0.07585762008543938,0.4365006126556779
2436,0.0745985337322758,0.4346699401698913
2437,0.07502984087313375,0.43621134698241576
2438,0.0715475784194085,0.43450298150977995
2439,0.07039390720667378,0.43526413797734675
2440,0.07205675806730025,0.437520119107158
2441,0.07170535960505085,0.43925143401126815
2442,0.07264598459005356,0.43498043966173827
2443,0.07722816544194375,0.4352114326822429
2444,0.07130331618170585,0.4368635078420615
2445,0.0726619194592199,0.4387258965718119
2446,0.07564559891339272,0.4364130009983416
2447,0.0786790213277263,0.4335455412703349
2448,0.07860576697895603,0.437702145716899
2449,0.07344594020997325,0.4381206353057297
2450,0.07517960403234727,0.4362058633550964
2451,0.07417008689334316,0.4350671396219641
2452,0.07124699291683012,0.4359306064165923
2453,0.07296690272708092,0.4343126180924867
2454,0.07398247117957761,0.4352921741946897
2455,0.07275237647756454,0.4339918291060847
2456,0.07173150681680249,0.43666936513176535
2457,0.07262494342942391,0.43844871704739735
2458,0.07158467822497891,0.4337490469142608
2459,0.07465632836664876,0.43553310707398224
2460,0.07570248409625023,0.4360206667940718
2461,0.07138662617052755,0.4361282475759511
2462,0.07482343912124634,0.43396188270179253
2463,0.07457827584397408,0.43640163876956567
2464,0.07252981321465585,0.4359296540867416
2465,0.07654135578101681,0.4388801503300966
2466,0.07320106630363772,0.43472429878430857
2467,0.07264415775575946,0.43793630413244244
2468,0.07560717891300878,0.43445984724171477
2469,0.07485911274148573,0.4376952008047797
2470,0.0721023878262889,0.4373001425636741
2471,0.07617465454724527,0.43408388773301493
2472,0.07685138741808553,0.43507927596419677
2473,0.07610134467963249,0.4326340473982923
2474,0.07138482385104702,0.4320648131065799
2475,0.07113112845728474,0.43829204168236047
2476,0.07355641501565133,0.43709809529153926
2477,0.07154784664030998,0.4350070854774991
2478,0.07542148737176772,0.43644272138301593
2479,0.07260913401842117,0.4345903798452296
2480,0.07166032589250995,0.43365412905700224
2481,0.07421325363459126,0.4352140636521772
2482,0.07653189786980229,0.44011675303143666
2483,0.07086287967620357,0.43556882101192806
2484,0.07276071007213285,0.43808731451667937
2485,0.06985074786409255,0.4379681864179167
2486,0.07705145665714817,0.4347397878504636
2487,0.07236494364277009,0.4370243925797312
2488,0.07331297306283828,0.43610675883173644
2489,0.07440165093829555,0.43764750274799225
2490,0.07320939917718211,0.4358838297669451
2491,0.07286780231421994,0.43486331339766804
2492,0.07580692513335135,0.43681055904928606
2493,0.07700746770828001,0.4375609479153664
2494,0.0716025238075564,0.43963116676287545
2495,0.07428375102819935,0.4386150166205595
2496,0.07386393388432841,0.4393578935834698
2497,0.07226325331195708,0.4360915249899814
2498,0.08011971197782024,0.43455790584547477
2499,0.07263868157902072,0.43528015026472566
2500,0.0753808343602765,0.436585736827444
