epoch,train_loss,val_loss
1,1.1189273980356031,1.1634608895557565
2,1.0945015491977814,0.9924153270279256
3,1.0130573472669047,0.9758500095298117
4,0.9837071318780223,0.9513595713708634
5,0.9374943625542426,0.908486502959316
6,0.9326675611157571,0.9096374293616541
7,0.9211851800641706,0.8913279586567318
8,0.8877758922115448,0.8441423518317086
9,0.8511728586689118,0.8891246843158751
10,0.8864935251974291,0.8251631146385556
11,0.811734676361084,0.7989018106819096
12,0.7992994458444657,0.820107726973101
13,0.8137890715752879,0.7931697780924633
14,0.78550592160994,0.8180940037681943
15,0.7832988500595093,0.7789606103920996
16,0.7826340717654074,0.7280919150003514
17,0.7617328666871593,0.718610105508551
18,0.7387474390768236,0.7370319188686839
19,0.7222571603713497,0.7168280116298742
20,0.7016698968025946,0.672326495922299
21,0.6651189384921905,0.6907420748457275
22,0.6591465242447392,0.67721096196569
23,0.6614534124251334,0.683389201050713
24,0.6655059168415685,0.650798978064592
25,0.6499722599983215,0.6419061183331903
26,0.6471014599646291,0.6474934663987697
27,0.6226898489459869,0.6396993542076054
28,0.6285525214287543,0.639758815293324
29,0.6217211119590267,0.6242178547053707
30,0.6108065958945982,0.6353387822184646
31,0.5988657801382004,0.6195601695462277
32,0.6058389679078133,0.6136657126565326
33,0.588624156290485,0.6204760156777269
34,0.5867781523735293,0.6051876268590004
35,0.5872009665735306,0.6057516345404145
36,0.5880631900602772,0.5852114601541581
37,0.595886113182191,0.641270125121401
38,0.6436470074038352,0.6453641460354167
39,0.6140285595770805,0.5853135097295719
40,0.6013470599728246,0.6027944383764625
41,0.5807865300486165,0.572336651179426
42,0.5854057419684625,0.5830150738097074
43,0.5833556652069092,0.58762538522706
44,0.570163615288273,0.5706466036034108
45,0.578288487849697,0.5644697670948535
46,0.5563163372778124,0.5670002682465958
47,0.5455025703676285,0.5614752309364185
48,0.538395260610888,0.5709821033597291
49,0.546617982848998,0.558928144007996
50,0.5384165510054557,0.5818308585867248
51,0.5390891471216755,0.5445757929543803
52,0.5205838536062548,0.5659806743301544
53,0.52531918210368,0.5341576088341257
54,0.5166389672986923,0.551019627498206
55,0.5157356877480784,0.5275145815428636
56,0.5126631644464308,0.5355183697284612
57,0.5061011583574356,0.5228279265843537
58,0.5193377377525452,0.5368730799297342
59,0.493728679995383,0.511222760704227
60,0.5046337766032065,0.5336750798058092
61,0.5007697872577175,0.5164717544887897
62,0.4968856111649544,0.5076674346935779
63,0.4906803677158971,0.5074336872363748
64,0.4790586983003924,0.5186632426460285
65,0.4781997223054209,0.4992279873455975
66,0.48050111532211304,0.5137963216555747
67,0.4810075125386638,0.48642734014300776
68,0.46314332081425574,0.486931001781521
69,0.4630305767059326,0.48145817485369535
70,0.45580912789990824,0.47540856595326186
71,0.45169781965594136,0.4749427694724616
72,0.4527894220044536,0.4696015128515717
73,0.4419916339458958,0.46489536627790984
74,0.43441056436108005,0.46272026349727374
75,0.4360627887710448,0.47526238899780693
76,0.4360133832500827,0.4500952533313206
77,0.4374144817552259,0.4660652824362418
78,0.4259670857460268,0.4533952685973997
79,0.42758089496243384,0.4549547891718403
80,0.42787318941085567,0.454699410830524
81,0.429517331623262,0.45195835141609786
82,0.42115346654768915,0.44836043460028513
83,0.41785603088717305,0.4493102601596287
84,0.42069080952675114,0.46122241259218755
85,0.41961186259023603,0.4461024917456739
86,0.4145928236746019,0.4635482116749412
87,0.42139979043314535,0.4389934008730982
88,0.4052638036589469,0.45369928507577806
89,0.40741523811894076,0.4391454466452873
90,0.40536319440410984,0.4524550481248918
91,0.41972330308729605,0.4441950791760495
92,0.40674275352108863,0.44028652969159576
93,0.407781699972768,0.459719261131191
94,0.4052140203214461,0.44486143848949805
95,0.4114405205172877,0.44659022736668885
96,0.40321216179478553,0.4508126099456223
97,0.41423967961342106,0.4646798328947005
98,0.4117349674624781,0.44913695711539803
99,0.4090636920544409,0.479928077462323
100,0.4149046992101977,0.44833364866132425
101,0.4061235054846733,0.44838405596582515
102,0.42172523563907993,0.46461381955553116
103,0.40019639172861654,0.4299199776093763
104,0.41845859827533843,0.4505119792799603
105,0.4051407556379995,0.4319357143757038
106,0.39442502875481883,0.4382469754171252
107,0.3860641198773538,0.4365500549325967
108,0.39965924812901404,0.4246030304963726
109,0.4072780282266678,0.4495907136073387
110,0.39741769433021545,0.4196049683823024
111,0.4078938653392176,0.43266609116903226
112,0.40064751428942524,0.44845559363974663
113,0.39957999125603705,0.47025375340815473
114,0.40983558758612604,0.45167970201724156
115,0.4210688789044657,0.45543645535196575
116,0.40821403168862863,0.42631111871030997
117,0.39775213791478065,0.44712005051455106
118,0.3916818711065477,0.4272410416961613
119,0.39523633737717906,0.4379300662598813
120,0.3930523174424325,0.4300432979014882
121,0.3856201075738476,0.42312184760445043
122,0.388561463163745,0.42116555205562656
123,0.38506090160339107,0.43467051074618385
124,0.3805372090108933,0.41562343405601676
125,0.37702634353791514,0.4375166348496774
126,0.3844407594973041,0.4246953368784491
127,0.3822109583885439,0.42147380703672727
128,0.38108164552719365,0.42672026291825715
129,0.37176089998214473,0.42984732619503085
130,0.37533253142910616,0.4207707524747777
131,0.37896814269404255,0.41297463575998944
132,0.3726439966309455,0.41495818034150544
133,0.3814115745405997,0.4113052312592815
134,0.3749085905090455,0.41966756110203296
135,0.3785923132973333,0.41494158194178626
136,0.3765206298520488,0.4159220472015534
137,0.371481716632843,0.40573853807043014
138,0.3827152646357013,0.43045085250285636
139,0.3811029090035346,0.42977750779393326
140,0.3896853539251512,0.42483955113810107
141,0.38305351522661024,0.4085805171115655
142,0.3752024039145439,0.4162546228197284
143,0.37653251136502913,0.41305566439054964
144,0.3839059183674474,0.4001602676876804
145,0.3746776378923847,0.40923579608587396
146,0.36824367988494133,0.4005340079317117
147,0.36530733781476177,0.42945572621840283
148,0.3746004450705744,0.40071916400938107
149,0.37202152609825134,0.41446531633087863
150,0.3703237483578344,0.4117412747894612
151,0.38122661652103546,0.4267626108232895
152,0.37638126842437253,0.4087238738261966
153,0.3679170108610584,0.4228019494012484
154,0.3739342631832246,0.4038179213540596
155,0.3722885452931927,0.42175990671741037
156,0.3667359871249045,0.3989891461411813
157,0.3655883641012253,0.41695907928591086
158,0.37229217925379354,0.4027291412341565
159,0.36685835161516744,0.40921893700919953
160,0.3644496298605396,0.41128505583395036
161,0.3742117622206288,0.40672861028434637
162,0.3700372201781119,0.4106646158492057
163,0.36903850205482974,0.4118238601618841
164,0.3687380475382651,0.4021577065002948
165,0.35971439846100345,0.4238756855478263
166,0.3624590923709254,0.40256570343086895
167,0.3673511320544827,0.40378747144737337
168,0.3868004420111256,0.3951514849537297
169,0.37044132621057574,0.40173869929218053
170,0.3666483231129185,0.3974639696435522
171,0.3657238195019384,0.3951542945882133
172,0.3616382287394616,0.4075860881566404
173,0.35788421957723554,0.39490337143267007
174,0.3623950135323309,0.41133068423522146
175,0.3720450209033105,0.44651506023299425
176,0.41717330678816766,0.4563973520632674
177,0.4132770895957947,0.44275674447977453
178,0.41078502805002276,0.4301012301056606
179,0.40350445047501593,0.4501353801043709
180,0.4027899196071009,0.44230380602050245
181,0.38859857570740486,0.443421712271253
182,0.3911483960766946,0.44623007989467534
183,0.3766535395576108,0.4051220684421989
184,0.3917649907450522,0.41105145425127265
185,0.37904756780593624,0.4444573795735687
186,0.3840640840991851,0.4111759772426204
187,0.38587682574026044,0.42004422249650597
188,0.37829488804263456,0.4059420458804396
189,0.37205383469981534,0.4101932630652473
190,0.367153323465778,0.40207256066769287
191,0.3818898095238593,0.42140849252093704
192,0.37108929984031186,0.40923416719102024
193,0.3713510324878077,0.42037844553328396
194,0.36972555614286856,0.4257488792253317
195,0.36790170592646443,0.4306253163438094
196,0.3721208312819081,0.42285728581567156
197,0.3694802061203987,0.4055871138148439
198,0.3589663736281856,0.41201767721271754
199,0.3647308868746604,0.4164908631403643
200,0.3488493638653909,0.4260201853767672
201,0.3595650003802392,0.44208924491005136
202,0.34775771537134725,0.41415406931611826
203,0.3546875599891909,0.4656487801917514
204,0.37767347405033724,0.41737346123334457
205,0.3710292971903278,0.4130381286741797
206,0.36351692772680716,0.39185790153673117
207,0.3646968603134155,0.44190858547251327
208,0.3732549538535456,0.396455814142275
209,0.3667618497725456,0.3986032443835323
210,0.3604465405787191,0.39227728661439176
211,0.35683548065923876,0.3980227623667036
212,0.36482589187160613,0.3968461993941687
213,0.3631078802770184,0.3982750765960617
214,0.356619470542477,0.3985423919999211
215,0.3564799783691283,0.4258914170109837
216,0.3741505290231397,0.41244324451699893
217,0.3666889830943077,0.4129430151971659
218,0.3663609950773178,0.3894000420893045
219,0.35876149323678785,0.39811512618734124
220,0.3794307160762049,0.4241692235595302
221,0.39636309877518683,0.4096538131697136
222,0.36733130197371205,0.3987584944655722
223,0.37259931429739923,0.39276893881329317
224,0.35486982137926165,0.3986241318528216
225,0.35545491114739447,0.39916362223171054
226,0.34742089048508673,0.40336191848405917
227,0.3422175424714242,0.39007789695770817
228,0.34485486438197477,0.40572465810560643
229,0.3372258149808453,0.389238420883217
230,0.34083764783797726,0.4164155454265145
231,0.35679431596109945,0.39827081135341097
232,0.3541787612822748,0.39259846930515796
233,0.35305676056492713,0.38606703923758406
234,0.3456623092774422,0.3782289753432262
235,0.34730275792460286,0.39062270925457315
236,0.3501205232835585,0.39421880999603365
237,0.3523371210021357,0.3950981080980229
238,0.35741699126458937,0.4022291961469148
239,0.3583317312502092,0.3901882860296053
240,0.34520345541738695,0.40097224794533615
241,0.3389735202635488,0.39552897311989826
242,0.34037779608080465,0.4034557056456879
243,0.3383087477376384,0.3915777093635167
244,0.32688985909185103,0.4043404468916413
245,0.33321794098423374,0.4166134926011987
246,0.333722815398247,0.3935412527026987
247,0.3586330875273674,0.394248806743096
248,0.354042774246585,0.4132801948633409
249,0.3619991983136823,0.39984587372693803
250,0.35496223741962063,0.45843402059155897
251,0.3631187658156118,0.3924812572193624
252,0.3545243182489949,0.39998196360461397
253,0.33891747939971184,0.39348716477403667
254,0.34804980024214716,0.40013559368021206
255,0.3394177479128684,0.4334708233375597
256,0.3412653419279283,0.409730646320453
257,0.3317516263454191,0.4136555780444229
258,0.32758046446308015,0.4045672663172385
259,0.3350973273477247,0.4070595492396438
260,0.33697308071198,0.41821875257002084
261,0.33407912619652286,0.4383460587278046
262,0.32960609466798846,0.4080730826783001
263,0.320998118769738,0.39093084054483207
264,0.3335491553429634,0.38433434752593365
265,0.3395410401205863,0.4008044838755949
266,0.3399622440338135,0.3927650211150186
267,0.3338093594197304,0.3840808995385517
268,0.33744714721556635,0.3968267516982287
269,0.3275351466671113,0.39912026635088715
270,0.32771239742156,0.4240069424448754
271,0.3195135064663426,0.44672358424442454
272,0.32132398697637743,0.46050570124671575
273,0.3269346106436945,0.4652934902742094
274,0.3335878714438408,0.3861430697423175
275,0.3440854847431183,0.38968574492853686
276,0.3436165403935217,0.3882066664241609
277,0.34639093856657704,0.37463093446310897
278,0.3353462671079943,0.38830703041308506
279,0.34153930794808174,0.3685508694565087
280,0.3368543280709174,0.3905823090321438
281,0.33722921629105845,0.3724457610370521
282,0.33266448301653706,0.39335496533185915
283,0.33480599041908016,0.3891080659732484
284,0.3338289174341386,0.39018146831887707
285,0.32578106464878204,0.37293399231774466
286,0.33191241275879646,0.38131870915716454
287,0.3203455257800318,0.359252388241297
288,0.3226417005062103,0.36625475139546215
289,0.31632267371300726,0.36203375398963317
290,0.31931379437446594,0.3820964555095013
291,0.3202080592032402,0.3737759500517881
292,0.33391612287490596,0.3667325688932175
293,0.3223046718105193,0.41009687667801265
294,0.32881862309671217,0.3762892767002708
295,0.3384804360328182,0.3967289067151254
296,0.33584746237724056,0.3691177005905257
297,0.343271485259456,0.3684685046511485
298,0.32785675410301457,0.36738790239307817
299,0.3273843094225853,0.3946820628971683
300,0.33055689738642785,0.3848386906591573
301,0.3472278829543821,0.3831852413807298
302,0.3326512017557698,0.37648050699915203
303,0.32675256844489803,0.3821895563960972
304,0.3269786978921583,0.3871361583396606
305,0.3282586711068307,0.374007365010436
306,0.3193838615571299,0.38147377049116266
307,0.32028911190648235,0.3772170238925102
308,0.31732515077437123,0.3818981799117306
309,0.31921738866836796,0.3736051517471036
310,0.3106603016776423,0.39662803511571765
311,0.3123456028199965,0.37817945209959697
312,0.3038557748640737,0.36760510052355905
313,0.30316637216075776,0.3897165402135156
314,0.30093373406317925,0.36495277741200344
315,0.30157115574805965,0.3645283647796564
316,0.3245772257927925,0.36232556167401764
317,0.30380588385366625,0.36520596942806005
318,0.306873409978805,0.3663022642147571
319,0.3034887409979297,0.3864769490440388
320,0.3170179840057127,0.35602141054053055
321,0.3035719221638095,0.3774238201908599
322,0.29484681256355777,0.3775833016798311
323,0.2992591002295094,0.3727504767122723
324,0.2993235338118769,0.3808186267850393
325,0.29295786830686754,0.36785620465912017
326,0.3047045901898415,0.3555975197849417
327,0.30803506028267646,0.3767981199094825
328,0.30183861909374116,0.3571139872074127
329,0.30425971361898607,0.35713944190128105
330,0.30591833399188134,0.38656778241458695
331,0.30261240947631096,0.3554949746992355
332,0.30330169393170264,0.387214021575182
333,0.29316219687461853,0.3658114558921422
334,0.30365180104009565,0.3703219673986124
335,0.29453357958024545,0.3779931710776231
336,0.2964274354519383,0.36900237874877184
337,0.3289806189075593,0.4113029285630487
338,0.3817717884817431,0.3942031807319861
339,0.3662934976239358,0.38032336028894986
340,0.3443355348802382,0.3776680907061823
341,0.3449767203100266,0.3974575650572478
342,0.338704316846786,0.37451330290402385
343,0.328151136636734,0.36752494691607346
344,0.32714518135593784,0.3598193242436364
345,0.32567759771500865,0.36613410136155916
346,0.3267607650449199,0.366597877110455
347,0.31980013655078027,0.3652878859288113
348,0.324079014601246,0.36135433864474
349,0.31618519271573714,0.3589549109451753
350,0.31121648607715485,0.36299633270218257
351,0.3054045650266832,0.36256835925250425
352,0.3061449700786221,0.36023000532523136
353,0.30665319292776044,0.35801997003997477
354,0.3092139555561927,0.3572760960063839
355,0.30415033044353607,0.3573547537464247
356,0.3095322703161547,0.3585268026754671
357,0.31301743561221707,0.3421971204884369
358,0.3068839177008598,0.3619710950923145
359,0.30842649167583835,0.36127011571312906
360,0.30722679534266073,0.3646840819888246
361,0.316396362358524,0.34396393436537054
362,0.29764104177874906,0.3499349082322945
363,0.3000666191501002,0.3461522200053796
364,0.29562205364627225,0.36076687496706356
365,0.29608615944462435,0.35158222092124153
366,0.30488220241761976,0.37030276461950223
367,0.3010324191662573,0.36444636499672606
368,0.2993206045319957,0.35242756767978045
369,0.2968329623822243,0.35153174975462126
370,0.29920577426110545,0.35271183089504865
371,0.2952070716888674,0.3602148644009927
372,0.29702785226606554,0.3500390235792127
373,0.2960914594511832,0.34649605186362015
374,0.2932883241484242,0.34784934074060064
375,0.3007124018284582,0.34782807771723373
376,0.283229652912386,0.3436063646075122
377,0.2773445815809311,0.3340282172786263
378,0.28681796693032785,0.3498095294138543
379,0.27633186886387484,0.3458141388002792
380,0.3001403866275664,0.3643488104182078
381,0.31208628223788354,0.3384997926857836
382,0.29969112911532003,0.43564936107860175
383,0.3308693035956352,0.3735550870572714
384,0.3277078799663051,0.35537381369368476
385,0.31421954881760383,0.3708585372992924
386,0.3126080459164035,0.36902330976381037
387,0.338236415578473,0.3629813146471678
388,0.31509596397799833,0.359997488502273
389,0.299259094461318,0.3410907967347549
390,0.29728272557258606,0.35884896899225716
391,0.2955571922563737,0.3445931248796315
392,0.28708578405841706,0.34975622022958625
393,0.28266257912881915,0.33469092957955554
394,0.27672991925670254,0.35624181611794875
395,0.2879787789237115,0.3389631122126615
396,0.29902354940291376,0.35869564918945906
397,0.30958514924972286,0.3576624360598418
398,0.30483511763234294,0.3454309812464511
399,0.308443937570818,0.347655112059194
400,0.29591671593727603,0.35392641879263376
401,0.288919989139803,0.3474681585803068
402,0.29422167231959684,0.3590024029252523
403,0.2940945048486033,0.36252989013093456
404,0.2955987549597217,0.3646251416594761
405,0.2994401849085285,0.3360925979333414
406,0.28313601401544386,0.35116062292777805
407,0.2887802162478047,0.3347796712602888
408,0.28712649691489434,0.3500223009658039
409,0.2929397081175158,0.34684312888852936
410,0.2776076745602392,0.33823004163297493
411,0.28013017292945613,0.3465465031620255
412,0.28773761372412404,0.3366164553135559
413,0.27834232680259213,0.3280053232098582
414,0.2784150290873743,0.3645919506860556
415,0.28373689036215505,0.3270451449660729
416,0.277711933658969,0.34045140605821345
417,0.28233976614090706,0.3493577990316807
418,0.27154156950212294,0.3569022434247765
419,0.2977495443436407,0.3407705479247827
420,0.29281447395201654,0.3313473068681875
421,0.2869086294404922,0.35219779685326386
422,0.2756331120767901,0.3429273658228996
423,0.2790114850767197,0.34943833312295136
424,0.2770335510853798,0.3464402545215492
425,0.2718684846355069,0.3281429904445371
426,0.26394561125386146,0.3440611191411365
427,0.25485713155038897,0.36329700497158784
428,0.27781362495114725,0.3414894564259321
429,0.26217748657349615,0.34644267963885067
430,0.27665497795228033,0.34592286402121525
431,0.29370981743258817,0.3474812318657275
432,0.2841365058575907,0.36598104126471326
433,0.284990442375983,0.36124945202268155
434,0.27728748321533203,0.3434525949315618
435,0.3295258927729822,0.3542069082421468
436,0.34466841528492587,0.3831882058528432
437,0.3451991302351798,0.39037740671246274
438,0.34841851265199725,0.3741950183583979
439,0.33057586223848406,0.3772143229356684
440,0.33156383133703665,0.3610130399092098
441,0.3418013703438543,0.3500311586791113
442,0.32690680219281104,0.35448564137133737
443,0.3103487270493661,0.3475934129609799
444,0.3133144551707852,0.3487889495559205
445,0.29931823861214424,0.35305716773322354
446,0.2990605052440397,0.33998020295809983
447,0.3001363892709055,0.3388783632215103
448,0.2766215926216495,0.3320697648334025
449,0.28560473072913384,0.3329984158053434
450,0.2842327577452506,0.3350689363360106
451,0.2981645003441841,0.34010481065078485
452,0.28422357286176375,0.3362774235712257
453,0.2871158670994543,0.3547631806150116
454,0.30559233119410856,0.3498709511786774
455,0.29478892299436754,0.34885796650609274
456,0.3004052023733816,0.33494218623727784
457,0.2852850931306039,0.33235759103208556
458,0.2900359659425674,0.3441225571142402
459,0.2801375110303202,0.3153544628530517
460,0.2660725501275832,0.3243372426893478
461,0.2636113464832306,0.31595189634122345
462,0.28584449041274285,0.3330134678454626
463,0.2714229639499418,0.3186071889292925
464,0.26461923314679053,0.3166679641357938
465,0.2692897492839444,0.32182651287630987
466,0.28502305188486654,0.3599135536597785
467,0.30283778809732004,0.35504797579053055
468,0.3184210523482292,0.3455630288387002
469,0.30326124448930064,0.35014654654906807
470,0.29938267027178117,0.33988817741996363
471,0.29084474040615943,0.33940483603561133
472,0.28542382582541437,0.3422801318324001
473,0.28029165056443983,0.3370225419077957
474,0.28011285201195746,0.326540070742294
475,0.27021667072849886,0.33515030675962154
476,0.26916457856855086,0.31889946239633965
477,0.2617185327314561,0.3223964855037536
478,0.26487006391248397,0.3207538535720424
479,0.25906039966690925,0.3229377462451619
480,0.263610037103776,0.33547455035056684
481,0.26630538798147635,0.3565396929444526
482,0.2769061884572429,0.33580434561373296
483,0.27292381659630804,0.3345082828723697
484,0.26358039100323954,0.35506212644110946
485,0.27775920398773685,0.33446611632081796
486,0.27456396722024484,0.32324053433007166
487,0.2669346486368487,0.33235542479911845
488,0.2712554287525915,0.3319883342076065
489,0.2629743804854731,0.36146317978849385
490,0.2657431940878591,0.3206511394571242
491,0.2602429043862127,0.3278733887021105
492,0.2595538718085135,0.3178485205448361
493,0.259084717881295,0.3349741326089491
494,0.26161367854764384,0.3421589254137866
495,0.2640168368816376,0.32548172237879053
496,0.26797777798867994,0.3227076741089498
497,0.2633498724429838,0.31523611559007403
498,0.26365958106133247,0.3274298677020204
499,0.24529361003829586,0.3180363552462786
500,0.25649999514702826,0.32224577896875845
501,0.24980075897709017,0.31776178510565506
502,0.24557737188954507,0.32565914762946296
503,0.2397068791812466,0.33933515529285996
504,0.24887385675984044,0.36969518325382605
505,0.2731381145215804,0.35288032904304656
506,0.2821779462598985,0.3427368601163228
507,0.25479457359160146,0.4956561039414322
508,0.36158157067914165,0.35501309654168917
509,0.3237294064414117,0.38123839518480135
510,0.33680697891020006,0.3635681574057816
511,0.318130248977292,0.35154541744325396
512,0.31472492890973247,0.3510223276035529
513,0.3246253748093882,0.347924651582737
514,0.3032899729667171,0.3342745331743905
515,0.29916622369520124,0.33029743931944805
516,0.2891383247990762,0.33073492262297705
517,0.28586890043750884,0.33589939425762433
518,0.28542777992063956,0.3272699576272702
519,0.28512899625685906,0.3256395073761617
520,0.2686206448462702,0.31752486157238036
521,0.26284968180041157,0.32203419136821776
522,0.2616743387714509,0.3411234756161396
523,0.31991086179210293,0.36442492017172334
524,0.3471141774808207,0.3782760031838764
525,0.343471561708758,0.4032368993101861
526,0.3491915320196459,0.3816547261593037
527,0.3597352562412139,0.3850399045866534
528,0.3432499449099264,0.3709136385069156
529,0.3251256673566757,0.36335450194234536
530,0.32553134906676506,0.34273717023973777
531,0.3122726688461919,0.3412552546887171
532,0.30381654058733293,0.3418589086460888
533,0.3006454667737407,0.335759339998838
534,0.29017302105503695,0.3407532498800665
535,0.2876466474225444,0.3386629334368503
536,0.27970841911531263,0.33708760889251727
537,0.2829542467671056,0.3280155092552491
538,0.2776214816877919,0.3317803134744926
539,0.265563351492728,0.3268633534884393
540,0.28039827462165584,0.33751055926906137
541,0.2743752262284679,0.32963940844798745
542,0.2814145789992425,0.3618509132312354
543,0.3027224204232616,0.34348584999117937
544,0.28629722326032575,0.3283934037488206
545,0.27320797693344856,0.33605506829450604
546,0.26778722482342876,0.32869869171826166
547,0.2553368345383675,0.3272077241786441
548,0.2716511161096634,0.3352664458871187
549,0.28319118676647065,0.34145443563473254
550,0.30027819545038287,0.3686616785245432
551,0.3226213186017929,0.3455170834423008
552,0.3084111732821311,0.34611981479745163
553,0.3005297212831436,0.35118136407438677
554,0.2854178528631887,0.32722146177949163
555,0.2854412140384797,0.3292137910250136
556,0.270867359253668,0.33247842361454977
557,0.26472197232707856,0.3140222572145008
558,0.26596781130759944,0.3206577200190465
559,0.2506518916737649,0.33270934664814694
560,0.27730834964782963,0.33337087074019256
561,0.2843171348494868,0.318439989908596
562,0.27212189282140425,0.3252548629179933
563,0.25746797746227634,0.31956622908288673
564,0.25543242212264766,0.31103766928041787
565,0.25662764041654523,0.3143322385642164
566,0.2564540716909593,0.33222945239908414
567,0.25444761255095083,0.31801134706439826
568,0.2484239964715896,0.33102877113155854
569,0.25586372421633813,0.3095447814703585
570,0.2561525788999373,0.3175004270291866
571,0.26201124537375664,0.33285729523589436
572,0.25991235529222795,0.32043998970423726
573,0.2507561613475123,0.31447463712297885
574,0.23806271197334414,0.30382174074201657
575,0.23422294470571703,0.3031168347761446
576,0.23584831530048,0.3072062313257901
577,0.23529834516586795,0.3051659860706568
578,0.24108015193093207,0.3387454312696194
579,0.2691720281877825,0.32111016715080815
580,0.26165902806866553,0.3385825511208154
581,0.2729039836314417,0.3407607065854515
582,0.27449205806178434,0.30441970872998536
583,0.27117327336342106,0.3038549838508281
584,0.25345570233560377,0.30803263919395313
585,0.2508272922808124,0.31151924381280005
586,0.24485236887008913,0.30841712321255144
587,0.24652418926838907,0.30940690390149456
588,0.2409604436928226,0.30444799225431934
589,0.2282763320592142,0.30735241933574053
590,0.2347763204766858,0.28924330635775897
591,0.22992085545293747,0.30301804650098757
592,0.22032619772418852,0.31773517260276585
593,0.24393801150783415,0.3062533227572764
594,0.24703558510349644,0.3142287717725998
595,0.27317540011098307,0.35502511696110395
596,0.3192381185870017,0.3479087295239432
597,0.3026158002115065,0.3564747997692653
598,0.2849215567111969,0.33148724132014395
599,0.27682141142506755,0.3246976551704837
600,0.2683058275330451,0.3142412081547548
601,0.25919917418110755,0.315062811948303
602,0.24363326257274998,0.30681371173464267
603,0.2449780471863285,0.318681043640414
604,0.24292158167208394,0.306208507533659
605,0.2882418449847929,0.33377410885982944
606,0.2686427552853861,0.34346789898430197
607,0.2666402497599202,0.32180496198790415
608,0.2571139047222753,0.3276054177965437
609,0.2551562834170557,0.33933881044686587
610,0.26644680961485834,0.3239736415091015
611,0.25230915700235673,0.32181711610696073
612,0.26222920994604787,0.31960227570139377
613,0.24387978353808004,0.30906899941893745
614,0.24196675515943958,0.31545212924629823
615,0.2428688608830975,0.3184727971864523
616,0.23318472216206212,0.2966829664575725
617,0.22507595775588865,0.3100869678016892
618,0.23780219929833565,0.2906840669929533
619,0.22615736915219214,0.29146901998006014
620,0.2162837472654158,0.33296098931690205
621,0.24769787634572676,0.320873415933217
622,0.2415096269499871,0.33947937044882237
623,0.2504361036323732,0.32235260953879297
624,0.253455065911816,0.30365925228087826
625,0.24399648174162833,0.3211063187672082
626,0.23163423807390274,0.3008452514209843
627,0.23315038556052792,0.3118953241740253
628,0.23723508754084188,0.2913799985757746
629,0.22103554443005594,0.29632070899607243
630,0.22316779676944978,0.3018274878648887
631,0.22096456010495463,0.29039696083032995
632,0.21819949294290236,0.27013491299516873
633,0.20832613543156656,0.275056947442822
634,0.1955426388209866,0.28363504124464545
635,0.20635894854222575,0.3009797617755737
636,0.2089702799435585,0.29105398111176073
637,0.2336813139338647,0.28519415018851296
638,0.2149305531094151,0.2951911371154594
639,0.22862961407630675,0.2936722143252093
640,0.2117483332272499,0.3124981685389851
641,0.22721795737743378,0.3420647506725818
642,0.2501735557471552,0.3211826769481028
643,0.2552088797092438,0.29356100587617784
644,0.22835318936455634,0.30961623085770096
645,0.2346417567422313,0.28454245944369705
646,0.2172073342146412,0.2854077696501462
647,0.20967609219012723,0.2851890991803697
648,0.21757249774471407,0.2627907867046227
649,0.21017927460132108,0.2601439911022521
650,0.1989539231984846,0.2695479995027222
651,0.21002227308288698,0.2545674190784158
652,0.20363300317718136,0.28147820556970465
653,0.20428530487322039,0.29098204495315266
654,0.1991332976087447,0.27187694926608474
655,0.20697217506747093,0.2559096050964561
656,0.19477091537367913,0.26053851827941743
657,0.20124985950608407,0.2841967323370147
658,0.21276524951381068,0.29428273013659884
659,0.2234396050053258,0.2945112543446677
660,0.21112865930603397,0.3350120242078203
661,0.26617952700584163,0.30192038626001594
662,0.22612275663883455,0.3191399191107069
663,0.22313313138100407,0.2979181060067992
664,0.23486916384389322,0.3010859765803306
665,0.20969082078626078,0.2749910125308168
666,0.20261940888820157,0.27470487819279643
667,0.19633907896857108,0.2600143518214835
668,0.18768149229788011,0.2731355509363619
669,0.1887468075559985,0.24942928843928458
670,0.18269573584679635,0.2540731135018189
671,0.17817981012405887,0.25553228084306073
672,0.17396752632433368,0.24822544267303065
673,0.18092458959548705,0.2754214714493668
674,0.19614166646234452,0.30443062780793745
675,0.2080799360429087,0.28073876244681223
676,0.20906427694905189,0.2922278287864867
677,0.20923506877114695,0.27563505304188357
678,0.1882782237183663,0.266837088311824
679,0.18036588545768492,0.2686958477311863
680,0.19203750933370284,0.28667360805628594
681,0.1890257058605071,0.2658535292871614
682,0.18843947879729733,0.26412458650599746
683,0.18019534166782133,0.25165684349405437
684,0.17326466066222038,0.2548023437646995
685,0.16352198537318938,0.26272670525058467
686,0.16919811118033626,0.2805940874835901
687,0.19931737069160707,0.28541834208003264
688,0.19926760946550676,0.2827888975167334
689,0.20234112585744551,0.28095782520179463
690,0.19279588758945465,0.2650876518777737
691,0.18894663741511683,0.2567928244819617
692,0.1665226427778121,0.24801261592329593
693,0.16039120766424364,0.2494513119820664
694,0.16585718431780416,0.2428354126095473
695,0.15697188435062284,0.2374875441679082
696,0.14753987519971787,0.24355692728270864
697,0.1496763652370822,0.2591338196493928
698,0.16195833250399558,0.2714282892700425
699,0.18102718505167192,0.2627894413799869
700,0.16302932462384623,0.2579253229282255
701,0.17374531588246744,0.2390905577586707
702,0.15993949097971763,0.2532083029137518
703,0.15520483351522876,0.23987763970716855
704,0.18327342694805515,0.2880071574882756
705,0.18793799704121006,0.3202275815314816
706,0.1998330734429821,0.275540157144231
707,0.18529499826892729,0.2585503081032507
708,0.17242463942497008,0.2564533831631032
709,0.16632646995206032,0.2696055613812946
710,0.16763641613145028,0.283282206470805
711,0.1693030547711157,0.2603185002815753
712,0.1633712067719429,0.2511547234348187
713,0.15852148254071513,0.24166594191750787
714,0.15053195049685816,0.26294391764734026
715,0.160784000350583,0.2901925237704638
716,0.17734816382008214,0.2591250097393093
717,0.1799412509126048,0.24820092253218917
718,0.1645179929271821,0.2540645411886966
719,0.1605123560274801,0.2530482890910672
720,0.15966347484819352,0.2774157020681185
721,0.18231080328264543,0.26776371900001567
722,0.1778398463802953,0.2614169005388604
723,0.17392666493692704,0.23923668556643607
724,0.15922941555899958,0.23601303804189638
725,0.15317049526399182,0.23038519478232639
726,0.1379596624643572,0.23718006430861346
727,0.14050280855547997,0.24633600684186271
728,0.1470126509666443,0.2529353942339283
729,0.1539142237555596,0.2498517735186675
730,0.15239905253533395,0.31153246073197005
731,0.23275652768150454,0.27853090370209294
732,0.20196058288697274,0.2735301301742257
733,0.1673388961822756,0.27611617441464187
734,0.17682437118022673,0.2674192688369512
735,0.17188345184249262,0.25787482965261416
736,0.15601907526293107,0.26669314488731233
737,0.1637540599030833,0.26098387264518214
738,0.165375157229362,0.24318460149125645
739,0.15527582553125197,0.24351466766425542
740,0.14387810422528174,0.25801306884539754
741,0.15394936982662447,0.24897294153545732
742,0.14859487212473346,0.24924459127256446
743,0.14754898413535086,0.25076265259643543
744,0.15190418977891246,0.2402077683978212
745,0.14974429482413876,0.25285605925665167
746,0.14626228665151902,0.23935187706971228
747,0.15032178211596706,0.2496208601577539
748,0.1419374116005436,0.2585807511008772
749,0.14705689107218095,0.24975521672040896
750,0.13495915431168773,0.25880378339075505
751,0.1486426365952338,0.24900690886311064
752,0.1328507411864496,0.2693976861492434
753,0.15413099623495533,0.25066875283580675
754,0.15496524639668002,0.229707110719872
755,0.13211963782387395,0.2609627516496749
756,0.14629517880178267,0.23889084918457165
757,0.15230906778766262,0.23677821688932882
758,0.13725138527731742,0.25321264934719057
759,0.14212608048992773,0.2426971043261669
760,0.1414457050061995,0.23936046648742562
761,0.12482817230686065,0.24207548487156555
762,0.126044001790785,0.23869510517831435
763,0.12791626972536888,0.23391284459366238
764,0.12643832160580543,0.2512422540134057
765,0.13180601356490965,0.23963631670875357
766,0.1332356689437743,0.24009441896190023
767,0.14470805035483453,0.24613936129668004
768,0.14076474260899327,0.2295512031567724
769,0.13011251389980316,0.238563874386307
770,0.12350125346452959,0.24940538589368788
771,0.12196631729602814,0.23026773972170694
772,0.13969692539784215,0.2574572279339745
773,0.15468899424998991,0.22998927260998794
774,0.1323768727241024,0.24080825684811538
775,0.13481354953781252,0.2732197859681639
776,0.14266888605010125,0.24747746077396518
777,0.1278500737201783,0.24806949320741764
778,0.12933797557507792,0.23867879987211155
779,0.12590591585443867,0.24636514768713996
780,0.12862122203073195,0.2319297693427045
781,0.13374927928370814,0.24151249707940228
782,0.13393657101738837,0.24620183398550316
783,0.1261848254549888,0.2393879654040014
784,0.12056156007512923,0.24723605983388752
785,0.12165178959408114,0.253177314249794
786,0.12592671138624992,0.24851081559532567
787,0.12051095885615196,0.22831258887336367
788,0.12900529609572503,0.22879850012915476
789,0.11501732612809827,0.2366097567224861
790,0.12239754584527784,0.23036919776957138
791,0.1107557358280305,0.21508451638962692
792,0.10321757966472257,0.21402236740840108
793,0.10234153462994483,0.22915304737879819
794,0.11691842132037686,0.2237249718124705
795,0.11026735123126738,0.22356192565950236
796,0.10714031299275736,0.22747635837635002
797,0.10682513276415487,0.22369854536869174
798,0.0974674409916324,0.22619605161492387
799,0.10024927364241693,0.23005827301576323
800,0.11031479148134109,0.2227405551680945
801,0.10609865260701026,0.22659777160873987
802,0.11315173006826831,0.21758113782806204
803,0.10495159702916299,0.2264580045427595
804,0.10512760233494543,0.22636518293156063
805,0.106558833631777,0.22332917964249327
806,0.10158369858418742,0.22586446615836972
807,0.09450708425814106,0.21947029755826583
808,0.10246209295526627,0.22625270695017094
809,0.12546053384580919,0.25126630986543524
810,0.11518631707276067,0.25742551079370024
811,0.13148106009729446,0.23827212070462697
812,0.12211393444768844,0.232497227072417
813,0.11785007580634087,0.23233310374102198
814,0.10703634254394039,0.2402809545733875
815,0.10309994605279738,0.24256644425983714
816,0.11052653193473816,0.24491245529257266
817,0.10961688309907913,0.2599582440572275
818,0.1272724780344194,0.2524974091832799
819,0.10524720674560915,0.23835938216600203
820,0.12361701193355745,0.23592754473961086
821,0.10790601132377502,0.2358180726679943
822,0.10873309739174382,0.24065575474186948
823,0.11027315210911535,0.22710440993159636
824,0.10549249620206895,0.2489751127354782
825,0.12857087196842318,0.23626855471379177
826,0.12511847240309562,0.22590964035432143
827,0.11308311334540767,0.2332523010279003
828,0.11101122272591438,0.22438848287539376
829,0.09355346834467303,0.21772104206688722
830,0.11548852415815476,0.21087801411635893
831,0.10607628956917793,0.21554033622556462
832,0.09823263412521731,0.2176857463324578
833,0.09470327270607795,0.22098466746490403
834,0.0919370069619148,0.22810968416824676
835,0.1019406047078871,0.23686143333899945
836,0.10282983702998008,0.22189800624261824
837,0.08576475588544723,0.22302832056705216
838,0.09210907307363325,0.2137171001287929
839,0.08911281944282594,0.22027107946257243
840,0.08980316596646462,0.2324504441112504
841,0.10612867315930705,0.22723053903657392
842,0.09515831619501114,0.2266663832772047
843,0.09910796726903608,0.24360496601215878
844,0.10316188825714973,0.2391272572273001
845,0.10241587171631475,0.22640640768490938
846,0.11869244349579658,0.22217688520898796
847,0.10743185204844322,0.2332443966901392
848,0.10148843858511217,0.21662116327082603
849,0.10920868765923285,0.2211068557542667
850,0.10350792470478243,0.23557349453145698
851,0.10594129682548585,0.22031165498838687
852,0.09472858713519189,0.21569873605455672
853,0.09218796823293932,0.21640355336038689
854,0.08650007819937121,0.23093133324519136
855,0.09748314369109369,0.22009708924699845
856,0.09517304743489911,0.21200913119883763
857,0.08307316178275694,0.22483777006467184
858,0.09595282520017316,0.22697671624203972
859,0.09292120318258962,0.2169307530075685
860,0.09793152732233848,0.21815827134109678
861,0.09491443898408644,0.2390811442581932
862,0.10657457550687174,0.21808728840864988
863,0.10105401229473852,0.24001795755591906
864,0.1165530568649692,0.24119984726409865
865,0.11387284628806575,0.2347873279773502
866,0.12030501471411797,0.249224349072105
867,0.1081914764738852,0.24362042187748098
868,0.13171242826407956,0.22930468420934558
869,0.11460688493905528,0.2386328114901569
870,0.1209245083793517,0.24236245845493518
871,0.1240176938233837,0.2328507289253082
872,0.11134528777291698,0.2331058934592364
873,0.1169586431595587,0.23946573870970791
874,0.12372539504881828,0.25031552839099913
875,0.10999756811126586,0.24028820509002322
876,0.11554957661897905,0.26209109117811485
877,0.11605364420721608,0.23421458179191837
878,0.10154099858576252,0.24801618204379738
879,0.09727503311249518,0.23224302454102308
880,0.09224554391637925,0.23844544593254127
881,0.08909388775787046,0.22980123455811263
882,0.1003632432510776,0.2473276109250267
883,0.09965642541646957,0.21875966738041183
884,0.09807613612182679,0.21136519988826044
885,0.0872594288760616,0.22249538823028556
886,0.08091384196473707,0.22507238686831674
887,0.08455165187197347,0.21584207051081167
888,0.07757357051295619,0.20740869406022525
889,0.089385173493816,0.2263602715611159
890,0.0871813008862157,0.2165520395103254
891,0.08597359734196816,0.2204711065256506
892,0.08326135239293499,0.22167017409825385
893,0.07899458321832842,0.21921665238258534
894,0.07787733212594063,0.21741774808942227
895,0.07346603586789101,0.21910568395802252
896,0.07647783429391923,0.22975407791018188
897,0.08986641226276275,0.2198696732521057
898,0.09024200948976702,0.22635410591623836
899,0.08389714576544301,0.21532754454397618
900,0.08683567157676143,0.22247400521335745
901,0.08634039855772449,0.22602198577315585
902,0.08831799078372217,0.2109902157147128
903,0.0996494076905712,0.21901426462451914
904,0.08653397641835674,0.22948812299354332
905,0.10016236934931047,0.23470162770204378
906,0.09734010408001562,0.2528835145901319
907,0.09540184563206087,0.23824136369957363
908,0.09945578007928786,0.2373402459654294
909,0.09438256030121157,0.2385082207900241
910,0.0966767639883103,0.21240283672074625
911,0.08489223425426791,0.22413074200912228
912,0.09314455212123933,0.22517230333690358
913,0.09171069125013967,0.2274297086293237
914,0.09554824689703603,0.22460547944806272
915,0.10272149092728092,0.22330284704988762
916,0.09497999135524995,0.21834174833052739
917,0.10228949641027758,0.21923374091473438
918,0.08625406940137187,0.23106725028433597
919,0.09617361834933681,0.2274773921584127
920,0.0984803474237842,0.22252078985510612
921,0.09769310946426084,0.20558603705469528
922,0.09078881312762538,0.21154596953463733
923,0.08126743618519075,0.21663153750406472
924,0.08233822617800005,0.2145435979641171
925,0.08192270297196604,0.22523601446534158
926,0.08083231122263017,0.21985304762695665
927,0.07552003187517967,0.2169784581974933
928,0.08530049698968087,0.21942419056456192
929,0.07573513951032393,0.2115044663275095
930,0.07175776146111949,0.22408418652407805
931,0.08065606821929255,0.21601887794216176
932,0.07319691801263441,0.21430252219800064
933,0.06781813742653016,0.21306035632178896
934,0.07564742406529765,0.2272157689981293
935,0.07524636988678286,0.2250693254452899
936,0.08743544091140071,0.22256496526244887
937,0.07171340695311947,0.22355367030416215
938,0.07550455245279497,0.2290570486084859
939,0.07786380499601364,0.2146489417791964
940,0.07091007501848283,0.20813858243905214
941,0.06772240996360779,0.22332612180470823
942,0.0713652533388907,0.21367198841314866
943,0.06371630872449567,0.21178604479421648
944,0.06844276406111256,0.21751868201975236
945,0.06961149962679032,0.22082360234475673
946,0.06510940963222135,0.21865258169801613
947,0.0699591351853263,0.21321465452213334
948,0.06939588679421332,0.21373508844459266
949,0.06955494707630526,0.22117751904000016
950,0.06554814368005722,0.21394597274020202
951,0.06706471548926446,0.2230392785971625
952,0.0695648320740269,0.21901752809085942
953,0.07206697065022684,0.22076613487755148
954,0.06328696721503811,0.22561932932165332
955,0.08105821763315509,0.2219068797907435
956,0.06824682701018549,0.2151484244075933
957,0.07199583611180706,0.2291752691929203
958,0.07810009751589067,0.21874819266467466
959,0.06573460203024649,0.2095499975340707
960,0.06571063855963369,0.21426974442369656
961,0.06615833361302653,0.22414688900449223
962,0.06476890704324169,0.22574366681408464
963,0.06470152940000257,0.22165163126505705
964,0.07168246925838533,0.21987038981496243
965,0.06577962516776976,0.2350480659190276
966,0.0799462309768123,0.22486949351646549
967,0.07143183725495492,0.21517330990698105
968,0.07164715999557127,0.22756739789830113
969,0.07116777882460625,0.2235227872181058
970,0.07257754379703153,0.22303357552316852
971,0.07042316876111492,0.23205184678834184
972,0.0734861872849926,0.2289805594168809
973,0.07415403305522857,0.25496983924007655
974,0.09074285770616224,0.25408695656852914
975,0.09923537988816539,0.250262119380155
976,0.09220972200555186,0.23900787786284186
977,0.09512442686865406,0.24755762095439404
978,0.1051971179343039,0.22462239514168045
979,0.09254583836563172,0.22284237413029923
980,0.07854575351361305,0.21715268769061058
981,0.08130748281555791,0.2264962587738993
982,0.07431316519937207,0.2282466565755973
983,0.07407145514603584,0.22079592282162572
984,0.07226679618320157,0.22278441440192678
985,0.06741522084320745,0.22206109112366698
986,0.0636284064141012,0.2313264592324283
987,0.06887618836856657,0.22907239329396634
988,0.06780776429560877,0.22523619466108785
989,0.06925998676207758,0.22407599338762144
990,0.06633413775313285,0.22050288991820544
991,0.06274712590440627,0.22164257759587808
992,0.06076067289517772,0.2248598001057044
993,0.06114391165394937,0.2224148030119731
994,0.05884828442527402,0.2197428941353222
995,0.06339427804754626,0.2192043774110034
996,0.07024218238169147,0.22528437437270218
997,0.06967173420613812,0.23146689184626243
998,0.06793238414872077,0.2204826269532206
999,0.05807926734128306,0.21559034665126847
1000,0.06106776359581178,0.2184012161385744
1001,0.057735378703763406,0.22574200374739511
1002,0.06255564670408925,0.21593507556688218
1003,0.06256479421450246,0.22696423769594734
1004,0.06772832620528436,0.22363536377299698
1005,0.07314115546403392,0.22330011334036826
1006,0.07316064197690256,0.2258938814987216
1007,0.07058067619800568,0.22246480189767995
1008,0.06760786690058247,0.2161128958663845
1009,0.06649238496057448,0.2210417836531063
1010,0.06679222384287466,0.21091411623142117
1011,0.06662170637038446,0.2125970418366573
1012,0.06603273076395835,0.21631098764582088
1013,0.06034141358348631,0.20967763983516166
1014,0.05426697036431682,0.20983897702287613
1015,0.06250335540502303,0.21314582617061778
1016,0.0628828484444849,0.22225942565384962
1017,0.06337865369935189,0.21518037089130335
1018,0.06991088798930568,0.21612911538820817
1019,0.06625875181728794,0.22164979218540334
1020,0.06298236020149724,0.2133428343480691
1021,0.06337552733959691,0.2288105724225367
1022,0.06934261802704103,0.2189303220886933
1023,0.06973360238536712,0.21262054544941225
1024,0.06721345936098407,0.21892613590809337
1025,0.06990633808797406,0.216154949930975
1026,0.06468611330755296,0.21462530177786834
1027,0.06420060667780138,0.21801294322898215
1028,0.06556525129464365,0.21781703288244425
1029,0.07377528134853609,0.22817841325338023
1030,0.07617042405951407,0.23986136767649113
1031,0.08253768446945375,0.21921822578088382
1032,0.08502129801819401,0.22748742598041258
1033,0.08591256915561614,0.21388005870476104
1034,0.08018439263105392,0.21321898287997806
1035,0.07117683392378592,0.20730504569105038
1036,0.06971059907828608,0.20524436978618602
1037,0.06911228164549797,0.20978995799122
1038,0.0702616798300897,0.21631103810062982
1039,0.06526153318343623,0.21165446115466288
1040,0.06825985086541023,0.21090346466479146
1041,0.06472211811811693,0.2300590504903841
1042,0.07186778298308773,0.2158720235253934
1043,0.06738318070288628,0.22252579559957175
1044,0.06965408281933877,0.2158602457073398
1045,0.05960750844209425,0.21831730777458438
1046,0.061572492362991456,0.21557984170608951
1047,0.05625955952752021,0.21905940308009175
1048,0.05786082737388149,0.21319317556264109
1049,0.05632097706679375,0.21832072507020525
1050,0.05699378264046485,0.21619820434198642
1051,0.05404854013073829,0.22229378806767905
1052,0.059025033347068295,0.21948924951983573
1053,0.06241440352412962,0.22064212789959775
1054,0.0639554440013824,0.21286851892196446
1055,0.05351136937256782,0.21242925098964147
1056,0.053423337037524866,0.21785255097655723
1057,0.059875686562830405,0.21700218939840943
1058,0.054854582995176315,0.21590639650821686
1059,0.05889048018763142,0.22068615903830469
1060,0.05475767966239683,0.21357941254039756
1061,0.06748254597187042,0.2204952827820503
1062,0.05455439165234566,0.22451658020342202
1063,0.058430990744982994,0.2210243725612349
1064,0.055106211333505566,0.21733099935496958
1065,0.05741641610380142,0.23088995473725454
1066,0.06800652247282767,0.22255630365439824
1067,0.06646067360716482,0.23660852168138163
1068,0.05953298953752364,0.23284599715306945
1069,0.07004369218503276,0.23673959278074422
1070,0.07612657426826415,0.2187041204450722
1071,0.06208143239059756,0.22496841993547023
1072,0.06677071029140104,0.22014084473289644
1073,0.052206463270610376,0.21882805661450053
1074,0.057103759098437526,0.2206871131981226
1075,0.04990557064452479,0.2128196003891173
1076,0.05054397664723858,0.21535194032174304
1077,0.050143475854589094,0.2193653264589477
1078,0.05407981105869816,0.2196534528469382
1079,0.051665311979670676,0.2236191525046987
1080,0.050197103932019205,0.22262150291960342
1081,0.05673474734348635,0.22461743081422678
1082,0.06006519111894792,0.22872105244556465
1083,0.05858942589932872,0.22254051966475963
1084,0.060280381311332024,0.2214242027965106
1085,0.059587036049173724,0.2289761487852063
1086,0.06158229432279064,0.22065692310942744
1087,0.06020858643516418,0.22292498885688924
1088,0.0643481299761803,0.2276875417035325
1089,0.0682165055505691,0.21326771789326107
1090,0.06234713908164732,0.22733515456206815
1091,0.06580514028187721,0.22321886526313342
1092,0.06615157401369463,0.22638859754815735
1093,0.06850980558703022,0.22110383907206974
1094,0.07573129380902936,0.22721479717352636
1095,0.0677408431806872,0.22819085874802486
1096,0.06918292180184395,0.23210146205317705
1097,0.06764608657648487,0.22740691709787325
1098,0.06661018332646738,0.23628555346551097
1099,0.0709078399644744,0.23598855573282504
1100,0.06810233093077137,0.2305479522859841
1101,0.06700936632771645,0.22947828195298225
1102,0.06795911635121991,0.22968904042901253
1103,0.06495902158560292,0.21963286276598623
1104,0.06435190045064496,0.2193215674251542
1105,0.05565566569566727,0.21825714484043887
1106,0.056113052993051464,0.2220042430069811
1107,0.052789910065550956,0.2205604496306943
1108,0.05597617945844127,0.21787491138268233
1109,0.049163667665373896,0.23522829942237167
1110,0.05423730034982004,0.21523582655236237
1111,0.053999836646741434,0.21229681652739532
1112,0.051251097191726006,0.22519749003394804
1113,0.05294903800372155,0.21368156944898734
1114,0.054356140475119316,0.21405366653189026
1115,0.05019095479961364,0.22541788679764682
1116,0.05025245465578571,0.21966920333697385
1117,0.05097038034469851,0.22410436792481214
1118,0.056427914168565504,0.2138223935264095
1119,0.051800191282264645,0.2149237550066826
1120,0.052401998711209145,0.21878918602054281
1121,0.050934925074538874,0.22192976700333425
1122,0.04739338892602151,0.21319507857910672
1123,0.050201908955650944,0.2156187142420532
1124,0.04532914176102607,0.21825096937349267
1125,0.050062486361111366,0.22535175331553123
1126,0.0553271998801539,0.21482388383911966
1127,0.048114031192756465,0.21731630707145633
1128,0.049175507358966336,0.21815656039649084
1129,0.05346073378478327,0.21881543947640517
1130,0.05585627954813742,0.23185596493700691
1131,0.06118082495466355,0.2088855940073654
1132,0.057763138605702306,0.21157430541843997
1133,0.05460738871366747,0.21658253281337575
1134,0.052499689882801424,0.2265815305007729
1135,0.0588035138864671,0.2321541126359973
1136,0.056362042984654824,0.2288416540413572
1137,0.06918035976348384,0.22657252822005958
1138,0.0637139807785711,0.21959061296960167
1139,0.06503243143520047,0.22633129287333714
1140,0.06093454973832253,0.22764526785615094
1141,0.06863459848588513,0.22178878297184343
1142,0.052346488280642416,0.21575530519461572
1143,0.049474048638536085,0.216019077595314
1144,0.04562972606189789,0.21132771020993255
1145,0.04466289894715432,0.21285573182100043
1146,0.04411790604072233,0.21006080048873013
1147,0.04706546628186779,0.2165744924978505
1148,0.04609951196658996,0.21309629885624526
1149,0.04352450394822705,0.21526152948687846
1150,0.044795225104016644,0.21736460741151842
1151,0.04189707002332134,0.21603247452349889
1152,0.05171031649074247,0.21323050073065555
1153,0.04682727254206134,0.22141279071046596
1154,0.05493267709689756,0.2128171514822427
1155,0.04640755213556751,0.22046443842407457
1156,0.0426688662940456,0.22557717360051951
1157,0.04796140989468944,0.21604574208420918
1158,0.045186410267506874,0.21536060428260861
1159,0.04404115208214329,0.2164977573063738
1160,0.05000841485396508,0.23512182476227744
1161,0.050760920489988016,0.22081356445201358
1162,0.05328504236475114,0.22626054574523055
1163,0.052004430683389787,0.218410635353031
1164,0.0469936866673731,0.21459141373634338
1165,0.05334948459940572,0.23467430431293068
1166,0.05563376783843963,0.21763538238697483
1167,0.05385135727063302,0.2217246530423487
1168,0.05336295789287936,0.22586387070946226
1169,0.04994404388050879,0.2220882269598189
1170,0.051034348265778635,0.22998808705268947
1171,0.04741816547128462,0.22449201028000443
1172,0.046492032826908176,0.22376689479165807
1173,0.052629046502613255,0.22288988497024192
1174,0.048513351909575925,0.22491424319738135
1175,0.05002399305662801,0.23014099294679208
1176,0.04707082673426597,0.21941740400062168
1177,0.04522132188562424,0.2253275081926121
1178,0.0474865258701386,0.2253181156807376
1179,0.0466251231489643,0.22335599975328996
1180,0.04383604036223504,0.21722117477192318
1181,0.039373944843969035,0.22717518604040743
1182,0.038937206710538554,0.2224476035301548
1183,0.037854774104010676,0.21841479707182498
1184,0.041836691960211725,0.22456509281967516
1185,0.037425988864514134,0.21920302734339148
1186,0.03891048580408096,0.22108381956741027
1187,0.038094530903523965,0.21905439942701718
1188,0.03777989901361927,0.24068449814815568
1189,0.04953890137614742,0.22177427626193913
1190,0.06217159907664022,0.22601149707360374
1191,0.062170303877322905,0.2206345795091232
1192,0.059576464997183894,0.2235198562829417
1193,0.05216229430610134,0.23154902320009724
1194,0.051699220292991205,0.22390071289581165
1195,0.056441010246353764,0.22962292371537155
1196,0.05338198919930766,0.22895359018243344
1197,0.05228265783479137,0.23098926025823244
1198,0.05267544835805893,0.22833343369321416
1199,0.0610630038765169,0.22703502385090468
1200,0.051481983354014736,0.23057126524603755
1201,0.05344207921335774,0.2277223483885739
1202,0.05395345798423214,0.2198782436605683
1203,0.056099898151813016,0.22930965731317238
1204,0.05155382389503141,0.22525994165947563
1205,0.05455708311450097,0.22607744423518503
1206,0.049155004923382116,0.22021132573149257
1207,0.04984903611963795,0.22199851061616624
1208,0.04718905146564207,0.22259342958006942
1209,0.05362875038577664,0.22138011365904844
1210,0.04862986805458223,0.22465303043524423
1211,0.04917957357341243,0.22167735944565078
1212,0.048823819645950874,0.23437643368590744
1213,0.05260911463729797,0.22270251877773972
1214,0.05208316685691956,0.23147423628876382
1215,0.044665640640643337,0.22727052777781523
1216,0.04741457116699988,0.23408882581351095
1217,0.044621928204451836,0.22453289663881287
1218,0.04471217913012351,0.22842982784847268
1219,0.05101950214274468,0.23124890795028896
1220,0.045015763731733445,0.23048102034064463
1221,0.04384356785205103,0.23506277952726023
1222,0.048353295893438404,0.2323407728346368
1223,0.049188425944697474,0.2285263328101103
1224,0.04646053537726402,0.22766082000015372
1225,0.040983430079875455,0.23230182922872386
1226,0.038405259049707846,0.23144520878941194
1227,0.041596066807546926,0.226629461486238
1228,0.03861664704257442,0.23096977148139686
1229,0.040496985878675215,0.2224625202273964
1230,0.042087755736804774,0.23196730936380258
1231,0.038872008962977316,0.22632366934217008
1232,0.044498902294904955,0.22349723938264346
1233,0.041494322039427295,0.2209660766790983
1234,0.045268585605006066,0.22755199719341776
1235,0.04522929208413247,0.22823910478661233
1236,0.04481864708565896,0.2270695665351729
1237,0.05046357010160723,0.22647367880906077
1238,0.04888151850431196,0.2266971689641924
1239,0.04638673809747542,0.22180962024774767
1240,0.04358859384252179,0.22256845444963688
1241,0.04703823597200455,0.21884452310719885
1242,0.04291361462204687,0.21719976747992045
1243,0.042566360244827885,0.22368907442965305
1244,0.04287239284284653,0.22739562381030923
1245,0.04883182721753274,0.22030836048729738
1246,0.05501210677527612,0.22959546244383455
1247,0.057550949194738944,0.2190577824387634
1248,0.05957446223305118,0.22436896030018502
1249,0.06437451416446317,0.2256239952897667
1250,0.05766207160007569,0.22468167491126478
1251,0.06318699496407662,0.22866501616206683
1252,0.05043428222979269,0.22378687168422498
1253,0.054666668176651,0.21955114207172155
1254,0.04801608622074127,0.21974452355302365
1255,0.05098483747532291,0.22176546123541685
1256,0.04497464493878426,0.22384112617724522
1257,0.04450006386445415,0.2180698772794322
1258,0.047335531682737415,0.22272013351881415
1259,0.04139713402236662,0.21699355206543341
1260,0.039538175107971314,0.2205597096890734
1261,0.039596140264503414,0.218347014303793
1262,0.03760668022498008,0.21702858323889568
1263,0.03695138363588241,0.22363543323705667
1264,0.037177844994491144,0.22396112705830643
1265,0.0357081308480232,0.2194998734875729
1266,0.04040015621050712,0.22183387683597125
1267,0.03585597115658944,0.21901776072076687
1268,0.037404982673545036,0.2211446719136752
1269,0.037801905625289484,0.23276892218524053
1270,0.03726649572772364,0.2192291591998031
1271,0.04349060536872956,0.23005239082906478
1272,0.04458194874948071,0.2207745878693454
1273,0.0438434693121141,0.22403319908263988
1274,0.038546438178708474,0.23270780953548306
1275,0.04114618404738365,0.23249450098153643
1276,0.045605254750097954,0.23771969828390538
1277,0.04856918800261713,0.22387391033776124
1278,0.044570436400751916,0.23280736184060424
1279,0.04232020724204279,0.22551338475449642
1280,0.04588013755217675,0.23023877933359982
1281,0.04322319045182197,0.22534297163922684
1282,0.042113084586397294,0.22771021891805462
1283,0.04425086826086044,0.2304611193730419
1284,0.04298942379893795,0.22971324260372267
1285,0.038510224271205165,0.23800861745848692
1286,0.04168987190050463,0.22854215130770117
1287,0.04025346389220607,0.23393575682825313
1288,0.03636252183106638,0.2310831010864492
1289,0.036175232861311205,0.22876959695553123
1290,0.030481989705754865,0.2280661695657816
1291,0.03284092235469049,0.2308287358000165
1292,0.03297366886850326,0.23167591491588077
1293,0.03752937648565539,0.23384064816890804
1294,0.03392718221631742,0.22791789931462222
1295,0.03742218414141286,0.2284729626393856
1296,0.035281780746675304,0.2343617773668509
1297,0.036614466819071004,0.22723777678078577
1298,0.03638995282592312,0.22926301906879684
1299,0.038082157652224266,0.22903388951505935
1300,0.04030184039185124,0.23013590190344885
1301,0.04065238708449948,0.22699088959914998
1302,0.03654373773644047,0.22081072206485242
1303,0.03583213158192173,0.2313479175767803
1304,0.03444721669920029,0.22204232634159557
1305,0.032478040865352074,0.22561845067599065
1306,0.0333775284309541,0.22581548309117033
1307,0.031073170563867016,0.22516599801698126
1308,0.031574368957550294,0.22801418471754642
1309,0.034778897800753196,0.22348990233470323
1310,0.03403135509260239,0.2351360200416474
1311,0.03242699008795523,0.2223484910146933
1312,0.032982956017217326,0.22827690623159097
1313,0.03166787368395636,0.22297809439195426
1314,0.037076508566256494,0.2303492296533776
1315,0.03774778514860138,0.22934258779636899
1316,0.037198721521323724,0.22754983828031927
1317,0.03514193671364938,0.22737105736009458
1318,0.03321716585947621,0.22573089894644896
1319,0.03321967297984708,0.22463775439220562
1320,0.03510747681702337,0.2235610136262755
1321,0.033446941404573376,0.2274114874221926
1322,0.03225235917395161,0.2292003689851976
1323,0.033290108004885334,0.2199408720833317
1324,0.031540570720549554,0.22810745414785275
1325,0.02741127274930477,0.227907622592491
1326,0.03272323262306952,0.23091298681602143
1327,0.03199164881821601,0.23034294084050602
1328,0.036560835016350594,0.22205777492439538
1329,0.0360418657862371,0.2287025716445201
1330,0.037676561263299754,0.22593281856903755
1331,0.03791036552959873,0.2238913519788804
1332,0.032033727774696964,0.22012374600521603
1333,0.03440433896837696,0.22834658099893937
1334,0.030361086730995485,0.2171511023415061
1335,0.030037952406752493,0.21929755448398733
1336,0.029212684220364018,0.2264089893951153
1337,0.030116539809011644,0.22688465795122592
1338,0.030406738300957987,0.22906759246847683
1339,0.030230442662873575,0.2196227275862132
1340,0.039351191612020615,0.231866268884568
1341,0.03915010657041303,0.22458126043018542
1342,0.03732874376639243,0.2272493748885946
1343,0.039607913864235726,0.22131455411438955
1344,0.036973087657843864,0.22798599317707216
1345,0.03620694277267302,0.22465419522801736
1346,0.03608540565736832,0.2257839480139558
1347,0.031335487240745176,0.22822272930677073
1348,0.032361101238958294,0.22648716742233524
1349,0.03110283312778319,0.22267811097447435
1350,0.03551187967100451,0.2328653005803737
1351,0.03722545336331091,0.22167440688699708
1352,0.03193525741657903,0.22676178775634384
1353,0.03341693322985403,0.22221174511246214
1354,0.03251290411478089,0.23122207387198782
1355,0.04145227661055903,0.22079191209379592
1356,0.039666137628016934,0.22374759192454785
1357,0.03717062345916225,0.2303167767916108
1358,0.0374271547602069,0.21785238224611544
1359,0.038453331157084436,0.2303832990857294
1360,0.03930354358688477,0.2236172601319196
1361,0.041175821014950355,0.22461980006151033
1362,0.039638605569639516,0.22841143664112665
1363,0.035125540509339304,0.22207812852877423
1364,0.03986809174379995,0.2259742747198669
1365,0.037387598426111286,0.22656860570411635
1366,0.03309128403423294,0.22657041173232229
1367,0.035974562889145266,0.2256139383877728
1368,0.03635969589794836,0.22656533898865072
1369,0.036903066500540704,0.22241396313173728
1370,0.0395643713493501,0.22647414840104288
1371,0.038579806445106384,0.22726050829678252
1372,0.033272656942567515,0.22114746545191696
1373,0.03643734164295658,0.2225190918696554
1374,0.034274057154693914,0.22025833333046513
1375,0.03386832305019902,0.23300213824238694
1376,0.031218183857779348,0.22462453638999386
1377,0.03041896957062906,0.22834350885753346
1378,0.02913970416111331,0.22980175389532456
1379,0.03017519810988057,0.22726096948585414
1380,0.030067190588001284,0.22867213215744286
1381,0.03119943771631487,0.2264190721780734
1382,0.029463287623178576,0.2257583294073143
1383,0.028111008746970083,0.2247235252519598
1384,0.03172814533595116,0.2262476839890755
1385,0.030861193614621318,0.2246586167648024
1386,0.029109342324156916,0.22203605198172996
1387,0.030010946635757724,0.2278658355163751
1388,0.027388603756985357,0.2248369042287793
1389,0.03141325634093054,0.22693446476507306
1390,0.029053125410310684,0.22584068666872822
1391,0.02717655037920321,0.22812850780803756
1392,0.0319677276476737,0.23005742988640204
1393,0.030468308577133764,0.2297467292848984
1394,0.030442000276619387,0.2280933893189992
1395,0.02966693626536477,0.2302142650934688
1396,0.029769686982035637,0.23431761148280666
1397,0.03535404561027404,0.231106514321234
1398,0.032583379216732516,0.22865013621355357
1399,0.03055666026569182,0.22647369490530259
1400,0.029933203011751175,0.22504929238393492
1401,0.030840847941656268,0.22608090784017904
1402,0.030063435915977724,0.22930705663106196
1403,0.03170745399209761,0.2254667363519358
1404,0.029690091408068133,0.2289007660141565
1405,0.03255176664360108,0.2242862532162726
1406,0.0389109521863922,0.2289597406647259
1407,0.031769980165746906,0.22609413200452513
1408,0.03784691157840913,0.23300165311435708
1409,0.03328164402515658,0.2305262067114799
1410,0.035237200918697545,0.2246882310487274
1411,0.03505924992984341,0.2250695462364302
1412,0.030075403651402842,0.22991027916433818
1413,0.028776409645234386,0.22842689870592944
1414,0.03303527952201905,0.22456612066368112
1415,0.028267671263987017,0.22503832819169028
1416,0.04192786795958396,0.22553919453668714
1417,0.031169483137707555,0.223023578449897
1418,0.02951666760829187,0.22802168164486275
1419,0.029486414045095444,0.2221445622001973
1420,0.026399694923912326,0.2192355984434448
1421,0.030538040123158885,0.21881815697764395
1422,0.028027149037488045,0.23138311721926047
1423,0.030215573406988574,0.23163747447624541
1424,0.028092532628966917,0.2255602282539645
1425,0.026190648876851606,0.22197554594741428
1426,0.027802335699239084,0.2244481600092766
1427,0.025460880670335986,0.22746767223180087
1428,0.02967015545695059,0.23780609073495507
1429,0.026831078192880078,0.22563706106858744
1430,0.025287807348274415,0.2293926705991415
1431,0.02538494357178288,0.2251439728309636
1432,0.024701731459748362,0.22877168681537896
1433,0.023438564591830777,0.23215488107282117
1434,0.026656109539251172,0.23047372258097903
1435,0.028899009609895367,0.2265503475988718
1436,0.02478528118902637,0.22894231933997689
1437,0.02537863467249178,0.22310088731740652
1438,0.025879274392800945,0.22966187187752926
1439,0.023260643345213706,0.2344468170987036
1440,0.02515265237419836,0.22980923509986179
1441,0.023172938895802343,0.2276479827431509
1442,0.027238932287981434,0.23514135887748316
1443,0.027112362605910146,0.2346043244639136
1444,0.023596373536894397,0.23633502898060887
1445,0.03515492836313863,0.2311312740383889
1446,0.02995943933004333,0.22768973344400115
1447,0.033348033745442665,0.2310032466972681
1448,0.024933138862252235,0.2355960094390955
1449,0.027309896664754037,0.2360482198702064
1450,0.02684225712812716,0.2293348563344855
1451,0.0271565776558653,0.22748029161067235
1452,0.025523016289357218,0.22773634577006624
1453,0.023818446563616875,0.2327788031489628
1454,0.02679352504351447,0.22936697330391198
1455,0.0234529702293296,0.2350005090684819
1456,0.026383251312278932,0.23033870319674785
1457,0.028601448201844768,0.23074923900135777
1458,0.02479398869458706,0.23131924057215975
1459,0.022732375850600582,0.23162658886055001
1460,0.025967426778328036,0.23136283371382788
1461,0.02391794774561159,0.23285312087912308
1462,0.02615080401301384,0.2370354319574839
1463,0.02598620849030633,0.23661967510716958
1464,0.023946758660097277,0.2279692077845858
1465,0.02415413890154131,0.23150382577476644
1466,0.025244488410892024,0.2311476631122723
1467,0.02437000235001887,0.23432774408568716
1468,0.025913473459020737,0.23375459373893595
1469,0.023394654835424116,0.23394715688879927
1470,0.024421352172090162,0.23187609229769027
1471,0.023592278661747134,0.23962223346818956
1472,0.025243566161201846,0.23298253735205285
1473,0.023865229360038234,0.23285376241332606
1474,0.02409144406837802,0.23527135843770547
1475,0.025262628471659075,0.2298429783125569
1476,0.02914926577960291,0.23581013968564513
1477,0.029327917603715774,0.23902773943013117
1478,0.02995514665399828,0.24468714013733064
1479,0.030927972447487614,0.24856258002588325
1480,0.03520136524833018,0.2438587083628303
1481,0.03944577841508773,0.2465090515992994
1482,0.046138513953455036,0.23886841860480776
1483,0.040254743950020884,0.24450674010697462
1484,0.039961691705449935,0.24151466910104105
1485,0.041036380755324516,0.25502496561908483
1486,0.041132246534670555,0.247719186888004
1487,0.03835195531287501,0.23953223318085634
1488,0.034592667294125405,0.2390048397065404
1489,0.03299439962833158,0.23961857853826127
1490,0.030492806626904394,0.2428417063894726
1491,0.037378403808801405,0.24360522463506923
1492,0.033858601845079855,0.2322624887440139
1493,0.03157354662975957,0.23644580690185527
1494,0.026293315173637484,0.23688486715157828
1495,0.027195185723323977,0.23961141701778374
1496,0.029285133005149903,0.23886196330227052
1497,0.02525679436662505,0.23395756002804988
1498,0.026205497102872018,0.24228907326110324
1499,0.024227520090437705,0.23501095967483998
1500,0.02751181575079118,0.23388539038057016
1501,0.02505839868418632,0.23412226233864786
1502,0.02386964430972453,0.23270153663212195
1503,0.023690266714942072,0.23866873501536243
1504,0.023828031795640147,0.23856691108610398
1505,0.02762378565967083,0.2322987744159866
1506,0.023808614140556704,0.23826301265928082
1507,0.02351712285270614,0.22867583033435027
1508,0.026034491377011422,0.2337247337165632
1509,0.021989451180542668,0.2343133173714903
1510,0.020760517327054855,0.2366902995901299
1511,0.02117406234385506,0.23377723155314462
1512,0.02223849026185851,0.23421411795126168
1513,0.024784426234902873,0.23704983469537624
1514,0.026422165514480685,0.23571844492341043
1515,0.022861409451692336,0.2328864574282988
1516,0.023579480847524058,0.2362395426757951
1517,0.023237286075468985,0.23600752771199496
1518,0.023286446087783384,0.2319978209291783
1519,0.02277179398844319,0.23871175287510818
1520,0.022190278996863672,0.23543864260789446
1521,0.026242977849418116,0.24405587750269955
1522,0.033580756956531156,0.23256835266761014
1523,0.032330882885763725,0.23656945012715228
1524,0.025554626338904905,0.23345524248174557
1525,0.030286168739680323,0.23005518063267968
1526,0.02497226612702493,0.233328797539374
1527,0.02816132690397001,0.23330335688770265
1528,0.027788874302660267,0.24302582326987035
1529,0.024690858779415008,0.2361611825481692
1530,0.024907569130582195,0.23069189100486592
1531,0.024665697627971248,0.239935267203135
1532,0.023216709795017398,0.23123091209054292
1533,0.02555485033700543,0.2345726667415528
1534,0.02548537859993596,0.2277943589782954
1535,0.025040353678407207,0.23479480925657994
1536,0.02295600502721725,0.2358575834890356
1537,0.0248739747630973,0.2334088660347133
1538,0.023153236616523035,0.23501375474427877
1539,0.027757295737824133,0.23381083102005168
1540,0.025453615933656693,0.22871666089783335
1541,0.02281883413032178,0.23860907625584377
1542,0.025518639974536433,0.23616039047115728
1543,0.02601997758592329,0.2379280736571864
1544,0.02625511316282134,0.23649578745054423
1545,0.02827125216924375,0.23396420531105577
1546,0.027650187633210612,0.22967351140235
1547,0.02424532866045352,0.2314555986333909
1548,0.024958847751540524,0.23624680783216817
1549,0.027039147673114654,0.2333244251502785
1550,0.025045303868189935,0.23681981036238803
1551,0.02430660475886637,0.2289471252445589
1552,0.023629383514485052,0.2349068300989935
1553,0.02309068021995406,0.23426875259195054
1554,0.02457082469857508,0.23261776727094388
1555,0.023991043649373517,0.23163768484777675
1556,0.024254270498791048,0.23404386370701896
1557,0.024221246220892476,0.235883832500692
1558,0.023165499971758936,0.23254550231578655
1559,0.024836131882282994,0.23478320214832038
1560,0.02219229738318151,0.2363128913823226
1561,0.024223678835457372,0.23287571529696757
1562,0.025459958961413752,0.23011695173449984
1563,0.02592302197890897,0.22965550534707263
1564,0.021772482702808994,0.2360217652299948
1565,0.023994361921664206,0.23259772629217995
1566,0.024217344940670075,0.23205227197561049
1567,0.02388675126337236,0.23274145064347967
1568,0.026695598878206744,0.22902360166374006
1569,0.02641616178856742,0.22992972525438868
1570,0.02468254206882369,0.22970770094030185
1571,0.0273344945763388,0.23029271070670365
1572,0.024008689508322748,0.22802711470533432
1573,0.02141065655216094,0.22986116243484325
1574,0.02133146421082558,0.22893314414603966
1575,0.023049449427954612,0.23298158207184688
1576,0.02241242328478444,0.23121697901932517
1577,0.022203296663299683,0.23266911768076712
1578,0.02373641555107409,0.2340196350164581
1579,0.028559721705894315,0.22606476349639415
1580,0.02901361071534695,0.22656971025735811
1581,0.025041236271781307,0.22822085400123643
1582,0.028653004296845006,0.23343930933110996
1583,0.02618881975931506,0.23013074991099516
1584,0.023338772116168853,0.22887999095713585
1585,0.023147125337873737,0.2303194404021839
1586,0.023600051179528236,0.22762259736395718
1587,0.025857575177665678,0.23431438371949925
1588,0.026758770188016277,0.22669998420061624
1589,0.023610563948750496,0.22597358945318333
1590,0.021202292773992784,0.231917997649439
1591,0.02165315288209146,0.22713605447072432
1592,0.020487446698450273,0.22873760793442116
1593,0.020783866184853738,0.23150381289030375
1594,0.02067063502486675,0.2278676143191512
1595,0.02083439776493657,0.23027929801839336
1596,0.02098515960237672,0.2267110092299325
1597,0.021486831648695852,0.2303058869184408
1598,0.021348547791281054,0.23394851427627983
1599,0.023639022703132322,0.2261645828273362
1600,0.02095344590563928,0.23062985444576817
1601,0.021088372735727216,0.2308352497361955
1602,0.021048009876281984,0.23557129423869283
1603,0.024403833694035006,0.2329295919577878
1604,0.02241476679280881,0.2368901761103991
1605,0.020185076361221653,0.23729662518752248
1606,0.025419239916147723,0.2358478326770596
1607,0.022163566442266587,0.2359068525166141
1608,0.021711640180118622,0.23637535402499943
1609,0.021851667172966466,0.23528596456337691
1610,0.020063462096356576,0.236337731655379
1611,0.02047819566101797,0.2296234697178193
1612,0.021706204681146528,0.23415250019322062
1613,0.018963078757928263,0.23319289330999954
1614,0.0224487142817628,0.23862268056785851
1615,0.022070175096873316,0.23109928617501319
1616,0.018641822400592988,0.2344139983555428
1617,0.02234864451231495,0.2355414879202544
1618,0.019162061353844982,0.2377449064924006
1619,0.02216563686247795,0.23920234653137082
1620,0.021427003246161244,0.23629681325347202
1621,0.02536312989409893,0.23361121950890487
1622,0.02312350693729616,0.2386017330457692
1623,0.022196519759393508,0.22841361628140422
1624,0.024773646867082964,0.23441110248852493
1625,0.019785031496036436,0.23518738202881395
1626,0.021959471906865796,0.23320925078893961
1627,0.022673252849809585,0.237700119315831
1628,0.02405673457730201,0.22931127399579623
1629,0.02225503535760987,0.23899063673383908
1630,0.021705049360471386,0.23632380384998514
1631,0.019987779939847607,0.24105902060978396
1632,0.024068146763790037,0.23385395774417056
1633,0.02482924796640873,0.23670044791578948
1634,0.022386573194976774,0.2351512118688502
1635,0.024684849225224986,0.23715121017064067
1636,0.02427311596130171,0.23367763066052794
1637,0.026052859942278555,0.24077015943395763
1638,0.027600303592701114,0.23323705385352736
1639,0.028506085997627627,0.23428339464473247
1640,0.03288847316176661,0.2304531960633763
1641,0.02652049028585034,0.22848778514933765
1642,0.02688203752040863,0.23238086719112588
1643,0.02291743445300287,0.23160642138997414
1644,0.024912179958435796,0.2280725757206293
1645,0.022313721177558744,0.22452549524325177
1646,0.025006115736980594,0.22837927728368526
1647,0.02287334335907813,0.2313129027609837
1648,0.02697754254744899,0.2297993523808649
1649,0.022820325327977058,0.23191501861228084
1650,0.022250754878886284,0.23405249132996514
1651,0.02302007365130609,0.22556746935934052
1652,0.02048252895474434,0.22977914984214276
1653,0.021290316937431213,0.22942116935002177
1654,0.022460032194372145,0.23764471231696002
1655,0.023346709327832345,0.23237318737913193
1656,0.021901389523859945,0.22982555818288847
1657,0.023659315440923936,0.23136924849566362
1658,0.024305127080409758,0.23320491186210088
1659,0.023531675819427736,0.22903239738224143
1660,0.02300606920353828,0.2301606125102605
1661,0.021164880344463934,0.22769564857010854
1662,0.020551814367213556,0.23113421393665753
1663,0.019181654758511052,0.22517496339958115
1664,0.021829471352600282,0.2294307712997709
1665,0.022114967927336693,0.22976041400342956
1666,0.01974958704123574,0.23220870503805635
1667,0.019391616385790608,0.23063014010737712
1668,0.019218159899596247,0.2308499106488431
1669,0.02006730978046694,0.23360632576589896
1670,0.02142334014417664,0.23228399418201065
1671,0.021476058649920648,0.23455753679711716
1672,0.020271951032261693,0.23495714471005558
1673,0.019687215647389813,0.23283774415054417
1674,0.022271112929428776,0.2310406689282348
1675,0.01845360997944109,0.2346351338657819
1676,0.01960502865333711,0.22940739496309953
1677,0.016976817060382135,0.23582066688920023
1678,0.01772896164367276,0.23497811691802845
1679,0.02056469894464939,0.2329107604752806
1680,0.02159785449264511,0.23751583366764517
1681,0.018840803254035213,0.23348306716982284
1682,0.018253132700920105,0.2303704366573415
1683,0.022474808558340994,0.23885248216770047
1684,0.021007299363132444,0.2341380293730805
1685,0.019452547354082906,0.23601555622609935
1686,0.018693335895096103,0.2329517274273368
1687,0.018434962678340175,0.23265333272012553
1688,0.01890675837714826,0.23333663349611716
1689,0.018411440714713064,0.23245740276679658
1690,0.017350916240003803,0.23854108580521174
1691,0.018943943984566197,0.23639775435428573
1692,0.01567095001378367,0.23114986967920959
1693,0.018333935389114965,0.23836495071873628
1694,0.016769181876893965,0.23704802037629866
1695,0.015802852478959867,0.23406233528353518
1696,0.021621936691864845,0.2354496804469809
1697,0.01601615205647484,0.23194090372189544
1698,0.016390569447990385,0.23449908458349997
1699,0.016224562490899718,0.23559128140148364
1700,0.01740011260394127,0.23296079879864715
1701,0.01903563755894861,0.235761925802195
1702,0.016860255791294958,0.23673031241971448
1703,0.01696735368140282,0.23729706830100009
1704,0.01665383937858766,0.23629527156215563
1705,0.01957332991784619,0.2367036064391148
1706,0.017090229137289907,0.2387112603898634
1707,0.016366385073671417,0.2385986526508379
1708,0.01754081976269522,0.23630651133251668
1709,0.016064538800668333,0.23726016484705129
1710,0.01665202573302292,0.2371178418771366
1711,0.019257117182977738,0.2372721453059586
1712,0.020210776838564103,0.235753111373213
1713,0.018779457907282537,0.2377866312375941
1714,0.018251583400753238,0.24057172078237796
1715,0.019930607549125148,0.23959690351085855
1716,0.018486444928473043,0.24144025606320316
1717,0.017342475693552725,0.2359718970935745
1718,0.01748438281638007,0.23887304573280171
1719,0.019065010030904123,0.23664661737761103
1720,0.020070324261342327,0.23966679787426665
1721,0.02106509039238576,0.23620324396997466
1722,0.019007227413596645,0.2394476754772932
1723,0.01989238024238617,0.2365187109637081
1724,0.021030120731842135,0.24215757880443917
1725,0.020418434554050045,0.23821294554194114
1726,0.022343074662550803,0.23818524891421908
1727,0.020180335088122274,0.23677670529910497
1728,0.01988863830845202,0.2364557355567626
1729,0.018410143532579946,0.2309547957397045
1730,0.021755404109435696,0.2373918923070855
1731,0.017292448109196078,0.2396606995647115
1732,0.018980222844308423,0.2401095684010881
1733,0.01703539562802161,0.24030681791012748
1734,0.01679470059612105,0.2339716981676288
1735,0.020615038311769886,0.23873899141349889
1736,0.016659330456487594,0.23839135251397775
1737,0.01677415411799185,0.2359886099969534
1738,0.017295892861100934,0.23696936711781008
1739,0.018997656001198675,0.23764251546005258
1740,0.02060704600186117,0.23559981946807756
1741,0.017326165471346147,0.24367746860162356
1742,0.017654950820630597,0.2339701205118557
1743,0.016814960767665216,0.23695340121449684
1744,0.018077231643180692,0.24112650647498013
1745,0.016878671193074797,0.24435491165272274
1746,0.017503436774976792,0.23933150053472446
1747,0.018103202384325764,0.24585125701768057
1748,0.019285171623191526,0.2368162396482955
1749,0.02205924845991596,0.2446191953611852
1750,0.019207088456999873,0.23988886185009078
1751,0.020581372382660067,0.24646517421518052
1752,0.017894235049043933,0.24275466605535426
1753,0.018837697203120878,0.24319533521967723
1754,0.021846505302575328,0.23818956479841008
1755,0.02022071777572555,0.24490160130916683
1756,0.02164004022075284,0.24414995077409243
1757,0.01670659375527213,0.24222604075171297
1758,0.01726496928641873,0.2355533111140244
1759,0.016748261607943044,0.2423667483087769
1760,0.01765137679514385,0.23825131595732277
1761,0.015861670035989053,0.24470316945460804
1762,0.01671545177457794,0.2409232144143647
1763,0.019962193384285894,0.24056545407849744
1764,0.015954057385604226,0.2418859725010425
1765,0.016176477945860353,0.24354987399171768
1766,0.01727651059627533,0.2421256418813739
1767,0.015993739087735454,0.24467802880551284
1768,0.016052883809372302,0.24344737835247116
1769,0.01507117127579066,0.23985679107799865
1770,0.015154153859663394,0.2449587531257094
1771,0.016761714592576027,0.24118521958963016
1772,0.014688663394941438,0.24464682170322963
1773,0.015720996915573073,0.24115871938697078
1774,0.014298066466806396,0.24210473446917713
1775,0.014380544093587706,0.23957981527747965
1776,0.013861121159167059,0.24217044507949276
1777,0.01445587111576911,0.24468686239313064
1778,0.016393817841045318,0.2486979316425204
1779,0.014391929301763735,0.2419378800051553
1780,0.01572903272725882,0.24298141523262015
1781,0.016603840635188164,0.2407570569437548
1782,0.017648396653033072,0.24730115475361808
1783,0.014307675222235342,0.24387406346791968
1784,0.015515089185247499,0.2479271676979567
1785,0.014569808608822284,0.2467966770991347
1786,0.014828522689640522,0.24186725496200093
1787,0.016149095139436184,0.2441024226801736
1788,0.016897447136861664,0.24142369441221231
1789,0.014779068950203157,0.24399913384352712
1790,0.014411946037603963,0.24574178009104908
1791,0.014931141398847103,0.24349868954871232
1792,0.013578351767313096,0.24669199449974194
1793,0.013297021689434205,0.2481929182931594
1794,0.013545372162855441,0.24438684543870146
1795,0.013683066042440553,0.24740515548483769
1796,0.013445785299183862,0.24390857623782672
1797,0.01635774113838711,0.24440187178458786
1798,0.013659640395593258,0.24414432889088653
1799,0.013680151062867334,0.24266009454739124
1800,0.016933825407778064,0.2395153986780267
1801,0.01488858584554926,0.24760050242556667
1802,0.014512279070913792,0.24575082147330568
1803,0.01366100811790074,0.2472625689623051
1804,0.014478029923573617,0.24692586800060176
1805,0.015596164360402091,0.24235689102258898
1806,0.014906953719835128,0.24577809440760984
1807,0.014676066626223826,0.24742083647346735
1808,0.01529817259119403,0.2418899007683111
1809,0.014851434576895929,0.24408670763174692
1810,0.014104035682976246,0.24432386245046342
1811,0.014204796643987778,0.24476108238810584
1812,0.014772506731171762,0.24655052713284217
1813,0.01359789539128542,0.24232426020585207
1814,0.014216367245441484,0.24448174973926448
1815,0.015027940303327577,0.2430005781632617
1816,0.014911665761422726,0.24752682932934963
1817,0.015701899335028663,0.24271695510038457
1818,0.013755403579242768,0.2463565635352505
1819,0.01484200640791847,0.24630751492534964
1820,0.017657399898575198,0.2510236462853606
1821,0.0160403318042236,0.2452740425379354
1822,0.017699570395052433,0.24979615760476967
1823,0.019775208626543323,0.24357650419673824
1824,0.016201804301911784,0.24666131928301693
1825,0.017205088249137326,0.24130146485522277
1826,0.020372490488713788,0.24964807139602221
1827,0.019261353258644382,0.24561435402485363
1828,0.017403140183418028,0.248451045768004
1829,0.017696258221422474,0.24691512717638997
1830,0.015779127186584856,0.24318830459787136
1831,0.01668726640843576,0.2490103171209345
1832,0.014992942913405357,0.24412026340351964
1833,0.015344916933005857,0.24372666812779611
1834,0.017677355918192094,0.24723183780086966
1835,0.014517550446814107,0.24565223161887406
1836,0.013833842480615262,0.24530990242509915
1837,0.015239860562066878,0.24779385559839712
1838,0.013542244661479227,0.24551842150682196
1839,0.013817974846930273,0.24580501613760353
1840,0.014781185155433993,0.24977277641308337
1841,0.014122335901183466,0.2463675561480056
1842,0.013611696300006682,0.24577381624315017
1843,0.014778896685569518,0.24544154544521993
1844,0.013704202017716823,0.24918914748761886
1845,0.014545334893609247,0.24897585656111104
1846,0.013870454874009855,0.24711237593850396
1847,0.014428828812895282,0.24619964306665243
1848,0.014515857362458784,0.24681252883490465
1849,0.016763682206792217,0.24529362150600978
1850,0.013798056620984309,0.24955213043773383
1851,0.013726503047491274,0.24972011328191684
1852,0.012978662045732621,0.24772864946147852
1853,0.013952523950607545,0.24795541835757426
1854,0.015345325753573448,0.24697789658131755
1855,0.01415174289215957,0.24580466381290503
1856,0.014677406769366033,0.24284753039068446
1857,0.013259143989172674,0.24689666579540512
1858,0.015952962450683117,0.2442883297539594
1859,0.015770520323947552,0.25272361866961746
1860,0.01646934581860419,0.24581979652096456
1861,0.013291031002036987,0.24616385604205884
1862,0.013108324349647569,0.2473764716085037
1863,0.013673500398234013,0.2470260657986304
1864,0.013963841412576937,0.2500061858118626
1865,0.014854254801907846,0.24727779914412581
1866,0.013533995246454593,0.24741319833990924
1867,0.015104817286614449,0.2448669197714717
1868,0.01469682024851922,0.24612246868305637
1869,0.014653704760055388,0.24661748593014882
1870,0.016182704347996943,0.24673356634931157
1871,0.017029304958639607,0.24472265389927647
1872,0.01286072043641921,0.24472571420191525
1873,0.014182550291861258,0.24651964139520077
1874,0.01375776766649177,0.2470234229152364
1875,0.014395146780917722,0.2503113500531156
1876,0.013264685028022336,0.2466154428651757
1877,0.01315549541745455,0.24829470412922383
1878,0.012637324781427461,0.2482832186577613
1879,0.013063407142556483,0.2488161784066891
1880,0.014801134145067583,0.24799296655750513
1881,0.012374573116821627,0.24777558808189287
1882,0.012272319786490933,0.24692091715515108
1883,0.012701787114624054,0.24791883787415678
1884,0.013194054785755372,0.24699942487523072
1885,0.013422996827190923,0.24898077801504828
1886,0.013220965021079587,0.24749053925051726
1887,0.01823724845364209,0.24824884683267215
1888,0.01486803954767604,0.2484648336742755
1889,0.014822615460763055,0.24924246936961822
1890,0.013032131648111728,0.2467007067119866
1891,0.016686944411166253,0.2490977378267991
1892,0.013981706132331202,0.25036465811699554
1893,0.012232675637689329,0.2501078737260106
1894,0.01265062926517379,0.24658390801203878
1895,0.012069615385224742,0.25015360296220707
1896,0.011954857517153986,0.2518128726566047
1897,0.012500186210438129,0.25046602526404205
1898,0.011971530564610035,0.24579758419279465
1899,0.013313088055339551,0.2511238203311624
1900,0.011614171818139092,0.24990403491602206
1901,0.014964157715439796,0.25085111358261347
1902,0.012279809753019963,0.25021325328146904
1903,0.013636313919578829,0.24892231131107884
1904,0.011900929283470876,0.2500868179370885
1905,0.012498929255431699,0.25062194436713864
1906,0.01483794677281572,0.24664819188285292
1907,0.012834286497485253,0.2514359740012869
1908,0.012184552638040434,0.24629283287471399
1909,0.011965169030572138,0.251436799465863
1910,0.01672149179202895,0.25094224568596457
1911,0.013930125432389398,0.256158539376462
1912,0.013291922848551505,0.2525946065073922
1913,0.012894432240676495,0.250808008183214
1914,0.013142967266180822,0.24952420588573418
1915,0.01602328514620181,0.2491935152831233
1916,0.012722053895554235,0.2495374923436564
1917,0.012178124198990484,0.25287588422459767
1918,0.011747628540521669,0.25132109198653907
1919,0.014610464624579876,0.24993739689800673
1920,0.014658359480240652,0.2487144554617411
1921,0.011944499798119068,0.2503667717664164
1922,0.012139109804505301,0.25243623151366873
1923,0.012512400656217528,0.24878033446638206
1924,0.012815241611772967,0.2516640587184662
1925,0.012107470944043129,0.25131694341363164
1926,0.012594059019559813,0.2479259314991179
1927,0.012249013439061181,0.25017003349044864
1928,0.012578180931027859,0.25002794778137877
1929,0.012436998497334218,0.24962123686956583
1930,0.01119089694393258,0.2511143854686192
1931,0.01255924416886222,0.2504353029536723
1932,0.01672399491672554,0.2486152141763453
1933,0.012652090420165369,0.25270997652583255
1934,0.012291042284379083,0.25146989150901783
1935,0.01160099171102047,0.252218597888349
1936,0.012280312637167593,0.25180128709714217
1937,0.011493374052787981,0.24960757773322867
1938,0.011851032384701313,0.2522767737769244
1939,0.013187099218128188,0.25243319085516724
1940,0.01638333066817253,0.2540206746349956
1941,0.014808651360292588,0.25127435014361427
1942,0.013772105377527976,0.2523283698505029
1943,0.016216704982423013,0.2544610576895544
1944,0.012054283592489458,0.2531771134015611
1945,0.013220922841179756,0.2524594659345192
1946,0.01231088017624232,0.25338655262065113
1947,0.011813987797546771,0.2524216638920002
1948,0.012929610697732817,0.25311412201041267
1949,0.01147930573431715,0.2538925159097017
1950,0.012307174263461944,0.250685667633114
1951,0.011914339216966783,0.2535135032688466
1952,0.011517583512731137,0.2509218666487768
1953,0.011401490819069647,0.2529058813077764
1954,0.013508508913218975,0.2489435731020189
1955,0.011843643031053005,0.2555028525435536
1956,0.012331629322180826,0.24850330570885412
1957,0.011842650661785756,0.25523818054593594
1958,0.015498152483374841,0.25205855598127036
1959,0.014355511374531253,0.25372234618006495
1960,0.012397847949497161,0.2546392746811224
1961,0.011584534039420466,0.25446021355184395
1962,0.011241131912796729,0.25418360367006526
1963,0.010821235005653674,0.2538371631002665
1964,0.011047349972349981,0.25331955132329076
1965,0.011192780078178453,0.2553829274380715
1966,0.011320719885970316,0.2528902422963527
1967,0.011506099644447527,0.25119000042142126
1968,0.011687765468753154,0.2536554399663046
1969,0.012404808774590492,0.2556252394030267
1970,0.011667851899420061,0.2542377259199482
1971,0.012023781997061545,0.25426808589681943
1972,0.013824460336998586,0.2548136286120068
1973,0.010812014251226378,0.25399065824379596
1974,0.01173389820201743,0.2515966348854223
1975,0.01106087701214898,0.2525802650173804
1976,0.011285805714226538,0.2553664976941015
1977,0.013174655336526132,0.24984395974560789
1978,0.01185085375102297,0.25638412618846224
1979,0.012924017715117624,0.2591208792793422
1980,0.011763507470248206,0.25450311660915986
1981,0.0139280550422207,0.25395422912480536
1982,0.012793734008746763,0.2560569639492752
1983,0.01365846137125646,0.25227693727888856
1984,0.011423399191229575,0.2527780808452377
1985,0.015156732962256479,0.25750375059164854
1986,0.0132523279396757,0.25464161692705367
1987,0.010925476649595846,0.25416732712048934
1988,0.011913078386456735,0.25280950231510296
1989,0.013549112504528414,0.2551066506476629
1990,0.014642848603187068,0.25419120871482936
1991,0.010969284501287245,0.2523241722419447
1992,0.012152955566923465,0.258064950580585
1993,0.011399720164556657,0.2557769889072667
1994,0.013826733214720603,0.25540713633511003
1995,0.011961467323764678,0.2581813671535119
1996,0.010930936963808152,0.2552971941860099
1997,0.017157660977494334,0.25800423641551407
1998,0.013407711420328386,0.2605957206628078
1999,0.01262843599843402,0.2533757623873259
2000,0.011694448759719249,0.2573271641755164
2001,0.011606383077319591,0.25716736852973326
2002,0.011236275095612772,0.25714973362167376
2003,0.011665438872671897,0.2596284537611151
2004,0.012259057933284391,0.2595570329436682
2005,0.015578983712100213,0.2542024046780173
2006,0.012396925459465673,0.25727207969902155
2007,0.014021848538710226,0.2551345009926268
2008,0.012800851476288611,0.25498412228317785
2009,0.010964965117314169,0.2557482912875058
2010,0.011419798427772137,0.25811525947766795
2011,0.011514080538144034,0.2532267007313874
2012,0.011716638992149983,0.2550066312154134
2013,0.012407661625935186,0.25544355858238715
2014,0.01088696081311472,0.25455715628644277
2015,0.010947968029687482,0.2565533849679139
2016,0.011221117550326933,0.25397804442951855
2017,0.010597399225638758,0.256262498728016
2018,0.01109043755117924,0.2557894956124456
2019,0.011019421711323722,0.25447677049720496
2020,0.010738316472739942,0.25357444853262795
2021,0.01115655253130582,0.25576599872201905
2022,0.010957528806982501,0.2544285605724593
2023,0.010763626425496994,0.25740337259787366
2024,0.011202921309778768,0.2581408454810169
2025,0.01094958811037002,0.25665128548491867
2026,0.010853685288419646,0.258155327841154
2027,0.01287687954402739,0.2582358407944366
2028,0.012921016753440904,0.2621415685442157
2029,0.010690306824061179,0.25568967620681105
2030,0.01059434610989786,0.2568577098891251
2031,0.010794654188136901,0.2537445289673363
2032,0.011159174534822664,0.2539781919099334
2033,0.010990108783927656,0.25676107880913823
2034,0.011172118326348643,0.2588165092064922
2035,0.010562193489843798,0.25708778676831334
2036,0.010992700744780802,0.2546709572760981
2037,0.01126757011778893,0.2577668028815946
2038,0.01031254556390547,0.25586384501224174
2039,0.012271283284550714,0.2568807041734681
2040,0.010668207500730791,0.2538321756928188
2041,0.010871418631605564,0.25486952454822703
2042,0.011965671794549111,0.25711746360723836
2043,0.011745873628364455,0.25655456906870794
2044,0.010438169683179548,0.255546315047974
2045,0.0105818466193253,0.2570438081758064
2046,0.010431591090896437,0.2563179298525765
2047,0.010815650855581607,0.2608321385276049
2048,0.011173562807661871,0.25725142564391135
2049,0.0130101686583892,0.25757095105665967
2050,0.012961353896366011,0.25963167887283745
2051,0.011508049142937507,0.25971891740360353
2052,0.011012348526668164,0.2606039902470763
2053,0.011093808518302056,0.2565105658276637
2054,0.010689298712438153,0.2559311736496469
2055,0.010702700955012152,0.25626614820538907
2056,0.010097054824713738,0.25699740902224283
2057,0.010531621204028207,0.2566642214481096
2058,0.01073231007302961,0.2582644124452333
2059,0.010786735392626255,0.25746054809195057
2060,0.010266867526356251,0.2548961428771342
2061,0.010590242011652838,0.2555751441639468
2062,0.01050449691472515,0.25973301838364515
2063,0.01009259330889871,0.26063435003721624
2064,0.010674621549344832,0.2560667620789736
2065,0.011377450409195116,0.2579068202422675
2066,0.011044505532951124,0.25984606796637516
2067,0.010127504145906817,0.2574050832437095
2068,0.010448508475336337,0.26102537155748906
2069,0.012726486209900148,0.258808123736752
2070,0.010895268721205572,0.25448749944530336
2071,0.010923874023700915,0.2604519670320334
2072,0.01055333559070864,0.25993801881197404
2073,0.011136500945975703,0.25909484710012165
2074,0.010122578831449631,0.2582394246917619
2075,0.010242933767937844,0.26234764484385203
2076,0.013906186025950217,0.26059608605870027
2077,0.011293088806973349,0.25931456595435176
2078,0.011389514130930747,0.2587447125735438
2079,0.01025045326640529,0.2593738468816705
2080,0.010113930029253806,0.25700626613800986
2081,0.010312371496712007,0.2587632908110033
2082,0.010147397466484577,0.25985069838084074
2083,0.010250856979720054,0.25914729552758964
2084,0.012139162138825463,0.262536713204587
2085,0.010068880634442452,0.262088754422085
2086,0.010356136988247595,0.2561132384272745
2087,0.012049763193053583,0.2613373075362136
2088,0.012571781993873658,0.2587751546375136
2089,0.012273151187166091,0.2588528597862798
2090,0.010487972908923704,0.25809234010993987
2091,0.012512777901945575,0.2598280276272231
2092,0.010896943659792024,0.26459428944384544
2093,0.010538658397572656,0.2594529999079262
2094,0.010114362793824366,0.2590060184399287
2095,0.012741661119845605,0.2613144915056109
2096,0.011186947234936299,0.2607731850150235
2097,0.009998454622203303,0.25939317002780454
2098,0.013325149133320778,0.2612839200741665
2099,0.012525099660119703,0.26384059871946064
2100,0.01126592525190884,0.2603670237655926
2101,0.009986428063242667,0.2605011320129074
2102,0.00997459068293533,0.26051297350634905
2103,0.010127622604129775,0.2598754914482136
2104,0.010697294266954545,0.2602204452630571
2105,0.011513632571985644,0.2625203665187186
2106,0.010949083183321261,0.26119863329674664
2107,0.011431153172687177,0.259659305924461
2108,0.010114053594729593,0.26024279416653145
2109,0.0115784342370687,0.26163379194443687
2110,0.010771510822157706,0.26147903445968057
2111,0.009628709796215258,0.25781147073683586
2112,0.011555941565142523,0.25913032321702867
2113,0.012703796908740074,0.26077989315179956
2114,0.010260047991910288,0.2626859873607941
2115,0.011476746339711451,0.2590277621471195
2116,0.012063500801882437,0.2625098595568411
2117,0.0120818670238218,0.2626819870525733
2118,0.009968652870626218,0.259508810844039
2119,0.010750200659517319,0.2603066295460053
2120,0.009579571414618723,0.262817371272503
2121,0.010710826263793053,0.2633584307548695
2122,0.009489659250022904,0.2602902718803339
2123,0.010476809896288379,0.2598720856178972
2124,0.01317045615325051,0.2592748033447672
2125,0.009692710163372179,0.2610257960351786
2126,0.010069503178519587,0.26034884173469736
2127,0.00983653109400503,0.26056630330575736
2128,0.01031827103466757,0.2593714123531093
2129,0.011623625192911394,0.2619781217778237
2130,0.009753423442523326,0.259593052000629
2131,0.009624206160585727,0.2616399209152786
2132,0.009995829734590745,0.2631946491418327
2133,0.01618958048282131,0.26564020889444756
2134,0.010466205496941843,0.2619061477500992
2135,0.011619547412039773,0.26255108292837787
2136,0.010241029393528738,0.262778374560196
2137,0.009677941219941262,0.2622735356179096
2138,0.01019951728202643,0.2630761099937267
2139,0.009764670995214293,0.2598031380570921
2140,0.009755651136079142,0.2589879322022125
2141,0.010234616126023954,0.2616797958624393
2142,0.010446024457773855,0.26178763392276333
2143,0.009621707452160696,0.2595463005223669
2144,0.010061694369200737,0.2606567038330518
2145,0.009938619700410673,0.2607477300597313
2146,0.01128657742012893,0.26380416612726704
2147,0.010274515006571047,0.26067683518978585
2148,0.011641698679135691,0.26225694804860833
2149,0.010073512311904662,0.2687620772679049
2150,0.009632687324718121,0.2631297877109738
2151,0.009588182423143618,0.2640570545181595
2152,0.012690735860697685,0.26151306901061744
2153,0.010568428093627576,0.2612922593092261
2154,0.01152797385809883,0.26118760580257666
2155,0.010053042622823869,0.2632217921111219
2156,0.01180473585883456,0.26067638923799186
2157,0.009809089734429313,0.26318756261266263
2158,0.011243620136332127,0.2628312365602431
2159,0.009782319287619284,0.2613355387422375
2160,0.010889884324804429,0.2623825886643919
2161,0.010699357206542645,0.26022552174135555
2162,0.00959602506050179,0.2605996782468973
2163,0.012235572441451011,0.26344278880528044
2164,0.010201519745732508,0.2640866306341979
2165,0.00958031497054523,0.26130432980998713
2166,0.009772983620003346,0.2622258316604117
2167,0.010599976255288046,0.26297266949388315
2168,0.011663837959208796,0.26402620295235385
2169,0.010053159939425607,0.2599948059048569
2170,0.009897389118709871,0.2643586679135349
2171,0.010084310095877416,0.26250812441185306
2172,0.009664246692292152,0.2619001542715202
2173,0.012514439020906725,0.25942591919486685
2174,0.00941297288743719,0.2605867392586586
2175,0.009685950053315009,0.26077323737449215
2176,0.010418413026678947,0.2627511603342262
2177,0.009887039511194151,0.263735057604044
2178,0.00964388873187765,0.2624609328451611
2179,0.012375462259496412,0.2645592183098757
2180,0.013355336362315763,0.26483361240018877
2181,0.010843419710234288,0.261184473234908
2182,0.009901729021822252,0.26285830050482784
2183,0.009725007528979932,0.266448068812975
2184,0.01156593540743474,0.264210612926268
2185,0.009567890616674577,0.2630405054056555
2186,0.009700302725597736,0.26564146074137296
2187,0.012439368382817315,0.26200358834780546
2188,0.0115875642025663,0.2604569166824035
2189,0.009927914417799442,0.26174713125951904
2190,0.009065062047973756,0.26441136854035513
2191,0.014237763630526682,0.2627360935796771
2192,0.009449428728511256,0.263994385350617
2193,0.0101824413624502,0.26359691584767553
2194,0.00942837200578182,0.26840099968707054
2195,0.01206921638860818,0.2629153864425525
2196,0.011375473872307808,0.2634435152648983
2197,0.010939590843214143,0.26347451976367403
2198,0.011667776131822218,0.2638868316074362
2199,0.009819240129042056,0.2659392515967663
2200,0.009696125443423948,0.26421807874414255
2201,0.0110474263408011,0.26310653659634126
2202,0.009520100369568794,0.26404280030637756
2203,0.013508128032328622,0.266431022407417
2204,0.010319654168861528,0.2631508577288243
2205,0.009944637245949238,0.26247016405850127
2206,0.00976232460309421,0.26856019973456113
2207,0.010037245228886604,0.26436780632139745
2208,0.010290078668584746,0.26142758892891105
2209,0.0091999375651921,0.2676504475431036
2210,0.009921663530891942,0.2629460924326029
2211,0.011427092365920544,0.2678801758695665
2212,0.010184135197872115,0.2621030605078341
2213,0.010189186571346175,0.262589833192658
2214,0.009897826870362605,0.26832421911987747
2215,0.010373197375766693,0.2635172660413541
2216,0.011415374825798696,0.269164060142106
2217,0.009855970860488953,0.26729443519934076
2218,0.010940097272396088,0.26341759068027776
2219,0.009443284282761236,0.26512740205105084
2220,0.011881338432431221,0.26787529224739937
2221,0.010340628694863088,0.26845121928922516
2222,0.010460800040633447,0.263339605770613
2223,0.011255776509642601,0.26340030824630184
2224,0.010172037527926506,0.2649419226293875
2225,0.009281125190036913,0.26673608405847
2226,0.011839711347654942,0.26574617030477166
2227,0.00893078365873906,0.26931492084249814
2228,0.009582983269806831,0.2650458860143384
2229,0.01148500984474536,0.2680609448810568
2230,0.010716637596487999,0.26795463760693866
2231,0.009562955237925053,0.26367093021409554
2232,0.009434513717649444,0.26487964735294045
2233,0.009336257683894327,0.26757303694435824
2234,0.009521590515730842,0.26489140014899404
2235,0.010384808805200362,0.26452723167892683
2236,0.009433415207651353,0.26703706712352304
2237,0.009471241234531325,0.26437833781977343
2238,0.009258055278370458,0.2638790051739915
2239,0.009726189978180392,0.26473896500460786
2240,0.009664680718654586,0.26298170079264727
2241,0.010056718402812559,0.26280192183073897
2242,0.009742727082583212,0.26532054896043955
2243,0.009362105700758195,0.2658590308780359
2244,0.009315460710035216,0.2639249159130536
2245,0.01305658036782857,0.2633594362658068
2246,0.00918194540445843,0.26413711091330777
2247,0.009357780518551026,0.2648675070893496
2248,0.009406915475283899,0.26899967337013186
2249,0.009922282680148078,0.2644226332206774
2250,0.009805268097308374,0.26424536643022284
2251,0.009874592294856425,0.2644878368180497
2252,0.009292765850982359,0.2638754560460423
2253,0.011129262797053783,0.26505347399185775
2254,0.00983061449181649,0.2653421808155557
2255,0.009046269760977837,0.27140217309906367
2256,0.010371862580218622,0.2682420457514904
2257,0.009039476393691955,0.2647373063821243
2258,0.011885523345441587,0.2662237957306673
2259,0.011571522381517195,0.26513006162822694
2260,0.010745487205924527,0.26929038262606264
2261,0.011340812960218999,0.26535475470667197
2262,0.009969414422108282,0.2653532370290063
2263,0.010183636429569414,0.26625841870941314
2264,0.009274322299226638,0.2632842187146495
2265,0.00908832906955673,0.2665396635992485
2266,0.01089298076206638,0.27027743442315505
2267,0.010419405245732876,0.26385950526796786
2268,0.00934923677555015,0.2659655441168257
2269,0.009951061689324917,0.26535200422867794
2270,0.00937612309691406,0.26826674037409903
2271,0.009953282412982756,0.2673789124590412
2272,0.009771671747007677,0.26451877984486727
2273,0.011493124488380647,0.26798733202437114
2274,0.00941058518665452,0.2649357999327189
2275,0.009076798845443034,0.2663247397071437
2276,0.008934349813047917,0.2633708701994186
2277,0.009314496160274553,0.26227896886511254
2278,0.009455615233990454,0.26467465364694
2279,0.009763376126366278,0.2665596823569826
2280,0.01103913014934909,0.2654119600404175
2281,0.010784119668026124,0.2631621296543227
2282,0.00972766149789095,0.26438012457730475
2283,0.009305609900864863,0.2671009395504954
2284,0.009468372941257493,0.267033261688132
2285,0.009385720976898748,0.2679076984263303
2286,0.00989669639497034,0.2640510336647655
2287,0.009001855047479752,0.2652351524596824
2288,0.009284228747410158,0.26431295761189666
2289,0.009241527727534693,0.2686516270228197
2290,0.009544949227523419,0.26750934833572027
2291,0.011393870647636152,0.2632234769133398
2292,0.010457418318237028,0.26355130092840745
2293,0.009527889861454886,0.2683125094961104
2294,0.010457828881279115,0.26884544978763225
2295,0.010894988783665242,0.264264502471551
2296,0.009938837449637151,0.26437981886074957
2297,0.010305848243015428,0.26563236890430736
2298,0.00968792442713053,0.2667215041498791
2299,0.009462130135826526,0.2669825115075386
2300,0.009384009716731886,0.26568218486799033
2301,0.009199716090675323,0.2663773071571699
2302,0.012774984081906656,0.2647831676747267
2303,0.01058183808720881,0.2675577560463047
2304,0.009028335282158467,0.26625913516023103
2305,0.00894501871399341,0.2683882834319782
2306,0.009337597196140596,0.2668456234280627
2307,0.010613922330160295,0.26546917829597205
2308,0.010729647902471403,0.2640079534740974
2309,0.009135649990170233,0.2682267104025771
2310,0.009525823827472425,0.26418135847364155
2311,0.011189694306062113,0.26535422614493165
2312,0.011001407949914855,0.2665022779302788
2313,0.011007733793268281,0.26542531644790096
2314,0.00965748249643272,0.26615722600678754
2315,0.011460313843863626,0.2674433043726106
2316,0.009229717025112721,0.2693173977964205
2317,0.008975193024643006,0.26783284866122675
2318,0.009235405002630526,0.26386948605826627
2319,0.009004230641068952,0.2665518540188782
2320,0.009084311163713854,0.2646286958142331
2321,0.009500732435093771,0.2695627476935996
2322,0.011833421946052582,0.26437185133310187
2323,0.009603064086648726,0.2623432721559864
2324,0.00962384411644551,0.26498988771199583
2325,0.011707807830985515,0.26507552173502164
2326,0.010289149989764537,0.26556784893038277
2327,0.010454886442711276,0.26496851922276626
2328,0.009386901142856768,0.268014000920126
2329,0.011632584455993867,0.26851557266144527
2330,0.010481430938647639,0.2652470751065658
2331,0.011730841000474269,0.2675157920235679
2332,0.010476968070912746,0.26497881439395415
2333,0.009688658759959282,0.2657671036726251
2334,0.00868299780713935,0.2647868937866431
2335,0.01022750779145187,0.26687587450321454
2336,0.00931931659579277,0.26647302190910904
2337,0.008969179294522732,0.2667594112847981
2338,0.008612587266872007,0.2661988490207452
2339,0.009134844756655155,0.26624527722970587
2340,0.01030447168816482,0.2671329248369786
2341,0.00912475976492128,0.2668681347878057
2342,0.009461097359176605,0.2661986615051303
2343,0.011064222803519617,0.2646008346015051
2344,0.009137980519763885,0.2656866421078082
2345,0.008928275246533656,0.2667725192275561
2346,0.008978891486842786,0.2683098354285821
2347,0.009229475091541968,0.2676268235633248
2348,0.00997685172384785,0.26771813705750275
2349,0.00936667996669008,0.2667347225255536
2350,0.009265403173142863,0.268413413885542
2351,0.00909632405326251,0.26860224080265016
2352,0.010717145587888456,0.2676857885038644
2353,0.01049338545530073,0.2693421854859307
2354,0.009324089954456976,0.270899504497834
2355,0.00923878375080324,0.2697951320119968
2356,0.011068520346476186,0.26799041466007856
2357,0.009296859193953776,0.2676554270704886
2358,0.008921634916576647,0.26659691804333735
2359,0.009489415483849665,0.2617955748598677
2360,0.010887454263865948,0.26576376682086694
2361,0.012008811076802592,0.26647858347809106
2362,0.012038059803026338,0.27156595486148555
2363,0.009983818527431257,0.2677438710641144
2364,0.009604461370937286,0.26637568629176395
2365,0.009185050313751544,0.26499652100684945
2366,0.00867531340449087,0.26739646759547087
2367,0.011194020900274477,0.26553566305709064
2368,0.008629668203573073,0.26844909245657145
2369,0.009237306823413219,0.2646070299740124
2370,0.010358272901465815,0.2647737563403328
2371,0.008988080366003898,0.26733045843908365
2372,0.010235072414000188,0.26844267760004314
2373,0.012059909772248037,0.26735788001153704
2374,0.009717937558889389,0.2656278410800418
2375,0.009374027861462485,0.26915389209761653
2376,0.009556134772156515,0.2691319819754526
2377,0.011121822821517144,0.2669973053729026
2378,0.010444392570324482,0.2684354549063776
2379,0.010620347975242523,0.26713716879225613
2380,0.009708248259079072,0.2708476511458108
2381,0.009260125338069854,0.2688417733835995
2382,0.011970343428754037,0.26824522354549035
2383,0.009241531542952984,0.26647059399083745
2384,0.00882526192693941,0.2659649450079839
2385,0.012023814443138338,0.27086544903298665
2386,0.009056375692448309,0.26706134499911977
2387,0.00874064538267351,0.26563095180014323
2388,0.009856474075105882,0.2665317924996665
2389,0.008810934220110216,0.2697487230737108
2390,0.009674689852662625,0.26628504122110236
2391,0.00859781441789481,0.2691740454139566
2392,0.009172885198025935,0.2695517893273729
2393,0.009678968829253027,0.267033308669738
2394,0.010100195304520668,0.2638306102358309
2395,0.009777891900270216,0.2679709546772161
2396,0.010279123671352863,0.26961823416533026
2397,0.008749378845095634,0.26736462952797874
2398,0.009947140490816485,0.26898426915469925
2399,0.009143630673568095,0.268158603580972
2400,0.010052646300004374,0.26767870059288235
2401,0.008876630555718176,0.2692164211046128
2402,0.009934198622020983,0.2672256854617207
2403,0.009028151300885984,0.2704664562877856
2404,0.010599173094716764,0.2705244561633968
2405,0.009060657703347744,0.268086696066952
2406,0.00997226676272769,0.26587427700671334
2407,0.009966119853479246,0.26619379532367066
2408,0.009097015034527547,0.2682652783423737
2409,0.009409222781898515,0.26917662723620134
2410,0.009884083733683633,0.26858569543463245
2411,0.008919407343191485,0.26870378792136534
2412,0.01107635258907272,0.2671088217792654
2413,0.008946164150632197,0.26640076886741143
2414,0.010663409717381,0.2667972261744334
2415,0.009083577551909031,0.26812170972501426
2416,0.010795624506088996,0.2680788253034864
2417,0.009135414365558855,0.26789972507266474
2418,0.009098998391099514,0.2673580617384803
2419,0.009611191498416086,0.2671815257771571
2420,0.008930775126622569,0.2677706849754305
2421,0.009782490681015676,0.2677789557547796
2422,0.010059675321944298,0.2649355684605457
2423,0.009021478705108166,0.26729431860429004
2424,0.009586810494863218,0.26727519641842756
2425,0.008785084971497137,0.265014665542091
2426,0.00885428941898769,0.26926948529735845
2427,0.009613797969875796,0.2677566079716933
2428,0.009886101429020204,0.26553919739591747
2429,0.01084158341250112,0.26614420306413694
2430,0.008960501471113774,0.26672718182841043
2431,0.011428983191088322,0.2705510362123786
2432,0.009139276710489103,0.26703522049992306
2433,0.009731595855086081,0.26737252833849207
2434,0.00863929020781671,0.26716087818295137
2435,0.010261198776143213,0.26906277616519975
2436,0.011905076522980966,0.2693624170427036
2437,0.009190862667897055,0.26616277170360536
2438,0.008830314141608054,0.2666102954020775
2439,0.012581678497935496,0.2689455709511176
2440,0.01038102769563275,0.26666126715808286
2441,0.00861433301601679,0.26646143997223454
2442,0.009760959464455805,0.2683898730385572
2443,0.009845058553882183,0.2675547710337436
2444,0.009907515088637029,0.2659990988429029
2445,0.009302222199978368,0.2697254334924215
2446,0.01017147729233388,0.26848637945669934
2447,0.009559992670772536,0.2672315945750789
2448,0.00882310594522184,0.26890145156317785
2449,0.010606355694753508,0.2673444465587014
2450,0.009251141560173804,0.2671687845000647
2451,0.009491244571343545,0.2713907478297862
2452,0.009519439130540817,0.2674083050928618
2453,0.010387362942339913,0.26764164009787383
2454,0.01120956996155362,0.2660465900760545
2455,0.009418866356774684,0.2685772326954624
2456,0.009129625204349718,0.26822561145127566
2457,0.010649537757760095,0.26400424540042877
2458,0.00860639289021492,0.26952898188641194
2459,0.01195490768840236,0.26788760919618726
2460,0.009144022429902707,0.26848395344308745
2461,0.009707881227856683,0.26839110277649153
2462,0.009203766562765645,0.26896338161071737
2463,0.008727263839494797,0.26612728744521175
2464,0.0089440671126208,0.2677567480202008
2465,0.009593529656769769,0.2644493312465218
2466,0.009082076920857352,0.26541097174611006
2467,0.011747177960651537,0.26684347530803587
2468,0.00968046729723292,0.2660230893389623
2469,0.009014585085453527,0.26633490737817045
2470,0.009083921390195046,0.26755261002925407
2471,0.010327095406190041,0.26665387125242324
2472,0.009990155786996888,0.26928452740337017
2473,0.011783245350083998,0.26909420700897846
2474,0.00972722539858472,0.2668139452026004
2475,0.00969008689806346,0.26626368221782504
2476,0.0097301883262492,0.26952150284795834
2477,0.009417367738581473,0.26826217822861254
2478,0.009593173200565,0.26599946812280734
2479,0.008458731215327017,0.2669713200632492
2480,0.011523318837486928,0.26648829104308797
2481,0.008729524399724698,0.2674274801610406
2482,0.009902823325847425,0.26748723075503394
2483,0.010293324508013265,0.26693186074271236
2484,0.009967725784067185,0.2670161854055591
2485,0.012131294265629785,0.26956492557860257
2486,0.009525637683128156,0.2664332106746827
2487,0.009161304382066573,0.2701161690523152
2488,0.011294468426175656,0.2653070152702188
2489,0.008783119460267405,0.27008836105802003
2490,0.00973408188550703,0.26898684840005144
2491,0.01223713742388833,0.2659430479943603
2492,0.011477287287913984,0.2719294918808423
2493,0.010918984369885537,0.26577387201158625
2494,0.00927709331435542,0.26767003356962277
2495,0.008850330156424353,0.2673975655384231
2496,0.00944899623432467,0.2700149024787702
2497,0.009310278530803419,0.26931870633498173
2498,0.011831401126278986,0.26814899886759896
2499,0.008888070231243488,0.2669240625430468
2500,0.01078207571540148,0.2685716678026625
