epoch,train_loss,val_loss
1,2.144604206085205,2.0571606834430742
2,2.056989908218384,2.0618517530293095
3,2.103431463241577,2.0563304370507263
4,2.0676000118255615,2.0557883998803925
5,2.0950536727905273,2.052556630065268
6,2.073333263397217,2.058746799789276
7,2.1029739379882812,1.919115898603186
8,1.92558753490448,1.8042515441588591
9,1.7251739501953125,1.687898235811028
10,1.5917670726776123,1.581960820315177
11,1.4245524406433105,1.4821394953811378
12,1.3567631244659424,1.3920909438216895
13,1.2019362449645996,1.3095012607431054
14,1.1415305137634277,1.2317684360016556
15,1.0414574146270752,1.1531350263079305
16,0.9341022372245789,1.083908616450795
17,0.8295583724975586,1.019898429550324
18,0.811423659324646,0.957855514864575
19,0.7451467514038086,0.9092581054023036
20,0.7579590678215027,0.8658435930285537
21,0.7641068696975708,0.8321677090828878
22,0.6953667402267456,0.8043266926194194
23,0.6992039680480957,0.7847534367315153
24,0.7070042490959167,0.7748366066985262
25,0.7287497520446777,0.7651915306734262
26,0.6787547469139099,0.756784138524144
27,0.6963940858840942,0.7533127853744909
28,0.6237158179283142,0.7453391218842719
29,0.6190097332000732,0.7463472841078775
30,0.5909770727157593,0.7382217708386873
31,0.5679678320884705,0.7360209060790843
32,0.5792884230613708,0.7283546961937333
33,0.5332345962524414,0.7241160599211404
34,0.5349025726318359,0.7198923761982069
35,0.5104805827140808,0.7098618116892669
36,0.5167255401611328,0.7073293924331665
37,0.5161428451538086,0.701645116758227
38,0.4977315366268158,0.691589493649944
39,0.4811595380306244,0.6847551787706246
40,0.4626098573207855,0.681256381790142
41,0.4504969120025635,0.6771187818140015
42,0.43410366773605347,0.6695670427236342
43,0.4473045766353607,0.6721219781944925
44,0.44628214836120605,0.6714563368257126
45,0.4124046266078949,0.6746107321932799
46,0.41466495394706726,0.6695208394139034
47,0.40372177958488464,0.6727160614235956
48,0.40884679555892944,0.664064573912991
49,0.4477342963218689,0.6640626292180896
50,0.402439683675766,0.6599711442651007
51,0.4258486032485962,0.6572262998810388
52,0.377145379781723,0.655495061760857
53,0.3944910168647766,0.6561505863242281
54,0.38552409410476685,0.6509249600252711
55,0.36986106634140015,0.6530816711877522
56,0.367868036031723,0.6533327855561909
57,0.3696867823600769,0.6548780676416287
58,0.34909170866012573,0.6592978705140881
59,0.37305259704589844,0.654788479320985
60,0.3619019389152527,0.6568414642099749
61,0.3799300193786621,0.6563996249870548
62,0.34923991560935974,0.6554038390181118
63,0.34308692812919617,0.6551776260959176
64,0.3407893180847168,0.6522805354648963
65,0.3563614785671234,0.6514015533870324
66,0.3476634919643402,0.6548295888984412
67,0.3353580832481384,0.6564918780386597
68,0.325076699256897,0.648792666898933
69,0.33706575632095337,0.6492262998021635
70,0.33080753684043884,0.6511913073391544
71,0.34202152490615845,0.6469897612891998
72,0.3298075795173645,0.6457077369355319
73,0.328594446182251,0.6523566033905909
74,0.32661521434783936,0.6435253101781496
75,0.3244151473045349,0.6476341378419919
76,0.30882519483566284,0.6517430921843775
77,0.3261983096599579,0.6490166275423571
78,0.331662118434906,0.6416685696233783
79,0.3073970675468445,0.6503050152520488
80,0.31155452132225037,0.6518149734439707
81,0.3242958188056946,0.6505498076441294
82,0.3176555931568146,0.6448758057783122
83,0.3086200952529907,0.6435550514020418
84,0.3075099587440491,0.6501237082302123
85,0.3214126527309418,0.6497334158211424
86,0.31766176223754883,0.6473131046856854
87,0.3139319121837616,0.6487068205250236
88,0.2978968620300293,0.6426330119147337
89,0.305033802986145,0.6460676607033962
90,0.3118338882923126,0.650056815386416
91,0.31610268354415894,0.6503503763287288
92,0.29415684938430786,0.6485178860506617
93,0.30230292677879333,0.6457185921513646
94,0.26963990926742554,0.6525177972059799
95,0.2793227434158325,0.6475329322922498
96,0.30100440979003906,0.6476787775381466
97,0.29820284247398376,0.6484753807684532
98,0.27460145950317383,0.6515658355894542
99,0.293698787689209,0.6495607547592699
100,0.2846275269985199,0.6511032626144868
101,0.30648931860923767,0.6509809719590017
102,0.28149014711380005,0.6533444753864355
103,0.2929026484489441,0.6495631259485594
104,0.27390536665916443,0.6495055757967153
105,0.27964073419570923,0.6493989181399047
106,0.2876070439815521,0.6528527227260714
107,0.28197795152664185,0.6476940766611793
108,0.2818114459514618,0.6508607151813077
109,0.27334028482437134,0.6503209595692188
110,0.28157687187194824,0.6517157242411659
111,0.26373085379600525,0.6528333285099881
112,0.28578823804855347,0.6544458547929176
113,0.2684464454650879,0.6577586501762084
114,0.3017398715019226,0.6573302211020524
115,0.27949607372283936,0.6514130234718323
116,0.28133493661880493,0.651681253336426
117,0.27606555819511414,0.6517799172485084
118,0.2884387671947479,0.6495031695019332
119,0.2734561860561371,0.6535253860896691
120,0.3221566081047058,0.6562861888330981
121,0.3438153862953186,0.6582221548658863
122,0.2957652807235718,0.6553814461954256
123,0.2766359746456146,0.6532432093357382
124,0.2739603519439697,0.6556060388871005
125,0.30810409784317017,0.6536458213825274
126,0.29677218198776245,0.6524998140813115
127,0.3142824172973633,0.6546567443916971
128,0.27542394399642944,0.6523872814082861
129,0.27071264386177063,0.6583839757998187
130,0.2657685875892639,0.654995868528696
131,0.2731781601905823,0.6560245204091371
132,0.275823175907135,0.6541618521052196
133,0.24923311173915863,0.6549944075426661
134,0.2633515000343323,0.6561860246467113
135,0.2682291269302368,0.6512562683351656
136,0.2639614939689636,0.6546617093540373
137,0.27093183994293213,0.6583604255415741
138,0.26834040880203247,0.6578215206774852
139,0.2703777551651001,0.6572619927556891
140,0.25811755657196045,0.6586886220109791
141,0.2604926824569702,0.6574495022458241
142,0.2567296028137207,0.6525194591149351
143,0.2551210820674896,0.6558585688285062
144,0.2773199677467346,0.6564176006424696
145,0.24821344017982483,0.6596394018421795
146,0.2612599730491638,0.6553829473660404
147,0.25062066316604614,0.6596689173452238
148,0.25502729415893555,0.6569837007606238
149,0.3120708763599396,0.6602768977184343
150,0.2777164876461029,0.6584656855516267
151,0.2936484217643738,0.6562206515094691
152,0.25106585025787354,0.6557504232963524
153,0.27425628900527954,0.6571792900412902
154,0.25470101833343506,0.6507913513589921
155,0.2500758767127991,0.651894790337498
156,0.25744232535362244,0.6542837453964061
157,0.272988885641098,0.6546838156561505
158,0.25894415378570557,0.6570410788208619
159,0.24833892285823822,0.6569990146727789
160,0.24418118596076965,0.6626520037352291
161,0.2796117067337036,0.6651919558831026
162,0.2520484924316406,0.6646772706717775
163,0.24191652238368988,0.6621697398654202
164,0.24197232723236084,0.6555272793411312
165,0.26203763484954834,0.6555670746287009
166,0.2623216509819031,0.6573911790262189
167,0.24135282635688782,0.6585067069918888
168,0.2336210459470749,0.6615169382931894
169,0.2509239912033081,0.6636970362866432
170,0.2478405237197876,0.6665666190006381
171,0.25430166721343994,0.665413469001464
172,0.23999950289726257,0.6602159321756291
173,0.24540583789348602,0.6614456037829693
174,0.23619328439235687,0.6568169920964348
175,0.24266192317008972,0.6615403703878397
176,0.22663837671279907,0.6614256698386114
177,0.25707295536994934,0.6597791067639688
178,0.25776129961013794,0.6583647372429831
179,0.23652061820030212,0.6652297604651678
180,0.2467477172613144,0.6629425266332793
181,0.24055179953575134,0.6640574557141852
182,0.24019154906272888,0.661392393118158
183,0.2485911101102829,0.6575655490533451
184,0.24006235599517822,0.6618289871323377
185,0.2513348460197449,0.6617860435543204
186,0.2571457028388977,0.6622026830090019
187,0.23470553755760193,0.6673440718113032
188,0.23040740191936493,0.6627843447197649
189,0.24250513315200806,0.6647383899318245
190,0.23644672334194183,0.6648701880509991
191,0.27420103549957275,0.6627382116210192
192,0.2528780698776245,0.664085572972931
193,0.23627969622612,0.6634612793014163
194,0.24439746141433716,0.6678418759116553
195,0.2456216812133789,0.6623100819145528
196,0.23870643973350525,0.6644437589442223
197,0.2414598912000656,0.6663662132463957
198,0.21731285750865936,0.669660352674642
199,0.23242197930812836,0.6668908717040729
200,0.2363896369934082,0.6665440902375338
201,0.23768019676208496,0.6671514021125353
202,0.2557629346847534,0.665699515276983
203,0.23329663276672363,0.6663630628645569
204,0.24045798182487488,0.6616503783037191
205,0.2231297343969345,0.6633061769612152
206,0.2280370444059372,0.6645890689433965
207,0.24691317975521088,0.6644909970443649
208,0.23643085360527039,0.6649225148043238
209,0.2294214963912964,0.6649727114758694
210,0.23302897810935974,0.6683410107342521
211,0.22316047549247742,0.6662873173118534
212,0.2212373912334442,0.6650742374565966
213,0.2223418951034546,0.6631300500162264
214,0.27799901366233826,0.6697007329541639
215,0.24510376155376434,0.669072533460488
216,0.22985681891441345,0.6680236889007396
217,0.22704796493053436,0.6682183161415253
218,0.23240849375724792,0.6665496637946681
219,0.23752152919769287,0.6720697572058006
220,0.23208805918693542,0.6697607183814945
221,0.21415404975414276,0.6720207082597833
222,0.22947584092617035,0.6710881272652992
223,0.24019110202789307,0.6761302668647957
224,0.26782283186912537,0.6741869805151957
225,0.2525392770767212,0.6757422197133975
226,0.2328169345855713,0.6748414534076413
227,0.22491727769374847,0.6749298058655626
228,0.22134296596050262,0.6766617931518937
229,0.23417387902736664,0.6751506582537391
230,0.2372419536113739,0.6703702045562572
231,0.2366141527891159,0.6758424388734918
232,0.24188697338104248,0.677377664654476
233,0.2239416539669037,0.6757853621229492
234,0.21261906623840332,0.6739725210612878
235,0.23620569705963135,0.6762236801902752
236,0.22871308028697968,0.6729864611063984
237,0.27374884486198425,0.6735451024277765
238,0.2526114583015442,0.6754261268708939
239,0.2411716878414154,0.6748736306539455
240,0.2847476899623871,0.6752317129519948
241,0.3094386160373688,0.6778325552032107
242,0.2865447700023651,0.6770510241800084
243,0.23620495200157166,0.6787137549025074
244,0.2579643130302429,0.6765993318163362
245,0.24126824736595154,0.6762385468435168
246,0.21896076202392578,0.6736519015522529
247,0.22590643167495728,0.6712198723527721
248,0.20897357165813446,0.6727567961938997
249,0.23505935072898865,0.6744431618759805
250,0.24377469718456268,0.6765918397066886
251,0.22962737083435059,0.6739944924686786
252,0.23232892155647278,0.6757563833604779
253,0.22297757863998413,0.6799254793869821
254,0.2353728711605072,0.6815582271805383
255,0.23829977214336395,0.6809420401888683
256,0.2280983179807663,0.6783840414276696
257,0.2533499002456665,0.6770665445423365
258,0.2503000497817993,0.6768880514871507
259,0.2582835555076599,0.6787161940620059
260,0.22877612709999084,0.6769873401276151
261,0.25314411520957947,0.6798108623440104
262,0.24366223812103271,0.6790944363240311
263,0.23070576786994934,0.6771452319353146
264,0.23090550303459167,0.6758369761600829
265,0.2578994929790497,0.673224521609476
266,0.23037979006767273,0.6756292194650885
267,0.25580894947052,0.6762011287206396
268,0.23569713532924652,0.6817504009208584
269,0.24147027730941772,0.678789134013623
270,0.24408012628555298,0.6822154011045184
271,0.2517527937889099,0.6807441902638677
272,0.21274052560329437,0.6833318395722181
273,0.2794399857521057,0.6786802923470213
274,0.25620388984680176,0.6801270978492603
275,0.23875829577445984,0.6817286029495392
276,0.2483324259519577,0.677889975539425
277,0.23527765274047852,0.6813727073502123
278,0.2130739986896515,0.6866615257765117
279,0.2390974462032318,0.6843376180581879
280,0.24544033408164978,0.6821526102254862
281,0.22277632355690002,0.6802409331601366
282,0.24060940742492676,0.6820150930481148
283,0.2545226216316223,0.6806359876666153
284,0.24150463938713074,0.6813683574062243
285,0.22580192983150482,0.6849269399368075
286,0.2303026169538498,0.6843235580843493
287,0.22005873918533325,0.6856028582517963
288,0.22701692581176758,0.6844933856101263
289,0.22770807147026062,0.6889308667123168
290,0.21208147704601288,0.6857153377437353
291,0.23269999027252197,0.6838621531512803
292,0.23953652381896973,0.6862251794427857
293,0.22095298767089844,0.6827347091863627
294,0.21849536895751953,0.6843457744832624
295,0.2376440465450287,0.6833508716788805
296,0.20626577734947205,0.6837489591505295
297,0.22259782254695892,0.6820721092977022
298,0.24157337844371796,0.6802733289568048
299,0.23175343871116638,0.6853867058168378
300,0.2249383181333542,0.6856632455249777
301,0.2726149559020996,0.6892725581812081
302,0.24837526679039001,0.6908075403151357
303,0.23799937963485718,0.6891733399011138
304,0.22141894698143005,0.6922238881426647
305,0.2163933962583542,0.6900307038672885
306,0.2348143756389618,0.6895813145733118
307,0.24274657666683197,0.692350809586078
308,0.21896108984947205,0.6919172085018683
309,0.23865029215812683,0.6885653986667929
310,0.2143966406583786,0.6890326763753006
311,0.22392897307872772,0.6877360385760927
312,0.23848652839660645,0.6916390373593285
313,0.2597446143627167,0.6891065075582729
314,0.20275652408599854,0.6927894453954577
315,0.2369135022163391,0.6958352360211518
316,0.23684021830558777,0.6955714508106834
317,0.229903444647789,0.6969788625724334
318,0.22542546689510345,0.6932297570066046
319,0.27301299571990967,0.6898609640305502
320,0.2216387689113617,0.6938467650186448
321,0.2198600172996521,0.6882550405679191
322,0.25382134318351746,0.6916114911997229
323,0.25332462787628174,0.6899119119596362
324,0.23044142127037048,0.6929010998336295
325,0.2346167415380478,0.6918947599585492
326,0.22568151354789734,0.693968022975109
327,0.22561678290367126,0.6997056226981314
328,0.21423685550689697,0.6971820343407175
329,0.20879296958446503,0.6960408113952866
330,0.2105157971382141,0.6930091896451506
331,0.2252998948097229,0.6918734353885316
332,0.2506246864795685,0.6937221954938463
333,0.20981356501579285,0.7003485272103981
334,0.2666601538658142,0.7033102749881888
335,0.2313537299633026,0.700831829754631
336,0.24001702666282654,0.7018826863819495
337,0.22516557574272156,0.6986152024794939
338,0.22201871871948242,0.6975346891802355
339,0.26481056213378906,0.6982049414687288
340,0.251160204410553,0.6976453030019775
341,0.2202739119529724,0.7006582695439943
342,0.2159898728132248,0.7022687649368343
343,0.25717422366142273,0.7013148417448938
344,0.2267412394285202,0.7018329991135084
345,0.21740183234214783,0.7053643744392204
346,0.23075705766677856,0.6992529697884294
347,0.21398071944713593,0.7006135242325919
348,0.20915088057518005,0.7003880177524155
349,0.22294501960277557,0.6997450821680533
350,0.21260492503643036,0.7013137446609057
351,0.20934824645519257,0.7065661601852953
352,0.2335975617170334,0.7067670457643973
353,0.2061382234096527,0.7035857679551107
354,0.21276584267616272,0.703044202990998
355,0.22844678163528442,0.7064089282114703
356,0.21253381669521332,0.7053434535076744
357,0.256487101316452,0.7082943015528801
358,0.23309975862503052,0.7106818296855554
359,0.20988015830516815,0.7135832223079557
360,0.21542641520500183,0.7113413677777264
361,0.24213272333145142,0.7149000681731337
362,0.22827689349651337,0.7132204045030407
363,0.22489330172538757,0.7184553277821171
364,0.21928004920482635,0.7114804990608292
365,0.2506314516067505,0.7136201192263075
366,0.20953533053398132,0.7157941959555585
367,0.23984813690185547,0.7141176196268029
368,0.2127990424633026,0.7143771829162923
369,0.22040414810180664,0.7155733008432508
370,0.22601163387298584,0.7121317089350899
371,0.21232077479362488,0.7045036269011056
372,0.24614638090133667,0.7126116642079556
373,0.22255083918571472,0.7111243507019559
374,0.1957257091999054,0.71155646943807
375,0.2160620391368866,0.7151989521538106
376,0.23925554752349854,0.7126286309165764
377,0.2123768925666809,0.713481282829342
378,0.21199354529380798,0.714205855564366
379,0.23707573115825653,0.7177939152060296
380,0.21293210983276367,0.7156406875541037
381,0.2153855413198471,0.7222543561966497
382,0.21828506886959076,0.7172093584125203
383,0.21968886256217957,0.7166426307276675
384,0.20434598624706268,0.7200102746337279
385,0.2319752424955368,0.717497812476672
386,0.213043212890625,0.7217757809431034
387,0.20167367160320282,0.7201321508950159
388,0.2629055976867676,0.722048498783494
389,0.24832825362682343,0.7181656132067057
390,0.20982782542705536,0.718754558037397
391,0.2294897735118866,0.7152629593261203
392,0.20825223624706268,0.7137291385117629
393,0.2000403255224228,0.7154497543074433
394,0.21855686604976654,0.7174008877056285
395,0.20700284838676453,0.7180278550712088
396,0.22774145007133484,0.7189454764949349
397,0.2548680603504181,0.7204151444865349
398,0.20288972556591034,0.720162934976114
399,0.20414456725120544,0.7191397455103117
400,0.19948522746562958,0.7209539346228865
401,0.20366069674491882,0.7233712537246838
402,0.20962950587272644,0.7257431882963443
403,0.20823292434215546,0.7237854233959264
404,0.19603154063224792,0.7269848761403173
405,0.19826512038707733,0.7325721138103265
406,0.1943405568599701,0.7343084425256964
407,0.201532244682312,0.7330840355471561
408,0.1965770572423935,0.7380491333796566
409,0.1872522532939911,0.7340935210237527
410,0.2046583592891693,0.7372204900385443
411,0.19942060112953186,0.741847360642034
412,0.20362457633018494,0.739270668280752
413,0.20223484933376312,0.745400369466098
414,0.20487098395824432,0.7445616257519352
415,0.1822289079427719,0.7529532114664713
416,0.20134460926055908,0.7537898525857089
417,0.18923620879650116,0.7487241495820812
418,0.20543161034584045,0.7498167929493993
419,0.20726770162582397,0.753020657781969
420,0.1964210569858551,0.7524321155440539
421,0.18791446089744568,0.750363962990897
422,0.20117048919200897,0.7543581168454393
423,0.1890871524810791,0.7569566131534433
424,0.20545601844787598,0.7612228654978568
425,0.19097834825515747,0.7575430683324809
426,0.19750003516674042,0.7573327428117432
427,0.18710319697856903,0.758965954445956
428,0.19532212615013123,0.7596083697221034
429,0.20440122485160828,0.7608323419900765
430,0.2030075490474701,0.7604680231639317
431,0.22610744833946228,0.7638343645815264
432,0.21346938610076904,0.7665432996319649
433,0.22244422137737274,0.7699137200090221
434,0.20328274369239807,0.7748445173851529
435,0.18971209228038788,0.7675381758458035
436,0.20089098811149597,0.7669708875187656
437,0.20169100165367126,0.7592698125014627
438,0.233740895986557,0.7623386510033954
439,0.18877488374710083,0.7647253760419095
440,0.2001238912343979,0.7693005862988924
441,0.2117084562778473,0.7682476514264157
442,0.20973365008831024,0.7636944756173251
443,0.2170463502407074,0.763565544944658
444,0.20029869675636292,0.7630837564181564
445,0.181973397731781,0.7707433725956986
446,0.23945800960063934,0.7746055496665171
447,0.19524113833904266,0.7764152525959158
448,0.18986493349075317,0.7761387001900446
449,0.199630469083786,0.7718637410859416
450,0.20792871713638306,0.7769352070669782
451,0.18718169629573822,0.7760468984307501
452,0.20771771669387817,0.7769554893773302
453,0.20472411811351776,0.7749206773320535
454,0.1978888213634491,0.7799044854957657
455,0.178822323679924,0.7779407129251867
456,0.18876874446868896,0.7794374214079147
457,0.1865239441394806,0.7768546069475045
458,0.18484196066856384,0.7741790769392984
459,0.24314868450164795,0.7787305068850219
460,0.1843261420726776,0.7782233234933743
461,0.19876055419445038,0.7778884112685546
462,0.21245765686035156,0.7765886774636749
463,0.19650089740753174,0.7761078092986181
464,0.19708161056041718,0.7738177113066939
465,0.1809484213590622,0.773865194398359
466,0.23922812938690186,0.7755138788904462
467,0.24834215641021729,0.7741502412877286
468,0.20964494347572327,0.7791078208681933
469,0.19418251514434814,0.7773220607810152
470,0.22186744213104248,0.7745371841846552
471,0.2063872516155243,0.7739402714528536
472,0.19802695512771606,0.7686114502431157
473,0.2462323158979416,0.7682000164101297
474,0.19696056842803955,0.77623664944393
475,0.21264266967773438,0.7788401331220355
476,0.20784920454025269,0.7773205866490988
477,0.20417742431163788,0.770348284178808
478,0.20789822936058044,0.7670968788907044
479,0.21600639820098877,0.7623383707569954
480,0.219699427485466,0.7671062813366863
481,0.20400652289390564,0.7699842990789199
482,0.24847762286663055,0.7741834229992745
483,0.22607406973838806,0.7664508338560138
484,0.19201825559139252,0.7577135609206102
485,0.21103963255882263,0.7538449692546874
486,0.19278305768966675,0.7561363573361161
487,0.1953819990158081,0.7602677488685551
488,0.20968471467494965,0.7595289355531373
489,0.18665945529937744,0.7617814639457187
490,0.1975419521331787,0.7641147558850453
491,0.23023764789104462,0.7676525777742678
492,0.19981226325035095,0.7694334008341146
493,0.1933434009552002,0.7692934927486238
494,0.2069139927625656,0.7664040265824263
495,0.20698893070220947,0.7643256329354786
496,0.1843017041683197,0.7762662158872848
497,0.18081574141979218,0.7795692995974892
498,0.18733543157577515,0.7795797502785399
499,0.19311034679412842,0.7777954725394571
500,0.18477194011211395,0.7724580062660658
501,0.2010318487882614,0.7749068421827522
502,0.1885453164577484,0.7795786543896324
503,0.1914125382900238,0.7831654385815289
504,0.1830611526966095,0.7873510791544329
505,0.19173476099967957,0.7882104291951746
506,0.180647611618042,0.785456867743853
507,0.20524907112121582,0.7866905555689245
508,0.19654759764671326,0.7911342820129299
509,0.1824505776166916,0.7947906361785448
510,0.1889439821243286,0.79124766468703
511,0.23372802138328552,0.7941634702802003
512,0.22490817308425903,0.7908164796076322
513,0.16974103450775146,0.7883247096735732
514,0.18506161868572235,0.7883486050113401
515,0.19730298221111298,0.7937769384909991
516,0.18100301921367645,0.798086020432618
517,0.18259094655513763,0.7983745430645189
518,0.17805957794189453,0.7925283872991576
519,0.18369153141975403,0.7916433746952162
520,0.19384118914604187,0.7973779211366984
521,0.19863039255142212,0.7961906713053098
522,0.17857734858989716,0.7943504361580488
523,0.18965721130371094,0.7939040303827826
524,0.18722638487815857,0.7930451940773124
525,0.18083569407463074,0.7930120927349368
526,0.17204004526138306,0.7985782860813284
527,0.1754744052886963,0.7986965812836075
528,0.19071266055107117,0.8055568909585327
529,0.17955774068832397,0.7989647101638908
530,0.1741676777601242,0.799747682006138
531,0.1786094605922699,0.7963134891407233
532,0.17658846080303192,0.7965402358157891
533,0.17544960975646973,0.801223912035911
534,0.18450403213500977,0.8003701207631811
535,0.17131869494915009,0.7995295079429645
536,0.18605771660804749,0.8010249889285344
537,0.2207009643316269,0.8044956138259486
538,0.18138526380062103,0.8049621227988624
539,0.215767964720726,0.8015812118549395
540,0.19454175233840942,0.797229015886933
541,0.19254490733146667,0.7954075390234926
542,0.17632178962230682,0.8028295135737064
543,0.20659998059272766,0.805980702540032
544,0.2211887091398239,0.8016091505985212
545,0.21044155955314636,0.7955301720695687
546,0.21144156157970428,0.7896098770892113
547,0.2075030505657196,0.7878722974232265
548,0.18830889463424683,0.7925165185055936
549,0.2205578088760376,0.7910363211070087
550,0.19125789403915405,0.791012459978424
551,0.1825193166732788,0.7874906363343834
552,0.18240711092948914,0.7882538288458248
553,0.18585717678070068,0.7836965415113253
554,0.1709332913160324,0.7822787937962621
555,0.17401175200939178,0.7872929322092157
556,0.22515711188316345,0.7945492520069418
557,0.1752152144908905,0.8020461866431368
558,0.1720057725906372,0.7930594621445601
559,0.17189514636993408,0.7953425069201859
560,0.17551957070827484,0.803175031391899
561,0.21821656823158264,0.8072052814607931
562,0.18023404479026794,0.8103637114204559
563,0.18103283643722534,0.8049421937842118
564,0.16889266669750214,0.8064289134845399
565,0.18781515955924988,0.8070431205264309
566,0.17980913817882538,0.8140929411527208
567,0.19441211223602295,0.8122020853790723
568,0.18163692951202393,0.8109357418273027
569,0.17350701987743378,0.8056370245484182
570,0.20021748542785645,0.8080012750506103
571,0.17720019817352295,0.8194349497780764
572,0.17766821384429932,0.824890308959741
573,0.176762193441391,0.8218329669837665
574,0.17527972161769867,0.8245909441085089
575,0.17960326373577118,0.8242984031674856
576,0.20984980463981628,0.8333462479718048
577,0.16563890874385834,0.8232666805274504
578,0.17326699197292328,0.8231841627517739
579,0.19837558269500732,0.8269924035944736
580,0.19117295742034912,0.8295295592537499
581,0.16259242594242096,0.8329520897757738
582,0.16046974062919617,0.8245446362292259
583,0.16907739639282227,0.8229945859215911
584,0.17468254268169403,0.8242490228853727
585,0.21504521369934082,0.8241843101673556
586,0.165841206908226,0.8172909777266041
587,0.17321059107780457,0.8114978149720004
588,0.1672748327255249,0.8152623916030827
589,0.1749550998210907,0.8152711757442408
590,0.1789335459470749,0.8131640423509411
591,0.17054572701454163,0.8210144025042541
592,0.174198716878891,0.8239024266563263
593,0.1790880411863327,0.8224949871089524
594,0.17739157378673553,0.8130152797639221
595,0.1759020984172821,0.8175014397853
596,0.1822553128004074,0.8164561260911755
597,0.16989845037460327,0.8174301578586263
598,0.1673150360584259,0.8165883620580038
599,0.174902081489563,0.8203211631392476
600,0.21980202198028564,0.8266580587341672
601,0.17048925161361694,0.8199416754538553
602,0.1713569164276123,0.8164137197018865
603,0.1853381097316742,0.8150081108686021
604,0.1783715933561325,0.8127932665043307
605,0.174112007021904,0.8173052752227113
606,0.18534696102142334,0.8173361150244424
607,0.17069390416145325,0.8168147415445562
608,0.16815704107284546,0.8194063773430081
609,0.1690913736820221,0.811413516078079
610,0.16574254631996155,0.810008114143123
611,0.16811984777450562,0.8134817624450627
612,0.18573543429374695,0.8196716564042228
613,0.17444460093975067,0.8200608373883375
614,0.1702617108821869,0.8188389890773553
615,0.17293047904968262,0.8242668103155935
616,0.17572754621505737,0.8311674518692762
617,0.2075234055519104,0.8288902012925399
618,0.16732394695281982,0.8237288265598747
619,0.16464382410049438,0.8204765071844995
620,0.1501297801733017,0.8281295705857432
621,0.16117027401924133,0.8252241348562982
622,0.1665678173303604,0.8319869062356782
623,0.16219374537467957,0.8364951108631334
624,0.1693468540906906,0.835382578516365
625,0.16936790943145752,0.83039016711682
626,0.17385129630565643,0.8389488981481183
627,0.15405265986919403,0.8341344462002728
628,0.16379976272583008,0.8377523831556315
629,0.16683535277843475,0.8340884711509361
630,0.20759503543376923,0.8381215758192211
631,0.18878254294395447,0.8381254722301225
632,0.1821858286857605,0.8425458173704028
633,0.18411342799663544,0.8402840287464305
634,0.18341082334518433,0.8355393550150974
635,0.15882128477096558,0.8284810983148733
636,0.1730506718158722,0.830055568600657
637,0.22256341576576233,0.8298316058658418
638,0.22872790694236755,0.8302623079832933
639,0.17829406261444092,0.8207704941730452
640,0.167026087641716,0.823816570572387
641,0.17665362358093262,0.8320463147378505
642,0.19828012585639954,0.8402116415195895
643,0.15355519950389862,0.8315658977157191
644,0.20748087763786316,0.8248849299019739
645,0.16783380508422852,0.8289903430711656
646,0.16991981863975525,0.8325918872553603
647,0.1600406914949417,0.8380513705107802
648,0.1713229864835739,0.8403248846680299
649,0.21773412823677063,0.8348712411739474
650,0.16138073801994324,0.8315115112409854
651,0.2026081532239914,0.8273686040612988
652,0.1785944700241089,0.8307445870903799
653,0.16349439322948456,0.8382015329853335
654,0.17552903294563293,0.8418749342287394
655,0.16615793108940125,0.841936869430064
656,0.18860380351543427,0.8393323408033615
657,0.18388894200325012,0.839953549075545
658,0.17191347479820251,0.8407668810440484
659,0.16279356181621552,0.8377794520299238
660,0.1661759912967682,0.837285335948294
661,0.17877984046936035,0.8464128354139495
662,0.16063860058784485,0.8441458590944907
663,0.16309818625450134,0.8446006292388553
664,0.1674770563840866,0.8425642918225816
665,0.16386961936950684,0.842122094971793
666,0.21876397728919983,0.8510936486691162
667,0.17621199786663055,0.8442506942533909
668,0.18122148513793945,0.8410508338371315
669,0.18643653392791748,0.8373074896054757
670,0.1813826858997345,0.8433169314735814
671,0.18058332800865173,0.8446509673780666
672,0.17273132503032684,0.8486960147855276
673,0.2159031480550766,0.8487512833791269
674,0.18556176126003265,0.8520112063054154
675,0.18090233206748962,0.8509842082671354
676,0.16959592700004578,0.840773758434114
677,0.17633949220180511,0.8394299874030856
678,0.16458657383918762,0.8361270351517469
679,0.16886185109615326,0.840175740103375
680,0.16671285033226013,0.8425240456908568
681,0.19483068585395813,0.8410359114632571
682,0.1877690851688385,0.8450358459226469
683,0.18929901719093323,0.8483204578696039
684,0.17968706786632538,0.845236269304328
685,0.16410496830940247,0.8472676200974256
686,0.19153857231140137,0.8451133035776908
687,0.1656506359577179,0.8415268516182003
688,0.17401915788650513,0.8398741864620295
689,0.18423712253570557,0.8436458709843475
690,0.17481955885887146,0.8382583696740612
691,0.1750902384519577,0.8413589968717188
692,0.16670756042003632,0.8447191311900777
693,0.15164600312709808,0.8438282393871394
694,0.160849928855896,0.841057572896618
695,0.15702110528945923,0.8476780089818147
696,0.1655270904302597,0.8504458401436196
697,0.20921078324317932,0.8496728146584112
698,0.15325574576854706,0.8510636295889852
699,0.1779470145702362,0.8504779907993805
700,0.15751124918460846,0.85695890660274
701,0.16638414561748505,0.8626038343984083
702,0.19615408778190613,0.8635500300498236
703,0.17086732387542725,0.8645070050294537
704,0.16744375228881836,0.863490863402087
705,0.2124609649181366,0.859841179429439
706,0.16322851181030273,0.8540174895360655
707,0.16805550456047058,0.8627146086597204
708,0.1580936759710312,0.8691418763987702
709,0.1594788134098053,0.8628807318838019
710,0.1691257655620575,0.8635273309877343
711,0.15283218026161194,0.8682708520638315
712,0.16761648654937744,0.8662920126640109
713,0.2064209282398224,0.8637886163883639
714,0.1665951907634735,0.8669799249572563
715,0.16080527007579803,0.8725894852389667
716,0.1667153537273407,0.8768120209376017
717,0.15772537887096405,0.8744151302447594
718,0.15809518098831177,0.8760829263163689
719,0.16938678920269012,0.8796014279351199
720,0.1639975905418396,0.8760536396712587
721,0.16371873021125793,0.8666338145284724
722,0.15870152413845062,0.8693546821599019
723,0.15241114795207977,0.8744403391254875
724,0.16697025299072266,0.8748242294877991
725,0.15333589911460876,0.8710357599091112
726,0.18929487466812134,0.8724671836783713
727,0.1875343769788742,0.8718956774637514
728,0.16345912218093872,0.8747346020282659
729,0.14781272411346436,0.8855102954054237
730,0.16231727600097656,0.9008264360870036
731,0.15667104721069336,0.9043853297866974
732,0.1536312848329544,0.889595007239129
733,0.14988797903060913,0.8852465581475643
734,0.17244470119476318,0.8909245805632799
735,0.1661551594734192,0.8900685618097023
736,0.16313648223876953,0.8871044640553027
737,0.1573542058467865,0.8922158004646015
738,0.1610962450504303,0.892388775982056
739,0.15236106514930725,0.8949130718271834
740,0.16743451356887817,0.8858858116886072
741,0.1558958888053894,0.8861931300999826
742,0.14608044922351837,0.8887993963738731
743,0.1659775823354721,0.8922150447255089
744,0.16650208830833435,0.8907848275394965
745,0.16729621589183807,0.8966520748341591
746,0.1633913218975067,0.9025277807599023
747,0.18135955929756165,0.8997351642240558
748,0.18843132257461548,0.8871625826173558
749,0.14763563871383667,0.8814064675106441
750,0.16634005308151245,0.8792166672553634
751,0.15012070536613464,0.8855383300542233
752,0.15634509921073914,0.8833376184143219
753,0.17249524593353271,0.8776411403689468
754,0.1675073802471161,0.8803923960616415
755,0.15545621514320374,0.8869978667500623
756,0.16079944372177124,0.8881930641661909
757,0.15454135835170746,0.8795013747418434
758,0.15461255609989166,0.8756382886628459
759,0.16748806834220886,0.8837192261726934
760,0.15734344720840454,0.8968040681721872
761,0.16880464553833008,0.9060280231903669
762,0.17798392474651337,0.9053105048667219
763,0.16639775037765503,0.8931229477538202
764,0.16009050607681274,0.8874127374854601
765,0.1526561677455902,0.8902478669221539
766,0.1453717052936554,0.8958108832961634
767,0.15650424361228943,0.8986923554188626
768,0.15573650598526,0.9061877881375172
769,0.1534944623708725,0.910655975640567
770,0.14639495313167572,0.9080531961637033
771,0.15297745168209076,0.9016623794285575
772,0.15918666124343872,0.9030518769321585
773,0.144333153963089,0.9037535413166037
774,0.16210727393627167,0.9019643624026076
775,0.16527444124221802,0.9006469738214535
776,0.1568337082862854,0.8929449327308732
777,0.15059596300125122,0.8931089845815099
778,0.151400625705719,0.9062686840394386
779,0.15190067887306213,0.9087013718777133
780,0.15245279669761658,0.9145693663965192
781,0.1880722939968109,0.9127051885564226
782,0.16378051042556763,0.9082786046472707
783,0.1560724377632141,0.90676340393554
784,0.15174660086631775,0.9084963363812382
785,0.15052293241024017,0.9067428452627999
786,0.14940860867500305,0.9068942276158727
787,0.15598326921463013,0.9080316514000857
788,0.1895432323217392,0.9119340360612798
789,0.16122926771640778,0.9121478078956891
790,0.17005448043346405,0.906383464659067
791,0.17085789144039154,0.9048161175017967
792,0.19282715022563934,0.9105863835578575
793,0.16508735716342926,0.9092656865454557
794,0.160459965467453,0.9063621716093001
795,0.15690308809280396,0.894468114937756
796,0.18000632524490356,0.8910258071763175
797,0.20493362843990326,0.8931823765723628
798,0.17499908804893494,0.8988209602826819
799,0.1616683453321457,0.8956508361606073
800,0.18644559383392334,0.8954772492100421
801,0.1698097288608551,0.8896735803525251
802,0.14785785973072052,0.8859277255553052
803,0.1797066330909729,0.880975576122303
804,0.15686091780662537,0.8841989251007711
805,0.15143391489982605,0.8807594314553684
806,0.2071305513381958,0.8773358491130341
807,0.14975127577781677,0.8686800841102027
808,0.1658620685338974,0.8674380813624925
809,0.1920478343963623,0.8692670080596044
810,0.16436854004859924,0.8758094366032976
811,0.17039839923381805,0.8728909189240974
812,0.17799538373947144,0.8753280800984318
813,0.16831046342849731,0.8644127186975981
814,0.1458577960729599,0.8546445190458369
815,0.1635006070137024,0.858407015190985
816,0.14992372691631317,0.8652346234273791
817,0.15689797699451447,0.8680273001654106
818,0.15650075674057007,0.8638495744619155
819,0.15541183948516846,0.8591282201888866
820,0.18315529823303223,0.867956891245113
821,0.16158732771873474,0.875872350276861
822,0.18169063329696655,0.8803057690013322
823,0.157621830701828,0.8839918487054065
824,0.20251521468162537,0.8844329090345473
825,0.15508829057216644,0.8857974920954023
826,0.14439460635185242,0.8825133223282663
827,0.1581808626651764,0.8903602224244809
828,0.15062716603279114,0.8965885580930495
829,0.15294453501701355,0.9020061391338071
830,0.14748094975948334,0.8913300067261049
831,0.14309874176979065,0.8924611684373746
832,0.15199889242649078,0.8908977566805101
833,0.15163323283195496,0.8957965699652383
834,0.1437176913022995,0.8962582177984386
835,0.14365407824516296,0.8913239152509168
836,0.1519157886505127,0.8915789621814451
837,0.14242035150527954,0.8961538647051742
838,0.1440204381942749,0.8922932735063079
839,0.1424262672662735,0.8968777900052848
840,0.14611908793449402,0.9057187473863587
841,0.18885120749473572,0.9032469085583412
842,0.15628668665885925,0.8977640523647604
843,0.14296573400497437,0.8999595128205187
844,0.15059766173362732,0.902292461472944
845,0.14681023359298706,0.9060509088344144
846,0.1549011468887329,0.9007645014832193
847,0.1507185399532318,0.90132995386769
848,0.15144430100917816,0.90676467505314
849,0.14655181765556335,0.909957121936301
850,0.15044091641902924,0.9099265794108685
851,0.1483800709247589,0.9105066713832674
852,0.1547149419784546,0.9172911591697157
853,0.14745435118675232,0.9149506015885145
854,0.15361903607845306,0.9074172758518305
855,0.15124759078025818,0.9151202597116169
856,0.1409904956817627,0.9220466521150785
857,0.14939676225185394,0.9196320976828573
858,0.15127474069595337,0.9052654099942449
859,0.14817757904529572,0.8995976052188634
860,0.13798442482948303,0.9048403269963754
861,0.1456407755613327,0.9030662586814479
862,0.14048057794570923,0.9030557560143913
863,0.15175823867321014,0.9058220396962082
864,0.15516488254070282,0.9127656276662248
865,0.14617501199245453,0.9103741780259555
866,0.1543557494878769,0.9063189618270797
867,0.14600256085395813,0.9112410025489062
868,0.1492050141096115,0.91363451325505
869,0.14983278512954712,0.912694902198954
870,0.1396102011203766,0.9142111070771564
871,0.1894998550415039,0.9135284571719349
872,0.13878577947616577,0.9117695515914669
873,0.14485618472099304,0.9173103036139543
874,0.14526592195034027,0.9175968827460343
875,0.13855378329753876,0.9126487024744651
876,0.14391402900218964,0.9123540544569642
877,0.15129171311855316,0.9254502943882668
878,0.1450728327035904,0.9358661959045812
879,0.155667245388031,0.9301184344112425
880,0.15388089418411255,0.922172985280068
881,0.182698056101799,0.9195968525152756
882,0.1929491013288498,0.9200856454091562
883,0.14874021708965302,0.9136528782079691
884,0.19600537419319153,0.9189889708855995
885,0.1439698487520218,0.9172134508465167
886,0.1459360420703888,0.9138311782576386
887,0.1558266282081604,0.9070877538886584
888,0.15418590605258942,0.9093227626984579
889,0.14764900505542755,0.9102641668236047
890,0.1419358253479004,0.9099760136209932
891,0.15781530737876892,0.9069914203837401
892,0.13679121434688568,0.9109242310500085
893,0.14428508281707764,0.9130944624580536
894,0.15127944946289062,0.9120676916344721
895,0.15872329473495483,0.908923181674833
896,0.14936789870262146,0.9072682388444293
897,0.1877330243587494,0.9043055482974327
898,0.13986188173294067,0.9070899461146286
899,0.13650672137737274,0.9013946674820176
900,0.15673178434371948,0.9046429035657629
901,0.15341825783252716,0.9047597941001854
902,0.14868107438087463,0.9104714269626111
903,0.17667922377586365,0.907515135325286
904,0.1570700854063034,0.9106208463958033
905,0.13785336911678314,0.9104822854649154
906,0.15266230702400208,0.9125279578051173
907,0.1584366112947464,0.9143974631651303
908,0.1555890440940857,0.9190788597690133
909,0.13929730653762817,0.9166326587062731
910,0.14746050536632538,0.9176594346089471
911,0.14695066213607788,0.9216958129017574
912,0.16244247555732727,0.9331718257495335
913,0.16654124855995178,0.928852161219843
914,0.14700929820537567,0.920069000027831
915,0.15303122997283936,0.9242260009423832
916,0.1504601687192917,0.9249528976610131
917,0.14396685361862183,0.9214429840408173
918,0.14125555753707886,0.9232390588686281
919,0.1664116084575653,0.9329543399033988
920,0.17114876210689545,0.9298998374389228
921,0.1455249786376953,0.9222982428725202
922,0.1650664061307907,0.9236669882497094
923,0.15415702760219574,0.9276904185911766
924,0.13948239386081696,0.9277664529052294
925,0.15450923144817352,0.9238992709862558
926,0.16094902157783508,0.9332608293769951
927,0.14297711849212646,0.9293343363549178
928,0.14774921536445618,0.9255401445809462
929,0.15260085463523865,0.92200847063447
930,0.1435825675725937,0.9329797937756493
931,0.13517464697360992,0.9384647074498629
932,0.16435328125953674,0.940129754537329
933,0.14322730898857117,0.9320327240721624
934,0.14373239874839783,0.9412087357432621
935,0.13362999260425568,0.9470166251772926
936,0.14982637763023376,0.9480392112767786
937,0.14130723476409912,0.9321912842286858
938,0.13781288266181946,0.9272692978830266
939,0.1544189155101776,0.9327819714868876
940,0.15346471965312958,0.9358742764420378
941,0.1471024453639984,0.9301009134839949
942,0.1522630900144577,0.9326265340759641
943,0.14723147451877594,0.9311025925447469
944,0.13292169570922852,0.9288297872196761
945,0.14581948518753052,0.9281891445468243
946,0.17697905004024506,0.9276990784439527
947,0.13747352361679077,0.9320972479674452
948,0.1398053765296936,0.927446388660517
949,0.1483370065689087,0.9288561369542191
950,0.14529818296432495,0.9298915975075915
951,0.13936792314052582,0.9285532824676437
952,0.14166098833084106,0.9213018832648906
953,0.1597190648317337,0.9184723509881729
954,0.15800629556179047,0.922750365017052
955,0.14701391756534576,0.925757164196263
956,0.14286504685878754,0.9238084243951286
957,0.1381073296070099,0.9168905161675953
958,0.14815133810043335,0.9137785451155258
959,0.18638703227043152,0.917701744644863
960,0.14572928845882416,0.9277452373863163
961,0.14671282470226288,0.9354717640350935
962,0.16411609947681427,0.9287847207303632
963,0.1494854986667633,0.9157646987073702
964,0.18072861433029175,0.9101561817310209
965,0.15524724125862122,0.9183301670210702
966,0.16747109591960907,0.91828693752002
967,0.15482446551322937,0.9198060604862701
968,0.13839396834373474,0.9152788285324747
969,0.1639055460691452,0.9100682574107235
970,0.17346137762069702,0.908145695103141
971,0.1421586573123932,0.908268179959223
972,0.15031284093856812,0.9105764560233381
973,0.1506994664669037,0.9088057337846971
974,0.12838402390480042,0.9082105407738745
975,0.15191876888275146,0.907247323290746
976,0.1860722154378891,0.9100752714881324
977,0.1321292668581009,0.9056053566454646
978,0.14388346672058105,0.907099543806903
979,0.13997535407543182,0.9121465080961547
980,0.1392817199230194,0.9145682519838625
981,0.14400993287563324,0.9160210266149134
982,0.14800667762756348,0.9212672199521746
983,0.1378406286239624,0.9216533231555968
984,0.1390557885169983,0.9283734651137713
985,0.14201802015304565,0.9304844030461514
986,0.14106540381908417,0.929517784662414
987,0.13222531974315643,0.9326560549568712
988,0.13834944367408752,0.9344114504362407
989,0.18747733533382416,0.9338192446787554
990,0.12840810418128967,0.9346459814181602
991,0.13930992782115936,0.9361170491479095
992,0.13790181279182434,0.9456747616442821
993,0.15135221183300018,0.9390405129669304
994,0.1445443332195282,0.935257429616493
995,0.14923536777496338,0.9360299489850687
996,0.1352553367614746,0.9406271251221946
997,0.15345880389213562,0.9397503091279128
998,0.14997844398021698,0.9273999881624877
999,0.14499559998512268,0.9217259104090526
1000,0.1351052224636078,0.9208461386816842
1001,0.1433207094669342,0.9185581873532823
1002,0.13532917201519012,0.9220478138828039
1003,0.14936259388923645,0.9291640245227288
1004,0.1482345014810562,0.932145503230561
1005,0.17826753854751587,0.9297749147678079
1006,0.1382647603750229,0.926384096755121
1007,0.1341155469417572,0.9242998878459883
1008,0.14424943923950195,0.9241339525483306
1009,0.12940549850463867,0.9261008656413334
1010,0.13846051692962646,0.9341324887478859
1011,0.13726207613945007,0.9397406873846412
1012,0.1263180822134018,0.9345815316178745
1013,0.1885700821876526,0.9362809333884925
1014,0.14442163705825806,0.9350059824181081
1015,0.14943677186965942,0.9393359470486939
1016,0.15033456683158875,0.9349672803305146
1017,0.14124581217765808,0.9452545587580305
1018,0.1359747350215912,0.9494426353533465
1019,0.13405846059322357,0.9501323740285142
1020,0.13682973384857178,0.9522503061700883
1021,0.13595649600028992,0.9505092697334767
1022,0.13978520035743713,0.9502462302533009
1023,0.13462106883525848,0.9605162606801007
1024,0.1254599541425705,0.9658163100256956
1025,0.13070136308670044,0.9715553658050403
1026,0.1440572738647461,0.9785547211654204
1027,0.14693740010261536,0.9789537103253797
1028,0.13387435674667358,0.9654890378017473
1029,0.13321498036384583,0.9607797840185333
1030,0.1311856508255005,0.9581471919117117
1031,0.12288843095302582,0.9596239955801713
1032,0.14191792905330658,0.9586507645167205
1033,0.13508054614067078,0.9617090066871548
1034,0.1719905138015747,0.9634963217235747
1035,0.1335718333721161,0.9613115351301685
1036,0.1276933252811432,0.9692058567713974
1037,0.13670195639133453,0.9735600150617442
1038,0.14740531146526337,0.9697534770595101
1039,0.1593003273010254,0.9592407045507789
1040,0.15382342040538788,0.957508919830609
1041,0.14920151233673096,0.9594834778541909
1042,0.1397927701473236,0.9632910606556369
1043,0.14771777391433716,0.9588170877674169
1044,0.14033132791519165,0.94639579903213
1045,0.13043823838233948,0.9392973756730407
1046,0.1414528638124466,0.9449355579856643
1047,0.13493111729621887,0.9473548731708288
1048,0.136932373046875,0.9503110222947926
1049,0.15330623090267181,0.9484951396036267
1050,0.1340857446193695,0.9467803617766627
1051,0.17340087890625,0.9481939361208961
1052,0.1464211344718933,0.9537115864885182
1053,0.13471603393554688,0.9487395583836357
1054,0.13738125562667847,0.9500970834478698
1055,0.1283702552318573,0.9388101714894288
1056,0.13398289680480957,0.9368501741784557
1057,0.13529877364635468,0.9468187053400771
1058,0.1492224484682083,0.9444274124047511
1059,0.13165383040905,0.9348728710547426
1060,0.1308346688747406,0.9357892177756268
1061,0.13951192796230316,0.9369643082594812
1062,0.14540928602218628,0.9419043371850685
1063,0.12736928462982178,0.9389471889737256
1064,0.13411159813404083,0.9368287983693575
1065,0.1316910684108734,0.9380667009449244
1066,0.1335812211036682,0.9398481911585146
1067,0.13112962245941162,0.9496261287751353
1068,0.14177244901657104,0.9465327132913403
1069,0.1481122225522995,0.9439434013271093
1070,0.14127501845359802,0.9427963504217621
1071,0.1344827562570572,0.9391062173030729
1072,0.16697752475738525,0.9433404497036659
1073,0.1735316514968872,0.9512069982693607
1074,0.13953247666358948,0.9507649554345841
1075,0.14746439456939697,0.9469580938642784
1076,0.13134907186031342,0.9421933466629276
1077,0.13413257896900177,0.9476042324140257
1078,0.14458945393562317,0.9444349354371092
1079,0.13165220618247986,0.933403614021483
1080,0.13874320685863495,0.938638971114816
1081,0.14641952514648438,0.9468111116485787
1082,0.14772532880306244,0.9472934230228415
1083,0.13035914301872253,0.9450659820609224
1084,0.14297330379486084,0.9425481103715443
1085,0.12986043095588684,0.9430914413660092
1086,0.13212469220161438,0.9420088181519568
1087,0.14091843366622925,0.9446167388655488
1088,0.14071865379810333,0.9478927326381654
1089,0.1413937509059906,0.9553084981471375
1090,0.17067848145961761,0.9542867285864693
1091,0.13423185050487518,0.9435123284359026
1092,0.13347679376602173,0.9436062030624925
1093,0.12743642926216125,0.950144194271929
1094,0.1395202875137329,0.9495583000338466
1095,0.1333112120628357,0.9495709396543957
1096,0.13011927902698517,0.9497042934697374
1097,0.12959963083267212,0.9468893060708106
1098,0.16921202838420868,0.9455011748431021
1099,0.12997452914714813,0.9395264588800588
1100,0.14076541364192963,0.9419326060696652
1101,0.12308695167303085,0.9419772329187035
1102,0.12871462106704712,0.9408984279871585
1103,0.13491493463516235,0.9478979856149296
1104,0.12544821202754974,0.9534073342057995
1105,0.12409910559654236,0.9473526961821362
1106,0.13176533579826355,0.9441369892959308
1107,0.1304711252450943,0.943407824911868
1108,0.12485229223966599,0.9545572383660721
1109,0.1409311592578888,0.9593843073773205
1110,0.12827825546264648,0.9547769878442425
1111,0.13786697387695312,0.95642967645387
1112,0.13546022772789001,0.9566785985963386
1113,0.13656237721443176,0.95484852746017
1114,0.1426473706960678,0.9482596280580774
1115,0.12652668356895447,0.9550889334583044
1116,0.12627099454402924,0.9602419786285936
1117,0.12460014224052429,0.9653966849609127
1118,0.12945447862148285,0.9570390320660775
1119,0.12968787550926208,0.9444249001959512
1120,0.14201617240905762,0.9391900566885047
1121,0.14310219883918762,0.941720287752032
1122,0.130291149020195,0.9513390836560338
1123,0.1369805932044983,0.9541905698620885
1124,0.13507051765918732,0.9433554830706508
1125,0.13898327946662903,0.9383541917741149
1126,0.13929817080497742,0.9361422692325181
1127,0.14263561367988586,0.9312650092263568
1128,0.13114650547504425,0.9327856249976576
1129,0.1343574821949005,0.9378603587772015
1130,0.14531847834587097,0.94349728954167
1131,0.146992027759552,0.9508758114095319
1132,0.14344435930252075,0.9484489433149945
1133,0.1491568237543106,0.9444207667109362
1134,0.1697651445865631,0.9357958645151373
1135,0.15264880657196045,0.92843867154946
1136,0.13236042857170105,0.9282013881475406
1137,0.16804668307304382,0.9320262973768669
1138,0.19606244564056396,0.9356398574989242
1139,0.18097619712352753,0.9398741242580844
1140,0.14817610383033752,0.940050546985521
1141,0.19454988837242126,0.9336878569203809
1142,0.17797216773033142,0.9248070954380179
1143,0.1698516309261322,0.9151890488495504
1144,0.1628917157649994,0.9052353708965138
1145,0.13591496646404266,0.912721316019694
1146,0.16237764060497284,0.9159726031442035
1147,0.17861197888851166,0.9190323266170377
1148,0.15530997514724731,0.9223517754621673
1149,0.1440935581922531,0.9237635432926933
1150,0.1322973072528839,0.9202707273918286
1151,0.16194097697734833,0.918834640567464
1152,0.18843281269073486,0.9212649521373567
1153,0.14292281866073608,0.9183187589310763
1154,0.13424167037010193,0.9184998022882562
1155,0.14101403951644897,0.9130327341550574
1156,0.15077394247055054,0.9195042587163156
1157,0.13381604850292206,0.9220059037507328
1158,0.1364683359861374,0.9229443672306854
1159,0.14477261900901794,0.9340852669307164
1160,0.13210603594779968,0.924256630111159
1161,0.1313730627298355,0.9228994168135756
1162,0.14498788118362427,0.9190139259610858
1163,0.13611014187335968,0.922771097872789
1164,0.12763053178787231,0.9320692309460843
1165,0.12456732988357544,0.9348275719728685
1166,0.12903544306755066,0.9381702679739261
1167,0.12338957190513611,0.9348338860318177
1168,0.13051536679267883,0.9342218510489118
1169,0.12841978669166565,0.9345348647662571
1170,0.13027521967887878,0.9390812502767807
1171,0.11861495673656464,0.9326293934556774
1172,0.13116255402565002,0.9360137296499764
1173,0.13201561570167542,0.9338992662298351
1174,0.12808609008789062,0.9449822572538429
1175,0.14130820333957672,0.9466185777408437
1176,0.12172450870275497,0.9416643569343969
1177,0.1259894073009491,0.9434432553169423
1178,0.13487687706947327,0.9436316995094892
1179,0.14581508934497833,0.9398123218600911
1180,0.12476029247045517,0.9382954846348679
1181,0.12621283531188965,0.9406270344454543
1182,0.1266692876815796,0.9345385895337078
1183,0.1387663334608078,0.9352054286720162
1184,0.16774772107601166,0.9377293807820868
1185,0.1332598626613617,0.9380224751948115
1186,0.1299886554479599,0.9448983007505125
1187,0.14656731486320496,0.9432897343671411
1188,0.17245632410049438,0.9365846451960111
1189,0.12768837809562683,0.9314666061771842
1190,0.13363826274871826,0.9402433907179008
1191,0.12561601400375366,0.9427861093279711
1192,0.12955425679683685,0.9406814658850954
1193,0.13378527760505676,0.9338026372412392
1194,0.12600521743297577,0.9344868757073443
1195,0.1229855865240097,0.940629259834911
1196,0.12203582376241684,0.9503950615574542
1197,0.12512025237083435,0.9477081915788483
1198,0.1724904626607895,0.949227027426985
1199,0.12479870021343231,0.9460433513897105
1200,0.1314285397529602,0.9424496106336588
1201,0.12696687877178192,0.9478939229384401
1202,0.12722808122634888,0.9441644228191901
1203,0.12703345715999603,0.9529830617713451
1204,0.11793564260005951,0.9545641507122451
1205,0.11923746764659882,0.9543773995007488
1206,0.125767320394516,0.9530042859545925
1207,0.12391095608472824,0.9587188337679794
1208,0.11975252628326416,0.9573453121017992
1209,0.11747702211141586,0.953946628516778
1210,0.1188134104013443,0.956976208322329
1211,0.12435420602560043,0.9520363553723595
1212,0.1225225031375885,0.9525535994006279
1213,0.13115911185741425,0.9542056393802614
1214,0.12991690635681152,0.9531323718546626
1215,0.13762836158275604,0.9575945252463931
1216,0.125522643327713,0.9649210551328826
1217,0.1291249394416809,0.9714312206832388
1218,0.11929884552955627,0.9637300886008375
1219,0.13259467482566833,0.9650424343900275
1220,0.12328876554965973,0.9657743949639169
1221,0.1339443176984787,0.95990790968252
1222,0.1676580160856247,0.9558865565405155
1223,0.11779018491506577,0.9543989533768561
1224,0.12505941092967987,0.9612061614380744
1225,0.1321035623550415,0.9627756569021029
1226,0.12254449725151062,0.9549209036325154
1227,0.12634657323360443,0.9560235486293497
1228,0.12646952271461487,0.9595032265610564
1229,0.1279807984828949,0.9615436816275269
1230,0.1322551667690277,0.952512656536915
1231,0.11209564656019211,0.9550717874875941
1232,0.12340199947357178,0.9554688734817027
1233,0.12004296481609344,0.9627619584401449
1234,0.11799850314855576,0.9576872702230487
1235,0.12397130578756332,0.9670101998742661
1236,0.11943408101797104,0.9669626535927144
1237,0.12011613696813583,0.963130978265203
1238,0.12500250339508057,0.9705051479483009
1239,0.12442811578512192,0.9635580285151202
1240,0.1304682195186615,0.9596354510252338
1241,0.16837665438652039,0.9583896631585028
1242,0.13258513808250427,0.9597737772721695
1243,0.12773501873016357,0.9636727930011606
1244,0.13447165489196777,0.9640257025422309
1245,0.1269276738166809,0.9690605012097753
1246,0.12710320949554443,0.9660274988427796
1247,0.1246870756149292,0.9631378166657641
1248,0.1280668079853058,0.948009991854952
1249,0.12681111693382263,0.9447214333037087
1250,0.1319561004638672,0.9472229607720721
1251,0.13037878274917603,0.9540321375791889
1252,0.12976785004138947,0.9580933615976109
1253,0.1353820264339447,0.9621829460736803
1254,0.13307009637355804,0.9560146146549617
1255,0.13549920916557312,0.9491734228337319
1256,0.12202262878417969,0.9504079074787914
1257,0.13696637749671936,0.9546653582039931
1258,0.14443811774253845,0.9558336047600385
1259,0.13790157437324524,0.962512361077139
1260,0.12920358777046204,0.9634780181679212
1261,0.12836697697639465,0.9666956782639774
1262,0.13280576467514038,0.9634695435526377
1263,0.12570378184318542,0.9642296535030642
1264,0.1293497085571289,0.9659280046484524
1265,0.13344590365886688,0.9692722802472892
1266,0.1408999264240265,0.9672334207628006
1267,0.1287558674812317,0.9653340601980835
1268,0.1245831772685051,0.9636249129933522
1269,0.14300495386123657,0.9649742321860522
1270,0.17120341956615448,0.9682080097365797
1271,0.12867917120456696,0.9736548810076893
1272,0.12402483075857162,0.9693298224817243
1273,0.12002401798963547,0.9726266621945795
1274,0.12115155905485153,0.9734986201862345
1275,0.12276814877986908,0.9699951786743967
1276,0.12807413935661316,0.9682409040312421
1277,0.12319322675466537,0.9689021424243325
1278,0.12523464858531952,0.9690491988844142
1279,0.13288089632987976,0.9691027488027301
1280,0.13372360169887543,0.9756655207552707
1281,0.11860476434230804,0.9723802264172929
1282,0.13906294107437134,0.9679329220513652
1283,0.18966154754161835,0.9715578381280253
1284,0.1329445242881775,0.9688964251587564
1285,0.12550893425941467,0.9703159377090913
1286,0.1319763958454132,0.9644677298409599
1287,0.12281075119972229,0.9597208352017224
1288,0.12684154510498047,0.9567483800993228
1289,0.12036576122045517,0.9623923200114927
1290,0.120017409324646,0.9669573314506608
1291,0.12064912170171738,0.9547840680992394
1292,0.12401026487350464,0.9609488556558327
1293,0.11802774667739868,0.9603314892689985
1294,0.11548735946416855,0.9580631288968232
1295,0.12434467673301697,0.961855725835738
1296,0.11790184676647186,0.9634760577875868
1297,0.12076263874769211,0.9704322299562899
1298,0.15760257840156555,0.966533100694642
1299,0.12004359066486359,0.9665317296384272
1300,0.1301080882549286,0.9555042625071112
1301,0.12493151426315308,0.9589670281063644
1302,0.12347273528575897,0.9694389472330424
1303,0.11688008159399033,0.9780575925843757
1304,0.12054987996816635,0.9769943836040067
1305,0.11629711091518402,0.980956657040388
1306,0.12687253952026367,0.9771423035098198
1307,0.12565207481384277,0.9707489705324771
1308,0.11873352527618408,0.9683354461103454
1309,0.1249934583902359,0.9720330348887241
1310,0.12798939645290375,0.9791203858260822
1311,0.11659982055425644,0.9766197799142441
1312,0.11743514239788055,0.9745237631606578
1313,0.11267762631177902,0.968936684585753
1314,0.12031680345535278,0.9677496075928959
1315,0.1252344697713852,0.9659284108264703
1316,0.11752158403396606,0.976313481056003
1317,0.12826676666736603,0.9787783007275191
1318,0.12110058963298798,0.9839195910850563
1319,0.12634003162384033,0.9762053909457118
1320,0.12733222544193268,0.9666191145292201
1321,0.11792241781949997,0.9643395145734152
1322,0.1227359026670456,0.9669723307578486
1323,0.1255442351102829,0.9716625064237973
1324,0.12143051624298096,0.9744094837279547
1325,0.1200101375579834,0.9677772944732418
1326,0.13205581903457642,0.9666879695459715
1327,0.12395297735929489,0.9698091334567631
1328,0.11715894937515259,0.9722198531741187
1329,0.12199559062719345,0.9696988327461377
1330,0.12096737325191498,0.9643351743394569
1331,0.12232312560081482,0.966754054365899
1332,0.12380397319793701,0.9646734665509752
1333,0.11693518608808517,0.9682583202395523
1334,0.12188462913036346,0.9720735484197325
1335,0.11261235177516937,0.9722184071265964
1336,0.12053024023771286,0.9779560465860486
1337,0.12599414587020874,0.9759379235425389
1338,0.1570693403482437,0.977451185236001
1339,0.12649279832839966,0.976812934516964
1340,0.11381243169307709,0.978383027222521
1341,0.12123795598745346,0.9785495770903757
1342,0.11988835036754608,0.976088519681964
1343,0.11802967637777328,0.9794738465980778
1344,0.11935582011938095,0.9856412906694532
1345,0.12203427404165268,0.9811922069779015
1346,0.11333789676427841,0.9918147304601836
1347,0.12174399197101593,0.9847621993910998
1348,0.12356086820363998,0.9807447147249877
1349,0.12110459804534912,0.9841366302698178
1350,0.12149582803249359,0.9871721814449569
1351,0.1284809708595276,0.9864693642558908
1352,0.12284614890813828,0.9823161102177804
1353,0.12400954216718674,0.9865815956192208
1354,0.12325116246938705,0.9824436384633669
1355,0.11597947776317596,0.9821240994565767
1356,0.11859820783138275,0.9810065122176531
1357,0.11610715091228485,0.9859670394644103
1358,0.12072332948446274,0.9861069462054355
1359,0.12461225688457489,0.9882133289387351
1360,0.12363813817501068,0.9878866969792167
1361,0.11669851839542389,0.9870548094424388
1362,0.12483827769756317,0.9888875494923508
1363,0.12202795594930649,0.9784410401693263
1364,0.11924201250076294,0.9774844715170992
1365,0.12217506766319275,0.9781917119982249
1366,0.11121231317520142,0.9850466424659977
1367,0.13353842496871948,0.990551735673632
1368,0.12944461405277252,0.9879132004310015
1369,0.12086640298366547,0.9876951000146699
1370,0.12214809656143188,0.9853509282109731
1371,0.11523513495922089,0.9858121414829913
1372,0.12466515600681305,0.9840650365764934
1373,0.12250538915395737,0.9787932613439727
1374,0.12471272796392441,0.9825132260645243
1375,0.13491755723953247,0.989880757373676
1376,0.11864225566387177,0.9965330254762692
1377,0.12643484771251678,0.990270091178722
1378,0.1162211149930954,0.9881301505822586
1379,0.1259923130273819,0.9856389638475308
1380,0.11124470084905624,0.987278555867666
1381,0.11554434150457382,0.9864656134954372
1382,0.11696317046880722,0.9885814394568441
1383,0.11764712631702423,0.9921179047802038
1384,0.12284105271100998,0.997331864851758
1385,0.11641179770231247,0.9940025090872494
1386,0.11947256326675415,0.9927108368479219
1387,0.12368228286504745,0.9939890332090526
1388,0.12380348145961761,0.9930863072698876
1389,0.11525070667266846,0.9816607407161168
1390,0.12571781873703003,0.9836032330840453
1391,0.1114225834608078,0.9928897903079078
1392,0.11100302636623383,0.9951142434189493
1393,0.12206286191940308,0.9988692135440377
1394,0.11920344829559326,1.0056139646018656
1395,0.12008151412010193,1.006260895788819
1396,0.11846469342708588,1.0018186300320733
1397,0.12107645720243454,0.9989506218367651
1398,0.11557572335004807,1.0014055133762216
1399,0.11737555265426636,1.0042440018857033
1400,0.11391699314117432,1.0074125597052705
1401,0.11164671182632446,1.0071101442614294
1402,0.11981624364852905,0.9945437564586935
1403,0.12481057643890381,0.9949005731663907
1404,0.11143083870410919,1.0009313911423647
1405,0.11538825929164886,0.9975743822585371
1406,0.12462558597326279,0.9995939340209005
1407,0.1201876848936081,0.99891805245464
1408,0.11642824113368988,0.9971872490450254
1409,0.12218426167964935,0.9967125588491148
1410,0.12307289242744446,1.001792351703596
1411,0.16098275780677795,1.0068261196141255
1412,0.15186387300491333,1.0069779823895983
1413,0.11018578708171844,1.0092117508551233
1414,0.1214149221777916,1.0115864432246464
1415,0.11603383719921112,1.0020685915958911
1416,0.1145818755030632,0.9940975995589617
1417,0.11618366837501526,0.993598220939923
1418,0.11071618646383286,0.9927361940680292
1419,0.12635326385498047,1.0021766388326658
1420,0.11758234351873398,1.006139894177143
1421,0.11808067560195923,1.0049161701871638
1422,0.11130495369434357,0.9969380554698762
1423,0.11660819500684738,0.9842208092075243
1424,0.12493611872196198,0.9825619802737894
1425,0.12000861018896103,0.9945044504072433
1426,0.12077188491821289,1.0029908875773723
1427,0.12075450271368027,1.0033767698402691
1428,0.12718497216701508,1.0026444868933886
1429,0.11500787734985352,0.9989021430935776
1430,0.12211626768112183,0.9983136582195311
1431,0.16431060433387756,0.9975300928703824
1432,0.11902345716953278,0.9969540717906522
1433,0.11542489379644394,1.0010035743091936
1434,0.11836423724889755,1.000215126458266
1435,0.11968547105789185,1.0062364686401863
1436,0.11584378778934479,1.0068923781688948
1437,0.11591042578220367,1.0051639674600203
1438,0.1269151121377945,1.0056621917805875
1439,0.12234747409820557,1.0027212083787846
1440,0.10974220931529999,0.9994583769250932
1441,0.12165319919586182,0.9964536890051419
1442,0.11453334987163544,0.9938847915570539
1443,0.15162533521652222,0.9993342486838052
1444,0.10721372067928314,0.9998600133379599
1445,0.12266618013381958,1.001188948638457
1446,0.15343385934829712,1.0026839920751434
1447,0.11646058410406113,1.0036528896269643
1448,0.12231894582509995,1.0010033036234385
1449,0.12666338682174683,1.0010378169535394
1450,0.11987542361021042,1.0046324269813405
1451,0.11461891978979111,1.0089960071377289
1452,0.11818226426839828,1.009805747142113
1453,0.11861133575439453,1.0090042044943137
1454,0.1202840805053711,1.010437376218332
1455,0.11896973848342896,1.0017900009800618
1456,0.11851447075605392,1.0037192800887544
1457,0.11256051063537598,1.0061644596563544
1458,0.11124557256698608,1.0033845883563048
1459,0.11593987792730331,1.0027361893116082
1460,0.1157146543264389,0.9995957400864527
1461,0.110895536839962,1.0043649990158272
1462,0.1257687509059906,1.0119455685292869
1463,0.12210901826620102,1.0156383887866984
1464,0.12324413657188416,1.0137793429214554
1465,0.12565475702285767,1.014664007607558
1466,0.11238817870616913,1.009912293955198
1467,0.12356708943843842,1.0097264320330512
1468,0.12604306638240814,1.0123393281659387
1469,0.11513345688581467,1.005976000077145
1470,0.1079939752817154,1.0040644643300756
1471,0.11201153695583344,1.0125915875709743
1472,0.15490715205669403,1.013658364912621
1473,0.1568545401096344,1.0108661684476044
1474,0.1204553171992302,1.0096688903961564
1475,0.11699026077985764,1.0138103824510312
1476,0.1120958924293518,1.018226454730022
1477,0.11750738322734833,1.0159353552605574
1478,0.11678454279899597,1.0157713955805117
1479,0.11625757068395615,1.0134728827273338
1480,0.11485609412193298,1.0164700764462464
1481,0.11460980027914047,1.014174625389558
1482,0.12624594569206238,1.0101256657363777
1483,0.11395494639873505,1.0077541427205978
1484,0.1554012894630432,1.0117377428183878
1485,0.14990639686584473,1.0076970101000373
1486,0.11230731010437012,1.007674220809363
1487,0.11181889474391937,1.0097013057622695
1488,0.11662186682224274,1.0067797032812782
1489,0.12297698855400085,1.009217094956783
1490,0.11437259614467621,1.007871259125253
1491,0.11682918667793274,1.0044432349671097
1492,0.11896573007106781,1.0078726540830798
1493,0.11883120238780975,1.0079102438494079
1494,0.10967744886875153,1.0056384884026415
1495,0.14951860904693604,0.9995594029139755
1496,0.11582040786743164,1.0066281721406711
1497,0.11312314122915268,1.0034707509784173
1498,0.10597221553325653,1.015798134612559
1499,0.11801620572805405,1.016579652489875
1500,0.12035703659057617,1.0206133915965718
1501,0.11449011415243149,1.0180612871222627
1502,0.10977592319250107,1.0166240733368952
1503,0.1201656311750412,1.010329931302178
1504,0.11270245909690857,1.0148230223428636
1505,0.12059915065765381,1.0125410789833929
1506,0.12167935073375702,1.0229127529569735
1507,0.11284270137548447,1.0222111808925045
1508,0.11112228035926819,1.0200534655635518
1509,0.11750482022762299,1.0197050305536217
1510,0.11216118186712265,1.0128010105070913
1511,0.14689163863658905,1.0120177496047247
1512,0.10877322405576706,1.0161247346036715
1513,0.11281917989253998,1.0202557177173166
1514,0.11343187093734741,1.013333811497031
1515,0.12110567092895508,1.0155777958102692
1516,0.11019986122846603,1.0131683576674688
1517,0.1616189032793045,1.0156253830233313
1518,0.11284887790679932,1.0145352908543177
1519,0.1134587973356247,1.0139495914143728
1520,0.1277037262916565,1.0171243744087697
1521,0.1144428700208664,1.0242404086249215
1522,0.1158420667052269,1.0261941685114886
1523,0.12208201736211777,1.0293029549725372
1524,0.1067337691783905,1.0279594713583924
1525,0.11934473365545273,1.0240564663009835
1526,0.1130978912115097,1.0212612797443132
1527,0.12080048024654388,1.0244653475911993
1528,0.11700130999088287,1.0231528530144751
1529,0.11071276664733887,1.0147226319874738
1530,0.11559774726629257,1.014979934931399
1531,0.1219530701637268,1.018710926959389
1532,0.12019558995962143,1.0205292848118566
1533,0.12061290442943573,1.0191276240767093
1534,0.10741337388753891,1.018159102078966
1535,0.1060737818479538,1.0170349157543708
1536,0.11195825785398483,1.0163960597270114
1537,0.11361481249332428,1.0115264453983546
1538,0.12218371033668518,1.011790665170005
1539,0.10965138673782349,1.0116054689077507
1540,0.11479473114013672,1.0207323385659315
1541,0.1220458447933197,1.020180258535801
1542,0.1250341385602951,1.014823952414338
1543,0.1109338328242302,1.015070100475971
1544,0.11457638442516327,1.0202764457927311
1545,0.11685793101787567,1.023457319814161
1546,0.11664392799139023,1.0252939871976847
1547,0.11211957037448883,1.0217599378791369
1548,0.12092673778533936,1.0208250089994348
1549,0.11828617751598358,1.018645161375366
1550,0.11632423102855682,1.0202498549506778
1551,0.12331580370664597,1.0239713120281249
1552,0.11710163205862045,1.019061215539325
1553,0.11366679519414902,1.0120256741841633
1554,0.10610290616750717,1.0079101670654793
1555,0.11014585942029953,1.017201108442512
1556,0.1071072518825531,1.017741060197204
1557,0.12467332929372787,1.0155125357453387
1558,0.11061661690473557,1.0109593013772988
1559,0.1140977144241333,1.0127368854699577
1560,0.11811059713363647,1.0198737929638166
1561,0.11609058082103729,1.0219173338777738
1562,0.10806408524513245,1.0189657964204486
1563,0.11545111984014511,1.0167223606492044
1564,0.10290656983852386,1.0203969039415057
1565,0.11419452726840973,1.0242594525330049
1566,0.11306711286306381,1.0174134330343185
1567,0.11455856263637543,1.0217268944981701
1568,0.10676213353872299,1.021030735252495
1569,0.11123716831207275,1.0229607109437908
1570,0.11019214987754822,1.0313337369072706
1571,0.1157832071185112,1.0427420169189758
1572,0.1156483143568039,1.0411156983602614
1573,0.11403737962245941,1.0335040997741813
1574,0.1192903071641922,1.0260908971155496
1575,0.15706640481948853,1.0160560640774872
1576,0.11437605321407318,1.0220624441491033
1577,0.11670585721731186,1.0208429002522825
1578,0.11515738815069199,1.0241129954058426
1579,0.11512824892997742,1.022635229249347
1580,0.1091984361410141,1.0263482971597733
1581,0.11020650714635849,1.0285418451878063
1582,0.11379796266555786,1.0276608526856081
1583,0.1122446060180664,1.0269613391474675
1584,0.11307229101657867,1.026914924308471
1585,0.1088237389922142,1.0214532234316183
1586,0.11223839968442917,1.0277073260835539
1587,0.11556226015090942,1.034659104837212
1588,0.11137088388204575,1.0345736449224907
1589,0.1176144927740097,1.033680448556006
1590,0.10925980657339096,1.0396615738856763
1591,0.1145009994506836,1.036667862034083
1592,0.10618369281291962,1.028556231568033
1593,0.11424334347248077,1.026544033435353
1594,0.11805610358715057,1.0238306133968191
1595,0.1028173565864563,1.028089515846176
1596,0.15557686984539032,1.027739437899195
1597,0.11248835921287537,1.0284829773102189
1598,0.11575198173522949,1.029602160728665
1599,0.12042742967605591,1.0285239721599377
1600,0.11376780271530151,1.0316941307899647
1601,0.11562268435955048,1.0363488182388152
1602,0.11033563315868378,1.0319402854245407
1603,0.11968395113945007,1.0304840767293943
1604,0.11700132489204407,1.030781987316925
1605,0.11070486903190613,1.0281407773345335
1606,0.14707477390766144,1.0308312422649604
1607,0.11385147273540497,1.028090580961758
1608,0.11070273816585541,1.0322186017693733
1609,0.11720402538776398,1.034587183691804
1610,0.10392151772975922,1.0357044421341783
1611,0.10757464170455933,1.0355113078478284
1612,0.10616078227758408,1.0299672692043143
1613,0.1051848754286766,1.0304834983103854
1614,0.11869587749242783,1.032439925616845
1615,0.11540573835372925,1.0377702133398605
1616,0.116020068526268,1.0339146317694718
1617,0.11382182687520981,1.0343422190587324
1618,0.10930284857749939,1.0331347840172904
1619,0.11749079823493958,1.0282648458217918
1620,0.11094214022159576,1.034188469549767
1621,0.11299347877502441,1.030053116623919
1622,0.11285747587680817,1.0340544809972434
1623,0.11040451377630234,1.0287751102806033
1624,0.116566501557827,1.035357297512523
1625,0.11952075362205505,1.0446448911700332
1626,0.11782024800777435,1.039262963416881
1627,0.11101780831813812,1.0397558824759079
1628,0.11144611239433289,1.0410735305389367
1629,0.09824267029762268,1.043415259597893
1630,0.10875046253204346,1.0404559783170695
1631,0.11239403486251831,1.0421033736159628
1632,0.10792896151542664,1.0453930854199822
1633,0.11106660962104797,1.039609220093653
1634,0.11732035130262375,1.0449012458175047
1635,0.1180022582411766,1.044103831874398
1636,0.10707347095012665,1.0454483050152772
1637,0.11264060437679291,1.0457126622211963
1638,0.11444969475269318,1.0424778312071223
1639,0.11571481078863144,1.0405919453255217
1640,0.11342202126979828,1.04016609747607
1641,0.1119675263762474,1.0431547254548037
1642,0.147952139377594,1.0359110894956087
1643,0.1074899435043335,1.0396002554953248
1644,0.11142488569021225,1.0363341115769886
1645,0.1174524575471878,1.038126446250686
1646,0.10802352428436279,1.0382066540849537
1647,0.14609280228614807,1.036242297418733
1648,0.15184299647808075,1.035611131137475
1649,0.11491483449935913,1.042238822556976
1650,0.10687589645385742,1.039628097287993
1651,0.10740114748477936,1.0402956675168566
1652,0.10270744562149048,1.0333191428268165
1653,0.1075713038444519,1.0355873152725679
1654,0.11312630772590637,1.0389062088533751
1655,0.10918094217777252,1.0407519597457464
1656,0.11445187032222748,1.0391689912418376
1657,0.1502007246017456,1.0434963159393846
1658,0.11499499529600143,1.045400249330621
1659,0.10583695769309998,1.0501233085355066
1660,0.1149650439620018,1.0556806732239878
1661,0.1080542802810669,1.0440371362189003
1662,0.11598938703536987,1.0433963354966396
1663,0.11865206807851791,1.0441436671971678
1664,0.113668292760849,1.0417146856025945
1665,0.10863733291625977,1.0409140655570162
1666,0.11326152086257935,1.040915177878282
1667,0.10668545961380005,1.041412487663422
1668,0.10750889778137207,1.0426382800391443
1669,0.11527703702449799,1.0439972100700052
1670,0.09998717159032822,1.0513036188326383
1671,0.11278563737869263,1.046718642526402
1672,0.1097048744559288,1.04251660141431
1673,0.11350350081920624,1.038489291841225
1674,0.11368747800588608,1.041817381268456
1675,0.11084175109863281,1.0414152190201265
1676,0.10716461390256882,1.0405682913940353
1677,0.11000432074069977,1.0391176774687039
1678,0.14766253530979156,1.0380675849460421
1679,0.10961749404668808,1.0372039330633063
1680,0.10186375677585602,1.0409200911533862
1681,0.11149261891841888,1.0436163665656757
1682,0.10067859292030334,1.0437143087984626
1683,0.11134135723114014,1.0452281263537873
1684,0.11241568624973297,1.050537805808218
1685,0.11113138496875763,1.0487144779143178
1686,0.10623244941234589,1.049830675125122
1687,0.1115095317363739,1.0585548835888243
1688,0.10693740099668503,1.0510670971452145
1689,0.10702725499868393,1.0530578680803304
1690,0.10944610089063644,1.050245023012759
1691,0.10758107900619507,1.0467456940720254
1692,0.1140206903219223,1.0443128738785745
1693,0.11002364009618759,1.045404262710036
1694,0.10595610737800598,1.0558549637782544
1695,0.10894674062728882,1.0531400812598397
1696,0.14855678379535675,1.044124930723568
1697,0.10747776925563812,1.045611822515502
1698,0.10752354562282562,1.0469638664919632
1699,0.10297035425901413,1.0483447597140358
1700,0.11378924548625946,1.0507203331567292
1701,0.11343934386968613,1.0485057439421652
1702,0.10961344093084335,1.0529711452641881
1703,0.11744432151317596,1.0487805336041558
1704,0.10612200945615768,1.0514598675539022
1705,0.11548636853694916,1.0528667678211565
1706,0.11312782764434814,1.0510582649020623
1707,0.10791356861591339,1.0512503651449256
1708,0.1150345504283905,1.0541306823716128
1709,0.10853046178817749,1.0595162309202037
1710,0.10226734727621078,1.0583695917201221
1711,0.1149037703871727,1.0542980725305122
1712,0.10396751761436462,1.0585125251521443
1713,0.10549359023571014,1.0545690591472732
1714,0.11718252301216125,1.0519086950106131
1715,0.11161648482084274,1.0579672316859539
1716,0.11320068687200546,1.0559771404529275
1717,0.12591160833835602,1.052724764161839
1718,0.10102009028196335,1.0497357480806815
1719,0.12243591248989105,1.0518079144614083
1720,0.11072631180286407,1.048731461503452
1721,0.11159293353557587,1.0485397275527917
1722,0.10386987775564194,1.048744627706389
1723,0.10975301265716553,1.0487189791853864
1724,0.1112663596868515,1.0496021329908443
1725,0.10639079660177231,1.0484586777842433
1726,0.108047716319561,1.0519081153965235
1727,0.15194284915924072,1.0540501417073989
1728,0.10668188333511353,1.0590111175575352
1729,0.11694101989269257,1.0519372953806903
1730,0.10916739702224731,1.052389000890249
1731,0.11290538311004639,1.0523282005673362
1732,0.12393449246883392,1.0553529399976993
1733,0.15690168738365173,1.0540099651891188
1734,0.14896802604198456,1.060808377158373
1735,0.10975788533687592,1.0569420279118054
1736,0.11237948387861252,1.0517192603950214
1737,0.11280827969312668,1.0545185162011244
1738,0.11015045642852783,1.0568593731500153
1739,0.14503264427185059,1.0609125547241747
1740,0.10937377065420151,1.0681032220223792
1741,0.10736289620399475,1.0635912173373956
1742,0.10488283634185791,1.0582885249216754
1743,0.10581450164318085,1.061101890446847
1744,0.10583236813545227,1.0547420736542321
1745,0.10773884505033493,1.059977053699637
1746,0.10720809549093246,1.0583125804002422
1747,0.0949409008026123,1.0540396112547183
1748,0.10944485664367676,1.055850222594756
1749,0.11399056762456894,1.0503455113647575
1750,0.14489810168743134,1.0544179092373764
1751,0.10047408193349838,1.0555797671913205
1752,0.09754472970962524,1.0602724262347496
1753,0.11027328670024872,1.056774724097479
1754,0.10209089517593384,1.0603488295299368
1755,0.11216162890195847,1.060651005061348
1756,0.10755547136068344,1.0556227019556184
1757,0.10527358949184418,1.0645111605039514
1758,0.09909221529960632,1.061187562189604
1759,0.10099291056394577,1.0643263807272851
1760,0.1047314926981926,1.0596599112775988
1761,0.10988634824752808,1.0634341162248961
1762,0.10377519577741623,1.069629430770874
1763,0.11011060327291489,1.0645066383189725
1764,0.10384540259838104,1.0641397339359562
1765,0.10561268031597137,1.0631704252764098
1766,0.14318566024303436,1.0600074069541798
1767,0.10458653420209885,1.064907947877296
1768,0.11210513114929199,1.062924281397559
1769,0.1448330581188202,1.062309361639477
1770,0.1086130440235138,1.057188392283026
1771,0.10479014366865158,1.0670992879939258
1772,0.10368633270263672,1.0698185591470628
1773,0.11042144894599915,1.0751250020244665
1774,0.10736971348524094,1.0705497910205584
1775,0.11220433562994003,1.0648414186367714
1776,0.1080799326300621,1.0697349551925086
1777,0.10476922988891602,1.0662819678920852
1778,0.1149255782365799,1.0699360747086375
1779,0.10498469322919846,1.0655654845082372
1780,0.11195814609527588,1.0712672044758809
1781,0.10312845557928085,1.072275489792788
1782,0.10769938677549362,1.07238807594567
1783,0.1469554752111435,1.067745668547494
1784,0.1047934740781784,1.067510595895294
1785,0.11212673038244247,1.0688487288348358
1786,0.10544911026954651,1.068393990210722
1787,0.11256635189056396,1.0721833879188787
1788,0.10629384964704514,1.0737241183904778
1789,0.1049838662147522,1.0816021129899753
1790,0.10804256051778793,1.076840525282953
1791,0.10451656579971313,1.0725659639913039
1792,0.10705297440290451,1.0770810630387233
1793,0.10948538780212402,1.0718750194798137
1794,0.10519044101238251,1.073249291955379
1795,0.09860178083181381,1.0689054700665008
1796,0.10881952941417694,1.0650953526484936
1797,0.10816013813018799,1.0685421787108993
1798,0.10810338705778122,1.065419590562806
1799,0.10390814393758774,1.0687340934174998
1800,0.14763273298740387,1.0654881908780052
1801,0.09773465991020203,1.0680429786070247
1802,0.10318392515182495,1.0676170796678777
1803,0.10410052537918091,1.0725775762906946
1804,0.10752688348293304,1.07225519553163
1805,0.10337256640195847,1.0671442612669522
1806,0.10503076016902924,1.0722382316613257
1807,0.10762149095535278,1.0730541221480023
1808,0.10816006362438202,1.0690954496388447
1809,0.10256829112768173,1.0647461121542412
1810,0.10602319240570068,1.0642754117349036
1811,0.10882745683193207,1.0671044614978302
1812,0.11608809232711792,1.0684886982566433
1813,0.11272313445806503,1.0707115392039592
1814,0.0994390994310379,1.0701804250702822
1815,0.10290071368217468,1.0718136461157548
1816,0.1117527037858963,1.0781828819360948
1817,0.10493578761816025,1.0786908605044945
1818,0.14441198110580444,1.0817108160272277
1819,0.10667528957128525,1.080186348511163
1820,0.09971289336681366,1.078737537663682
1821,0.10898380726575851,1.0810089678991408
1822,0.10311377048492432,1.083538596193892
1823,0.10100191086530685,1.0797374137959683
1824,0.10998883098363876,1.081732570079335
1825,0.0985284149646759,1.0779577726708318
1826,0.10889679193496704,1.0717734349401373
1827,0.10515372455120087,1.069032647555932
1828,0.09614542126655579,1.0782364932516761
1829,0.10323001444339752,1.0756138112013203
1830,0.11033164709806442,1.075790168049939
1831,0.14214655756950378,1.0724677412133468
1832,0.1042422279715538,1.0770333512385089
1833,0.10284420847892761,1.0724456713611918
1834,0.10639941692352295,1.0709958464878244
1835,0.10531463474035263,1.0739424608106303
1836,0.10360129922628403,1.0768881877860927
1837,0.10791981220245361,1.081017069350508
1838,0.10445325076580048,1.080767790177711
1839,0.10282453149557114,1.0816066085844112
1840,0.1004941314458847,1.0809946935577202
1841,0.10285578668117523,1.0736875253213678
1842,0.09968098998069763,1.0749851674364324
1843,0.09930862486362457,1.0747375900584055
1844,0.10297980159521103,1.073992041418128
1845,0.11148907244205475,1.0751592004508304
1846,0.10592561960220337,1.079420899090014
1847,0.11386027932167053,1.080318996482027
1848,0.10692332684993744,1.0823570561588258
1849,0.11351744830608368,1.0830168039876418
1850,0.14427146315574646,1.083678492627347
1851,0.10939191281795502,1.0840265111516891
1852,0.1028134822845459,1.0839947653294806
1853,0.09706684201955795,1.082512667304591
1854,0.10309432446956635,1.0787688885117532
1855,0.1032775267958641,1.0805154826706813
1856,0.10352088510990143,1.0804479776468492
1857,0.10852088034152985,1.077315930734601
1858,0.10153579711914062,1.074832488719682
1859,0.10892516374588013,1.0777247794588705
1860,0.10980140417814255,1.080830060150988
1861,0.11053206771612167,1.0800163910203708
1862,0.09557600319385529,1.078650064336925
1863,0.1001637727022171,1.0755011566300738
1864,0.10420804470777512,1.0741597560414098
1865,0.10440020263195038,1.0813196634588982
1866,0.14282523095607758,1.081792842475394
1867,0.09803152084350586,1.0792158059309
1868,0.10644330084323883,1.080092526019964
1869,0.10881637781858444,1.0829155098525505
1870,0.10046367347240448,1.0813580954582769
1871,0.10693510621786118,1.0831832840926665
1872,0.09859152883291245,1.0886850757407665
1873,0.10787934064865112,1.0909293005639749
1874,0.10688640922307968,1.0892867265189798
1875,0.1033756285905838,1.0869584740851457
1876,0.11005037277936935,1.0815532114870268
1877,0.09547995030879974,1.0793549724688805
1878,0.1498693823814392,1.0799248137868436
1879,0.1058942899107933,1.080905124358366
1880,0.10536791384220123,1.0822110884171678
1881,0.14333410561084747,1.0807607592197888
1882,0.10815557092428207,1.0863235265688789
1883,0.10350698232650757,1.0856932715365761
1884,0.10520283877849579,1.0903565038116951
1885,0.0994589552283287,1.0880748998551142
1886,0.10455474257469177,1.0824517193892247
1887,0.10044664144515991,1.0804991279927112
1888,0.10060291737318039,1.0832879220632683
1889,0.10544409602880478,1.0809491603894341
1890,0.09924276173114777,1.085405533176317
1891,0.1442016065120697,1.0882241857380497
1892,0.09925137460231781,1.088189869596247
1893,0.10697834193706512,1.084380909016258
1894,0.1090543121099472,1.0839140448056366
1895,0.10175812244415283,1.0807079151459504
1896,0.1354627013206482,1.0794336479110527
1897,0.10120850801467896,1.0835855700318378
1898,0.10212789475917816,1.0809655359813146
1899,0.09967872500419617,1.0824277810285563
1900,0.10574835538864136,1.083812675679238
1901,0.09971486032009125,1.0763424225618368
1902,0.10024609416723251,1.0781034102714748
1903,0.10460814833641052,1.0821649320143507
1904,0.1048293337225914,1.0884233181339158
1905,0.09921187162399292,1.0892433785555655
1906,0.10477644205093384,1.0965643559482163
1907,0.10303524136543274,1.089700476567548
1908,0.0976947546005249,1.0887757674195713
1909,0.10422256588935852,1.0894847525689835
1910,0.1024089902639389,1.0828868383751775
1911,0.10659151524305344,1.0870096677526795
1912,0.10694645345211029,1.0858852397230334
1913,0.09736695140600204,1.0809061939555002
1914,0.10156150162220001,1.0821862274542786
1915,0.1044420450925827,1.0854387889828598
1916,0.10454156994819641,1.0892168567294167
1917,0.09606429189443588,1.0870488239708997
1918,0.10454635322093964,1.088688427941841
1919,0.10826385021209717,1.0839060876602518
1920,0.1038459986448288,1.0778647717975436
1921,0.10585558414459229,1.0814106843824076
1922,0.10480016469955444,1.0812928174671375
1923,0.10756224393844604,1.0827382572910242
1924,0.11406193673610687,1.084603782883264
1925,0.14963507652282715,1.089685665037399
1926,0.10414554923772812,1.0931318857914822
1927,0.10369276255369186,1.0876012278678722
1928,0.10003118216991425,1.0891761044810588
1929,0.1065102219581604,1.0845700615928286
1930,0.10577374696731567,1.0863203135946937
1931,0.09772767871618271,1.0886982332793693
1932,0.10216628760099411,1.0890597227522005
1933,0.0998748168349266,1.0935608360701634
1934,0.09678586572408676,1.09124341465178
1935,0.1029352992773056,1.0826734277538788
1936,0.10687802731990814,1.081627715201605
1937,0.10515715926885605,1.081311311339376
1938,0.1010485291481018,1.089880056548537
1939,0.10859789699316025,1.0841007650944225
1940,0.09655912220478058,1.0826396963052582
1941,0.10598605871200562,1.0924898036440511
1942,0.10769959539175034,1.0912436569543709
1943,0.09589056670665741,1.090713437936061
1944,0.13671784102916718,1.0879442458762263
1945,0.09658734500408173,1.0877684838789747
1946,0.10165582597255707,1.0890946477875674
1947,0.10183042287826538,1.0931635073253088
1948,0.12970539927482605,1.0909205406231988
1949,0.09455989301204681,1.0895699890036332
1950,0.10748142004013062,1.0890854373014063
1951,0.09961563348770142,1.0921583943498463
1952,0.10465621203184128,1.0943927358565175
1953,0.09717264026403427,1.0993770196623074
1954,0.11132478713989258,1.0975634570707355
1955,0.10287219285964966,1.0954856980115848
1956,0.10328783839941025,1.0909894662990904
1957,0.10595174878835678,1.0993036913094962
1958,0.13481083512306213,1.097148004928627
1959,0.09832944720983505,1.1013308473696983
1960,0.10130883753299713,1.1020337522478032
1961,0.10674518346786499,1.1046493328304816
1962,0.10162147134542465,1.104271455814964
1963,0.1303795576095581,1.1060912390998132
1964,0.10464503616094589,1.1013782305227484
1965,0.10406693071126938,1.1008638161465638
1966,0.10281915962696075,1.1004026396232738
1967,0.10136827081441879,1.100773472833753
1968,0.10383284091949463,1.096148150905332
1969,0.10289362072944641,1.0937115198986274
1970,0.09265679121017456,1.0928478698085125
1971,0.10695809125900269,1.0943065054135812
1972,0.10352709144353867,1.0891812268952679
1973,0.09860897064208984,1.0899055933295037
1974,0.10046190023422241,1.0879286246789728
1975,0.10633520781993866,1.0891178849346954
1976,0.15258973836898804,1.089671920714223
1977,0.10657336562871933,1.090779113291499
1978,0.10230661928653717,1.0907325959743415
1979,0.10884414613246918,1.0908658961604412
1980,0.10127639770507812,1.0905046997811263
1981,0.10287332534790039,1.0923425266915994
1982,0.10485111176967621,1.0968257099165952
1983,0.100889652967453,1.0900222185560335
1984,0.10514457523822784,1.0967204711192233
1985,0.10192596912384033,1.0926100666959184
1986,0.10413631051778793,1.0942192035808898
1987,0.10359084606170654,1.0911200348297156
1988,0.097892627120018,1.0987667953758908
1989,0.09980790317058563,1.0918795766687035
1990,0.10221808403730392,1.0921488659722465
1991,0.10077391564846039,1.0918872735852885
1992,0.10185462236404419,1.098017794745309
1993,0.1060452088713646,1.0971897837512177
1994,0.09884992241859436,1.0990390723809265
1995,0.10407999157905579,1.1012852000712152
1996,0.10769455879926682,1.0984143236824744
1997,0.10071297734975815,1.0967294201815039
1998,0.09880058467388153,1.0955653552124673
1999,0.10022448003292084,1.0959670988838177
2000,0.10797689855098724,1.0998590518358655
2001,0.09123867750167847,1.096453557337137
2002,0.10011764615774155,1.1092079405796558
2003,0.1336551010608673,1.0991039604770212
2004,0.10032162070274353,1.1007761886544096
2005,0.10980010032653809,1.0980823362680305
2006,0.10660950839519501,1.0999561279339898
2007,0.13544856011867523,1.0963868604865588
2008,0.10132227838039398,1.0942803642206025
2009,0.10506664216518402,1.0957884728759153
2010,0.10391812026500702,1.0916962758042759
2011,0.09284137934446335,1.0972301141361247
2012,0.10385539382696152,1.089907079113456
2013,0.10328881442546844,1.0972854481603866
2014,0.10272122919559479,1.0964414350371015
2015,0.10553243011236191,1.094650259292813
2016,0.10703109949827194,1.0984373827625935
2017,0.09538664668798447,1.104531585124501
2018,0.10874851793050766,1.103344606576408
2019,0.10937880724668503,1.104514059267546
2020,0.10073446482419968,1.1051405267906667
2021,0.0962882861495018,1.1056507288065172
2022,0.10301993787288666,1.1060498056555153
2023,0.1079542487859726,1.100711797114303
2024,0.14547978341579437,1.1063360223794043
2025,0.09774325788021088,1.109459272004608
2026,0.11266057193279266,1.1096563500569279
2027,0.09991645812988281,1.1158953447987263
2028,0.10020533204078674,1.1096445510261936
2029,0.10032828897237778,1.105937014845081
2030,0.09493982791900635,1.1069923955993843
2031,0.10079281777143478,1.1043814719470222
2032,0.09643140435218811,1.1047624265938474
2033,0.09852457046508789,1.1054761030321432
2034,0.09683766216039658,1.1033484152982707
2035,0.09800194203853607,1.1088015115948249
2036,0.10590915381908417,1.1101617113988203
2037,0.09606586396694183,1.1090437529379862
2038,0.0999489277601242,1.1045003382484417
2039,0.09720437973737717,1.1027744769452508
2040,0.09661462903022766,1.1054531742158091
2041,0.09622620046138763,1.102500626019069
2042,0.10055933892726898,1.106278075311417
2043,0.09969824552536011,1.1030455436324118
2044,0.09919612109661102,1.1077035199430652
2045,0.10177235305309296,1.1123882783086676
2046,0.09647099673748016,1.108818931687147
2047,0.10268984735012054,1.1098712611019164
2048,0.09740398824214935,1.1074053527119763
2049,0.09989327192306519,1.1091419551008028
2050,0.10366639494895935,1.1125368086018956
2051,0.13580863177776337,1.1156395216633503
2052,0.107807457447052,1.1123340231434147
2053,0.10136866569519043,1.1164197912789826
2054,0.10011476278305054,1.1157745920625843
2055,0.10204675048589706,1.1174459352827908
2056,0.10260240733623505,1.119890920799179
2057,0.10427030175924301,1.1165342952374528
2058,0.09687040746212006,1.1122950700888956
2059,0.09624393284320831,1.1135952532440798
2060,0.10166966915130615,1.1168502103117175
2061,0.10048896074295044,1.1171458191740185
2062,0.10334250330924988,1.1187232272666798
2063,0.107563816010952,1.1173673178020276
2064,0.10072939097881317,1.1166550336326273
2065,0.10078617185354233,1.117947779203716
2066,0.09996255487203598,1.1145253044023251
2067,0.1042678952217102,1.1105365233313769
2068,0.09520888328552246,1.115270029333301
2069,0.09628751128911972,1.1136757738906937
2070,0.14140449464321136,1.1169840674053757
2071,0.10033750534057617,1.114583348869381
2072,0.10037791728973389,1.1069273488563405
2073,0.10173897445201874,1.1137441339946927
2074,0.09423689544200897,1.1117645424410216
2075,0.09427614510059357,1.1142401590681912
2076,0.09881331026554108,1.1141376824008493
2077,0.10072343051433563,1.1102465424023773
2078,0.09495286643505096,1.11338970774696
2079,0.09494709968566895,1.1078335512849622
2080,0.09824170917272568,1.1071109219003739
2081,0.10294865816831589,1.1068835282385499
2082,0.09581106901168823,1.1081160572835975
2083,0.09990964829921722,1.1089602643087095
2084,0.09927710145711899,1.1051129954201835
2085,0.10307451337575912,1.1132803638477373
2086,0.09679393470287323,1.1063936975665558
2087,0.09315311163663864,1.1066590592377168
2088,0.09653379023075104,1.1098448079929017
2089,0.100591741502285,1.1053288711939837
2090,0.09898100793361664,1.1100688652884692
2091,0.10830699652433395,1.1096054706955911
2092,0.101878821849823,1.1101707279831545
2093,0.10259707272052765,1.1115366543146004
2094,0.09998904913663864,1.112653480735339
2095,0.09790925681591034,1.1138459954942976
2096,0.10257800668478012,1.1161669083406454
2097,0.10193886607885361,1.1141957672018754
2098,0.09701603651046753,1.1163785726504218
2099,0.10347222536802292,1.11788452986189
2100,0.10318341106176376,1.118939453199095
2101,0.13548961281776428,1.1181200892106633
2102,0.10058703273534775,1.118278319674327
2103,0.10193327069282532,1.1172183339757131
2104,0.10492192208766937,1.1160974660911656
2105,0.09779126942157745,1.1214238557600438
2106,0.1006224974989891,1.1163774683959502
2107,0.1464446634054184,1.1241686959613235
2108,0.10116910934448242,1.1207254623111926
2109,0.0963440090417862,1.1205363632144785
2110,0.09933698177337646,1.122899632107345
2111,0.1364717185497284,1.1241468474978493
2112,0.14086130261421204,1.1209276612838708
2113,0.09567656368017197,1.1184387051670772
2114,0.0999828577041626,1.1225114540946215
2115,0.09534147381782532,1.123956818927201
2116,0.10015334188938141,1.1200821145734094
2117,0.09083810448646545,1.1232933325875074
2118,0.10206356644630432,1.1223161130919492
2119,0.10588713735342026,1.1232219139734905
2120,0.09916689246892929,1.1226652872592287
2121,0.13388288021087646,1.117423243092415
2122,0.10139477252960205,1.1112125209698402
2123,0.09692685306072235,1.116880340384959
2124,0.09800036996603012,1.112612459593847
2125,0.10405682027339935,1.1177137131081487
2126,0.10088755935430527,1.119048725991022
2127,0.10874097049236298,1.1210972223066746
2128,0.14107976853847504,1.12196952149384
2129,0.10194987058639526,1.1164735498882474
2130,0.14363054931163788,1.123445653377619
2131,0.09447650611400604,1.1147600988995163
2132,0.0994597002863884,1.11537724389767
2133,0.0996987521648407,1.1194044739978952
2134,0.09750517457723618,1.1159212227752036
2135,0.10046446323394775,1.1143635385914852
2136,0.09945277869701385,1.1164290949814302
2137,0.09771020710468292,1.1166778937318271
2138,0.10141976177692413,1.1153994547693353
2139,0.14123432338237762,1.1203348992163675
2140,0.10165733098983765,1.1218171009144986
2141,0.09740695357322693,1.1253094472980738
2142,0.10326509177684784,1.1261309373348876
2143,0.10188658535480499,1.1266169425538908
2144,0.09880627691745758,1.1215659212647824
2145,0.09409371018409729,1.1231789678559267
2146,0.09932269155979156,1.1218400596078475
2147,0.09421169757843018,1.1194280783335369
2148,0.13415950536727905,1.117919285494582
2149,0.10108684003353119,1.1132855415344238
2150,0.09558391571044922,1.1191742569581609
2151,0.09817646443843842,1.1201423956338026
2152,0.10291387885808945,1.1181642602858388
2153,0.09826302528381348,1.1219206561420794
2154,0.10192684829235077,1.124659062029425
2155,0.09745850414037704,1.1246361807175447
2156,0.09953685849905014,1.124925510925159
2157,0.10130675882101059,1.1212327348857296
2158,0.09587930142879486,1.119488110817166
2159,0.09936103224754333,1.1213811014529158
2160,0.09405887126922607,1.1194107544452028
2161,0.10034867376089096,1.1150201807045996
2162,0.10131099075078964,1.1193465863851677
2163,0.09975968301296234,1.1222178087497414
2164,0.10052692890167236,1.1245732848208052
2165,0.09898253530263901,1.12542268208095
2166,0.09946642816066742,1.1238788500764316
2167,0.1012103259563446,1.121237695964058
2168,0.1397796869277954,1.1259313155535169
2169,0.10252881050109863,1.1221588052305065
2170,0.09206556528806686,1.1250384302067578
2171,0.10095793008804321,1.119512837632258
2172,0.09902967512607574,1.120810792559669
2173,0.10298693180084229,1.125957581632418
2174,0.10136079043149948,1.1221091968373846
2175,0.09698480367660522,1.123968904179738
2176,0.10453125089406967,1.1211781307569422
2177,0.13933588564395905,1.120048139029577
2178,0.1069401353597641,1.1244506531191947
2179,0.10011187195777893,1.126455945777415
2180,0.0994061678647995,1.1278664384569441
2181,0.10209642350673676,1.1239284262023772
2182,0.10392304509878159,1.1213237283223851
2183,0.10269588232040405,1.1235320149806507
2184,0.10371541976928711,1.1249367001660187
2185,0.09429486095905304,1.1208069294616394
2186,0.09303944557905197,1.124324261395256
2187,0.10035142302513123,1.1255616066151095
2188,0.10301253199577332,1.1276237713663202
2189,0.0913781076669693,1.1259725849730031
2190,0.10081373155117035,1.1263099490550526
2191,0.10117453336715698,1.1300593507020993
2192,0.0966641753911972,1.1274843266733308
2193,0.10480199754238129,1.1243061158890115
2194,0.1042073518037796,1.124689781576171
2195,0.09601426124572754,1.1223630979843904
2196,0.09587757289409637,1.1214170509711243
2197,0.09868024289608002,1.1213809900116503
2198,0.13983260095119476,1.1206061780303342
2199,0.13237452507019043,1.1225809770120416
2200,0.0978623628616333,1.126352850954634
2201,0.10267969220876694,1.1212010311901122
2202,0.10244797170162201,1.1223409863044147
2203,0.09904263913631439,1.123567131228913
2204,0.10153226554393768,1.120188027695008
2205,0.1129857525229454,1.1220993287581251
2206,0.11015655845403671,1.1189472812757755
2207,0.09695024788379669,1.1213966796272679
2208,0.13772252202033997,1.1219197795504616
2209,0.09608619660139084,1.115681587305284
2210,0.09881304204463959,1.124160088692094
2211,0.089292012155056,1.1222420587276756
2212,0.09632495045661926,1.1183823003506004
2213,0.10440530627965927,1.1242036738790067
2214,0.09182877838611603,1.1200144876513565
2215,0.09489451348781586,1.12235306797171
2216,0.1073136180639267,1.1163994626592575
2217,0.13437825441360474,1.1173123527589
2218,0.10217057913541794,1.1242211576093708
2219,0.0995853990316391,1.119025959406879
2220,0.10484238713979721,1.1248333830582469
2221,0.09447722882032394,1.128172028632391
2222,0.10662488639354706,1.1251582421156996
2223,0.10222774744033813,1.1228223552082415
2224,0.1406870037317276,1.1218763455412442
2225,0.09712161868810654,1.1257837634337575
2226,0.09972777217626572,1.1266558818649828
2227,0.10307245701551437,1.1236027004127216
2228,0.09790369123220444,1.1224508578317207
2229,0.09859663248062134,1.1230703404075222
2230,0.09703513979911804,1.12752650286022
2231,0.10200303792953491,1.125579876110966
2232,0.10340418666601181,1.120393040783722
2233,0.09800171852111816,1.1294937641698317
2234,0.10005950927734375,1.1302480978475775
2235,0.09694415330886841,1.1262454544392444
2236,0.09855727851390839,1.126156396734386
2237,0.10097996890544891,1.1303050228228844
2238,0.0946158617734909,1.1230676248856355
2239,0.09224533289670944,1.127611147729974
2240,0.13799795508384705,1.1250200651044535
2241,0.09483063220977783,1.1256988383176034
2242,0.09441167116165161,1.1237123221681828
2243,0.10023956000804901,1.1263309021043897
2244,0.09845834970474243,1.1255101338962565
2245,0.09529872983694077,1.1232400971247738
2246,0.09924536943435669,1.1251715412713532
2247,0.09520898759365082,1.1279404946138387
2248,0.10113263130187988,1.1299947323954493
2249,0.10490703582763672,1.1220725789703523
2250,0.0979904755949974,1.1307566473657327
2251,0.09856796264648438,1.1251536479271145
2252,0.09695138782262802,1.1291098723136692
2253,0.09707969427108765,1.1293909875372596
2254,0.0966278538107872,1.1267085917910238
2255,0.1371995508670807,1.1266987774903912
2256,0.10233181715011597,1.122495284654144
2257,0.0959075540304184,1.1225482518212837
2258,0.10496076196432114,1.1244267344773562
2259,0.09737174212932587,1.128073990195616
2260,0.13953159749507904,1.1281601103923673
2261,0.09599911421537399,1.1230267483488958
2262,0.09310175478458405,1.1267459565834295
2263,0.10086572170257568,1.1269116688491707
2264,0.09759165346622467,1.1334975136252572
2265,0.09755975008010864,1.1315623802648749
2266,0.09545528143644333,1.1264530898335583
2267,0.09789600968360901,1.130519843938058
2268,0.09940304607152939,1.1266215970940459
2269,0.09346025437116623,1.133666760043094
2270,0.09850605577230453,1.1277517594191664
2271,0.10576604306697845,1.1318979430616947
2272,0.09438466280698776,1.1298812705472596
2273,0.09579454362392426,1.1319687949087387
2274,0.09591037034988403,1.1284783621479695
2275,0.09700896590948105,1.1308467137186151
2276,0.10902120172977448,1.1298524909150929
2277,0.09143316745758057,1.1265202270713366
2278,0.09669959545135498,1.13006803983435
2279,0.1047048419713974,1.1319060301720947
2280,0.134288489818573,1.1306501812205876
2281,0.09496015310287476,1.1252037555651557
2282,0.10060914605855942,1.1274415890973313
2283,0.13753119111061096,1.1261943238122123
2284,0.09736627340316772,1.1236960526397055
2285,0.13714177906513214,1.1249070185467713
2286,0.09259408712387085,1.1264089707443887
2287,0.09643261879682541,1.1256143900386073
2288,0.09822161495685577,1.1253197234973573
2289,0.09746386855840683,1.1306994920386408
2290,0.09819027036428452,1.128612490226153
2291,0.09378564357757568,1.1260931306614315
2292,0.09921032190322876,1.1308892251256115
2293,0.0981655940413475,1.1287994991269028
2294,0.09171253442764282,1.1261262188579206
2295,0.09323079884052277,1.1257271904096866
2296,0.10360880941152573,1.1294814186884945
2297,0.09662356227636337,1.1269535510462327
2298,0.10000847280025482,1.1276293712152277
2299,0.09513048827648163,1.1300463804923802
2300,0.09724327176809311,1.1291541718600089
2301,0.08917336165904999,1.127019132289074
2302,0.10049732774496078,1.1249095658610637
2303,0.09866541624069214,1.134084577249704
2304,0.09742387384176254,1.1262078401737643
2305,0.09892662614583969,1.1306892481065334
2306,0.09962254762649536,1.1258140629096736
2307,0.09555231779813766,1.1275601142032403
2308,0.09497570991516113,1.1258362495809568
2309,0.0907515287399292,1.1324756533878488
2310,0.1028926819562912,1.1272682734300619
2311,0.09291224181652069,1.1287507972024138
2312,0.09418823570013046,1.1289044974143045
2313,0.10084550082683563,1.1278537024830217
2314,0.10231107473373413,1.1287500944950228
2315,0.09603051841259003,1.127562918161091
2316,0.09887300431728363,1.1274791878267638
2317,0.09332998842000961,1.132632481424432
2318,0.09794485569000244,1.1309636260632585
2319,0.13833311200141907,1.1289383143111877
2320,0.10539738833904266,1.1306890530096259
2321,0.09581857919692993,1.1334750658288635
2322,0.09404885023832321,1.1284250227132238
2323,0.09656739234924316,1.1355283544177102
2324,0.09690043330192566,1.1318282647837972
2325,0.09615181386470795,1.1285985173438127
2326,0.09466354548931122,1.1252406022901225
2327,0.09798076003789902,1.133714340981983
2328,0.10048830509185791,1.1296987213885277
2329,0.09863325953483582,1.1321532409591484
2330,0.10215392708778381,1.1328689998253845
2331,0.09711363166570663,1.1321913694080554
2332,0.09397649765014648,1.1345812518495066
2333,0.10052168369293213,1.1297911271116787
2334,0.08931376785039902,1.1337841593830806
2335,0.09405796974897385,1.1306693359723963
2336,0.09883885830640793,1.1315302481328635
2337,0.09945297241210938,1.1304485651484706
2338,0.0968121886253357,1.1343246067974502
2339,0.09147621691226959,1.1338945994699807
2340,0.10157640278339386,1.1342598806347763
2341,0.09783564507961273,1.136268575089916
2342,0.10521280020475388,1.1338301962778383
2343,0.09783320128917694,1.1370525369070525
2344,0.09947125613689423,1.1304534966485542
2345,0.09065373986959457,1.1328022375441433
2346,0.12706303596496582,1.1330793764358176
2347,0.1001942977309227,1.1326184885244919
2348,0.0927204042673111,1.1326882943772434
2349,0.1357736587524414,1.130812728912908
2350,0.09976904094219208,1.133183723404294
2351,0.09174611419439316,1.136027116823316
2352,0.09930840134620667,1.129106062695496
2353,0.09266271442174911,1.1341675152455954
2354,0.10131476819515228,1.1353397432126497
2355,0.09418901056051254,1.131515986339789
2356,0.10129117965698242,1.1366679985122872
2357,0.09325437247753143,1.1344203919097595
2358,0.10939234495162964,1.1344156570004342
2359,0.09790154546499252,1.134656434668634
2360,0.0870864987373352,1.142486337731058
2361,0.09107105433940887,1.1377702939480467
2362,0.0940074771642685,1.131478790950058
2363,0.09458249062299728,1.132140164686026
2364,0.09451545774936676,1.1303105948861678
2365,0.10408642143011093,1.1320460045845586
2366,0.10208533704280853,1.12698189088874
2367,0.10424380004405975,1.1302948918258935
2368,0.10373767465353012,1.1322847637616302
2369,0.10106456279754639,1.1302637719271476
2370,0.10150150954723358,1.130072433846935
2371,0.09384887665510178,1.1321841116835898
2372,0.09653069823980331,1.1339116204053836
2373,0.09384895861148834,1.1320287072867679
2374,0.10205011814832687,1.1350491937240563
2375,0.09774453938007355,1.1358545193994851
2376,0.13636979460716248,1.1310886527063853
2377,0.09496738016605377,1.1369165200039857
2378,0.09533064067363739,1.1331347170330228
2379,0.10433162748813629,1.1292739694279836
2380,0.10420455783605576,1.1292736357017268
2381,0.0891282707452774,1.1328675938130621
2382,0.09922152757644653,1.133213280137619
2383,0.09696583449840546,1.1333132782078028
2384,0.1281988024711609,1.1336900862237267
2385,0.09878750890493393,1.134446928973186
2386,0.09073607623577118,1.1304075177152055
2387,0.09284152090549469,1.1315289673052336
2388,0.095936119556427,1.138981905497405
2389,0.09620986878871918,1.133513423135705
2390,0.0952838584780693,1.1350860780940617
2391,0.09647679328918457,1.139778226539306
2392,0.0978437289595604,1.1325375280882184
2393,0.09669511020183563,1.1351169912438643
2394,0.09309357404708862,1.1310169926860876
2395,0.10040217638015747,1.1319427735225898
2396,0.09811091423034668,1.1315239820265233
2397,0.09646864980459213,1.13250324062835
2398,0.10251810401678085,1.1364917181488265
2399,0.09132562577724457,1.1380620854241508
2400,0.09632222354412079,1.1368284064127987
2401,0.10125178098678589,1.1351219759250344
2402,0.09387143701314926,1.132158490948211
2403,0.09643582999706268,1.133652651519106
2404,0.09907640516757965,1.1391489986787762
2405,0.09487821906805038,1.1362922457525306
2406,0.13557447493076324,1.1372194514238745
2407,0.09193103015422821,1.1348358377776946
2408,0.10061957687139511,1.1335290598690062
2409,0.09753351658582687,1.134861507511378
2410,0.09659206867218018,1.1358804463742669
2411,0.1357463300228119,1.1336881253952371
2412,0.09549123048782349,1.1369966743583966
2413,0.10001896321773529,1.1382709852137363
2414,0.08871220797300339,1.1374309466297465
2415,0.09473046660423279,1.1332058772108609
2416,0.1345839500427246,1.1381999451414984
2417,0.09385018050670624,1.1348805296092404
2418,0.0937613844871521,1.13713198347498
2419,0.10413569211959839,1.1351676396558756
2420,0.10082763433456421,1.1344401483846487
2421,0.12947773933410645,1.1371179920688907
2422,0.10062019526958466,1.1361284757915295
2423,0.09833905100822449,1.139707000333265
2424,0.09539210051298141,1.1325569284290897
2425,0.10081209987401962,1.1340092259242123
2426,0.09757544845342636,1.1340647078396981
2427,0.09504491090774536,1.1386615321749733
2428,0.12773677706718445,1.1339008183706374
2429,0.09619784355163574,1.1343563606864528
2430,0.10132580995559692,1.139969675762014
2431,0.10049249976873398,1.136015284031555
2432,0.09783359616994858,1.1339647157449173
2433,0.09678983688354492,1.1371319401533084
2434,0.09609292447566986,1.1358959653921294
2435,0.10304903984069824,1.1334150850324702
2436,0.09391646087169647,1.1370130161892502
2437,0.10043250024318695,1.1344220701016878
2438,0.09907542169094086,1.1352127491680901
2439,0.10141466557979584,1.1389842003509216
2440,0.09453883767127991,1.1362340695278388
2441,0.09252481162548065,1.1386051903989978
2442,0.10113957524299622,1.1387114898303996
2443,0.0944371446967125,1.1356610155344606
2444,0.09913235902786255,1.134304932484352
2445,0.1032160148024559,1.1389642679004144
2446,0.09861795604228973,1.1389305696152805
2447,0.10045906156301498,1.1390280272428852
2448,0.0939861461520195,1.1390671165365922
2449,0.09341581910848618,1.135054071744283
2450,0.09923844784498215,1.1368623033800818
2451,0.10076926648616791,1.131301410514908
2452,0.13527169823646545,1.1350396082813579
2453,0.0966523289680481,1.1367202103884895
2454,0.10119958966970444,1.1381522169089258
2455,0.09380993247032166,1.1372388093393846
2456,0.09499626606702805,1.1367139828234987
2457,0.09441562741994858,1.1317484106933862
2458,0.09339603036642075,1.1351552317315774
2459,0.09972737729549408,1.1371234774888308
2460,0.10121528804302216,1.135426790493174
2461,0.0974685400724411,1.1392257643821544
2462,0.09029245376586914,1.1340084210374302
2463,0.0899125188589096,1.1389236521900148
2464,0.10154783725738525,1.1373345890738313
2465,0.10354330390691757,1.1348922007663507
2466,0.10434841364622116,1.134610090339393
2467,0.13863548636436462,1.1371681418335229
2468,0.09384846687316895,1.1374333385835613
2469,0.10220430791378021,1.1405195580389267
2470,0.09605199098587036,1.1361276965989804
2471,0.1012161374092102,1.1348654799592823
2472,0.10068665444850922,1.1373824905930905
2473,0.10307949036359787,1.136081047524187
2474,0.08863615989685059,1.134767010098412
2475,0.09778684377670288,1.1397194829501007
2476,0.09392155706882477,1.1393755396505945
2477,0.09193992614746094,1.1386668559602628
2478,0.09720679372549057,1.1403504753471316
2479,0.100547656416893,1.1353462587920646
2480,0.09021900594234467,1.1389027941495853
2481,0.09418116509914398,1.136310742911241
2482,0.09042065590620041,1.1323583780374742
2483,0.09407339990139008,1.1417031790080823
2484,0.09239586442708969,1.1390597560351952
2485,0.09559139609336853,1.1386649402460658
2486,0.09228788316249847,1.141503452059619
2487,0.10270200669765472,1.138465916901304
2488,0.09476515650749207,1.1379718908988743
2489,0.0929730162024498,1.1380975076130457
2490,0.09933539479970932,1.13655796475279
2491,0.08947902172803879,1.137135873163553
2492,0.09625425934791565,1.1361990058631228
2493,0.09855881333351135,1.135375804470894
2494,0.09106089919805527,1.1350651262398053
2495,0.09653358161449432,1.136405655315944
2496,0.09357323497533798,1.1342307863976424
2497,0.09512035548686981,1.1339812006866723
2498,0.09175114333629608,1.1407950979127621
2499,0.09620998799800873,1.1324811636057115
2500,0.137203186750412,1.1340495664673043
