epoch,train_loss,val_loss
1,3.120775183540153,1.7040548249892424
2,1.0184407880687414,1.074769754158823
3,0.6452256503710553,0.5349333617920266
4,0.4646175289789337,0.43267924571993355
5,0.43151901489514916,0.3827461575655113
6,0.37678197801673674,0.3515706131780954
7,0.35814523696899414,0.34529116958902595
8,0.32727756274157555,0.30189760892014755
9,0.3013472716823267,0.2931291779181115
10,0.2624866014177149,0.2508622852333805
11,0.24168964893466627,0.237523713917063
12,0.23257764132232128,0.2289044230728221
13,0.21782772546651594,0.2218610095350366
14,0.22210950630959297,0.20233784713093797
15,0.19787480264061297,0.19427128916695005
16,0.18960865869604307,0.18631726652757266
17,0.18900337432245476,0.1793522581196668
18,0.17858921140899478,0.18816015135524863
19,0.1592726247344271,0.1594778446849426
20,0.15486211075117595,0.15842343007860923
21,0.15016843317818118,0.15426817237583915
22,0.16741380751786936,0.14903998020149412
23,0.14497702935459472,0.14493926254131442
24,0.13811404461210425,0.1500404202624371
25,0.1423300730771032,0.14108794752069584
26,0.13548351403874664,0.14182091595833762
27,0.13992678268949812,0.14911167525259175
28,0.1446239604004498,0.1465419705275605
29,0.12818561947457843,0.13231474657853445
30,0.1242381708468763,0.12630008631630948
31,0.13884881610593824,0.128316431528046
32,0.11597186586232769,0.12997757630390033
33,0.11429173546057883,0.12161529329336974
34,0.11484700812721702,0.12527624937824736
35,0.11653451341259816,0.1250215044296475
36,0.12064879249816404,0.1271649654347795
37,0.12580627118905885,0.12792346150355233
38,0.11524573141317757,0.11835660395168122
39,0.11358358468101316,0.13432161123456812
40,0.11021230881303828,0.11954363048972941
41,0.11250672713622778,0.12814705960807346
42,0.1342742272585537,0.11459826297105703
43,0.10150774486573139,0.10334630233975581
44,0.1034551685833632,0.10970895053972875
45,0.11786808694791644,0.11421257055791698
46,0.10479037972826943,0.11460593154182411
47,0.1064660936407161,0.1067057428764819
48,0.10939016660272514,0.10356353865679643
49,0.08995543025597509,0.09764302949558822
50,0.10425272773145508,0.09892349637914122
51,0.09314754077446498,0.1056836162668123
52,0.09126888264589549,0.10137156753761128
53,0.09604777563888825,0.10452319345528022
54,0.09059815984628043,0.1098100610058708
55,0.08799460752163561,0.10115120173396921
56,0.08629549530606284,0.09609541993466834
57,0.09089066396499502,0.09408333468108547
58,0.08483303083708293,0.09661590119352317
59,0.08221631001996396,0.09378172259282946
60,0.09883449698410064,0.09706288856223114
61,0.0830383249164375,0.09063462069010675
62,0.09975616369968672,0.0959633359484804
63,0.07563409316689243,0.08614825433059443
64,0.08971455756306275,0.08622768778998152
65,0.09479581669767075,0.09021490760016859
66,0.06886417540169809,0.0864825979958202
67,0.07809823092808918,0.08739169352783595
68,0.07461291556261176,0.094226983798327
69,0.09603278796687768,0.0927826745393581
70,0.08043450904210159,0.09035841338243102
71,0.07519480142286952,0.0891043395924389
72,0.1285392726336527,0.09572432063202511
73,0.07175788530922235,0.08745910611965303
74,0.07929963279854167,0.0990008159463567
75,0.07176452405680683,0.09280433673831753
76,0.10443624218803214,0.08690895593928215
77,0.07134946519771714,0.08445931827290017
78,0.08097383235128695,0.08144997646635338
79,0.07614718497873847,0.0822608725431569
80,0.0638762680247286,0.08742658153437731
81,0.07570885644997923,0.08524899744897857
82,0.06896335867505088,0.08786497324854509
83,0.0792662938560438,0.08623709383987843
84,0.06506994695966146,0.08472912678294313
85,0.06995609904811674,0.08318759271300825
86,0.07112353397854443,0.08412515564371172
87,0.06153377650019517,0.08300842393311043
88,0.060181572542855735,0.07707503393180389
89,0.058325536595803446,0.07857218944936767
90,0.0620815435827339,0.08373612124370154
91,0.06438807218239226,0.09384979724062416
92,0.06835635422165491,0.08915895453297105
93,0.07312225758281994,0.08708629449059192
94,0.07463723348693041,0.0918289944902996
95,0.06268917629057337,0.08077936126549441
96,0.07669089303635131,0.08411516049377303
97,0.06451487874022471,0.08204638065401475
98,0.06361679987380497,0.08759366468827527
99,0.08305960336589141,0.07966294066798418
100,0.06279819264867836,0.08172568648978881
101,0.07300708648459665,0.0765468520777566
102,0.05488648437267187,0.07648492001351856
103,0.07016400772155638,0.0772631577680583
104,0.05736341823744923,0.08435286721564773
105,0.07127709269850606,0.07604009448959116
106,0.058728738918573505,0.07959974394705062
107,0.06538241942848158,0.09009009816294027
108,0.07683994174937843,0.07683300144765012
109,0.05567028187799229,0.08343466804514553
110,0.0727070089441295,0.07580727116580595
111,0.058297950786109255,0.07334928356465839
112,0.056452042443625235,0.0795452067054304
113,0.07428917694007715,0.07723754653730489
114,0.062162754327339066,0.08115107752849583
115,0.05943626117510108,0.07490847874106023
116,0.0570229578961773,0.07419076832688243
117,0.06397640709779853,0.07453850936844833
118,0.07255438134821605,0.07802721393063553
119,0.05087576001929265,0.07481377797766138
120,0.07013329520214313,0.07615046033210922
121,0.05144016511247823,0.07601493147008102
122,0.04971610371689064,0.07113389582151458
123,0.04912971054732239,0.07006233432015083
124,0.04537295292023581,0.07422257683480293
125,0.0508998718965203,0.07108473094334279
126,0.051242687438722685,0.07811389180054341
127,0.058134203257045027,0.07797471936185259
128,0.06745224078200454,0.07494410922876875
129,0.04990808160093885,0.07536179253033229
130,0.05039669441345344,0.0706340020387095
131,0.050511129679257596,0.07484696626215052
132,0.05146097145437447,0.0737489081340326
133,0.04983648420734839,0.07292702713780534
134,0.05163929319493823,0.07163990524254348
135,0.046849861530861514,0.07191088920771926
136,0.05938344163861021,0.07354240821567096
137,0.04912084249960592,0.07669367183718764
138,0.055390364592632156,0.07495669150412232
139,0.052650197149257304,0.0775555817592413
140,0.05058196229060242,0.0736389723711444
141,0.051986792770018775,0.07435572722501922
142,0.05585355064058005,0.07191822261439827
143,0.06352145178097543,0.07555263145899116
144,0.052639501712352134,0.07353642892867401
145,0.05350945943668718,0.07487629471640837
146,0.05114830294653166,0.07310078324829426
147,0.04955245093165146,0.07707340703497555
148,0.044808555744751864,0.07155625484790419
149,0.06245727246177608,0.07288800691602224
150,0.04609600079704228,0.07071333643711898
151,0.054804890892442115,0.07588916998309898
152,0.045919234791426074,0.07291498604723087
153,0.04468571542992861,0.07338546037225795
154,0.047059293777965076,0.0750313444170438
155,0.04784764285231459,0.06841661743726347
156,0.043506982593233684,0.06734617155297358
157,0.04275337265670113,0.06733398031172597
158,0.0415997933771543,0.0668909491079493
159,0.07268383839754475,0.07468743368348382
160,0.049649449958696634,0.07218436698865771
161,0.04494445405456713,0.07524709410984116
162,0.0505491547099662,0.0753569748990219
163,0.05944693188962518,0.07450015553480999
164,0.05070563707045253,0.07152120600965686
165,0.05397880663598967,0.07626926017584358
166,0.05080543415253065,0.07153927906414022
167,0.0475196576557563,0.07008287260182818
168,0.047392728198378066,0.0697374457964921
169,0.04742782531440445,0.07455580567656304
170,0.0429134831112754,0.06792567097080082
171,0.04215147169919971,0.06849282776428046
172,0.04753833397241969,0.07268452384791578
173,0.060760676720673014,0.07214950041887455
174,0.041886598724276296,0.06961465401010107
175,0.05676677438859656,0.0690883016283799
176,0.04273166276257614,0.06659564265705888
177,0.041464116109015424,0.07136991470678707
178,0.0407477142785597,0.06922930620965503
179,0.03731777779407636,0.06763359937900887
180,0.03872161230136608,0.06673660840755119
181,0.041681020622810226,0.06842513559829622
182,0.053717172783463725,0.07282453792211704
183,0.03985313941552347,0.07163868354339349
184,0.04352105912229858,0.06807328797970201
185,0.04308462723342229,0.07154993824940875
186,0.044813296626260664,0.06888987601998456
187,0.046676400383251215,0.07080576531495665
188,0.05283336607640066,0.07074697029993947
189,0.04146350574530778,0.07012032289851579
190,0.04104974795845235,0.06834202579089574
191,0.03939619735116869,0.07152624893233292
192,0.060323741216924874,0.07252888271309678
193,0.04381268326671893,0.07023390065085021
194,0.043382941391961326,0.0695271770234096
195,0.03999491237968113,0.06974557068264275
196,0.05334082269182773,0.07086552713150368
197,0.04927796633406119,0.0698587014748339
198,0.04001393685333408,0.07219771523598142
199,0.0419618438777505,0.0665568806380407
200,0.0403927294975351,0.06853865624818586
201,0.042090602522733445,0.07068027869651192
202,0.040720942812653545,0.06722557987261535
203,0.052909897435982026,0.06853318811023146
204,0.04540529299445661,0.07291826107224128
205,0.03971514017043816,0.06718797021006283
206,0.05268227518025237,0.0674592134703819
207,0.04478220778245911,0.07079491243326574
208,0.03670421102577616,0.0657355040125082
209,0.03874837881578921,0.06959630707675651
210,0.03842421596560359,0.06610703242377829
211,0.03506455688407428,0.06890108581996501
212,0.038305915973870355,0.06823242602305006
213,0.05244159740527222,0.0675902770538079
214,0.03562194252602733,0.0694181981466169
215,0.04149345525753535,0.0672192988464408
216,0.038718038778693696,0.06536553198831123
217,0.04160804592283168,0.06722644668884743
218,0.03965627022531339,0.06718748108598224
219,0.03679533730199718,0.066886418408021
220,0.036459556007086294,0.06609715349542766
221,0.034040357327806914,0.06899919795026456
222,0.041020062054305986,0.06826240298592656
223,0.040015299387019254,0.07350035187295803
224,0.035303487042461446,0.07022251496861752
225,0.038187407447626595,0.06967714285118538
226,0.035516628709426123,0.07117050275542683
227,0.042223563809006194,0.06743770113266201
228,0.051013717106704055,0.06871119830617331
229,0.03311940382430359,0.06871237302371733
230,0.04671170000792671,0.06884038396048964
231,0.055024574566223776,0.06903608193747084
232,0.03628110898465946,0.06817964615678429
233,0.06995122400944509,0.06853054428384417
234,0.04037277938850621,0.07192250173118778
235,0.03808409104059483,0.06768199633386798
236,0.0340294819033258,0.0649870086022487
237,0.052982345643835756,0.06769819254228346
238,0.034267699521116704,0.06798271466989565
239,0.03478734260629337,0.06302206706545108
240,0.03854026194650178,0.06637868520460631
241,0.036572083387068445,0.07265468268540867
242,0.035705786770600885,0.06946067553116266
243,0.04993195649014558,0.066373472375081
244,0.035922528831375804,0.06675034664328534
245,0.03976164806085321,0.06784045508593545
246,0.04917012918798901,0.06677936019380588
247,0.033245568692123625,0.067936699043838
248,0.04417363836847503,0.06798080156993747
249,0.03319497634788105,0.06894524612074208
250,0.0497477595405332,0.06591783293095746
251,0.039510145456439646,0.06321575567313005
252,0.04840815791328873,0.0655608985171581
253,0.03461995601747477,0.06464594163766182
254,0.031207844381422083,0.06414536040341645
255,0.032013898639469685,0.0645240603906469
256,0.032494977572027794,0.06547290228662037
257,0.035735484854928376,0.06987407862355835
258,0.04753660952503031,0.06826675841981605
259,0.033231793146662206,0.06505149696255687
260,0.03446570392639659,0.0666068612240759
261,0.03273780830204487,0.06521141801711013
262,0.03079409827259267,0.06306931580928035
263,0.03028996644956191,0.06872066491304483
264,0.032778480431783164,0.06821827534446143
265,0.033866545273031935,0.06647423936759021
266,0.03183136733254669,0.06386969432720266
267,0.0324252567554716,0.06526029136097222
268,0.029878305382209137,0.06609291634650756
269,0.0352306899769366,0.07047623416460247
270,0.03525222602028832,0.06528860984141366
271,0.03541765493986001,0.0649730525444026
272,0.04675774943071847,0.07012136037785906
273,0.03262849960207565,0.06940869296104986
274,0.030573280919401622,0.06420562041918736
275,0.029911819045493223,0.06585989617987682
276,0.03239734227941328,0.06387790547389734
277,0.04937248314412597,0.06356361614806312
278,0.03483153256619799,0.06664762102571645
279,0.04445255385437356,0.06530830852295223
280,0.033095556039795235,0.06488863798908721
281,0.0331397691397084,0.06349712435650945
282,0.05039865216444652,0.06715036456223418
283,0.030242650410551637,0.06565798578181661
284,0.028653257173197024,0.06295838205139141
285,0.03196795944556547,0.06517714112623592
286,0.029093088786523544,0.06652081860486128
287,0.028790261514695086,0.06275482814674987
288,0.030920676489982486,0.0640156088597643
289,0.04950479770131806,0.06306029581709911
290,0.036909424253158435,0.06312229933408567
291,0.030119179996156768,0.06696482605877377
292,0.03621093883269633,0.06636371525158559
293,0.04165619151625887,0.06875425054315935
294,0.03304774616625989,0.06407858303428293
295,0.0289308100495032,0.06188651024921795
296,0.029916083399311504,0.0668458510330297
297,0.032564808506530284,0.06658545459496945
298,0.05728582077335601,0.06449800826851886
299,0.0305344195143089,0.06603226231826577
300,0.028429234779927422,0.06522969186380692
301,0.03023133061382464,0.06420962772983357
302,0.04496519874816404,0.06410387416083113
303,0.0315503636988166,0.0674317905347897
304,0.03346628999355071,0.06610409963997384
305,0.03154333797648409,0.0626783221026411
306,0.041414963787999644,0.06565761790239721
307,0.02810445390524909,0.06865540619257997
308,0.0320218486775612,0.06214279814023422
309,0.02932173121124973,0.061935546534850186
310,0.028324070360313015,0.06471529438680873
311,0.03721414571248439,0.06305313695754323
312,0.031553268817992045,0.06599537143133637
313,0.0365254634459938,0.06674591609671301
314,0.030663271939679746,0.06481093575332995
315,0.03344380295598955,0.06325887233242952
316,0.04452191146096466,0.06597423458233811
317,0.032600934853701385,0.061977955080886236
318,0.02775505728155468,0.06667608698657282
319,0.0380748752854928,0.06746243113152366
320,0.035596281161596036,0.06365147163918741
321,0.027682765985497487,0.06914077198744417
322,0.02728719361196491,0.06796072705422428
323,0.028637694568609744,0.06253761246352267
324,0.029212658360693897,0.06373228395082299
325,0.039795412766662513,0.06528164494904061
326,0.026566168713765832,0.06192999793435995
327,0.03154396028681235,0.06312137735741478
328,0.031652231744511,0.06584392314342628
329,0.029777636944219983,0.06373812941680278
330,0.028450737943796902,0.06365651398299631
331,0.04431063686512107,0.0623581571723883
332,0.03098446026818132,0.06285250331636957
333,0.027218988661575468,0.06279071013356809
334,0.027006923813711513,0.06232968215506179
335,0.03571810699462143,0.06338525337533545
336,0.027067861703682843,0.06766869693546367
337,0.039856028652583544,0.06497467664026078
338,0.03841357397902348,0.06369452637837346
339,0.031851289350084,0.06612800744205788
340,0.02539076508376105,0.0628395881643869
341,0.028215162625366993,0.0633056876261282
342,0.025004007284263833,0.0650664746742649
343,0.028442011334492496,0.060501017124581155
344,0.030379931743148725,0.06206663261940306
345,0.028577935073209406,0.06398146524838637
346,0.032062307187008636,0.06563082809809755
347,0.0274856067072822,0.060900882568051644
348,0.026152191800430276,0.066583365678115
349,0.027213223850745767,0.06595501397038463
350,0.026791633646876836,0.06399654299207498
351,0.024793335858463866,0.06286744402726192
352,0.039528760527695606,0.06165961610307371
353,0.030198125559895015,0.06306421006084385
354,0.024570968387455774,0.06266606212558604
355,0.023864449086514385,0.06407982058692396
356,0.028022257739613796,0.06944383989860838
357,0.029003725191549073,0.06274062832047168
358,0.026890599568809462,0.06376363511633754
359,0.02692650755441114,0.06519214579261336
360,0.03929785009018119,0.06894113616387647
361,0.04134819097233043,0.06486423843934722
362,0.02465414979311179,0.061416476171342355
363,0.027356049822509103,0.06521815039161452
364,0.02605140333568975,0.06558048977215487
365,0.03698148186023706,0.061647853709029074
366,0.026093948340528063,0.06337946700982582
367,0.026578145872416168,0.06359307837665529
368,0.026262459394793526,0.06510411034849353
369,0.03512575986523613,0.06461146720369956
370,0.03404043723469991,0.06551617436241686
371,0.029953426725251548,0.06499992540680376
372,0.029945467397290336,0.06363690820030102
373,0.02528575233834851,0.062398061361677366
374,0.0245649609948307,0.062434780894589606
375,0.027492636727128282,0.06326170832404218
376,0.02907963894704666,0.06375861349037118
377,0.0280551734587709,0.062226581291522
378,0.025350527978008817,0.0643980489544253
379,0.026770733361100328,0.0630506799838746
380,0.02673308560653914,0.06141563470389012
381,0.03680790398491774,0.06341306628066495
382,0.025415021645892003,0.06275065418771633
383,0.024012185358748914,0.06293669882648271
384,0.02598138141874983,0.06231494997639704
385,0.026197163592498504,0.06090400414658071
386,0.0359005769218397,0.06183486366481112
387,0.02628191285489308,0.0633456303100837
388,0.04217921975754832,0.060747159696312475
389,0.0230063240286138,0.06205897311444271
390,0.023924542830375296,0.06183686337076632
391,0.024566747861269125,0.06297068396830618
392,0.027966171865085824,0.06522347496117566
393,0.0251235370480435,0.05999129880826575
394,0.021338292645716742,0.06334612314078145
395,0.02555711998904947,0.062094331926719884
396,0.03013528603768461,0.06613560330897644
397,0.025868722585067852,0.06441152191961319
398,0.026226787334512395,0.062394778942105766
399,0.025740401819348335,0.06389494637088071
400,0.025872543302355888,0.06268521362826937
401,0.02646703135841132,0.06257379171730283
402,0.02778409248025253,0.06578231414308525
403,0.024758842963503447,0.06468529136557329
404,0.024596649283385577,0.06300576392533187
405,0.023955169352804978,0.06374064452927512
406,0.02178743302378348,0.062372659055287376
407,0.023874485141197714,0.06201736341442978
408,0.02644274278097205,0.06533737140789367
409,0.040894960961231616,0.06243465899636871
410,0.026503496677804515,0.06175432576422106
411,0.03830096903359255,0.06150311772200398
412,0.02750249632683854,0.060399787131706274
413,0.02508178272731252,0.06540714550698012
414,0.03421193624621835,0.06487071426365908
415,0.024328190231911816,0.06273909454656425
416,0.03169301129457158,0.06345529374398086
417,0.028790055053034173,0.06506317552356493
418,0.02650179774106296,0.061382205563977846
419,0.025802977844418776,0.06113424566679431
420,0.026359633890018566,0.061832507955549953
421,0.034171612857370914,0.06595576466773088
422,0.03429879215443769,0.06280520552755299
423,0.029536960652349138,0.06338155273357429
424,0.023351480472003777,0.06060884146015148
425,0.024218169148999696,0.06194208548369264
426,0.023353321337634493,0.06365256124458517
427,0.029380835067235565,0.06229010241148167
428,0.026493347854262984,0.0624657444618549
429,0.024568671693435656,0.06391629916534089
430,0.023277807344323415,0.06296375800008164
431,0.02168808836595018,0.06249288309897695
432,0.02326009683544546,0.06580165387096262
433,0.02182225804764275,0.06266080940090923
434,0.02253035116111597,0.06099525089364004
435,0.020762730985412776,0.06391389559683644
436,0.021288470420577684,0.05929484999829665
437,0.03942795319126504,0.06459101662973414
438,0.02433409266827809,0.06096760962242471
439,0.022670922129412057,0.06456001721005093
440,0.03524382387325868,0.06483699449508411
441,0.02697973812822264,0.06198444482601974
442,0.034433626566888025,0.06376615875309571
443,0.025048983963585948,0.06152170136533584
444,0.033160171024851665,0.06500215719180896
445,0.024688913227061866,0.06067004228444924
446,0.02857012083888241,0.0637814942047112
447,0.023151667736073647,0.06380061012573708
448,0.035802682476310896,0.06533493646852355
449,0.02405642301171177,0.06468059919905245
450,0.02306656409230165,0.06294794538452811
451,0.026086088246592906,0.05951300384780219
452,0.028527798580712284,0.061298912405071404
453,0.02303148995863046,0.06229145429038763
454,0.022306138690455952,0.06174705649975846
455,0.0302978053245238,0.0614550830913068
456,0.026940377586781045,0.06183569372297827
457,0.02106642859132499,0.06321276441440546
458,0.033160258995421625,0.0612559941104779
459,0.023859096171340227,0.062404099693125055
460,0.019806646768202228,0.06241785571501966
461,0.02130784470366086,0.06137764376394432
462,0.022319063777833898,0.06100916216397345
463,0.03182793464102902,0.06204594345880033
464,0.030544470113973633,0.06418881897714204
465,0.021471554139004232,0.0626073068469987
466,0.02420349945212046,0.06472335703540266
467,0.03652119626025421,0.06470548355937901
468,0.028769932366136848,0.062231013714744335
469,0.0274602964777371,0.06355368282487218
470,0.021340593561343265,0.06491189379067648
471,0.02404991178817136,0.06357542970649581
472,0.02277669359033571,0.05901610333108364
473,0.02148186657169022,0.06323343840308655
474,0.03131511117270374,0.06008440131942431
475,0.022632453865065096,0.06444404925917623
476,0.024722124301013903,0.06330844773012295
477,0.02364460844254606,0.05996442951243324
478,0.023163182205494296,0.06288663135435348
479,0.021615698063588443,0.060894652360812165
480,0.02055953898493399,0.05979742200340245
481,0.03157712178754395,0.06104128128081037
482,0.02213310047423578,0.06696446152184542
483,0.028724606169335146,0.06269795814515057
484,0.023999076056349614,0.06342062171091113
485,0.020198881579417047,0.06324364546509016
486,0.020545663936851914,0.06001365724437518
487,0.019318484838433028,0.060284324298451715
488,0.024825596113376855,0.06297824780146281
489,0.02478108243859113,0.06232210728608277
490,0.02180544123182009,0.060778702056049405
491,0.02088457084958643,0.06063325564962879
492,0.020343853838064453,0.06132165191316963
493,0.021207654101301137,0.0612245162290738
494,0.022555991487583398,0.0645433617825795
495,0.030141024281005128,0.06432690919565975
496,0.027278538127677943,0.06102391603148372
497,0.020091637063970012,0.06049447366617676
498,0.022033797944881327,0.06104728127631329
499,0.03414197323908066,0.06160688713977212
500,0.020973200971103015,0.060453194751401894
501,0.02021695402535525,0.06093705226118702
502,0.024338897002341233,0.06272958904355391
503,0.02185383816264266,0.05928481209621692
504,0.031975108114155854,0.06178543459913485
505,0.020718362299159028,0.06122144996970518
506,0.020460544755466305,0.060582281270048076
507,0.026901031958178667,0.06254517705294124
508,0.020703610569986056,0.0598312892337192
509,0.03100023387134262,0.06339027972560479
510,0.020980014935789812,0.061606704684576595
511,0.023607755471079326,0.06449518939083382
512,0.024144223829888997,0.06197407843549747
513,0.02053311219596564,0.06277666511691005
514,0.025469192756240645,0.06253377883169885
515,0.021482584875392317,0.05963961413144169
516,0.030338630570700176,0.06548446007913217
517,0.02803330298011019,0.06260760128498077
518,0.019104862626536885,0.06341451765003062
519,0.019482282390321685,0.06313511663884447
520,0.023735128763514253,0.06227913356962658
521,0.019982007977357105,0.06192734048592118
522,0.02285275150522543,0.06381255630076978
523,0.02006583713392105,0.061486742055431046
524,0.02638673910806919,0.05909376375769314
525,0.024301174210623888,0.06277398331870411
526,0.024297960318601618,0.06121013104392771
527,0.02468836198919993,0.061408350519593195
528,0.023329113484550044,0.06065066525698604
529,0.018932008818025498,0.06227532361533707
530,0.019351933443434187,0.05762797115104539
531,0.020160817112014586,0.059734761481521126
532,0.022703947978193483,0.06101636246855097
533,0.019909946989489946,0.0608339137339353
534,0.027742664998274612,0.06265541630094512
535,0.026251216585453027,0.06103453454666568
536,0.017721880857940752,0.0634792066905134
537,0.021142126933954727,0.060120588369238046
538,0.021833704907131792,0.060181990555279834
539,0.022027538190114087,0.06298661022855524
540,0.028273572415393723,0.05962145743998967
541,0.021443183274011252,0.06075166098605421
542,0.023668356508390283,0.061670984279242974
543,0.026522234450079805,0.06057220591899745
544,0.028405551054167522,0.0598739290465239
545,0.019346737177300975,0.06092403275439315
546,0.02250068155949392,0.06199234012598382
547,0.022676633659248067,0.06126828991194118
548,0.018527684213599443,0.060321962586919166
549,0.019018443161183764,0.06162090786268239
550,0.021261677759054312,0.06269143012009169
551,0.018454826509924516,0.0608057639092431
552,0.02336090229755285,0.06120291609027631
553,0.017574219704608558,0.06228772693670782
554,0.023238989171283,0.06195057593379403
555,0.019145751342784647,0.06145107711578969
556,0.01819036722031413,0.062141065814889464
557,0.02129029996436218,0.061222020947470104
558,0.022436675238992353,0.06220546907238793
559,0.019836364716851972,0.06023167941093743
560,0.017325104485765148,0.05934859287544599
561,0.01988017262429653,0.058900491747641025
562,0.019716697969827158,0.05964493322977446
563,0.022193705213480984,0.062048528856950294
564,0.01982932725810332,0.06095919032630168
565,0.02060691789259731,0.06131562323573239
566,0.019313111518827912,0.059612008749990536
567,0.02032310317115724,0.06046703686578232
568,0.01964147161213582,0.061023628306493424
569,0.020585517238440185,0.059318690735818747
570,0.0190178625530864,0.06167533843402277
571,0.0183994599083748,0.05928860261177359
572,0.018371515589120993,0.061145256999366564
573,0.01878430748060579,0.06188142610559786
574,0.01930015283084962,0.061162586069495456
575,0.02014569375301977,0.0621060646118078
576,0.020357460052148675,0.0616152216598653
577,0.023368077124921505,0.06048314309770003
578,0.024027021957975944,0.05991142311303837
579,0.02053435639037421,0.061516259892617255
580,0.019627044111677098,0.06339842133354723
581,0.022434916031958543,0.059157076074664756
582,0.022812002066954922,0.062087605789042356
583,0.021489007994065463,0.06269836941159758
584,0.021301211000983616,0.0644851834758332
585,0.017930994791250245,0.06273675162840009
586,0.018568309327605004,0.061292567759528196
587,0.01704925485539212,0.06042472558810299
588,0.01831526801480582,0.0648446583975676
589,0.019007636237083743,0.06222156411909818
590,0.01668440121982165,0.06211056235365402
591,0.021107706524501772,0.0635938962506023
592,0.01763700268765602,0.06068372656416176
593,0.01915338371521253,0.0635069411500056
594,0.018378961486829486,0.06359960862381715
595,0.02483930192350594,0.060861225358973765
596,0.02003204293525705,0.061279878953943274
597,0.02003857439681654,0.06275623730549537
598,0.02200929606829691,0.06272810953377482
599,0.018592769212927376,0.05926306781949555
600,0.01953794511157704,0.06152407135954477
601,0.02048427884271339,0.06141866644596994
602,0.019964709089701077,0.06117214830148788
603,0.01879853842820867,0.0594386672110934
604,0.018860690482544674,0.0620714755714836
605,0.018608134911398528,0.06261740424168438
606,0.018853586972880886,0.06058145274307793
607,0.019245026659418983,0.0609698832912702
608,0.017329331490336726,0.06118257676150864
609,0.018154437639122847,0.0633369771049435
610,0.016829515553333542,0.059339095980750586
611,0.01991163974855574,0.0634252919458357
612,0.027751093450057843,0.0611772606695505
613,0.018615375328400293,0.06192851105802938
614,0.018603050821463702,0.06023423152422547
615,0.016405469054782466,0.061991903071938304
616,0.025656447853881364,0.06153626309563044
617,0.01652802384478919,0.06077090181167562
618,0.016786638086772637,0.06120927513280608
619,0.016737930745260095,0.06119208674607122
620,0.03569886870507069,0.06073152882637536
621,0.0163883402429778,0.059464239302957266
622,0.016783310862427406,0.05989277394567815
623,0.019798483016395644,0.06290202651331599
624,0.016891158457413364,0.06064421757308761
625,0.018186595903995642,0.0612969964948065
626,0.01712592733223984,0.060450556274867596
627,0.019758622672957686,0.060208078128353396
628,0.022039287872495695,0.06104927025455281
629,0.023737770744649035,0.06193570295035988
630,0.01725092646446908,0.061771598376128306
631,0.01625002611451855,0.0630962677524054
632,0.016295361061081242,0.0615112703097494
633,0.018000210982785328,0.0631194079299469
634,0.018264097059408325,0.06253163928264066
635,0.05101761435009656,0.0625122960815603
636,0.01824517404444539,0.05935014992541538
637,0.018232555137392494,0.061861723670759296
638,0.015893474402238955,0.05820257773151374
639,0.018181212567563713,0.06097982012501038
640,0.01764502526672563,0.06072316327153292
641,0.016141735174953004,0.06172321656518114
642,0.018773372036909982,0.05998212802118825
643,0.02038367493749599,0.060855511837361154
644,0.018196235948058317,0.06620232803854428
645,0.018214288932566172,0.060871649785597524
646,0.019568032804047425,0.06123235072931251
647,0.01748102000654678,0.06235142571286749
648,0.016397074618169506,0.06114943196674935
649,0.01660596196857926,0.06227499345564902
650,0.019043715402110244,0.06249646131033288
651,0.018063596633721295,0.061762697303803044
652,0.016266433825733895,0.06073578744006336
653,0.023468617746915936,0.06016431473438304
654,0.020455701472266902,0.06233404418990427
655,0.017303549973615284,0.06066166336897919
656,0.01674384359258656,0.05964391315379238
657,0.024354267666892946,0.06548576167128738
658,0.01994281243474506,0.061572416636504625
659,0.015765945783299526,0.06157986898171274
660,0.01547043161542625,0.06042025393262543
661,0.01823574974607431,0.061045727232718526
662,0.017872956231072965,0.06144245741958905
663,0.022135679820278035,0.060136484173605016
664,0.01855945803493635,0.06147960070193859
665,0.019605894710249663,0.06268031725235153
666,0.020076472861079213,0.060902863460824005
667,0.01981639658278993,0.0616462442529082
668,0.015081996699579084,0.06073639469972828
669,0.017435888940801253,0.06038382907110946
670,0.014870742797197594,0.05941291699620118
671,0.02932662692002742,0.060653222720127055
672,0.016342775122522375,0.060580491310074217
673,0.01715823340004888,0.06072791164418809
674,0.024670123256929802,0.05967070899885101
675,0.016808003388625516,0.05923279931297278
676,0.01606833624732345,0.05983665000115122
677,0.016640834603750595,0.05843287179792734
678,0.017669045398461408,0.05950661273416421
679,0.021792619509569903,0.05970631943161326
680,0.020798690879840088,0.05949218958653603
681,0.016904245787606718,0.05975664839297907
682,0.015728651683158637,0.06012991094088793
683,0.014831596509579768,0.06225663825010596
684,0.016725019373723705,0.06072124355194861
685,0.01752140034036857,0.0597075634358222
686,0.01873504292208199,0.058839578153495505
687,0.017881346685479055,0.060992397564022166
688,0.015631809275959353,0.05990189185043923
689,0.018369915944795624,0.05961389547414648
690,0.016148120062688488,0.06103659630344625
691,0.017101642605629647,0.06299656261701632
692,0.015401640685047475,0.06018974972809466
693,0.0160419624765932,0.05895975338561194
694,0.018114837812008715,0.06388324958489354
695,0.01708891178805346,0.06315030781248757
696,0.01626081331735214,0.05952320479435431
697,0.02246350009099443,0.06311702474316858
698,0.014446058088685838,0.06071261159683529
699,0.01771204327130953,0.061122048842279536
700,0.037042685296841925,0.06358502827640763
701,0.01615337058493056,0.0609909521420498
702,0.016163815280019676,0.05939181247973502
703,0.015260608399689759,0.0627628617679565
704,0.016053074462847275,0.06332575883669662
705,0.01822758055522711,0.060406800060717386
706,0.017705505956139497,0.05937896709058219
707,0.016506815323355056,0.06284990514579572
708,0.014853673934539471,0.061355373577067725
709,0.016800987910841326,0.06039197985689742
710,0.016146957950205265,0.06276307596748036
711,0.0223547265774404,0.06372596027520963
712,0.015529735810867858,0.0612044752969927
713,0.017160120306297155,0.060331814616619794
714,0.014244659538132644,0.0608498121151948
715,0.0179755068194343,0.06284111005284433
716,0.027633542805139362,0.06256355679498281
717,0.015842836102044507,0.06108869516983964
718,0.015778790829487167,0.06253863880434132
719,0.015751204599384044,0.05867546240339303
720,0.014880642934255651,0.05913291990122102
721,0.015083340580537214,0.06164263470803287
722,0.016029562836156742,0.06257350378690806
723,0.0169362790684061,0.06247547436925702
724,0.01698134706405263,0.060405821149659936
725,0.01550773295302376,0.05859944159935292
726,0.018467535115895228,0.0611722000447431
727,0.01471806305305898,0.06196628624858115
728,0.014591059778878307,0.06092582476841178
729,0.014609822550887785,0.06183625646589095
730,0.01453987289757284,0.06009772915701221
731,0.014796991479294053,0.06089934197845017
732,0.01465482600792355,0.061110584676863255
733,0.014783358653908053,0.06155141406601533
734,0.014570117919329191,0.06132620039925838
735,0.015622239875195542,0.06168439817197042
736,0.015535122863831565,0.05884013902909475
737,0.016281228716891014,0.05868450851928919
738,0.017000997739736002,0.06079784075829917
739,0.014135696478538379,0.05933880165480731
740,0.017425673365663023,0.06123424159890428
741,0.014269868700201608,0.059121097529068925
742,0.016768564294941935,0.0615512432441825
743,0.013455893286740331,0.05892446281430416
744,0.014733776651603114,0.06259828077671223
745,0.015544151659576124,0.05932450411201719
746,0.014938368307292274,0.06248662726286061
747,0.016355355673098825,0.059231942673598915
748,0.017043382195072676,0.06317322718021565
749,0.01665028234283939,0.06262072355936942
750,0.018403065948510617,0.05970077537803124
751,0.014404593622399535,0.06200525553005381
752,0.023813167268696436,0.062023945731626715
753,0.01964675534084486,0.06055177334593352
754,0.014541517259979323,0.06137381885247422
755,0.015634956209099965,0.06259780663782194
756,0.01819425859841807,0.06373385111229461
757,0.017976695327175822,0.06150736266695766
758,0.015931304684346746,0.06235041779309586
759,0.016915277875726314,0.060041333518380806
760,0.014500080599072958,0.06150894576594943
761,0.014356974062734637,0.06036337808633508
762,0.015636864567882026,0.058799354168107935
763,0.016209235306840892,0.06022066485724951
764,0.015140960179853216,0.06194278943284711
765,0.01649807147144524,0.059344735173952015
766,0.014742000533565645,0.05931055037897631
767,0.013634113764221018,0.060932065143172905
768,0.01373650998367598,0.06126479727955988
769,0.019331935454498638,0.06304290086815231
770,0.014912128600300667,0.06171345074000514
771,0.014760372342781214,0.05986626561086877
772,0.015288092625155158,0.061078161225283055
773,0.015205234303766845,0.060747802677683364
774,0.025314709040275,0.05866490268991107
775,0.017353207675804352,0.059552370297505444
776,0.024284690951338755,0.061696625573742656
777,0.015458946808191676,0.05931962851929784
778,0.024040591736619002,0.060390980284016835
779,0.014435098068584283,0.06006581656504096
780,0.012845339787814498,0.05854008062964394
781,0.012638583852322685,0.05881438626531969
782,0.015743301763873677,0.05894544630085018
783,0.01571935833925177,0.06068408812272519
784,0.013263798882268066,0.06030621519662384
785,0.01431369798719229,0.060627638957554235
786,0.012704915840026913,0.06067769162188795
787,0.019761458255327234,0.06453066995194681
788,0.013998544465481861,0.058968582034185715
789,0.01455027490655737,0.06282514454166692
790,0.015286022020638177,0.06029122773753969
791,0.015888559334213643,0.062409666742672
792,0.014699660767115022,0.05869261976471521
793,0.017008658659098477,0.06129236780760581
794,0.02107582224655581,0.05931903436817322
795,0.014978035323929077,0.061071203354008514
796,0.012500841996769733,0.06289546779896084
797,0.014744260543986547,0.05974730253593067
798,0.01709679644671634,0.060187493518629766
799,0.01389806665083084,0.060706106072903276
800,0.015528755726695622,0.06032737952313925
801,0.01756276655650251,0.0614374102301018
802,0.016429747346800323,0.06150551409201514
803,0.013552247891114984,0.060068266265523765
804,0.013639026984198714,0.06239356819474906
805,0.019108315883058367,0.060667295158282855
806,0.014425709286009817,0.06056720125757363
807,0.013786501791269801,0.06180292589211822
808,0.01950928637156479,0.06022592262367258
809,0.013488991296964006,0.06438243153848146
810,0.016309920972837923,0.06199400844916066
811,0.01680099012090775,0.06174011075668467
812,0.018833618847577362,0.05960614293963091
813,0.01324411587888918,0.059662950834385435
814,0.014873498437640062,0.0607872339044896
815,0.013798756679654309,0.06268565285773504
816,0.014933304046645621,0.058966881331793945
817,0.016416079390992565,0.05942753251445921
818,0.014181673348674019,0.0611172960534281
819,0.015102884259226741,0.06067739541929467
820,0.023794950794743894,0.059945868697008096
821,0.013995790608857866,0.06408745383745745
822,0.014191310633803049,0.06083272337764128
823,0.013712116073361572,0.06026070440808932
824,0.013212016395360324,0.06200987293868136
825,0.013313762017388516,0.058967784663340204
826,0.015193247904878426,0.06144392062772187
827,0.012916940162221092,0.06075937074975561
828,0.013480361156912993,0.05980103987649569
829,0.014569084390670901,0.06404865584464599
830,0.01540630760377851,0.06256380483956266
831,0.01263690786874126,0.06093007970349233
832,0.014062832638060786,0.06161551003841529
833,0.013291961881317501,0.06032777401177507
834,0.013875602245284098,0.06064043100689886
835,0.014151319204523085,0.05997664589705622
836,0.015667377705437635,0.05909350053185508
837,0.015769728763046498,0.061337754036997795
838,0.013358983818476663,0.06278910664351363
839,0.01565981305388261,0.061015255235714425
840,0.02384515236887999,0.06079180951330596
841,0.013270898692917114,0.06167378980563697
842,0.013160969425565022,0.0613895153024591
843,0.0133487617182414,0.06098164212808274
844,0.013902103186798133,0.059271221378243956
845,0.014019406742203198,0.060544599958679134
846,0.014296906755005117,0.06105437146541767
847,0.014657283178457646,0.0649566594091125
848,0.014683453155955924,0.06581125371064757
849,0.020905415603429733,0.06207803374431785
850,0.011943266423401601,0.06052776000329426
851,0.012441801117458687,0.0595116793623843
852,0.01675746181752054,0.06022800062608002
853,0.014673599906172312,0.061736542731523514
854,0.013612117028582059,0.06154517018070496
855,0.013786137906898713,0.06028434016127933
856,0.022759104813200925,0.06295430295188027
857,0.01817090616657816,0.0643965789772813
858,0.020613105985157917,0.06035613832542472
859,0.016196142485055805,0.06530331949094184
860,0.012894993122421835,0.06099904986812656
861,0.015146184946208912,0.06044373840541768
862,0.01325298699500699,0.061435058993056305
863,0.014184982985912071,0.06227694344438407
864,0.014320752527973496,0.06413824998197101
865,0.013316188997305859,0.06225533829185001
866,0.012549552719070807,0.05997618881607414
867,0.012134650672514423,0.06423740734096457
868,0.016311625555905054,0.0614922453548974
869,0.011984525884860736,0.06204531071964362
870,0.012331613584722284,0.060389282111834766
871,0.01405954235715085,0.062006893416021704
872,0.011659074735281796,0.06002746254467128
873,0.013718639065432699,0.062346617735567544
874,0.012551985558437704,0.059512598603441005
875,0.013799393631307683,0.06074272255812373
876,0.012591823993898858,0.06003621754640326
877,0.01607811742325001,0.059114327808295876
878,0.011882650049922982,0.060580970668105555
879,0.015470885575331491,0.06418997725299128
880,0.0202463765462224,0.062485726321475546
881,0.016495403147603276,0.06078162907919191
882,0.013064949974697959,0.06287392350217155
883,0.012002146218941316,0.062244977325873266
884,0.014120891684415198,0.06406393298939954
885,0.012500102421543254,0.0603304587976825
886,0.017252448125856235,0.06001982866858779
887,0.015312708622329287,0.0614793617698483
888,0.012506684291302037,0.06047454348445536
889,0.013019734558570535,0.060569309557141515
890,0.015805014756546124,0.06021606676597942
891,0.01242820758279121,0.06088099209475039
892,0.011915702956690684,0.06150868648947928
893,0.012441324096371574,0.059665768068834654
894,0.013556224133433967,0.06225896672460071
895,0.012560066285318342,0.05961538038046139
896,0.015306423444499416,0.0624457918443626
897,0.013916298531019201,0.060120907633152226
898,0.014434557924847057,0.06106603179211007
899,0.01507542616918356,0.06359229288192321
900,0.012970062571236146,0.06005499342965303
901,0.01772293117668094,0.06135469193297221
902,0.01426654155760256,0.059990407352832925
903,0.011700979985740491,0.06415303710633352
904,0.0151728085099156,0.06086542163240282
905,0.011984431298689036,0.06255411660125978
906,0.012159263484506959,0.061433186273751106
907,0.011890757843548415,0.059879851996674574
908,0.014221808700866086,0.05973991746068897
909,0.014236172877228746,0.05931637325046355
910,0.012725092929008426,0.060056263753644805
911,0.011797022188321737,0.0608767049858594
912,0.011597905080286687,0.06064339878415703
913,0.011539923415452149,0.06092732029974012
914,0.0119517671358903,0.058708988475545607
915,0.012295558315856516,0.06209808792498775
916,0.012862780300731009,0.05893854936001295
917,0.011868290825043353,0.06280234159159481
918,0.01372185780675527,0.06285698216100384
919,0.013345130447730376,0.060379386461692344
920,0.012901593834675592,0.06323174204219852
921,0.01279308274680264,0.06057071358077508
922,0.01210174524169824,0.059948520001985674
923,0.014062456704886355,0.0611387772817062
924,0.013060437915350389,0.06176612009866196
925,0.012960858316070233,0.06096329336477103
926,0.02249907647320843,0.06262161860004403
927,0.011522700075865913,0.06020585198263477
928,0.01360705643775508,0.06085514745915444
929,0.011442412855833488,0.0594465496826142
930,0.011605204561824522,0.061191515833662266
931,0.011312901871541638,0.05959140902436467
932,0.012994813770756453,0.06038489053609377
933,0.01388406200001606,0.06071208721787708
934,0.011973328932208888,0.0586823788389825
935,0.015254793031765936,0.06297480108631882
936,0.012955797748599307,0.0611030009194723
937,0.012779687347363528,0.059555793521846444
938,0.014018688891024611,0.060002453410461135
939,0.012007614329083587,0.05952092369360135
940,0.011412106238328924,0.05911533119049586
941,0.011199297961489907,0.06080946033087589
942,0.012577632950110869,0.05914771686632531
943,0.012110508940413267,0.060295432778005316
944,0.012027989016104268,0.06246802381666979
945,0.015074061261939591,0.061218039004276865
946,0.012988518100220208,0.061497925451599565
947,0.013371011128409716,0.060807394223255026
948,0.012478021747172814,0.05910279960336542
949,0.0116563895162557,0.06044823428928703
950,0.011638017204885012,0.05985329993872117
951,0.011771250028618637,0.06001280977351026
952,0.013783443126488815,0.05915083214267155
953,0.011737166025141563,0.059854657839712944
954,0.013427072219246982,0.06497644423915629
955,0.013059253970797532,0.06267265990413819
956,0.012194389687576638,0.06149030806389369
957,0.012057120649021435,0.06219986663725143
958,0.012355818509541708,0.0601722928963807
959,0.012038867459355103,0.06181016956505023
960,0.013002988569975647,0.06143872931898387
961,0.012747937153592752,0.06016721328099569
962,0.014640550240056829,0.0613665211301549
963,0.013421755797904113,0.059718095839845206
964,0.014512681738009273,0.06076722843269059
965,0.01165264152095516,0.06269583700780283
966,0.011518251454475157,0.05993611116270374
967,0.01123319483919764,0.05872439386738572
968,0.012943402773534243,0.0600188815858878
969,0.01144603818222927,0.06192246395954512
970,0.014455409472381994,0.06119314885527866
971,0.011896912428932878,0.06094760306758391
972,0.014500488506682615,0.06020918173860189
973,0.010945961471985687,0.05835131518449401
974,0.012042106885381253,0.06068218618930133
975,0.012120307931168512,0.0608526494886194
976,0.012009077387216696,0.06100199259537503
977,0.02173657454024755,0.06197225139067884
978,0.013162945741699968,0.06230937708215905
979,0.011991359637962613,0.06152522539659252
980,0.01269841536610945,0.06130222937927808
981,0.011453856103892985,0.06109491654468658
982,0.01184681376740103,0.06145709694216126
983,0.012454717776221355,0.06321522988435022
984,0.01164658973431419,0.06079833407449842
985,0.011821312088297451,0.05942978097457336
986,0.011449822245113154,0.061563568875977866
987,0.01267582137826655,0.0613132477142757
988,0.011565637211300736,0.06118822193944962
989,0.011181428105946993,0.06124156183168703
990,0.01298480681771395,0.06072453331006201
991,0.013068306928377914,0.06134364951896787
992,0.011534420192405161,0.06293284163849994
993,0.014326387794460622,0.05978839328153092
994,0.011689247327001304,0.06050796119640943
995,0.011545856880333542,0.06203521684484374
996,0.012322575093296628,0.06091045932774257
997,0.012185066687322709,0.06173081963059299
998,0.015016712624941687,0.06087413004466465
999,0.015207962897901064,0.06202116902721556
1000,0.011566471632534995,0.06060777112542836
1001,0.010920902360872975,0.06200529620014038
1002,0.011671355680261846,0.06369193771242498
1003,0.01187619090453958,0.05976708301513416
1004,0.01086805596492227,0.06127971929864477
1005,0.011123035538089125,0.06132559120692406
1006,0.010611573502795076,0.06064473468819657
1007,0.012434037627074224,0.06237008579467472
1008,0.012759820295375156,0.06305641192653424
1009,0.011906954629177397,0.061495760749829445
1010,0.011649464604482756,0.060437377280833426
1011,0.010590174898131514,0.0608126921929363
1012,0.01182216406160481,0.060606751105465685
1013,0.01241899789150419,0.05961106418816368
1014,0.010581410276852431,0.06121780533801045
1015,0.010558044155446526,0.06123194288938565
1016,0.011932375312412046,0.06101195320935178
1017,0.011900321589228128,0.06204497542484362
1018,0.012525010518262566,0.06254056055929727
1019,0.011089185962225762,0.06199829942339046
1020,0.010873475725117335,0.05973137715331893
1021,0.012484365137042857,0.06062142385688043
1022,0.011295230101595478,0.06275849511151325
1023,0.011234824423062204,0.06230075535058677
1024,0.011505903681991243,0.06114000670219723
1025,0.012574748398858738,0.0629561570073877
1026,0.011707079477117726,0.059455975964852144
1027,0.012117496510634788,0.06320342374848842
1028,0.011906213086203534,0.06018791570886036
1029,0.013593669484448283,0.061816720688776264
1030,0.011794311490762384,0.06152988087974096
1031,0.01159917407006399,0.0603399605567294
1032,0.010716520725723157,0.059366675658632344
1033,0.010921736805463286,0.05987149496611796
1034,0.013686366697487226,0.061718298238993885
1035,0.011073574032576106,0.06034932407856286
1036,0.011459722948555476,0.06141814374759382
1037,0.010463839767611699,0.06013129982060956
1038,0.0134325205993643,0.05985494784282563
1039,0.01370681927694142,0.061413378345040154
1040,0.015527042674140124,0.060707064611571174
1041,0.012232731064331943,0.06391148257038946
1042,0.013501199406095806,0.05938925082447535
1043,0.011393418675726484,0.0653758352823126
1044,0.014632992545685798,0.06028691490640616
1045,0.011087664303758115,0.06051697596944962
1046,0.011673832218802088,0.05952304926581849
1047,0.014190146533135897,0.0633813700169549
1048,0.011034313881285139,0.06111269929728711
1049,0.010538954255652839,0.059112262214186195
1050,0.011870801060527656,0.0596273569460202
1051,0.0104837281553536,0.061709659682927576
1052,0.011825818548031549,0.06117987361991017
1053,0.011146842440747916,0.0626326701358745
1054,0.010825808557059884,0.06353156144420306
1055,0.01156427994148578,0.060547483398726114
1056,0.011420477164156012,0.05978649566160109
1057,0.010985586036078422,0.06102533360247624
1058,0.010444698096209185,0.06060421966333736
1059,0.010487230471262364,0.06121730657859255
1060,0.01154268032296044,0.06182576036244108
1061,0.009975501569717842,0.05980661362036129
1062,0.010428135102281936,0.06198088421409292
1063,0.011193115144477555,0.0622239026397392
1064,0.010833302921495841,0.06018162555152312
1065,0.009678385643796488,0.06031326664831106
1066,0.010521407808442847,0.060686397961431875
1067,0.009555688875268992,0.06135912807214828
1068,0.0102946227358006,0.06322988135772839
1069,0.011519158694040625,0.06074423561418863
1070,0.010190561615210902,0.05967370016420993
1071,0.010375357101610088,0.06000683972037824
1072,0.010811288029445938,0.06133166784630682
1073,0.012817497476117925,0.061151115695262014
1074,0.011262089136672617,0.060008955470526724
1075,0.01171729083356906,0.060087512450334724
1076,0.013531934128356017,0.060685765763796064
1077,0.011590871825627399,0.0639687085846313
1078,0.011545610833083949,0.05922774902374523
1079,0.010065098065404123,0.060568749577852715
1080,0.010634684768800265,0.06061638127965736
1081,0.010700529505466592,0.059925944985527745
1082,0.011275813806813712,0.05943981886731652
1083,0.010089185459650235,0.06043651492748046
1084,0.01306171970716371,0.06288867674413182
1085,0.011357931992430298,0.0605647291586662
1086,0.010982081367047416,0.06312094465420957
1087,0.010579509917518189,0.0610001012309452
1088,0.010684323155534305,0.06153091815367976
1089,0.010422434993555366,0.06087905659636758
1090,0.010313275871582353,0.06185785324352427
1091,0.01248100893659558,0.06045818415687496
1092,0.010420118254203595,0.06052245661840403
1093,0.011074926791753514,0.06065552789988673
1094,0.011884170534749015,0.059630644818147026
1095,0.010909809923634446,0.061055804096293034
1096,0.010797305155230166,0.06065979638232623
1097,0.010143541549930938,0.06217993092828227
1098,0.011457204666911247,0.05981329569877837
1099,0.011419114107879165,0.05944307842163514
1100,0.010527692933721602,0.061928915153992806
1101,0.013189510340133805,0.06031628815751327
1102,0.011362636739207099,0.06390280638795748
1103,0.014852629063598414,0.058225257065436596
1104,0.011628398455702772,0.06369117698760558
1105,0.012389813079776062,0.059015671785612754
1106,0.010973713801572315,0.06276423156373483
1107,0.011210744955276247,0.06077058443374801
1108,0.012086686114766007,0.06124089081260495
1109,0.010323385424841907,0.06211899969736138
1110,0.01062112990007692,0.06039755020225257
1111,0.010061539560673191,0.06011822816908808
1112,0.010956191752678174,0.0638043470307251
1113,0.012552282910175084,0.06175028884732036
1114,0.010773909581842654,0.06322887747135378
1115,0.011518178414261454,0.06270018034150128
1116,0.013136995792809325,0.06195536650773278
1117,0.010016759337863205,0.059468309205949754
1118,0.010069661125610802,0.059868616782558295
1119,0.010835546156432374,0.06189085909149103
1120,0.009855951836513688,0.06169049062749796
1121,0.010189212514175143,0.06134490905922457
1122,0.00975895809377529,0.06173732641496157
1123,0.010316711660696422,0.05966631842212271
1124,0.01081934200780799,0.06113076798225704
1125,0.010496168753546795,0.059943104671655145
1126,0.009742900381758108,0.06400542846299652
1127,0.010387935109296375,0.06244403636433128
1128,0.010668925800854136,0.0627845191679204
1129,0.010783941721467762,0.06102313315099044
1130,0.01086925903516223,0.05919527586428145
1131,0.01144374265017274,0.06126779238495014
1132,0.010820761501065056,0.0601266542342223
1133,0.010150088283428952,0.06105176667521771
1134,0.009769076131120744,0.06011145495643891
1135,0.010633706302034631,0.06195092347817015
1136,0.011035510163672478,0.06118975279101154
1137,0.009685351284144907,0.0609946175382699
1138,0.009887195247748054,0.06216128851126011
1139,0.010695161309595393,0.05897627480533488
1140,0.009886036162793075,0.06104163472589694
1141,0.010448089514663413,0.06043222337438349
1142,0.010640250197772321,0.06297643403324268
1143,0.009872392292913972,0.06165091906275068
1144,0.01043333777089291,0.06274997265565962
1145,0.01017488246684351,0.06324909750680278
1146,0.009927583811658676,0.05978443343799216
1147,0.009565824441331494,0.06462477886101656
1148,0.009565238146035462,0.06057043036534673
1149,0.01025342667142519,0.06257427838586625
1150,0.010769718504718105,0.0598852065086066
1151,0.01089334257565976,0.060338175489116734
1152,0.010418452056807971,0.06203718007283103
1153,0.009805819486796295,0.05901174487214638
1154,0.00975620115561218,0.06030434914362759
1155,0.010040592816789696,0.06302710567463311
1156,0.011462464216267428,0.061912009497184804
1157,0.0096179950883069,0.06127387123709932
1158,0.010091138781751958,0.05998317418353898
1159,0.011512461967976489,0.06145880166861348
1160,0.01634646253222395,0.06021089932150709
1161,0.012153657404326347,0.060997033991237036
1162,0.010358717800541357,0.06382374539224427
1163,0.011147627285842237,0.06186864475595921
1164,0.009938724680590592,0.06229274183100925
1165,0.009359487163072283,0.059294390564499644
1166,0.009861908984431839,0.06031527247905433
1167,0.01158160103782778,0.06028531535638305
1168,0.009369358826183413,0.061106774545178974
1169,0.009420051271545476,0.06107935269262856
1170,0.010535059923008318,0.06114616509256208
1171,0.01144248070516463,0.06301248279916015
1172,0.010151806789622598,0.06410873495509152
1173,0.011371606079201714,0.0613380383167948
1174,0.009957601789233265,0.06295567358794965
1175,0.009544580240608383,0.06392530978360869
1176,0.010616045445203781,0.06270662797871687
1177,0.012296505803738643,0.06059901073649712
1178,0.010124894626859027,0.06348315519012306
1179,0.011715000314305194,0.0608231600252608
1180,0.009920429368284429,0.0609768128260634
1181,0.009782539333178892,0.060963876937565054
1182,0.009458802856481562,0.0599932976459202
1183,0.010525671768127751,0.06273891154051126
1184,0.01031917548478584,0.06060750725536717
1185,0.009406837637661767,0.061125546254983225
1186,0.009962145837613595,0.060175212805059025
1187,0.011525943805244649,0.0626770088211038
1188,0.010779384640410403,0.060677667776295414
1189,0.009959062905894552,0.06049488720140959
1190,0.011390905068212168,0.06020802340673325
1191,0.009683867592399583,0.06256534192795143
1192,0.009022667058115842,0.06004530067245165
1193,0.010256468119876325,0.06135617474789608
1194,0.009924347748904019,0.059517755217495416
1195,0.010755848089892849,0.06025563087080953
1196,0.009196215814277296,0.062416739295001016
1197,0.009104397171249957,0.059551778144406195
1198,0.011435996545449507,0.0627324615318076
1199,0.011229558412838132,0.059944413686381245
1200,0.010355114831726379,0.06174710651574876
1201,0.009362011987330585,0.06173913816648318
1202,0.01060982390969618,0.059562503525935916
1203,0.009982712505542933,0.059996123189914194
1204,0.012269458546650633,0.0625721656420924
1205,0.010309072841998178,0.05899706559447119
1206,0.009228016664405415,0.06003181090144286
1207,0.009427355590705587,0.06295918587380483
1208,0.010075868592016562,0.05956896302059181
1209,0.009119423523802182,0.061135951560317425
1210,0.009240228133889201,0.06018112673608581
1211,0.009291691130441745,0.060500995669149814
1212,0.009363850435609914,0.06085573184422981
1213,0.008956436575813726,0.06074965793760797
1214,0.009133071387566182,0.062295943489274884
1215,0.009413647865380239,0.06000158447482831
1216,0.010106131475313704,0.06058472369734506
1217,0.009636633849898383,0.06314029922722873
1218,0.010665024096455693,0.06147862088523413
1219,0.010045935537047147,0.06087974162030041
1220,0.010250271601619952,0.06291229185417183
1221,0.010383778023986047,0.060477271433312794
1222,0.009920809671960094,0.05904228454058929
1223,0.009082198251027112,0.062593496252869
1224,0.009354516090153713,0.06030055618189033
1225,0.00989482389488564,0.06030782775248501
1226,0.009749759225098877,0.05978984971131597
1227,0.009854554811778674,0.06259223440648022
1228,0.009664413425779455,0.05920946021053128
1229,0.00917379675158606,0.06226966141683416
1230,0.011033556070821038,0.06242706314812328
1231,0.010547077703672143,0.061418145222771434
1232,0.009178682650821897,0.06170438476523062
1233,0.009358920694144915,0.060525990191632344
1234,0.009575754042049186,0.06238213319676861
1235,0.010502205980608829,0.0629900426214052
1236,0.009569730603816367,0.0612175596555821
1237,0.008847747503146295,0.062392826124390864
1238,0.008800363766619218,0.06037301656073496
1239,0.012865423706584963,0.062684090990097
1240,0.008864078787520388,0.060851678877770154
1241,0.010007822716777975,0.06020452965396389
1242,0.010288956554659109,0.060560067569402826
1243,0.00872974800161994,0.06174617752731593
1244,0.00893463684263461,0.06313838048798398
1245,0.00898777720661466,0.0605305806455905
1246,0.009023279903404017,0.0621928726241254
1247,0.00912331748274987,0.0613851373487696
1248,0.009367769715437508,0.06253925450426295
1249,0.009858286084145962,0.06258374324679972
1250,0.008971931129623916,0.0610309491554896
1251,0.00878311499521183,0.06165781377214836
1252,0.009743117753614826,0.06325049220320575
1253,0.008556749838109487,0.06199979531884492
1254,0.010026548933646523,0.06211458745979725
1255,0.00908733801595096,0.05911223975974217
1256,0.009951077626440031,0.06147025322966408
1257,0.010055926812339726,0.061043187256967814
1258,0.01000693943760238,0.05955116834519501
1259,0.009570462357684923,0.06064071791960781
1260,0.010212324463344854,0.06325180286116767
1261,0.009193632042263183,0.06192745169377267
1262,0.008839555697801718,0.06017731361670004
1263,0.008792126215527237,0.06079174282220671
1264,0.011198545590066424,0.06184553250409009
1265,0.009116908903219109,0.05998713587571804
1266,0.01185055970298973,0.06279209357940763
1267,0.00906953225963308,0.06149471935846453
1268,0.009125649016700849,0.06209665642383702
1269,0.00932678704363145,0.05977280657355648
1270,0.008905546278415428,0.06090806582405752
1271,0.008889277521112121,0.06046205647009656
1272,0.011245075414733827,0.06002960384900408
1273,0.00940819419219763,0.06219562085200671
1274,0.009465381754182723,0.06276055638279233
1275,0.012954212389419259,0.06310451061541873
1276,0.009740093553608114,0.06135511283475654
1277,0.00949667894564639,0.0606694977571791
1278,0.008888287536893332,0.059578800690652134
1279,0.008883025853377899,0.06344221109398325
1280,0.009511866560059841,0.06270918763595118
1281,0.009641079468576699,0.06003852809468905
1282,0.008841003521949893,0.06018310079449102
1283,0.009233122504663691,0.060928589820787124
1284,0.0087947260579649,0.05983120182477741
1285,0.009018432240944858,0.0599706180972563
1286,0.008442718014529787,0.06297154184010692
1287,0.008388459704360899,0.06058514443107117
1288,0.008422481582199331,0.060509898534095975
1289,0.008920143285421742,0.06277793571166228
1290,0.008892953436716597,0.06129801657078858
1291,0.008397167066818681,0.0598810795405156
1292,0.010933282547177845,0.06135823606585799
1293,0.00981637741494515,0.06098900462750504
1294,0.008136859700831126,0.059572659647629075
1295,0.009717853839120895,0.061961204896594645
1296,0.009346994863338419,0.06151612020823591
1297,0.009307487932001722,0.06199019688898161
1298,0.009473100908941422,0.06088627522862645
1299,0.010205332665677915,0.06119748550399503
1300,0.009612194904736403,0.06324760407620206
1301,0.009472330153385486,0.06134211064729476
1302,0.009732721685826031,0.06295309240992804
1303,0.010886794032067715,0.060744126703132666
1304,0.009831901709768092,0.0619695475861841
1305,0.009296031257131817,0.0628155448607036
1306,0.008916800285523122,0.060319584311175165
1307,0.008640287407501645,0.06340454924935685
1308,0.008491520616620032,0.06302507120863836
1309,0.010137202659020416,0.06168856017086141
1310,0.010442821484140842,0.0613765865377615
1311,0.00913598116627401,0.061340828260458204
1312,0.008501087227795379,0.06076110795812499
1313,0.008515229458894382,0.06286699166124626
1314,0.008518405284931106,0.060004174513252156
1315,0.008623523155933824,0.06025908313187441
1316,0.00949993699666428,0.06055420057329917
1317,0.009866452632839777,0.05977172224331918
1318,0.008458100822768802,0.06415966700267672
1319,0.009292972563155767,0.0617011188153635
1320,0.009226992799313652,0.06200670975640902
1321,0.00849555525636785,0.061911527095432566
1322,0.00851386187008369,0.06030814678298501
1323,0.009126264596106864,0.060622279431885646
1324,0.009137152072310821,0.06034314996541891
1325,0.010279744224138208,0.06258283991525347
1326,0.00852634999784276,0.061257753138404744
1327,0.009046909720476332,0.06118416146638997
1328,0.008148754914772922,0.06348832445522598
1329,0.010141114361268879,0.05905609976565629
1330,0.008428415619304,0.060707934844986836
1331,0.009169113001900034,0.05957267858218728
1332,0.009402081922140428,0.061125101853059347
1333,0.008802205553354234,0.06234343103448251
1334,0.008216380655508617,0.060566943334905726
1335,0.008235624749038287,0.06038827611539597
1336,0.00963036172080283,0.061043632219085715
1337,0.008533606216673473,0.060061484846032055
1338,0.009137770509913703,0.06047721333185533
1339,0.008342364432179256,0.06385908637167816
1340,0.008550729599655795,0.06033279779448844
1341,0.00837484657834503,0.06264760850328849
1342,0.009001955559307879,0.06195047104679851
1343,0.009176776610127998,0.06161910786589883
1344,0.009090007884211862,0.06348520207375213
1345,0.008506468911786625,0.06237267218250081
1346,0.00832996898999315,0.06022319234067336
1347,0.008408844795043006,0.061307960490983235
1348,0.009648092704179892,0.06168616906667413
1349,0.008363172044060821,0.062119211721465104
1350,0.008932176116141593,0.06161179516772579
1351,0.008573102493271185,0.06033779648984584
1352,0.00877203338058391,0.06060075056844188
1353,0.008578624220150391,0.060995074712617656
1354,0.008907204607741026,0.0640228862843866
1355,0.008368367337998365,0.06033602146837944
1356,0.00871699633584781,0.06041779924641576
1357,0.00833947149318494,0.059874603370750755
1358,0.008200314228764521,0.06067932831277525
1359,0.007855976730304826,0.0631008824721016
1360,0.00843135179035062,0.06199028767776071
1361,0.00828761647989664,0.06061250290700367
1362,0.009434025632480282,0.06390588500894102
1363,0.009005679892008208,0.060208507395701896
1364,0.00890997336406646,0.060746080855976665
1365,0.007984104407162969,0.06234250739590267
1366,0.007538261043847915,0.05893012134353619
1367,0.009046260956499644,0.061849725257633326
1368,0.009113971373142214,0.061099592372214885
1369,0.007808671883222732,0.06076376074761675
1370,0.008434325674122497,0.06271054499542206
1371,0.008222173823504986,0.06156399442737264
1372,0.009677629824435824,0.06380702009924073
1373,0.008443960505406311,0.06171523125137303
1374,0.009819182033028721,0.061899220780994656
1375,0.00817533851627459,0.061984165429247354
1376,0.00842579706720891,0.06255035691504789
1377,0.009251812995531156,0.0611037203860014
1378,0.008763836817903485,0.0611625956394768
1379,0.008114911027567982,0.06293950207475432
1380,0.007895075619734567,0.06065679901748672
1381,0.008482842031737855,0.062271051781069967
1382,0.00832879889265964,0.060227581656965096
1383,0.009449068261281264,0.061601536595881135
1384,0.009351654238064647,0.06089706710518751
1385,0.008725499246724907,0.06291887395662771
1386,0.008608556749608635,0.06037113251617379
1387,0.00896682182391142,0.06236549941145985
1388,0.008018814195181042,0.06171371059534245
1389,0.008891541236386778,0.06060765944141194
1390,0.009298477317483915,0.060961744615009854
1391,0.008345811186959751,0.06272920205218152
1392,0.008573286804636256,0.06304564248574407
1393,0.009006541993083626,0.06122199868909398
1394,0.008576002824455966,0.06080293979374388
1395,0.008347248273163006,0.06230295643695913
1396,0.00900463384450603,0.06289990291111451
1397,0.007958248330624687,0.059934088180686594
1398,0.008477184114259519,0.062166152321231696
1399,0.008841466652025063,0.06269427614851404
1400,0.008287084475743547,0.061875365095628534
1401,0.008125115289618508,0.06184190516371775
1402,0.008644849445881047,0.06217666270962933
1403,0.009297142465099646,0.0640123591088412
1404,0.008250830803054814,0.06519735645605508
1405,0.008925903749106259,0.062499384785579856
1406,0.008358776620457819,0.061024842723121024
1407,0.008325163476449382,0.06144423394424276
1408,0.008619345895373803,0.060054183650509754
1409,0.008584419531064534,0.06194796170432466
1410,0.007758549416034853,0.0643515017415796
1411,0.00790929759569396,0.06064281998234883
1412,0.007834587923505089,0.062252870525109735
1413,0.008327223376595768,0.0626879358071283
1414,0.00876358489952631,0.05944534110134108
1415,0.007818610160713753,0.06113195557492718
1416,0.008530571361927777,0.06218897355230231
1417,0.008007093837782506,0.0627362569023792
1418,0.007719990134612893,0.061524366852558944
1419,0.008398233508533538,0.06054264692622319
1420,0.007847940197453884,0.06207426483357759
1421,0.0083035834346749,0.06259042653897054
1422,0.008759660846305585,0.06419022284205396
1423,0.008765774700195064,0.06272450778493308
1424,0.00794541333921744,0.06201597990323428
1425,0.007844165093075705,0.06092659345732297
1426,0.008154003419635998,0.06605116649528493
1427,0.00837251911564587,0.062188547524742614
1428,0.008959428214564406,0.06302210259108913
1429,0.007800392993378415,0.06141487730288864
1430,0.008414067345493265,0.06097742940362235
1431,0.007910608604468615,0.06279165794452031
1432,0.008905254391994221,0.06078913207527689
1433,0.008158143933827414,0.06164331349513883
1434,0.008034844739730455,0.06349284288690503
1435,0.008807367507987262,0.06259193254592724
1436,0.008786616473222228,0.06303156198079425
1437,0.00764806010120995,0.06169001176430468
1438,0.007931996484325037,0.061837410558958104
1439,0.007955773040173477,0.06164645383083133
1440,0.007734825729529686,0.060337173217968235
1441,0.007824439424028778,0.06060970112457311
1442,0.008178347679363056,0.06243494776705453
1443,0.008360537195280428,0.06111641340237811
1444,0.008162979918260559,0.06087819945281908
1445,0.008036211299415105,0.062269677979904306
1446,0.008674474598016579,0.06139418506121874
1447,0.00775756502851003,0.06109691615727611
1448,0.008059397350039134,0.06158405917703657
1449,0.00763816563821278,0.061417984885903526
1450,0.008247407232075463,0.06186211023264959
1451,0.007590828826913733,0.062001747436317284
1452,0.00812627671893721,0.06307484090963103
1453,0.00782755827735584,0.06192538482055329
1454,0.007950506850399754,0.06043833694922596
1455,0.008016352512549644,0.06184580980013486
1456,0.008147157880486366,0.06062072080403641
1457,0.007569875071835369,0.06084474576707173
1458,0.009557685587076372,0.0621088107949809
1459,0.00816362721956449,0.06114887306116577
1460,0.008023131656282373,0.06264296344908557
1461,0.009134326824994297,0.06413056695819798
1462,0.008100010240070966,0.06092457165171329
1463,0.007895510124048469,0.06232236586231038
1464,0.008083860781102159,0.061660899498259515
1465,0.00828450570776358,0.06669622694228526
1466,0.008613037924956659,0.06277638703659363
1467,0.008400752547789703,0.06349641364768036
1468,0.007667005197860324,0.06099276143805425
1469,0.007628512215511552,0.06167726344744066
1470,0.0075584240710263526,0.06290398667890924
1471,0.007976574443724462,0.06292410526321944
1472,0.007819811769740708,0.06111127545212146
1473,0.008512632918418575,0.061669713833875824
1474,0.007457392287315059,0.06148160774643559
1475,0.008447169022617109,0.0618282885647806
1476,0.00771922202412985,0.06200631640683439
1477,0.007481123240471914,0.06427179416991714
1478,0.008009729785757098,0.06377627687496051
1479,0.008025534661212311,0.06187342445279721
1480,0.007391651169773553,0.06168202713206597
1481,0.007774974412188448,0.06287907807151775
1482,0.007496969908662724,0.0629868704106724
1483,0.008143243790081583,0.060870569824873655
1484,0.007846258157356218,0.06021920439406744
1485,0.007636421462258201,0.062274176702090074
1486,0.007399267229458849,0.0624689117522168
1487,0.008233431396789873,0.0641650093023789
1488,0.008167196103141039,0.06296502577519059
1489,0.008015073549738124,0.06459973025180045
1490,0.008577206196864851,0.06111334195187815
1491,0.00762996082646673,0.06266663322472632
1492,0.008647521954835582,0.061711342431100685
1493,0.007804495324804025,0.06226021605065293
1494,0.007644731383537144,0.06232594890067153
1495,0.008721387656084422,0.06160402199006021
1496,0.007549385419027839,0.06123533984062666
1497,0.007826788508593101,0.061859730425708574
1498,0.008157619895547816,0.06416719895145648
1499,0.007672103313104393,0.0615630094848928
1500,0.008592415619991883,0.06322066702490163
1501,0.008675314535658375,0.06204260909990559
1502,0.0075740669270084006,0.06082424444886377
1503,0.007494447085726131,0.06357144586797944
1504,0.008033782189717767,0.06076271062656154
1505,0.007621387145292236,0.06350786183823022
1506,0.007844577772618742,0.06059342558334645
1507,0.007613729399433331,0.06441097001645499
1508,0.007245183299035768,0.06067630813870215
1509,0.007795401974391414,0.06274280326445598
1510,0.007387773532326973,0.06281067775492381
1511,0.008125941953723988,0.0627550038889536
1512,0.008377011166155619,0.06061680381534094
1513,0.007594817189563965,0.0616073148479139
1514,0.0077636585421977,0.06079339910121191
1515,0.007291326579582355,0.061809052678203226
1516,0.007948550683238943,0.06312311203557447
1517,0.007336623809040527,0.06162696189823605
1518,0.0077488341406688425,0.06514956960851387
1519,0.007761616617452855,0.06268477062683057
1520,0.007526883128504955,0.06179529005535563
1521,0.0077668858537316135,0.062413499095386134
1522,0.008104726016743337,0.06068603516110502
1523,0.0077920478234377024,0.060971814280091075
1524,0.007470367511378187,0.06235439621640327
1525,0.007357026104374459,0.06179073885232584
1526,0.007309422566961252,0.06278714651526664
1527,0.008329769386253013,0.061172713873380406
1528,0.007752444735234808,0.062299009449873356
1529,0.007027225793692572,0.06304771443805599
1530,0.007943626408549872,0.06170529676111121
1531,0.00743646688794361,0.06105047007812593
1532,0.008982633164613785,0.06440205963557227
1533,0.0072860105406948395,0.061784724011681134
1534,0.007446004060275129,0.06013345653961476
1535,0.007348304091833041,0.060881373101383224
1536,0.007977355621918616,0.06194184715847921
1537,0.008580578228336144,0.06293687712690585
1538,0.008192393324428405,0.06102500457251281
1539,0.007530668595671467,0.0627725603418392
1540,0.007460016425885844,0.0635957614352978
1541,0.007924809030090754,0.06172959735257584
1542,0.007223641661909587,0.062131344879928385
1543,0.00713310104891144,0.06288700122246169
1544,0.00728459904542584,0.06291643067036655
1545,0.007335850033255113,0.0652032764651871
1546,0.006978656603227776,0.061091619830830654
1547,0.007502664411936808,0.061843274679399075
1548,0.00742424677088156,0.061283420220502934
1549,0.007611278859098503,0.0637224720030052
1550,0.007277949501506307,0.06389419995901878
1551,0.007384715501078898,0.06219130382875452
1552,0.007499699915838092,0.06331957113884744
1553,0.007733146064450562,0.060587821813080846
1554,0.007383569429824158,0.06335326083433956
1555,0.007019584334300697,0.06108230940605465
1556,0.007518910324101725,0.06211729647409647
1557,0.007196072426253819,0.060820055663361586
1558,0.007765434457567231,0.06130326253579075
1559,0.0076294803034315664,0.06444953801227093
1560,0.007247089895895656,0.061901382270985676
1561,0.0072073516141051034,0.06324752840332519
1562,0.007270116671382634,0.06195714858764395
1563,0.007482035037387034,0.06034331694992264
1564,0.007561411174323678,0.06280994514250815
1565,0.007296682942693697,0.06368390608924374
1566,0.007426347005470046,0.06193693625486286
1567,0.007649094796211088,0.06100125723800862
1568,0.007802990727932382,0.06252801858056757
1569,0.007206558661541221,0.06101162389929133
1570,0.007236191395635141,0.0635678035424168
1571,0.007590596975764511,0.06131727916928461
1572,0.007579188977826538,0.06257128243084838
1573,0.007793176783464826,0.06058877618763979
1574,0.007053538704390249,0.06309762392613225
1575,0.00736385400532555,0.06165216618537305
1576,0.007653410581515687,0.06262139540940598
1577,0.007267974146282692,0.06489143457104986
1578,0.0073099459220763285,0.06157534524686355
1579,0.008106620977910055,0.061912483271948975
1580,0.007736812466843095,0.06435969182497875
1581,0.007323876721054596,0.06281508504410734
1582,0.007525628745018689,0.06400120986583538
1583,0.007645794245937028,0.06422763572711694
1584,0.007014493405421886,0.06381187527288769
1585,0.00712115457573421,0.06513513203588943
1586,0.007387285541194173,0.061864377029781654
1587,0.007554750187398405,0.06193231453274127
1588,0.007648412062316479,0.06260846419852778
1589,0.007768590464534057,0.06169146405799048
1590,0.006898121576943087,0.06311361061264399
1591,0.007285251787230139,0.06196604749388563
1592,0.006909891113428673,0.061549661358944456
1593,0.006851347742841628,0.061988609961997294
1594,0.007246789045129731,0.061804651915280145
1595,0.007114172387622927,0.06394412105244801
1596,0.007333231831500803,0.06148982508327429
1597,0.007387938557432082,0.06290626808776892
1598,0.006820169005975081,0.06143784809642866
1599,0.007138508884382192,0.06148298470336094
1600,0.007006812843619656,0.06598144092767459
1601,0.007889991453892572,0.06332361569306008
1602,0.007006328341297128,0.06400558132127412
1603,0.006963277374303733,0.06374105269598183
1604,0.007255456646828442,0.06220905556527893
1605,0.006900990130759332,0.06136436229174896
1606,0.007544932158541249,0.06114246347046137
1607,0.007074588972514606,0.06376882405358747
1608,0.006826024448504922,0.06263960978216994
1609,0.006928385792994948,0.06375196183982648
1610,0.007379320238462903,0.06067623873999842
1611,0.0069159856868972035,0.06237366627481647
1612,0.007623708606945777,0.06129153893518269
1613,0.007263524738084934,0.06386408347048257
1614,0.006928090832333393,0.06293453478760887
1615,0.00727438061938951,0.06275999224873115
1616,0.0067038377425793945,0.06404967361449598
1617,0.007835371193525653,0.06265518396047123
1618,0.0074681141545126055,0.061472584393090175
1619,0.007347506339600468,0.062272419429437856
1620,0.00691462186862916,0.06222498926677202
1621,0.007235212010684712,0.06273265291276134
1622,0.006898627191676896,0.06436472532705854
1623,0.006935480599609849,0.06458589853835583
1624,0.007237029656020451,0.06272265484047714
1625,0.007087021622351345,0.06349567882249828
1626,0.007085886271524486,0.061741255167731664
1627,0.008114578389215246,0.06501807587076548
1628,0.007047125551452551,0.062424415148290474
1629,0.007291772037884658,0.062223076437574285
1630,0.0076615236390113455,0.06186112638254811
1631,0.0069809269691382455,0.06183433430946262
1632,0.00938664124782276,0.06755349594623522
1633,0.007156738120957415,0.061897814553931244
1634,0.007055642932863632,0.06309373663705692
1635,0.006920720501671484,0.061785545013378136
1636,0.0074921215717975624,0.06073103658388133
1637,0.007103939937737108,0.06437157185043309
1638,0.007017399936178728,0.061735423958689944
1639,0.007074565382902058,0.06321476076853305
1640,0.00723031298242813,0.06389526696992398
1641,0.007341721169592165,0.0629660754107443
1642,0.0070736709117982825,0.06307518363633849
1643,0.007234556257409455,0.06411247449299148
1644,0.0068531897806542045,0.06455097779781
1645,0.007890979693706225,0.06183937606506778
1646,0.007091431884346151,0.06459093363698862
1647,0.007026324857341645,0.06307725127515637
1648,0.007026406856061056,0.06468572263094716
1649,0.007227116649777725,0.060864740819261784
1650,0.006848982557198938,0.06285607323685385
1651,0.007044888510249064,0.06505534973434338
1652,0.00665567263371098,0.06330224200336258
1653,0.007200294818005125,0.06327544473914574
1654,0.007161620086158237,0.06523990744075979
1655,0.007153682822367427,0.06429509117377731
1656,0.007458828002810011,0.06237422012931721
1657,0.006940950262929579,0.0637448321850527
1658,0.007488722717360269,0.06168298572675327
1659,0.008182196783012824,0.062205730346883446
1660,0.006834138050488544,0.061799941943925726
1661,0.0067938623546993475,0.06314661942030254
1662,0.006698069026909745,0.06248969515612848
1663,0.006834367174818692,0.06105934048916463
1664,0.006762825431401453,0.06299639589393646
1665,0.006974932638385266,0.06368248800474002
1666,0.0070933476353186795,0.060777109424422555
1667,0.007197295137473782,0.06291713445146281
1668,0.007325055530195513,0.06162967429237258
1669,0.006895732686367341,0.06428350621185507
1670,0.00770733685037092,0.06313011067963782
1671,0.007249119974742863,0.06259625952196002
1672,0.006894333823802983,0.062157898609127314
1673,0.0066600520876134075,0.06442971974798013
1674,0.007168068257116692,0.06437253756892114
1675,0.0066369788379621545,0.06331038498378039
1676,0.00660718049778133,0.06221252552847516
1677,0.0068349840110722565,0.06151458998222399
1678,0.007493436816776154,0.06258649653510044
1679,0.006964245003861226,0.06405626642599441
1680,0.006709573259080839,0.06281883454412446
1681,0.007496002047004464,0.06377549031585977
1682,0.007970537023974997,0.061144727998807616
1683,0.006967193514202082,0.06447086098573561
1684,0.006853566624714663,0.06479042742336005
1685,0.007332103354652006,0.06185033808189227
1686,0.00690230120814239,0.06171333748744544
1687,0.006623624082432832,0.0632684072829727
1688,0.0068459078497297154,0.06394287925166893
1689,0.006601513376558742,0.0627326515309494
1690,0.006784161538189295,0.06381633495888614
1691,0.006649082529484105,0.06291672436142326
1692,0.00713720492475599,0.06396929744192234
1693,0.006576465178561341,0.06201346761974177
1694,0.006648463702127104,0.06219520704601343
1695,0.00659699146679623,0.06177761851994316
1696,0.006534551991424217,0.062389246811320014
1697,0.007329052573998333,0.06331330638630946
1698,0.006988920572105807,0.062380782176826834
1699,0.0068465561874584534,0.06399471527502351
1700,0.007073568340776296,0.06202909435357964
1701,0.00700985490662691,0.060977818663780554
1702,0.00652343352240595,0.06467017892720107
1703,0.007181862815864221,0.06612205920848332
1704,0.00708785447143135,0.06264925493221533
1705,0.00746440580902989,0.061761678226833656
1706,0.0065517713852974125,0.0625640185909313
1707,0.006987246870118716,0.06173977948594512
1708,0.006993642126481548,0.06256628306325815
1709,0.006861403590319299,0.06570280938033472
1710,0.006573465403146037,0.06423589764606386
1711,0.0067782812273030554,0.06318389024015955
1712,0.006888110971597949,0.06146938279084394
1713,0.006858858493007837,0.06354440522746634
1714,0.007451877374564032,0.06432346654192247
1715,0.006776843012710537,0.0645068459642262
1716,0.006852679093277847,0.06363227674013988
1717,0.006617619602015493,0.06215891232690716
1718,0.006670029071921652,0.06378745963624247
1719,0.00674028948626735,0.06447437526027959
1720,0.006699001904121574,0.06220186944294693
1721,0.006789025751330823,0.06278869436871737
1722,0.006754017024823584,0.0656927133301147
1723,0.006527510659950187,0.06295874444090932
1724,0.006687663057614643,0.06171288995777156
1725,0.006490436715415466,0.06312918699437514
1726,0.006910253130775354,0.06350253059302356
1727,0.0068125750119199385,0.06381327589801081
1728,0.006722608354923587,0.06234373620951684
1729,0.007191245047066092,0.061647473159888035
1730,0.007450128547835593,0.06219182699395899
1731,0.007575220934941571,0.06357727245542041
1732,0.007040026818101402,0.06336079107452754
1733,0.006619765756062019,0.06348378280350439
1734,0.0064481652551987515,0.06268725649717458
1735,0.007373504890975627,0.06268192627899032
1736,0.006941755205906671,0.06352116061108452
1737,0.006802697893710906,0.06235912044469575
1738,0.006819153670221567,0.06399907613345854
1739,0.006629521392145688,0.06258173984356392
1740,0.006446325204110351,0.06400919624401215
1741,0.006906140268689786,0.06303347410041288
1742,0.007583803977513668,0.06172200472544608
1743,0.006397095501574696,0.06357888086584576
1744,0.007111548976009262,0.0630482925863045
1745,0.006769471023768934,0.06283779728009288
1746,0.00673506674312966,0.0642017820443874
1747,0.006527657573896703,0.06256375914640296
1748,0.006663541886138038,0.06293668648354094
1749,0.006568148065078128,0.06366360710378278
1750,0.007054933059236566,0.06316287280585532
1751,0.006403259538861465,0.0639822400060662
1752,0.006863998491492204,0.06207321446977163
1753,0.0065044876287303,0.0641715642167512
1754,0.006268269646632541,0.060394008674269035
1755,0.0064944539607435375,0.061325719575386
1756,0.006711404872795444,0.06251726337804232
1757,0.006415742369175985,0.06368538546831087
1758,0.006546489022917415,0.06559217661469802
1759,0.006694780833446961,0.062236032194287555
1760,0.006656860185314121,0.06203426140591614
1761,0.006777468178316157,0.06460403546429518
1762,0.006528398562164329,0.0637316866065924
1763,0.006303957948128351,0.06257275200652
1764,0.006810407393661599,0.06472222457516164
1765,0.006703908674909403,0.06382771114583004
1766,0.006578973050705131,0.06343381337466694
1767,0.006633966572898028,0.06416904033724229
1768,0.006443087861152092,0.0631509829116495
1769,0.006489878279510243,0.06477308875524011
1770,0.006563595783689459,0.06303097781045992
1771,0.006332066113006639,0.06215093425827516
1772,0.006439631149394665,0.06251249416616925
1773,0.006659192879768935,0.06522194686390105
1774,0.007298842548366437,0.06399882172133989
1775,0.006498080212622881,0.06449427776841592
1776,0.006698913483947609,0.06397829443813864
1777,0.006363160893624666,0.06412652813663758
1778,0.006530760977195348,0.06178564177756023
1779,0.006175004834817214,0.062370388775615765
1780,0.006299403888760222,0.06432281151637995
1781,0.006472125596901092,0.06220123973817455
1782,0.006196347802445339,0.06319140722242214
1783,0.006916939076561726,0.06266266579989503
1784,0.00652046444122227,0.06374000515181917
1785,0.006204494832778426,0.06463732584414625
1786,0.006344492417295992,0.06550821433203262
1787,0.006443950008939613,0.06492799977050688
1788,0.0065288088623095646,0.06356230308126687
1789,0.007161320242622056,0.06285750903282548
1790,0.006643788211724975,0.06401138036584197
1791,0.006607411438044522,0.06393548791159066
1792,0.00648600729853849,0.06302376470544882
1793,0.006693948635416906,0.06232275580403799
1794,0.006654215630634358,0.06256702194984694
1795,0.006568028851409317,0.06353721278427836
1796,0.006427273641816314,0.06222921399805779
1797,0.006512200221898134,0.06611626686757072
1798,0.006651172731188491,0.06361982946221094
1799,0.0062363865145928805,0.06602298369383752
1800,0.006139602475627369,0.064622068408886
1801,0.006318650087254081,0.062326968360440174
1802,0.006140526414770037,0.06197132906855497
1803,0.00624749874462575,0.06300492394239382
1804,0.006354058999276273,0.06417695735406159
1805,0.006791819698618124,0.06334378698229193
1806,0.006578624058736716,0.06292689234989329
1807,0.0070475657531833946,0.06468597173989567
1808,0.006392241730048178,0.06448717312630556
1809,0.0063793619577904295,0.06473561528519281
1810,0.006939857071236383,0.06257398597391925
1811,0.006687249559150034,0.06572706482949711
1812,0.00626788353167918,0.0625108300817939
1813,0.006364609460787246,0.061272095683448595
1814,0.006667814151818943,0.06682116218975612
1815,0.006441954450337304,0.06310914978758435
1816,0.006334662781940732,0.06518078760657095
1817,0.006569085279216867,0.06361588278323188
1818,0.006246458699628944,0.06289186359460193
1819,0.006455348590009358,0.06486004601258383
1820,0.006364242319706653,0.0629700935051256
1821,0.006928460146986578,0.06520800929245793
1822,0.006361642742944081,0.0643478966502468
1823,0.006506119083998532,0.0648721670615195
1824,0.006316812837432171,0.06269100009648125
1825,0.00633480298102229,0.06538929472815123
1826,0.0066876113808897785,0.0638377928830926
1827,0.006362866535841204,0.06474205192393229
1828,0.006135148235646348,0.0648087710889061
1829,0.006533226113602939,0.06439268745874104
1830,0.0062598975719796454,0.06431034145722712
1831,0.0065322111938791024,0.06299281540445816
1832,0.0067505630179889335,0.06301973747056827
1833,0.006936428017423818,0.0645935646069229
1834,0.00631914482098715,0.06126809697178073
1835,0.00621517015136428,0.06292368292360377
1836,0.006270447080271745,0.0627408431922284
1837,0.006125368874193079,0.061669194253913144
1838,0.006611496088938747,0.061943509636965016
1839,0.006691459115290997,0.06374686340192207
1840,0.006792088418755225,0.0632982022107992
1841,0.006285479695165419,0.061673105930101904
1842,0.00626559050893849,0.06346627358431206
1843,0.006361956591352961,0.06425330533942483
1844,0.006512451210412486,0.06340340572528373
1845,0.007135463103383406,0.06467265474206224
1846,0.0064239773365047095,0.06484841892407053
1847,0.006450449373444606,0.06589493668056969
1848,0.006335811400464897,0.064069260247892
1849,0.0062213952340722835,0.06304856519539255
1850,0.0062134291897863615,0.06661148434668257
1851,0.006151461604468781,0.06332899122160479
1852,0.006402816995686404,0.06522076811296001
1853,0.006436540429892024,0.06255499946705081
1854,0.006024893241873169,0.06326292284337201
1855,0.006615470611668399,0.06382928918440241
1856,0.006434637495553045,0.06396992639976934
1857,0.0065289062964598585,0.06333352819570623
1858,0.006172050475245079,0.06423314390960791
1859,0.006388794039565848,0.06358599975555762
1860,0.0064668546702280685,0.06241257915408689
1861,0.006677390820694194,0.06310239295127398
1862,0.006238771754325744,0.06368346512317657
1863,0.006535745948424627,0.06546121476250782
1864,0.006390339013212434,0.06295548411165562
1865,0.006354076825782984,0.06475537352469332
1866,0.0060900875752599075,0.06516885651009423
1867,0.0065246660898798685,0.0645750627519194
1868,0.006112563344985714,0.06596501889570913
1869,0.006367743152506112,0.06258179843052288
1870,0.0061275583639343895,0.06297996391852696
1871,0.006595798846929798,0.06297348737529944
1872,0.0062129280345987374,0.0628978579414817
1873,0.0062416874800683185,0.06581366019216098
1874,0.006081928532617313,0.06385183342753496
1875,0.0061203066484424576,0.06228866862287199
1876,0.006538799257370932,0.061738456204944385
1877,0.006183018639310027,0.0642790282728678
1878,0.006550839811645238,0.0632593316075049
1879,0.006317685371364078,0.06322806855117467
1880,0.006082179456902522,0.06579375561130674
1881,0.006189753899940502,0.06230199130667481
1882,0.006184592412428516,0.06431494091163602
1883,0.006203479718907406,0.06276584151469376
1884,0.006385762644435358,0.06439160521989479
1885,0.006128158804239431,0.06400220457436447
1886,0.00619038293389224,0.06347440249452316
1887,0.005915509090177878,0.0648282402402775
1888,0.006196064899345644,0.06461827229138903
1889,0.006218300920657136,0.06261858421571571
1890,0.006217372101559347,0.06324935107863039
1891,0.006811298346760038,0.06328528504211801
1892,0.00691826334135566,0.06597063977990233
1893,0.0069176616806969,0.06232448007192528
1894,0.006225068466650281,0.06299113164793578
1895,0.0066444469808504495,0.0641657158564356
1896,0.007026923426243018,0.06309929141835462
1897,0.006298297279015137,0.06388576286739873
1898,0.0064252393574199896,0.06403519822877451
1899,0.006218166026318896,0.06554556521295306
1900,0.00655788098254641,0.06448112017379369
1901,0.006158869107747246,0.06431317423706066
1902,0.006267512803984847,0.0634583715713562
1903,0.0062386100764348406,0.06433496755876936
1904,0.006608482464844343,0.06383954812037318
1905,0.006354278135974672,0.06374787065879743
1906,0.006312748265443925,0.0625222003213445
1907,0.006213356688221607,0.06391182046075512
1908,0.0061192828140055125,0.06303663687187627
1909,0.006021728308515209,0.0625664186768962
1910,0.006118224789227905,0.06572306796646955
1911,0.006391939409310728,0.06340417813014865
1912,0.006337568880610611,0.06281462269730138
1913,0.006139380380009129,0.06527837151124663
1914,0.006203377296780251,0.06592277008900069
1915,0.0059266991571736375,0.06347887248809177
1916,0.0061787880641819915,0.0654534480550833
1917,0.0062541603052340515,0.06330098895202006
1918,0.006198172580135467,0.0641529798171574
1919,0.006088771017963143,0.06249224770823517
1920,0.005937708249800258,0.06447640961423554
1921,0.006090368185087245,0.06371469172954858
1922,0.007198446885708918,0.06522520427080922
1923,0.0058919990006075194,0.062376237425364946
1924,0.006237465861986237,0.06441679440046612
1925,0.006452702528864239,0.0645890638493655
1926,0.006001615263288111,0.06361252618463416
1927,0.006288995202864319,0.06624625023818553
1928,0.0060380183519404326,0.0625758465650237
1929,0.006051495572009057,0.0632188280386136
1930,0.00604208891767553,0.06410674126188558
1931,0.006244647510781838,0.0648124388752874
1932,0.006173323907051527,0.06537569185396783
1933,0.005924708399699773,0.0647421236007584
1934,0.006114256562414027,0.06603901781011046
1935,0.006153443429712498,0.06417521790491608
1936,0.006112063945881252,0.06403231475138127
1937,0.006073069439027284,0.06366159038660221
1938,0.0061738467862870435,0.06463074745764409
1939,0.005804693313216248,0.0648208536898582
1940,0.005979105380588564,0.06426136667156279
1941,0.006101924583000543,0.0648714536824322
1942,0.006337087686088952,0.06493973255829703
1943,0.006689414508979429,0.06406519279108011
1944,0.006096029001635537,0.06565738723316886
1945,0.00616890640322084,0.06256177224088133
1946,0.006045967759418544,0.06736005610205177
1947,0.006098399681789468,0.06370058017117637
1948,0.006106491962617094,0.06446943516121771
1949,0.00608040808866437,0.06226751098133866
1950,0.005967593624849211,0.06402174812883961
1951,0.005997789558023214,0.06464491907815288
1952,0.0063386313284405724,0.06312734323710129
1953,0.006091647639835609,0.06464445994312602
1954,0.006762161360452167,0.06272167193336893
1955,0.006026922726600802,0.06479380176143539
1956,0.006096235401986815,0.06346990100871351
1957,0.00586284362772322,0.06387429841254887
1958,0.005917653664771386,0.06378423244246564
1959,0.006139588624028763,0.06306278044567969
1960,0.005979843066894335,0.06361316616896699
1961,0.006308392655151111,0.06484973509994366
1962,0.006167897267039387,0.06418371655252345
1963,0.005872578691504312,0.06442127817480785
1964,0.0062524152125544305,0.06223794025249947
1965,0.005880300124937838,0.06264559036694971
1966,0.006103054794036202,0.06400484305089876
1967,0.0061139452364587675,0.062317569723777604
1968,0.00592324837493392,0.06383368667952698
1969,0.006533628198256874,0.06391210665454841
1970,0.006201310500759503,0.06189412370622905
1971,0.005844455170021815,0.06595280382754211
1972,0.006010666892493033,0.06450695601434338
1973,0.005985914735374593,0.0672558510587329
1974,0.006230755875523561,0.06302459075822867
1975,0.005818607599465731,0.0651641469682219
1976,0.005849328910972818,0.06513942970443788
1977,0.0064243512318635995,0.06339568077098756
1978,0.005776341265902437,0.06365827902367241
1979,0.0065140111742652135,0.06489230752140657
1980,0.006782964233974678,0.06746448945244751
1981,0.005984209787369148,0.06355313461899459
1982,0.00589904293628135,0.06613580046926525
1983,0.00591776655040985,0.06464003600684323
1984,0.006102325228337771,0.0639055109113679
1985,0.005847311102811446,0.06447297751081917
1986,0.006084030438623271,0.06375764882691522
1987,0.005925918672362278,0.06573739509684101
1988,0.006431105299954971,0.06322150625157774
1989,0.006018851239958246,0.06634388582076046
1990,0.005881035128217132,0.06347909456767832
1991,0.005800987528140736,0.06634016990437544
1992,0.005777078454432349,0.06470114372689324
1993,0.00592276318944687,0.0657643441269571
1994,0.00575585090949384,0.06376820435761509
1995,0.006240528831579562,0.06295802548789141
1996,0.006047246239051737,0.06623783982113789
1997,0.0058043967380675965,0.06290071992609735
1998,0.005924273418046557,0.0632428960188439
1999,0.006097929550737703,0.06303565252693673
2000,0.005986403761472448,0.06385393677872225
2001,0.006520470195569589,0.06482284623466637
2002,0.006202686278785938,0.06607472600606748
2003,0.005941319664747551,0.06285462119525537
2004,0.006025412166637126,0.06434402113458268
2005,0.005950594655176783,0.06335143087651197
2006,0.005921299061314626,0.06579063482638589
2007,0.005820246108261676,0.06518377462649405
2008,0.006249970331682961,0.06339142871156969
2009,0.005979380603926402,0.06412461956491447
2010,0.005819126782606014,0.06509313477497351
2011,0.006385550708699749,0.06478375681024745
2012,0.006175114460826667,0.06394455326081518
2013,0.0060644097959033,0.06405742899666454
2014,0.006128079133826457,0.06858337242016219
2015,0.005939183866190593,0.0640384447118991
2016,0.005879522470588034,0.06373265150346254
2017,0.006028800674343371,0.06486903497001581
2018,0.005716812471365761,0.0643111719355398
2019,0.005822443953630599,0.06456690496370607
2020,0.0062170976854650575,0.06344494448605935
2021,0.006132408404331596,0.06493614382462992
2022,0.0064181972303804374,0.06382318694415248
2023,0.005965278572972198,0.06484894326568247
2024,0.005720240821577258,0.0638282786410554
2025,0.006175103511217526,0.0637676088620248
2026,0.005987019895584699,0.0661606802266642
2027,0.0057393775444162486,0.06575298597826097
2028,0.0060231319517714665,0.06393874375929211
2029,0.006146397729196985,0.06359929158200596
2030,0.005917506705572519,0.06341161302531273
2031,0.005712476264113169,0.06376344747001067
2032,0.00572680237303053,0.06390018515606273
2033,0.006750251845307765,0.06580616370366331
2034,0.006414075395191631,0.06714823672123123
2035,0.005869599797859274,0.06465660602339826
2036,0.0057459953678976215,0.06723891127677191
2037,0.0058657537932656585,0.0638627487708602
2038,0.006199159240496102,0.06693618470116665
2039,0.005731643395072147,0.0660140988204563
2040,0.005729929726500776,0.06491591561034807
2041,0.005879534620114348,0.06763313585579545
2042,0.006456947219806219,0.06404213590505428
2043,0.0056877316553787935,0.06432745295733139
2044,0.00610469873165449,0.06362580757280041
2045,0.005790569457491177,0.06384617688699175
2046,0.005767337126850054,0.06333427077023905
2047,0.0058423037667025965,0.06266875291490615
2048,0.0056713124208712835,0.06314096804288097
2049,0.005891982103963631,0.06426837598732241
2050,0.005833291609225602,0.06403758273200881
2051,0.005872734527462702,0.06390555585760221
2052,0.0057639681594008375,0.06546840506762192
2053,0.005768764641451238,0.06335320110831942
2054,0.005773506841117219,0.06446751556300878
2055,0.0057985081401621475,0.0635902704881098
2056,0.005757988726889545,0.06323258595583134
2057,0.005833176259523649,0.0639902802002161
2058,0.00588282846866123,0.06379206543951704
2059,0.0060893502903862804,0.06322803955179707
2060,0.0064159278614814375,0.06430188319027275
2061,0.005751966304644989,0.06687689551098604
2062,0.006132285189479122,0.06554393551515457
2063,0.006037385321184292,0.06452212661952901
2064,0.005831366699761171,0.06397511805396032
2065,0.0057817793474605654,0.06402212805243064
2066,0.005786946463781091,0.0644442796669807
2067,0.005938809362114597,0.06519493712742526
2068,0.005943939689733672,0.0640235096122836
2069,0.006419656790944756,0.06345522020917788
2070,0.005871413957304248,0.0651249276254709
2071,0.00573642074559643,0.06311407218451488
2072,0.006084395795885392,0.0656126171611903
2073,0.00621733424139901,0.06379110477211182
2074,0.005782311138489683,0.0632267229371053
2075,0.005769998957709552,0.0660984012249269
2076,0.006055955668520124,0.06561834899181113
2077,0.005692428783703373,0.06479058364280184
2078,0.005630769473456757,0.0644241379933399
2079,0.005893452383496077,0.06689789250754473
2080,0.005797285488792068,0.06401208091648598
2081,0.005924750496064047,0.06491877601708386
2082,0.006191191254738357,0.06335878986538503
2083,0.005621238975117106,0.06586522498823945
2084,0.0056941008916399135,0.06417170405051761
2085,0.005925942343721008,0.06627423530981355
2086,0.006039165337000708,0.06635336261382677
2087,0.0057503306876202365,0.06317980767678198
2088,0.006338719053771989,0.06561606382031489
2089,0.0058250271432031655,0.06354301270648352
2090,0.0057266566692194595,0.0643575203075146
2091,0.005764724152472139,0.06478752929689292
2092,0.0057836737057491905,0.06581728078219526
2093,0.006018353318124075,0.06592964130759538
2094,0.006394815917322441,0.06473207324369808
2095,0.005811241934175215,0.06467859116487933
2096,0.005882495754401325,0.06408720381352537
2097,0.005769142310272283,0.06330327197610584
2098,0.005849621223641974,0.06400507906998011
2099,0.005908677323800176,0.06397512120038346
2100,0.005768383340764102,0.06390706259281115
2101,0.005756428850622013,0.06416699314550649
2102,0.005682518921769151,0.06450038923319419
2103,0.005745217104830712,0.06504753930377483
2104,0.005802621352588495,0.06701951623336415
2105,0.005639913351768423,0.0647908294092593
2106,0.005811520592312454,0.06499114198456134
2107,0.005685541027029947,0.0651701873723875
2108,0.0057118136251818235,0.06389939474095975
2109,0.005739498340457584,0.06440369990236479
2110,0.006085485341114964,0.06539347088127806
2111,0.005833269615123358,0.06621753909907545
2112,0.005726803389018793,0.06491496275764957
2113,0.006073829011413558,0.06732563397153876
2114,0.0056910871055129,0.06481421013411723
2115,0.005818757758443725,0.06541109184984277
2116,0.005813216030025463,0.06525028681844697
2117,0.005854485067465929,0.06344074389913626
2118,0.005789539911039757,0.06408717515026417
2119,0.005915602445777587,0.06706477179749866
2120,0.00566611265133027,0.0653517541655323
2121,0.005751641782520333,0.0649432625089373
2122,0.005775675815486329,0.06522584035245697
2123,0.005629189962048235,0.06553478443757035
2124,0.0060818080985947836,0.06824575045279094
2125,0.005556000417045852,0.06487154203436728
2126,0.005801198552990315,0.06551438120000046
2127,0.005822916437804605,0.06318356798854388
2128,0.0057154414769507314,0.0660692501000892
2129,0.005660333045901363,0.06380419432183256
2130,0.006012527212255333,0.06603948281783807
2131,0.00563609522116315,0.0633871091020884
2132,0.005914489278820895,0.06603392883948515
2133,0.005680850177104103,0.06588633134400934
2134,0.005496627773774268,0.06513875101069759
2135,0.005682257966059596,0.06472580727740637
2136,0.0056110133904508286,0.06453602233514152
2137,0.006107502808169605,0.06397133139440589
2138,0.0055960232894108584,0.0637756140533844
2139,0.005950405462396836,0.06198917684100923
2140,0.005621286297398021,0.06647554710320662
2141,0.005694271996617317,0.06708630338722005
2142,0.005871918988136756,0.06359075684856652
2143,0.005750106760011664,0.06511758006455605
2144,0.00590923131183724,0.0628585805346195
2145,0.005776066943232356,0.06548206207522175
2146,0.00601943363041433,0.0632993742020656
2147,0.005905286420638845,0.0665135888620875
2148,0.00573333309741463,0.06672472428334386
2149,0.005870005296876065,0.06393124621576235
2150,0.005924399711518639,0.0654869264360508
2151,0.00563682570650613,0.06332348467301306
2152,0.0056495839236508525,0.06462004233646512
2153,0.005849337022821638,0.06477608703506321
2154,0.0056302457110705235,0.06353375907604557
2155,0.00597118064877942,0.0653464470740249
2156,0.005743478394192308,0.06501726200220578
2157,0.005600002797197866,0.06331494728798855
2158,0.0056254559468045875,0.06472010092627734
2159,0.005644208868399122,0.06654135657843192
2160,0.005619967188452572,0.06418214887754063
2161,0.00559015936863413,0.06468086298508453
2162,0.005594230655487335,0.06415610203057304
2163,0.0056987015711476435,0.06572578420727175
2164,0.00597757000044035,0.06415129197121862
2165,0.005589211536250238,0.06287784187267896
2166,0.00561343875734083,0.06384662258669846
2167,0.005630730067417726,0.06507643865874238
2168,0.005739465839051434,0.06584763156254787
2169,0.005713205895500497,0.06608907578695089
2170,0.005713164745056331,0.06620549053924724
2171,0.005663544758512029,0.06454409822298769
2172,0.005599231375994447,0.066547110406005
2173,0.005552796338944693,0.06531323049040068
2174,0.005723040463361994,0.06509645824743095
2175,0.005638060914673682,0.06425163642804425
2176,0.005757807698509536,0.066722538070123
2177,0.005960002966330249,0.06655185457720493
2178,0.005649868544880126,0.06860117078350302
2179,0.006125401963879789,0.06305946472257301
2180,0.00581014027591316,0.06700448788945239
2181,0.005674016602092121,0.06329711144766711
2182,0.005617856144391257,0.06542032228824787
2183,0.0055776462615774154,0.06298993097473506
2184,0.005627032331421644,0.06249037959185758
2185,0.005765542672614225,0.06401956392298068
2186,0.005740958007583891,0.06429779899299592
2187,0.005545145376559148,0.06353890165723954
2188,0.0056278833077175305,0.06437922470775762
2189,0.005703565568245691,0.06418736562842414
2190,0.00567257664455422,0.06382783340817705
2191,0.0057225296066542595,0.06401365224206657
2192,0.0056261511163371485,0.06451784463641339
2193,0.005801970245707839,0.06351291766404209
2194,0.00591594044288451,0.06505938914410751
2195,0.005596223723750597,0.06521130950752656
2196,0.005682876768600791,0.06404653458592288
2197,0.0055893499982254255,0.06526002025507148
2198,0.0057341680689758645,0.06493670112432394
2199,0.006143532462745064,0.06353311879294259
2200,0.005637253354359009,0.06560597934743814
2201,0.00558087368113307,0.06556468439244088
2202,0.006196007056623043,0.06445169222907614
2203,0.005571145965749848,0.06394048672832343
2204,0.005821206890116665,0.06351852654140994
2205,0.005639273168221349,0.06485022379454215
2206,0.006064315907493654,0.06500282653964552
2207,0.00551559635201545,0.06422784348440948
2208,0.0061303963359200095,0.06570541474006529
2209,0.005686163623469844,0.06990943116166239
2210,0.005619935019870163,0.06674023728845711
2211,0.005839602323978859,0.0664865160851102
2212,0.005547441140716446,0.06381650581806525
2213,0.005502955545744272,0.06352089744126588
2214,0.006162420080151397,0.06558411654299662
2215,0.005973402883705675,0.06415240007235591
2216,0.005732388553854814,0.06439449050858206
2217,0.005697714862615151,0.06620006041045774
2218,0.005756535133796519,0.06482438055009472
2219,0.005521216226864291,0.06391465450102524
2220,0.005689850822966955,0.0665907646555052
2221,0.005626465445004847,0.06545920640155486
2222,0.005659517947420898,0.06339123040288314
2223,0.005709291184700582,0.06612129963206169
2224,0.005507621892252032,0.06638494599843982
2225,0.006001972443012515,0.06470434778465663
2226,0.006132894509463195,0.06783633877086759
2227,0.006013319728352994,0.06294339884044532
2228,0.005797241960409854,0.06607838441853535
2229,0.005675260726432535,0.06387294816754217
2230,0.005580276805545469,0.06454405720744814
2231,0.005800950593463959,0.06326531067042422
2232,0.00576464140489931,0.06580213509630739
2233,0.0059654439732338945,0.06477852890216618
2234,0.0055334004734096855,0.0643922800949791
2235,0.005603606323638586,0.06512438186577388
2236,0.005664676760664928,0.06459096513856623
2237,0.005629861877711495,0.06473129596514511
2238,0.005766267507252368,0.06719693159661197
2239,0.005415269307979035,0.0641140514952049
2240,0.005484681652397572,0.06595605819072939
2241,0.0055935247217342955,0.06437897920272403
2242,0.0057869705540890045,0.06442613152782421
2243,0.005984657661563083,0.06570096314887057
2244,0.005514518673120061,0.06736021382468087
2245,0.005688371513400892,0.0661254699591706
2246,0.005510598634220777,0.06692795351819884
2247,0.005562647594705364,0.06495030705156482
2248,0.006031003332518765,0.0658088484428879
2249,0.0056487732277861954,0.06672236772445508
2250,0.005626899455922151,0.06517480969204939
2251,0.005563812893829936,0.065989988582923
2252,0.005587394155129837,0.06369825495514356
2253,0.005564402657499695,0.06445759639405367
2254,0.00566904445917442,0.06481132319285757
2255,0.005571253713056865,0.06649275704807506
2256,0.005668966647027335,0.06338504805488694
2257,0.005795607916999106,0.06647688258710063
2258,0.005656285280052304,0.06466230953621087
2259,0.005531646489373009,0.06505751880562693
2260,0.005789790479145174,0.06453071462742069
2261,0.005966874000070424,0.06492223593413382
2262,0.005851324749847751,0.06416671650302141
2263,0.005480513859797141,0.06451921045481411
2264,0.005419354517958754,0.06726767893945962
2265,0.005676417675768507,0.0637042234397323
2266,0.0055745120837607165,0.06702128641848874
2267,0.0055310653134316295,0.06664873577448957
2268,0.005409258229476998,0.06753088053045117
2269,0.005842180886133618,0.06442259821601978
2270,0.0057984356312986264,0.0654255716237508
2271,0.005643327065034066,0.0655892161853182
2272,0.005919916115899725,0.06769668708618422
2273,0.005618952227855644,0.06477908344757288
2274,0.005419053281817971,0.06531191423049845
2275,0.005719081135203939,0.06425710849669344
2276,0.0054898844917996735,0.06293262699082083
2277,0.005492667229641754,0.06508459842630795
2278,0.005638894706754288,0.06539869837855038
2279,0.005610368232064673,0.06564508985382572
2280,0.005899811839410411,0.06375702322089583
2281,0.0056992256911734245,0.0641777029162959
2282,0.005571987319352298,0.06409423932769245
2283,0.005665446894365979,0.06467033844245107
2284,0.005703933458179703,0.064320975181677
2285,0.005719297431222511,0.0629787000180934
2286,0.005760571481455643,0.06375377987485781
2287,0.005446993688933061,0.06376267169464502
2288,0.005553700047367045,0.0652876108007174
2289,0.0057229270872464376,0.06348936259746552
2290,0.005466744983948324,0.06629343923732153
2291,0.005856253574587709,0.06492056327878981
2292,0.0059939872248676316,0.06385091674469766
2293,0.005508277909742627,0.0643607076154765
2294,0.005556727737643782,0.0642414179754287
2295,0.005610285979348197,0.06775435980848202
2296,0.005654239860658175,0.06560958930312243
2297,0.006046060853722421,0.06572602636981428
2298,0.005596072237856896,0.06454387592866008
2299,0.005543644223245427,0.0652611142206461
2300,0.005493080112090492,0.06403862600002372
2301,0.005608238492943464,0.06400483291138682
2302,0.005497484237282627,0.06544686363715875
2303,0.005481833870870099,0.06621971887006496
2304,0.00595977578493168,0.06481853738091045
2305,0.00549326772103816,0.06459252202981397
2306,0.005449568568130366,0.06548587507323216
2307,0.005861598888826688,0.06913163671666817
2308,0.005709702280411339,0.06665554754716113
2309,0.0055995777214302165,0.06446623889015134
2310,0.005955852575448333,0.06370105916508158
2311,0.005840181165774788,0.06398151327568785
2312,0.005592454862737076,0.06466832265892722
2313,0.0054393776467648045,0.06258525873037209
2314,0.0059666022056929745,0.06426092101853892
2315,0.0057004327990908795,0.06322526285672248
2316,0.0055926728184950945,0.06582563095037501
2317,0.0055301853376776445,0.0644876534179936
2318,0.005739645311334477,0.06404760186758854
2319,0.005575103333459285,0.06529813844309117
2320,0.0059660770142083075,0.06570774457769885
2321,0.005729503877063904,0.06547891448501657
2322,0.005309063859494129,0.06431612560997033
2323,0.005472588989311438,0.06462020885414049
2324,0.005569748987726937,0.06525580793208346
2325,0.005403135732388515,0.06321525837021663
2326,0.005404371744880108,0.06482934364512152
2327,0.0056019012427955955,0.06548594202575528
2328,0.005765878821673532,0.06285640572134714
2329,0.0054696877749759384,0.06429249208821987
2330,0.005482322295549615,0.06367863355237141
2331,0.005650912309328217,0.06397018415437904
2332,0.005487227552573322,0.06595529043547492
2333,0.005431041030978147,0.06510670844437484
2334,0.005509882236956429,0.06548883230016943
2335,0.005554797808087919,0.0635193050710629
2336,0.005508052620184272,0.06590990480362323
2337,0.005763394544981303,0.06708443450524394
2338,0.005444301038303159,0.06345640740971219
2339,0.005663916677365015,0.065362405452065
2340,0.0055659355254125634,0.06491127015467275
2341,0.005563148371816896,0.0658717551793819
2342,0.005552316500533804,0.06451261323645599
2343,0.00553447400222658,0.06369963204278085
2344,0.005705801821182421,0.06508324134693409
2345,0.006070999021358718,0.06473945782410172
2346,0.005670726564960981,0.0633756118758878
2347,0.005651061280067064,0.06414781519232836
2348,0.005506590118217151,0.06381696616684583
2349,0.005783703875929398,0.06741381936092723
2350,0.0055451152019996815,0.06565827799769572
2351,0.005424730354178475,0.06510242825388012
2352,0.005319173844840646,0.06268582840387087
2353,0.00565603342006526,0.06590849584094564
2354,0.00563125079059769,0.06573123418560303
2355,0.006052596498934733,0.06385578737036328
2356,0.005696481489357436,0.06788133691650883
2357,0.005500627344409968,0.06547491328982183
2358,0.00547178640967486,0.06680515108812124
2359,0.005616944273028722,0.0642747062172059
2360,0.005587989759272356,0.06427794369987976
2361,0.00564997265010278,0.06392361181683111
2362,0.005412917346241052,0.06416560229576919
2363,0.005607581218605318,0.06436809471675328
2364,0.0054129103919765605,0.06501342598022077
2365,0.005484576631909628,0.0642760170245529
2366,0.0055315256816536465,0.06311736846888873
2367,0.005538303751007984,0.06497148370234888
2368,0.005786026130228954,0.06482440874652755
2369,0.005513753255881766,0.06463507310788434
2370,0.005547556973596725,0.06497547895015034
2371,0.005587379576574112,0.06511537154627624
2372,0.005733394233340567,0.0634482174476884
2373,0.0056208987577254866,0.06527326467043176
2374,0.005440651890194061,0.0643662432568115
2375,0.0055631589871425425,0.0659189837842358
2376,0.005556234587742991,0.06390010150975751
2377,0.005520516996298184,0.06638072714919135
2378,0.0055251469599158975,0.06608835306195986
2379,0.005603254069121654,0.06683336894837837
2380,0.005827410893987713,0.0661106687552648
2381,0.005798428850744772,0.0646813260414696
2382,0.005586420977050234,0.06486092739386068
2383,0.005657417124551852,0.0631227747987685
2384,0.005805060131691373,0.06546194993314289
2385,0.005551368904629938,0.06599528307006472
2386,0.005552754792907395,0.06403521447440137
2387,0.005688504369923594,0.06483589701896024
2388,0.005727069430508677,0.06403206284146261
2389,0.005927125463513278,0.06523361592028375
2390,0.00545828806113767,0.06382217894035175
2391,0.005833385093283597,0.0657537172648841
2392,0.005738560107411075,0.06788187303153195
2393,0.005579187187328234,0.06337441447982214
2394,0.005585300366811711,0.06336915081268862
2395,0.005567388363813158,0.06418081471943915
2396,0.005538993297571019,0.06607861585336222
2397,0.005526409265483061,0.06902012418498073
2398,0.005402220296308539,0.06475658217132241
2399,0.005966302382593338,0.06312071170685883
2400,0.005388276979946137,0.06347405260666869
2401,0.005730435888642054,0.06432862003756347
2402,0.0058148732659958745,0.06436355130975707
2403,0.005550584380681332,0.06356717781502202
2404,0.005626098728712449,0.06582041503044597
2405,0.005565747668306842,0.06898248249800283
2406,0.005629364768959886,0.06296915658994724
2407,0.0054480813175066135,0.06638641929940174
2408,0.005403394186080997,0.06415271537756562
2409,0.0055076468394351045,0.06382993137216508
2410,0.005541641069546949,0.06396703543444923
2411,0.005455551876286541,0.0639471246821241
2412,0.0055598693733398446,0.06278423488812339
2413,0.006009932963592131,0.06422724966940127
2414,0.005683451277849069,0.06476843841654017
2415,0.005512494766109603,0.06563962036206908
2416,0.005378081568379574,0.06321424788288903
2417,0.005707245610572608,0.06524159984294335
2418,0.0053865889694576724,0.06280467194273956
2419,0.00554189334118441,0.06341858597514324
2420,0.0061521433632482185,0.0662493903311273
2421,0.005355768564060844,0.0659487999527526
2422,0.005656310568817637,0.06432313839893293
2423,0.005889036266430979,0.06465062217081997
2424,0.005396605878017352,0.06603420360532022
2425,0.0053977109973543675,0.0654022813982384
2426,0.00536426910867792,0.06343337106413412
2427,0.005499484599932888,0.06372782044616856
2428,0.005523269693878097,0.06492441670413603
2429,0.005544421906790296,0.06513377383612749
2430,0.005639126276171132,0.0639459320757174
2431,0.005374005254136171,0.06410342270046249
2432,0.005674666269656072,0.06516093274293687
2433,0.005524680235928222,0.065083105798652
2434,0.00575421083146315,0.06666664508425801
2435,0.005795485744410455,0.06414774013566493
2436,0.005696858202040102,0.0661955565344869
2437,0.0056195829580406595,0.06519871745678715
2438,0.005744451424836832,0.0634550580703525
2439,0.005734440083776055,0.06509028540406012
2440,0.005448243569080546,0.06418346054385181
2441,0.005867523114929753,0.06408252955454036
2442,0.005481146589844111,0.06450251551499044
2443,0.005594586652811605,0.06362303004677135
2444,0.005516039718491343,0.0643542305494012
2445,0.005613359568646429,0.06741323721662798
2446,0.005421625926133046,0.06478416315632357
2447,0.005424134833241892,0.06422931905415721
2448,0.005781538845813573,0.06505794880122769
2449,0.0054091410813590386,0.06590218756133154
2450,0.005538174041713293,0.0645141496619485
2451,0.005682186036718116,0.06321294825141292
2452,0.005479701216621646,0.06564612103098616
2453,0.005553933839988092,0.06466573270453248
2454,0.005657678426222929,0.0635289873899822
2455,0.0057220999706174515,0.0632877688397441
2456,0.005708100392445221,0.06417754143103023
2457,0.005555632185529579,0.06409173646479621
2458,0.005417911581064467,0.0665974325423402
2459,0.005577851523321157,0.0658315723215727
2460,0.005588828317447329,0.06533191564089075
2461,0.005488090529500691,0.06562383250709165
2462,0.005335290671025511,0.06464725094182151
2463,0.0056385890782159696,0.06456411966965311
2464,0.005716926879526866,0.06591712104572091
2465,0.005633074302681748,0.06534854530877338
2466,0.005539816126904704,0.06637557926482725
2467,0.005732633249372898,0.06385481296886776
2468,0.0055624548518055095,0.06463693812452163
2469,0.005559687987320289,0.06298553963240824
2470,0.005516323850703277,0.06428605684062891
2471,0.005428550932789951,0.06460472562333994
2472,0.005771576755367757,0.06361100979541477
2473,0.005417759444120816,0.06581871529905718
2474,0.005450731912645333,0.06451534455581416
2475,0.005775914289536054,0.06440764812187742
2476,0.00551411336241144,0.06338948868495181
2477,0.005513155409558253,0.06274419655103732
2478,0.0055272289271521904,0.06527745484708246
2479,0.005631795171998605,0.06466205600172953
2480,0.005688130151959236,0.06443247851684578
2481,0.005392943751242094,0.06473178406220331
2482,0.0053520067740920755,0.06321645972498677
2483,0.005800234044385274,0.06484358952868552
2484,0.005394949345648008,0.06893027900603779
2485,0.005462526098524328,0.06500300971375671
2486,0.005649008173612312,0.06525442171328348
2487,0.005795886309461254,0.06430618584454807
2488,0.005563415686211616,0.0643966930514589
2489,0.00567402904064958,0.06452785798332147
2490,0.0055531423369591885,0.06637377479582801
2491,0.0058569726796943375,0.06508887538635044
2492,0.005403244800772226,0.0661819270977699
2493,0.00552567826338743,0.06261234175890013
2494,0.005408003316100301,0.06366849915687005
2495,0.005361016909810817,0.06433654191873427
2496,0.005620986777927061,0.06392936874414447
2497,0.005702146114401963,0.06394759908243827
2498,0.0053450674764508365,0.06469331468854632
2499,0.005421896808164714,0.06595549046208984
2500,0.005745597166187337,0.06551507425338104
