epoch,train_loss,val_loss
1,0.7815126401738715,0.5734454067727378
2,0.4230248022796516,0.38946742506553056
3,0.34147219766949055,0.31610748507922753
4,0.2571698624388616,0.2095714831411988
5,0.18669544589848147,0.17114094583163583
6,0.15925477131416924,0.15562689950442254
7,0.14047856188208835,0.13214069573129328
8,0.12805889612227156,0.120790426126847
9,0.12143720682701073,0.1104020101758173
10,0.11307781611692935,0.10411830539616726
11,0.10897833571995709,0.10450235806536257
12,0.11618111544010933,0.09158785308811598
13,0.09805412196500558,0.09822525619937662
14,0.09979685491189025,0.09070440490069545
15,0.0952338167001729,0.10592304065562132
16,0.09164096745557355,0.10152505218683926
17,0.09034614776608937,0.08000072018992632
18,0.0878796617040658,0.07438298488469948
19,0.08537551708388746,0.09698857652737682
20,0.08713298892242867,0.08882621552487065
21,0.08357508226594232,0.08323520608713154
22,0.08595010481382671,0.08300795549886268
23,0.08081354761034026,0.07444701207460915
24,0.08228953313409236,0.08127048073854662
25,0.08312485873101648,0.07878953655411426
26,0.08155811159757145,0.06615585450988665
27,0.07746040628742155,0.07386768314249832
28,0.07586472408663958,0.09166425410518073
29,0.07492285198473692,0.06923949813708327
30,0.07482759352017165,0.07052050422606312
31,0.07140857145601048,0.06897569227412828
32,0.0742556103190085,0.06833636125825103
33,0.07341380805748149,0.0680757105574572
34,0.07652747910236356,0.07245750301389169
35,0.06939775959814999,0.07365012258515322
36,0.0713356420733875,0.06602794666748896
37,0.07377178526313084,0.06953927226607363
38,0.07143044466138783,0.08221027555695751
39,0.07289177967342816,0.06993529615097475
40,0.06805083333026796,0.07792146263041891
41,0.0668966876235522,0.06182174804739486
42,0.070047857842051,0.059682099890888185
43,0.06709408687245577,0.07124712960537813
44,0.06933501194742389,0.06574232038810737
45,0.06945793043103135,0.07519433376633733
46,0.074381476543601,0.061805765244895054
47,0.0665778751604091,0.0714777447563365
48,0.06235719401211966,0.06596087363728306
49,0.06732816325692006,0.06589112539115108
50,0.06374195954741392,0.0671639853812997
51,0.06544251744647074,0.0657456171019633
52,0.06422804233461693,0.06372603933726038
53,0.061844850187761743,0.07052584582552276
54,0.06270182846034679,0.06497523198861227
55,0.06244696337813722,0.06713774869391195
56,0.0666119055565736,0.06357403878206597
57,0.06273415880767923,0.06984600355675943
58,0.0617769484905372,0.06311734437120887
59,0.06272172067024953,0.06399354701838397
60,0.06294632954219528,0.06231547619465897
61,0.06166976040467284,0.06577324861646595
62,0.06016835606748,0.061944529096733654
63,0.05851952265714643,0.06339731580930247
64,0.06414047553948592,0.052685522383317016
65,0.06168900370448454,0.05682979602562754
66,0.06447877143894819,0.059073769424418755
67,0.06060857374342462,0.06301903254107426
68,0.05889873339194702,0.06339315156963535
69,0.0621047231525108,0.05979395985491294
70,0.05938093758241873,0.06468165179429795
71,0.06460371712470114,0.0620329203854378
72,0.05965120121276468,0.0612819716054246
73,0.05720015909326704,0.06139654989230603
74,0.05867252487661247,0.051614465261984585
75,0.057951662512052624,0.06489644390075727
76,0.06225457161030076,0.05752060314019521
77,0.05656441445824198,0.05892434423056461
78,0.057420658344463596,0.05638051339259423
79,0.05675004354507702,0.05658655400787081
80,0.06068099540352523,0.05519914871693255
81,0.059213710290596897,0.05440276225370572
82,0.055475508892222455,0.05596048901217025
83,0.05924967795909198,0.05641071931610729
84,0.05475723615527751,0.055674105546528234
85,0.05543554665749533,0.05363525540794346
86,0.057996141021711786,0.05884592879311483
87,0.06181369645329645,0.0572180908574795
88,0.0556808535691192,0.057146139013438596
89,0.05555715634111773,0.056017150145425534
90,0.056667818918936234,0.06250118062759102
91,0.055965573874706014,0.057197450685844684
92,0.055540004488370175,0.05772748829465462
93,0.05455534396352326,0.05367527759276835
94,0.054401011264563204,0.05269062975631621
95,0.05673688942365778,0.05572337666549778
96,0.05363950250964416,0.05919794079131052
97,0.056396943360641785,0.056278269093735775
98,0.05398095895846685,0.06991265077414668
99,0.05671374600632746,0.05984594169677349
100,0.05391307416042887,0.06604812331591035
101,0.05423341712034436,0.051834975035492344
102,0.05360037650455508,0.0520410094606249
103,0.053851152030298284,0.05948674880472341
104,0.05321643604222396,0.051362461837610805
105,0.05503865680598974,0.05219302020201408
106,0.050779323436711966,0.052490609574288055
107,0.051919633732702496,0.055412660546619495
108,0.054013565107993315,0.05637543592461966
109,0.05292616121676333,0.058878887080608455
110,0.054921016330482963,0.053350072083317844
111,0.051080592294085896,0.05549617756839683
112,0.05330655154279599,0.05946525091067292
113,0.05224689849673357,0.05536874993365809
114,0.04914165555235736,0.05560585010544698
115,0.053326058264513664,0.06847048278216432
116,0.052501152883421505,0.0588927338259262
117,0.052091897943787706,0.05923376083000561
118,0.04825541464831297,0.051990190796311335
119,0.05108518487678136,0.052326695764796774
120,0.048397221418102286,0.05264732111852271
121,0.04816512858733199,0.05701249232865814
122,0.049368460095466526,0.054088951445611794
123,0.04959255805178394,0.06455206518110476
124,0.045833911401287356,0.05259863969713524
125,0.04762689807547961,0.06070095743227722
126,0.049702365380854235,0.05389369934573209
127,0.05001220237790493,0.056472568611677425
128,0.05136042322618023,0.05786555133442532
129,0.04991355374044643,0.05339998746276798
130,0.04872248834349159,0.05072045599794328
131,0.05050018032018403,0.05481137996329401
132,0.04673650907469274,0.05547297618965756
133,0.04704464721799195,0.05544669242729818
134,0.048019577004482276,0.054940645043787206
135,0.048620332051115225,0.05201188492633048
136,0.04601368205365083,0.050438157159060165
137,0.04771440011218078,0.05712177255249262
138,0.04523003312355295,0.05020557091872495
139,0.04695262982134234,0.054639613923422974
140,0.04690590339308992,0.05278957377475007
141,0.04673991673497628,0.06008065279041018
142,0.046921975191747935,0.05651262530445455
143,0.04752403544378759,0.05984988855314733
144,0.05101925926399709,0.0523514167818808
145,0.046475110104060115,0.056218123553614864
146,0.045867738615077244,0.05245973132457351
147,0.04563698347163081,0.05451212899017155
148,0.04948036187797561,0.057040990416642116
149,0.04687665830504028,0.05802710214279648
150,0.04752438707758012,0.05850243288323395
151,0.04304096964479688,0.0534129865691626
152,0.049411952579604054,0.04981455234880734
153,0.044326138022101315,0.058073002910404875
154,0.044625954931242426,0.05828420324881274
155,0.04378744138213327,0.06024496609293727
156,0.04509974420444111,0.05398271362621682
157,0.04628769889996763,0.05853025622684555
158,0.04422005038138918,0.054417801698795835
159,0.04486562503982606,0.05661425901983017
160,0.04684715732969437,0.07458037503978662
161,0.04489002188196158,0.05434937971202951
162,0.0446443255141116,0.05473080479112783
163,0.04312233487727648,0.05182790419175511
164,0.045045158534047,0.05258721799442643
165,0.04294636038909281,0.059651797595328855
166,0.04526362368337493,0.05280163045739172
167,0.04928904116377795,0.05174330161665018
168,0.0448101135180857,0.05419724565326122
169,0.045338918728039676,0.054935198333254436
170,0.04104979760141898,0.05258031842067726
171,0.044767684935776514,0.057858118857432125
172,0.0451633175811672,0.05467679078940461
173,0.04515812950288144,0.053975808795980344
174,0.043763843526069386,0.052745700414691656
175,0.0417840936989115,0.05390893725823041
176,0.04264331825619055,0.05241132277369798
177,0.041782867901008526,0.05188442045883427
178,0.04792191629720511,0.057388243855987876
179,0.045901253894158174,0.05781584917415951
180,0.04392877644987632,0.05706854388677984
181,0.04068067977975186,0.05589429135049196
182,0.039191836635943944,0.05396164435529171
183,0.04236610175897006,0.05556811357761983
184,0.04139313936457598,0.057635872883904246
185,0.041996676502819345,0.05537264666200282
186,0.041628175576154454,0.0553105238236879
187,0.04375127376171581,0.05404810881928394
188,0.040615269582821314,0.050856650557210274
189,0.04081845071568226,0.05562022102431845
190,0.04288381422148611,0.05325308722212799
191,0.04020668311338676,0.05221890941971824
192,0.0426928391096586,0.05570155271051223
193,0.045948616553443414,0.05587674445825113
194,0.04308319266390681,0.050902896684438065
195,0.042295823121130616,0.05523598492892464
196,0.04344502167967627,0.056399751445255185
197,0.04250844590421906,0.05589311702508377
198,0.04375345328061802,0.05645307121719035
199,0.04138893985135812,0.06215947760002954
200,0.03949439675922979,0.05104950899468329
201,0.04046978866844846,0.057389950655158
202,0.04150693013069026,0.05307000248989366
203,0.043953597302873036,0.05090672694576115
204,0.03935006583917111,0.05599862996274069
205,0.04207115832314754,0.06125250351346824
206,0.04116140548746688,0.05280453708013496
207,0.041754078493455894,0.05635945960169747
208,0.04339696249380745,0.056633366696667256
209,0.04167244010103077,0.05245684711892802
210,0.04148240738494653,0.05383149209551345
211,0.041135350741763464,0.051427742499008514
212,0.041017113006055206,0.05502268618771008
213,0.03816272007455503,0.05271358519120324
214,0.041029519044367,0.05437394352933219
215,0.039772909078606984,0.052511245861910937
216,0.03792992350937131,0.05225741986493419
217,0.04496719861837258,0.05734722770022271
218,0.041625340340803736,0.05673301718512872
219,0.04005032547173046,0.0532888002544268
220,0.03973210675823957,0.05789682566932867
221,0.03979725062959176,0.05819736144745858
222,0.04038328715695773,0.05275368004253036
223,0.03875785757948581,0.05381670982616587
224,0.04033055901527405,0.052664190175987426
225,0.03972804690139335,0.053009597570600364
226,0.03930546820425151,0.0505792460775465
227,0.0384665219612737,0.05354647478438858
228,0.03711340501717756,0.05916403521571243
229,0.045814052350202895,0.05457450360769317
230,0.037227744241256765,0.05131760937042702
231,0.04055735483802948,0.05548713959398724
232,0.03911793297320081,0.051647573868209555
233,0.03627354902843186,0.05378213009439913
234,0.03696775974187636,0.05048983213596774
235,0.03841272091731093,0.05366292153310059
236,0.038394339275277946,0.0499659875935331
237,0.037320191633507124,0.05448995598762257
238,0.042304931325198414,0.06226252400337305
239,0.03983849679168902,0.05504640821078069
240,0.03892476905258676,0.051764645429332755
241,0.038209076261236555,0.05380288739326902
242,0.035547942109872825,0.05915119650220513
243,0.04361163221654438,0.06426624943476572
244,0.03937483774988275,0.054093520901630394
245,0.03606845404868735,0.053419153857275956
246,0.03657819586514231,0.052841107255982275
247,0.04173032861940544,0.05370116095644489
248,0.04113831702983917,0.05188531192360366
249,0.040965506382155834,0.0542628904781246
250,0.03720966785361892,0.05369357771256514
251,0.037470615233170954,0.05531450477720502
252,0.03633833626159152,0.05526500673297055
253,0.03998573357822901,0.052667488131606786
254,0.040322586212465934,0.05576827560077634
255,0.03771957881599291,0.051435209717368126
256,0.0357361371841347,0.05339822062013442
257,0.038312046132739024,0.05333640240599637
258,0.037930966861415324,0.05410375734581087
259,0.03987353929507553,0.06059931652774488
260,0.03701536385412503,0.052145309018013175
261,0.036537365254976396,0.053590052987549236
262,0.03986943796986625,0.0525241282892257
263,0.04033763979778702,0.054026558911217784
264,0.03768393970596462,0.0548040905131732
265,0.03876446788771111,0.053993293039855506
266,0.0355100152934703,0.05283166942441075
267,0.04061177682906464,0.05908580147719622
268,0.04029906050939309,0.061198102193592785
269,0.03578407564819008,0.052185500428117905
270,0.03500728036526749,0.05446857146750715
271,0.03639420850160427,0.0504467843058414
272,0.037478930940081305,0.052201585195267707
273,0.03435646527841276,0.05307319258015258
274,0.03688484744021767,0.05277191236951297
275,0.036733668848386684,0.05220231349418934
276,0.0376464754230994,0.056613315522371976
277,0.03864078584096784,0.05362902364149727
278,0.03695687494779888,0.052666442137314265
279,0.03529060653464537,0.05465032272320941
280,0.03488177948054813,0.05062070938952286
281,0.035135158760132346,0.05446940715562431
282,0.03846218914054988,0.056571901852923226
283,0.03885608642621148,0.06157245220882552
284,0.04055771938429441,0.05235794667425311
285,0.037395355592768895,0.057082890353181905
286,0.03541133497703942,0.056481846778613884
287,0.03959858812447777,0.050199288725479504
288,0.03588212146085307,0.05110728051653482
289,0.036033288624725844,0.053639109085376994
290,0.03443803827752147,0.05330344976712588
291,0.03883160490141178,0.05242704592626495
292,0.03670287723267885,0.05577598482295684
293,0.041645646169968416,0.053238690048829654
294,0.036402499681352674,0.051594997268347514
295,0.036168718687200306,0.04994433588887516
296,0.036447067616652125,0.05285923970036937
297,0.03587440642199122,0.050795616773435644
298,0.03967560783850221,0.056784655291932565
299,0.03846031503009617,0.054006496859821757
300,0.03656607672086634,0.05202869207301833
301,0.03566954891783253,0.053971701966864724
302,0.03451244296846832,0.052763673577242924
303,0.03385039601932492,0.05291496744766869
304,0.03569874316827396,0.05264671568882495
305,0.03594010983381355,0.0546546641709213
306,0.03554675151082806,0.05113493753853896
307,0.03548329121860346,0.05457827840047074
308,0.03386617320260607,0.053143589250874104
309,0.0354519665596031,0.04936666198466953
310,0.034610919047492486,0.056435555163630864
311,0.03694207464020354,0.051283748199542366
312,0.03581127883833751,0.05106725562410546
313,0.03525701444362638,0.05547289224458219
314,0.03638039179202309,0.05193469186960008
315,0.033789101157122685,0.05327013874412479
316,0.03471217877733379,0.05347066657398279
317,0.03716351756625307,0.05308671907188002
318,0.03367642600808227,0.055779539646212024
319,0.035123208533029505,0.053130141186310834
320,0.036471147902477956,0.06745433870861704
321,0.038164124434305016,0.053012601274968985
322,0.037896553694006796,0.060425710138447004
323,0.03550165662901443,0.05377010606173286
324,0.03612311833297698,0.055803037115505764
325,0.033888333488750574,0.053476300949515554
326,0.03563852245478254,0.05252679303886
327,0.037453391479519677,0.054111283076436895
328,0.03493214205355573,0.05482306216556327
329,0.037127286466515454,0.056519489996788796
330,0.03704423737014296,0.05152374030765435
331,0.03715629278119644,0.05596589375483362
332,0.03792614484191837,0.05169880325744923
333,0.033845506972612294,0.05365665329802305
334,0.037502550316932504,0.05411785875533458
335,0.03514552629905237,0.05000296057689758
336,0.035733814026814956,0.05104840173383703
337,0.03719668345231759,0.05316681232779546
338,0.0413724536865128,0.057188096593944054
339,0.037555647789871784,0.04989343752762429
340,0.03525582016597416,0.05728100633300038
341,0.036189256352664234,0.05051469814993983
342,0.03169665070610088,0.050416915152305945
343,0.03566316780365798,0.05482193871510955
344,0.032984932123643715,0.05201709781187519
345,0.03659711986836186,0.05021827373849718
346,0.03416965734727102,0.05359938755668793
347,0.03312838115358263,0.050565643987634724
348,0.03249215852833332,0.05677795555806698
349,0.03762636729574442,0.05271203756183012
350,0.035120016421403805,0.051582424478946176
351,0.03584033166779611,0.05326939187477107
352,0.03635827380986441,0.052257173594302105
353,0.034649343138798736,0.05159846106007284
354,0.032363141641805045,0.05207344961532375
355,0.0360390967631101,0.05620195709150238
356,0.038180875953725706,0.053667151138074416
357,0.03508739276114562,0.05186815553328447
358,0.042212488703933876,0.054245530111822565
359,0.03278244435227007,0.051857713535241316
360,0.033052702604753334,0.05063165770026676
361,0.03287890466177523,0.051011758359303154
362,0.03462081613546625,0.055622402457216925
363,0.03591221190036688,0.050426311034681204
364,0.03412077416733542,0.052514291226042245
365,0.03406331203597829,0.05224298005153362
366,0.03664384059664002,0.08960063167308506
367,0.03869247347826049,0.05165588354369752
368,0.033905916513506336,0.0545761709972133
369,0.03124199130742771,0.0515996560099579
370,0.034002129922161124,0.0532281386075462
371,0.03275182839473686,0.052348233992817406
372,0.03480312998469611,0.05235698914393447
373,0.03724937563888112,0.0528062929523021
374,0.032678390514656416,0.05204146762464877
375,0.03318433614825844,0.06066586081881571
376,0.0336915889946291,0.05053615172330598
377,0.032513397052547986,0.05330953835731461
378,0.03388245763224468,0.06369854599461519
379,0.03714533902723389,0.052079472756176665
380,0.035668900157126565,0.05088491369048157
381,0.03346788512547512,0.05186540406561436
382,0.030361348347631014,0.05517689546658879
383,0.03569843389448665,0.053146218530889744
384,0.03329361605464964,0.054154277408033386
385,0.03419862332798186,0.05087183243163247
386,0.033321858712829146,0.05412840866542101
387,0.0364571350783035,0.05631259787725028
388,0.033220245528564715,0.05770042600264227
389,0.03491724287171412,0.05120976666982909
390,0.032027002461347966,0.05109756568768867
391,0.032135555245224996,0.05588942459016515
392,0.03444934312375566,0.0552872204336158
393,0.03200152013124081,0.05275678784028629
394,0.0323683201687826,0.051304417342545094
395,0.03742058554612903,0.05180629841367105
396,0.03431388578916851,0.060891601572135336
397,0.033486275445847286,0.05283899673431141
398,0.031631935033060256,0.04975951853252593
399,0.03337914692728143,0.050176212456740234
400,0.03263780873334199,0.05409644466631096
401,0.03478363731451202,0.051032118583308125
402,0.03173899918533208,0.05455016891908526
403,0.03096718774328853,0.04860354193432588
404,0.035252198730980545,0.0534217531949207
405,0.03435775083968215,0.05552582599614796
406,0.032310056945957934,0.062193836503309716
407,0.033806827796954556,0.05723094962593308
408,0.033217822540000566,0.05613124635733459
409,0.03516499043668721,0.05663584267958663
410,0.03416404242914422,0.05075867038995102
411,0.03190638594572108,0.05414215081317682
412,0.03396868075531228,0.05294596034109144
413,0.036643718838467634,0.056211630055181365
414,0.03348502523282118,0.04955182809914861
415,0.03318135176124728,0.05277202790953163
416,0.031621975184682016,0.05010861733503509
417,0.03177827024332862,0.05631002725888613
418,0.03379876548447704,0.05229444220139269
419,0.03101049665184248,0.06034283948721444
420,0.03799196061932652,0.05593825125119142
421,0.034104993982347925,0.04956273233195893
422,0.033620364151726985,0.05610740111025055
423,0.03171350554864209,0.0511532329527059
424,0.030971800819748922,0.05228624455537414
425,0.03335811697264064,0.05179573180980252
426,0.036019238491629,0.0526112185366321
427,0.03426557223319559,0.05191400874041973
428,0.03237618670278324,0.058986032535707146
429,0.03201913421875552,0.052581023312825007
430,0.03411911704337089,0.057848947855613585
431,0.032874789691173044,0.05192853699912105
432,0.0319166689793717,0.05868263549187727
433,0.03595960376443421,0.05212820427758353
434,0.03314469378432235,0.05143391859150471
435,0.033604608405204045,0.05551552372916898
436,0.034270404284833966,0.059731753585033846
437,0.036370902049138135,0.054461443250564706
438,0.03402347409896982,0.05446459055133631
439,0.034877812634584004,0.05247795994493896
440,0.030026003746385862,0.04925393870562539
441,0.03244074366818693,0.05372623894783787
442,0.036516521396792324,0.04945711566504082
443,0.03245799664529344,0.05141297933227735
444,0.03162476827476855,0.057178339358409845
445,0.03328589525045757,0.057275020407704186
446,0.030789393978310108,0.050022628167667484
447,0.03175284800336773,0.051188281053364426
448,0.036088699292867704,0.05715838653551307
449,0.03385318612170996,0.0718493353491439
450,0.03460600584708061,0.05338194318358462
451,0.03274578164637387,0.050246573648506536
452,0.035709433481657414,0.0525848279265981
453,0.03303383493371177,0.05120192071362247
454,0.03133035216825947,0.051991328372991176
455,0.03119407792606001,0.049768449173759395
456,0.031171715153115138,0.05274081954681186
457,0.03156159468051186,0.05355780514746083
458,0.030324691631142656,0.05245397098941313
459,0.035158226149796246,0.05527080482520854
460,0.033976788056038675,0.05011633697682455
461,0.030830380826590953,0.05503673555520842
462,0.03286661230083695,0.055169851558847835
463,0.03206465761165571,0.05043401034142738
464,0.030759912726462335,0.05399993828551512
465,0.03131041082934031,0.0498850158320035
466,0.03196531725127745,0.05458516214873856
467,0.029651154551589697,0.050773336073584426
468,0.03267701079410718,0.05538595818860788
469,0.03333379016409542,0.050175131459657414
470,0.029913834368525294,0.05969015593852913
471,0.029946740922100264,0.05585979386454537
472,0.03175580273744158,0.051264790533329906
473,0.034103916215717345,0.050652596249915006
474,0.029237604020793635,0.05139992286201408
475,0.02954087856419403,0.051617101152289784
476,0.030480061734753445,0.05335919964208938
477,0.029858343723349105,0.052485802792068714
478,0.031855042482303794,0.0545119866915514
479,0.03151564547012474,0.04998689958998434
480,0.030898284540514003,0.05303104206882324
481,0.031059645769888896,0.05283006388964808
482,0.03466628477873659,0.05263244375623856
483,0.03437218544327824,0.055480941056383584
484,0.03067310591389362,0.05081676358455106
485,0.029479134669130606,0.051937493101173175
486,0.032173769553203634,0.054698964762956576
487,0.03128748636384655,0.053838077129651433
488,0.03606233957753444,0.052019510567561725
489,0.03201426648742573,0.04912354482482549
490,0.03280556507707389,0.049988095931017905
491,0.02988082988369734,0.05187790596246122
492,0.028570984954709996,0.05142838205385925
493,0.03333914547897222,0.05283242586374581
494,0.03495525885700134,0.05306689956582578
495,0.030528476951937927,0.05026157156454591
496,0.029461118745101725,0.05191472935534659
497,0.03156782972409313,0.0602749630640772
498,0.03604119320523769,0.05046699825384862
499,0.03191018117157588,0.05338657993757934
500,0.034043937095237856,0.05282196724661311
501,0.03229180633330853,0.04945576095715501
502,0.031012207853204028,0.051432255478132335
503,0.03062301311632595,0.05157330306363584
504,0.03282445618289903,0.05166367306035563
505,0.030143231265526964,0.05274648585340433
506,0.032184136494583356,0.051493045502811446
507,0.030098144053703264,0.054024299910119304
508,0.03387369862512538,0.055074373423530346
509,0.03100239914050676,0.05063541184989432
510,0.033793540816184575,0.04939253062457967
511,0.032198738722238024,0.049841127122628656
512,0.03074528548614423,0.05081765124933761
513,0.03136471179979188,0.05307539166849956
514,0.03300216546594947,0.05418159048957633
515,0.03301335231664784,0.053993994094674154
516,0.031875488887491976,0.052423140524249325
517,0.029836747347188174,0.05271651047774425
518,0.030301011057761975,0.051843968819929545
519,0.03276934193675978,0.04967409016606503
520,0.028162409936575063,0.051382210917938924
521,0.03190793636672778,0.04804008703370739
522,0.03098282458862864,0.05147272941275945
523,0.03272890024129908,0.055105233616323995
524,0.033087764038029766,0.057454738196424375
525,0.03395748387714077,0.05372497532750132
526,0.030323133320736707,0.055233689487204515
527,0.03019753545709421,0.05306757916521309
528,0.031236135538546064,0.05342422221276097
529,0.029384130103172815,0.05062607036235936
530,0.031228114264949522,0.051253085493817366
531,0.03187875888942925,0.05154632705084065
532,0.03581771283482848,0.0535534510300273
533,0.030243516547189916,0.048727210340344516
534,0.03060076909051055,0.05493539816380145
535,0.033109110366917195,0.05639262941845676
536,0.031014489369434222,0.06540670737922939
537,0.034124848864655145,0.052760465280678036
538,0.02950361373374486,0.05254489991038963
539,0.030601474939656436,0.050708380791552383
540,0.029325903582393675,0.0513720862044577
541,0.033497505095369536,0.06691497593259155
542,0.03153535902948308,0.05303892954474404
543,0.028849864187171885,0.05289070522949511
544,0.03373692255644571,0.0506048407919126
545,0.029892661060232268,0.05575892410444138
546,0.0313563883108528,0.0520208659383438
547,0.028717581201391413,0.05241896306400311
548,0.028570537485723805,0.04916664940260705
549,0.032212774383655766,0.052442503397476706
550,0.030510182247350092,0.050175682923996955
551,0.032642599494012076,0.055119095907026065
552,0.02959004492688,0.05168775487737847
553,0.03218763801537659,0.05091248633792825
554,0.03022749293455504,0.05194159744676193
555,0.033239131209844335,0.05433647518506026
556,0.030931570280091206,0.051477789944201185
557,0.032408164314608225,0.053687230163349545
558,0.02989411233623225,0.05250495179255206
559,0.029118699574829043,0.05048999864430655
560,0.03020285193185161,0.05263992176766981
561,0.030117191850466837,0.05404075419058776
562,0.031391793171079235,0.05027447920059202
563,0.03146932150860478,0.052105077927497995
564,0.03231180339752881,0.05156281822008597
565,0.030207172745750063,0.06313806451054145
566,0.03167967865229549,0.052006916322729045
567,0.03256001432699369,0.05262331273360061
568,0.031644899220693676,0.05093049107674967
569,0.03300996612113221,0.05245705124429593
570,0.03269858044901289,0.054405320501118376
571,0.03310667011037208,0.051029099118814134
572,0.0324132595220604,0.049674316036297864
573,0.031012000362003658,0.04973909571617468
574,0.03188858805854518,0.05274271786698423
575,0.029704846936583817,0.05006136287722671
576,0.03150847951010952,0.051222553210599084
577,0.02889942945002165,0.052092393827542924
578,0.028436091119297464,0.05045907415057484
579,0.029393977473926424,0.0485967373041282
580,0.03235813939855212,0.050790703965159584
581,0.03383112560612217,0.05015318047133902
582,0.028845360595966343,0.05029254925803732
583,0.03171862554468009,0.05522658744065983
584,0.031237955314847164,0.04911621517144648
585,0.031610929927692974,0.05004846822834553
586,0.029408622827184826,0.059911482605644335
587,0.029930541810012402,0.05170790547677748
588,0.029772355237550903,0.04789670172117109
589,0.028592628415179133,0.04934235131904894
590,0.03327359110677153,0.052154498403532465
591,0.03467861531222972,0.054091932900940866
592,0.02940103815014201,0.05580119665404011
593,0.032582140973486697,0.05683527649718717
594,0.028931717862162674,0.04759980675607994
595,0.028633453101293185,0.0509083433762977
596,0.030330987455776164,0.05508829984711226
597,0.03010508730858191,0.05312253327522063
598,0.031036376780398507,0.05440403692853779
599,0.030130427158005853,0.050716368738272434
600,0.029593671856443387,0.05114441003678437
601,0.0294343073173125,0.051417479921776546
602,0.030810406352194928,0.05211056038774643
603,0.03556917612452555,0.05116870159978855
604,0.03010868810042552,0.050538506984411924
605,0.028520217478125914,0.048478367371965474
606,0.029636043807804435,0.053002663909044484
607,0.0327975536535557,0.05208260508109454
608,0.029778661444447095,0.05245809527790935
609,0.03335299495056757,0.05087079784662502
610,0.03387836057384659,0.04872267616721323
611,0.02721553420027097,0.04946783725592427
612,0.028819334228758823,0.049374746424811225
613,0.02833846270253784,0.051259304964004604
614,0.029865902169306475,0.05556957249093175
615,0.030468232280815157,0.05079738295317294
616,0.030084270008263133,0.05189467522135952
617,0.027623298337547703,0.05084302774945596
618,0.03185235379837958,0.05276405736617277
619,0.02986366100105128,0.053016466361687595
620,0.029051847293748892,0.050779885554074644
621,0.03309461553779461,0.052596181808483036
622,0.030748793976684858,0.05213113203831484
623,0.030148647846957494,0.0517121844721916
624,0.027220790384145908,0.050021207067452576
625,0.034097981286751,0.059436599740333725
626,0.030304092274311193,0.052096474981098845
627,0.03169271659880951,0.054021065340454415
628,0.030044369166133397,0.05578591689504776
629,0.028009457957176936,0.05189295186845581
630,0.03069090135022064,0.049958898347421996
631,0.029000340935244298,0.05459083609264297
632,0.03143323765586791,0.051545942412283184
633,0.02728070668820152,0.04930543770691506
634,0.030718010423102772,0.048855990171432495
635,0.027893132989978732,0.04852096845668958
636,0.030993736589462834,0.048905453810416964
637,0.028462786213459827,0.0524785546002382
638,0.028978509459653894,0.05033425205296144
639,0.031988258116451423,0.05504992905826796
640,0.02864344038050575,0.05039661371132784
641,0.029207611414498853,0.05207331138744689
642,0.03066678503458213,0.052566576020834144
643,0.02872607970895026,0.05324647603626538
644,0.028942987691601713,0.05314139396250995
645,0.0298126867801922,0.05255171196315821
646,0.029549993560614444,0.05212009642133139
647,0.028624309969127626,0.05164030479981487
648,0.029878381868464907,0.049487669861182235
649,0.02779757184791087,0.052094361798506336
650,0.027338117594482906,0.05138583383277843
651,0.02843899209341758,0.05093977158716448
652,0.028182315647153927,0.05159226732146471
653,0.029763353927840564,0.052937192249492296
654,0.03343307106921398,0.05239156732583106
655,0.030656699203234865,0.050247266561838616
656,0.032423566167889384,0.0518921351615797
657,0.030688822932335966,0.0517782644744505
658,0.026932497539167714,0.054158690485888554
659,0.030630478845503097,0.0611137646369468
660,0.03105050007483565,0.05040517095523072
661,0.027453856846144924,0.05277432396746518
662,0.029974753527264846,0.054425184598617386
663,0.02972678480702534,0.053550205023067635
664,0.030339416321880537,0.05264645841971675
665,0.02806985540254821,0.05316764399185216
666,0.03017802231181833,0.052256624286709574
667,0.03066483479842805,0.05271977093770988
668,0.03088437712618283,0.05788918620064145
669,0.033109943342761586,0.05127063889364551
670,0.030100561220917785,0.048346482114609624
671,0.02799048294362269,0.05108938550105071
672,0.03269310536932079,0.05269164415566545
673,0.030013328212731165,0.05166236634242505
674,0.02946924863565237,0.052723050705696405
675,0.033897658245157176,0.0512628612624374
676,0.02853078925445265,0.04926795484428119
677,0.028823935755885634,0.04771199134320842
678,0.029313099409516593,0.051860058274036065
679,0.027647491721879868,0.049827200661700474
680,0.031975769589568735,0.05180464074351734
681,0.030633863071003055,0.049907806653874856
682,0.032915915369539334,0.05240954926475547
683,0.030969683417028056,0.05048919958354238
684,0.02994071749181377,0.05391501262784004
685,0.02904045459508597,0.06330604634637522
686,0.03604949114466072,0.07752640707824464
687,0.0321562831385766,0.051183808660298064
688,0.032688598388941364,0.053051760901036416
689,0.03018904540846521,0.052630744454331864
690,0.033025862971194704,0.05698484796703907
691,0.02811736353955472,0.050780918766606724
692,0.031645610825833226,0.05141356561267585
693,0.03174945164033046,0.050363127655702125
694,0.029548966225451397,0.054305322795060645
695,0.029252661914940466,0.05153119352116322
696,0.028337584775790833,0.05118522539099954
697,0.025674560174980855,0.050336569911779316
698,0.028717609967354844,0.055972918205168615
699,0.02815946695723928,0.052263208135103524
700,0.029908127868011183,0.05067646752734829
701,0.034588476339527836,0.05200619077809472
702,0.02685963425010368,0.05124892633324279
703,0.03210620270262386,0.05188111279318506
704,0.029431774428016262,0.054752452023570104
705,0.028916337753746444,0.05365593055435888
706,0.028689413805279815,0.05034116501534792
707,0.03304236581114898,0.05222953406902483
708,0.02762948495235509,0.05117303561559297
709,0.025638398305888762,0.05034796465981873
710,0.02728842413589769,0.04983620506181454
711,0.025913046201443614,0.04954362978089722
712,0.026898839807413276,0.05330135148569456
713,0.02709891221352986,0.05236505161513362
714,0.028456834333955794,0.05519295045942591
715,0.03256733624035852,0.05731403420592908
716,0.029484665044641735,0.0522308969464069
717,0.02792743914165443,0.05081312293957051
718,0.028470708239347414,0.05549865264566919
719,0.028871206571359682,0.04991564923024416
720,0.031114952045873293,0.051620702686390484
721,0.028387162801727914,0.0509894289319079
722,0.029318111050024367,0.05385091839204157
723,0.030546358616130993,0.05244598020437666
724,0.02836299640007485,0.053052928746867
725,0.026975293870184356,0.05275247299245426
726,0.02797073074488114,0.049704873948393014
727,0.026135279229821118,0.05146556651046999
728,0.025740732375840496,0.04961062775443969
729,0.02760964020955981,0.05456373781750077
730,0.028852544454180805,0.053950801603776175
731,0.03247252552487647,0.05304038005514551
732,0.028218008274385205,0.05353531188198498
733,0.0314780296687793,0.05040065750927854
734,0.027101832556358556,0.05324890376780565
735,0.025454831377306676,0.05158949318460952
736,0.03003343469685032,0.054253048858696355
737,0.02897239397081516,0.05190283355109375
738,0.026431490240016377,0.048651147176299175
739,0.02763144167742335,0.051632058491608256
740,0.029743833037882222,0.0505031811115437
741,0.027376031236989156,0.0522804118151354
742,0.030623614914099078,0.04951512058239832
743,0.03019919034495091,0.053297477342505804
744,0.02954570722199024,0.05338199804525327
745,0.027551259822153805,0.04953577035202418
746,0.027545989208614317,0.051696450601245524
747,0.028198190873726867,0.06554105269132103
748,0.03098738158499836,0.054557365180929206
749,0.026878037398919127,0.05081263857713917
750,0.034033466863415594,0.05123373115421238
751,0.027216971835546326,0.05138291828427697
752,0.030576361908126893,0.052744870375197636
753,0.030040753412440904,0.04983409193524143
754,0.029365685210565578,0.05211149220515911
755,0.02755864408044588,0.05411876001416292
756,0.02841975909650774,0.05032253114128471
757,0.03124246574508815,0.05810260782041645
758,0.027802800222820508,0.04898807836841222
759,0.029023438860151105,0.051718695056543015
760,0.029497375230965458,0.05421162779468641
761,0.029476162316954525,0.05801686116104437
762,0.030216334350313758,0.051119264476654824
763,0.02604494511352894,0.049397183344104235
764,0.029141438718801153,0.051108037021225856
765,0.028904291112582785,0.05345659918690983
766,0.02937665641457216,0.049879863382058034
767,0.027276358602190375,0.053399733890940375
768,0.02674502596483195,0.05116376964221323
769,0.026802593188589078,0.04978075200565776
770,0.030139760303318053,0.07009143436462957
771,0.03275556079016294,0.050111239360538046
772,0.02903632287468229,0.05093826064116375
773,0.027964133848634578,0.0495550319888538
774,0.02701620055936781,0.051664916485697404
775,0.027792986949210178,0.05337613031156081
776,0.026287058368325233,0.05060512214002753
777,0.030356429274518388,0.05267905944346784
778,0.03552586484448354,0.057166227412627155
779,0.029189376575979673,0.05218831674758354
780,0.026116276094526575,0.05219121154089619
781,0.030376446641103963,0.04870993292010518
782,0.029139488197881775,0.0555468237489686
783,0.026471836730501706,0.05017928290822751
784,0.031012327776740966,0.05474256262892768
785,0.02877517148646944,0.049777005082533174
786,0.028628872749500704,0.04962061396928359
787,0.02633131019080193,0.05057916452263232
788,0.026827008661844377,0.0490801362670902
789,0.029744872557265416,0.04857739072321053
790,0.027876658771271098,0.053225079985489525
791,0.02781455960582223,0.05085009420500662
792,0.028652698361783996,0.05172830477431603
793,0.030136937130812117,0.05767131982403889
794,0.030033273421657413,0.05175258522680529
795,0.029048219808659757,0.05251533830337656
796,0.030291750238167315,0.05025115646515275
797,0.03066177348744003,0.05165738271628705
798,0.028131913851227677,0.04900036874532998
799,0.028239222182740543,0.0499844898780187
800,0.02781276165841516,0.06395144893187926
801,0.030617747110382357,0.05286022383990443
802,0.026161476400188337,0.050814001678598855
803,0.024461059389930023,0.049988012611492535
804,0.027767469574298178,0.05355481769805564
805,0.03080592234443901,0.04977139277864518
806,0.02891371859456961,0.06646518474608137
807,0.028265730540891338,0.05366302185451476
808,0.02764026417319936,0.05301767272085773
809,0.031767429200404866,0.05013058346726542
810,0.027956435074072732,0.05195880544962441
811,0.02787045255900923,0.049711326748730245
812,0.029178062192442126,0.054416294216661526
813,0.030145013863617617,0.05100584178602785
814,0.027585940720294053,0.0532349654401006
815,0.027360167961222186,0.05102689328946566
816,0.027209551743509478,0.049500914099147746
817,0.02659573787846661,0.05600062719450559
818,0.02913581013194003,0.050787885115484245
819,0.026571297593284072,0.05293781203883035
820,0.02672878987060155,0.052298376649468764
821,0.0287437087162993,0.052365770913604504
822,0.027822855878668024,0.05120840298950224
823,0.027672503246251205,0.05215457771767052
824,0.02801625489404327,0.05202773387046685
825,0.029389861653696624,0.04963110598331705
826,0.028547079216007302,0.052011547904265557
827,0.025662870204687716,0.04858340406066792
828,0.02766137557071552,0.05275656183934152
829,0.027314790480193637,0.0491817182112009
830,0.027756521254217716,0.05017601683698501
831,0.02908090988458846,0.05515482091814056
832,0.0319306391681122,0.05488630480373414
833,0.03972886848195752,0.049595607066513
834,0.025680785966024064,0.05360518735751771
835,0.028764199423498678,0.05208849303779148
836,0.030618070641107727,0.05765291056910852
837,0.028891448286317643,0.049330421800452065
838,0.028815427883749918,0.048522219481997024
839,0.02894492619169087,0.04996882209129501
840,0.02543591125343079,0.05398544857749963
841,0.03006277917732571,0.05086006950540351
842,0.029794025521977505,0.053768061073426916
843,0.030792969939553348,0.05300356289908701
844,0.02700683504884554,0.050951517212734485
845,0.02524730580903235,0.05350788279359502
846,0.02775773900399979,0.05119600247843821
847,0.027566234667535713,0.04950314466106264
848,0.026207098149155315,0.04921803366682284
849,0.027930727321887974,0.050157601139823295
850,0.027396066912582943,0.05564025247044731
851,0.026058600613273177,0.051867381065038215
852,0.027601129751194987,0.04956880159545363
853,0.02413146121236017,0.05063289633594958
854,0.02520198457615268,0.05269050172397068
855,0.03365324417077808,0.05732694321445057
856,0.027602695456162132,0.0531319669146735
857,0.026477213230049403,0.052956452579202506
858,0.03111356200841734,0.06505400162741057
859,0.028454420233803585,0.04884995464095496
860,0.026723879980002727,0.0485697029471248
861,0.027735370741153422,0.050523308995074796
862,0.028238355338498763,0.05098767101503255
863,0.02674771340232445,0.04918640073304786
864,0.0266261033078931,0.061927034862731635
865,0.02983473949040984,0.05196625643169372
866,0.03020701917789335,0.05304258595918653
867,0.02954111644125224,0.05338756184567485
868,0.032928120923744406,0.05129493039129372
869,0.03173755732992837,0.04910234102330411
870,0.02709090816123145,0.05140544860658789
871,0.029184838364783087,0.05183754219932664
872,0.04932385818906745,0.05615316740328208
873,0.030269257514212364,0.05445942677613488
874,0.028765827370690823,0.04899984176146954
875,0.026733956834240666,0.05468385429460004
876,0.029360415829452955,0.05091391186367599
877,0.026353939947553147,0.04988047762547519
878,0.026866088054121884,0.05307543662407046
879,0.031069897768790263,0.052873059985855765
880,0.029357918918618282,0.053949301161413506
881,0.030802978552821884,0.05247675168110912
882,0.02722685765428352,0.05261099924867912
883,0.031026007080063187,0.05454343575097266
884,0.02872591419028758,0.05371140627036417
885,0.02559224566570798,0.05394417856047327
886,0.02978084253189259,0.051049423574430305
887,0.028099136357020615,0.05896075818697014
888,0.031415329984667006,0.051762616621297705
889,0.029150576024948804,0.05169289620747244
890,0.028282373947532552,0.04981543795021256
891,0.02663813004816385,0.04836029628464453
892,0.02606358929983058,0.05331820357861674
893,0.026310869373549196,0.05020990823967415
894,0.02653783221815463,0.04978174066409133
895,0.02826874834814466,0.04889496837866336
896,0.026199031509178922,0.05250828374261247
897,0.027869273742712232,0.054854607008827064
898,0.02573761420049016,0.05018858285737516
899,0.02904201698090349,0.0515627006073494
900,0.02938486961064333,0.05294289698539521
901,0.026372014397853298,0.050721791052355206
902,0.027326166741830065,0.04977835412312271
903,0.026292454974170317,0.05014980461140324
904,0.030553455639602545,0.05525679460593632
905,0.027567521223149503,0.049838484883457795
906,0.02650183668934313,0.05061209398814311
907,0.028487694316676686,0.04898230633453319
908,0.03046223750912157,0.04884435129083488
909,0.027418824253524456,0.049807515975676085
910,0.02599760449321049,0.04936113229072781
911,0.026156774416267126,0.05084073327873882
912,0.026630744496757227,0.05225175156031635
913,0.02637342652095888,0.05358719249678435
914,0.025730016046112643,0.050918848116072196
915,0.025349563095055726,0.04918819150530306
916,0.02980672552210645,0.050776393612599315
917,0.02647283896430393,0.055078828674659394
918,0.03343263033189272,0.06181208882714274
919,0.03135585960906401,0.05255671569092531
920,0.026081382364669538,0.04986413451551196
921,0.025112147664739973,0.05404076056746313
922,0.025664640529860828,0.0486917324588263
923,0.027865424677542876,0.0511792186918414
924,0.02794652603062472,0.051652653240843824
925,0.028280252268663923,0.05101454186073521
926,0.028181861133727813,0.054442276398564936
927,0.025655951439624743,0.049656056661280173
928,0.02681505397653072,0.05106792669920694
929,0.027425980022676606,0.052102432775318175
930,0.025651514922317705,0.04860598391346764
931,0.03565002795784993,0.13863908994317353
932,0.036692093721681966,0.05263467735253779
933,0.028674799024610592,0.05141186829945796
934,0.026792612519666067,0.05204712872143676
935,0.027199848221246162,0.050172498211600726
936,0.02794145167172702,0.050462039948480766
937,0.025545337113708183,0.05028916639567617
938,0.02888585758724607,0.05016227752754563
939,0.02657630216134222,0.0517120517155431
940,0.026883342132943317,0.05227859312654438
941,0.028767303005794536,0.05160391645361308
942,0.02535137805835645,0.052249870755543985
943,0.02808598253437152,0.05100553270830845
944,0.02729615044866439,0.05130864412787564
945,0.02999242032436948,0.05151618885478579
946,0.028363481957586787,0.051601242610162364
947,0.026153127557801126,0.053726575615113244
948,0.02861675371726354,0.04935800258938531
949,0.026599423684422533,0.050747537906083245
950,0.02838443224329996,0.051907758720984735
951,0.027864515090496617,0.04950589908842455
952,0.026947030601532834,0.050350892887378394
953,0.028173843076578657,0.04990155757743314
954,0.02673505097254177,0.05393150404917268
955,0.026551915010563414,0.05683392432884764
956,0.030400603253366354,0.04954278931245768
957,0.02854561632998605,0.05067070145019911
958,0.028060708279000188,0.05332479547513159
959,0.0276228287222242,0.050053815504438
960,0.026894436332217435,0.05053380731129108
961,0.02607261994036666,0.05019775901297878
962,0.029480632632634694,0.056128080486130896
963,0.026731634731953006,0.0747207934433655
964,0.030368877560796596,0.05397796392776912
965,0.031412163212484585,0.051060230753624945
966,0.028175637364051397,0.05057557384695923
967,0.026784915154925863,0.0537884534245595
968,0.028376995018662365,0.049635635945656544
969,0.02956121413499341,0.052160735986659996
970,0.026161802591835346,0.05079025074017974
971,0.025632557904996668,0.047547692064205206
972,0.025760293198296598,0.04861721666273019
973,0.02535662400468549,0.04991318844725614
974,0.02663414111188181,0.05171266188821697
975,0.03836758064110775,0.052808826084349086
976,0.02942547029383798,0.05060360106385143
977,0.02650858150482327,0.052585565916876444
978,0.026444961744031513,0.05197571452361599
979,0.025907147815801147,0.053345973974555955
980,0.026986754711782725,0.05350187810179882
981,0.028219497461516158,0.052595229758729316
982,0.027700309032448252,0.053021605684419625
983,0.025275340159061858,0.051381345679586694
984,0.028216719263254253,0.050728356134249156
985,0.027147128529155764,0.05060525578364991
986,0.02369099802204541,0.052145700733688544
987,0.02767612379893922,0.05197283406193394
988,0.024891968190968783,0.05055934609961988
989,0.025027548656203692,0.05337217992596459
990,0.02846102751231283,0.05079040791195138
991,0.027325419639062164,0.050557693209788555
992,0.02884941000052562,0.053465994341032844
993,0.027179892139887453,0.052234663354947156
994,0.024478589116892123,0.04968742286800442
995,0.027619764404861552,0.051874176227956786
996,0.02865949868782421,0.055718260170672475
997,0.0271441362667502,0.0502335123045552
998,0.02660893175032055,0.05099824640461078
999,0.026615754264712632,0.05183475317064682
1000,0.02699980834372958,0.05465464645011682
1001,0.025345478146185253,0.050655922598035114
1002,0.027103869902684277,0.04890152873625433
1003,0.026651408187204732,0.05216402815360772
1004,0.026374555367948416,0.04974695226938503
1005,0.026843000292068438,0.05582013687954511
1006,0.026377192051861818,0.05437602656414933
1007,0.02642711593692464,0.05105998441763689
1008,0.025973385620049964,0.05551987425202415
1009,0.026404298001662233,0.05223948021132247
1010,0.026110195225678888,0.050550708766643866
1011,0.026931904601796827,0.05246364955503242
1012,0.028210531696117015,0.049883250529903514
1013,0.028427316338047945,0.05662328329749573
1014,0.027413492476133474,0.050358786301355915
1015,0.02421377651990954,0.050598124812420146
1016,0.030170893684066925,0.050068463401910956
1017,0.029348813100043395,0.052706233914334676
1018,0.027167312679508875,0.050124656959882656
1019,0.027149744196456476,0.05093949018303016
1020,0.02689599196302861,0.051591563979187106
1021,0.02512914952553603,0.05343024013447283
1022,0.02975886946259286,0.05299474938508861
1023,0.027555645109716812,0.05470241258915206
1024,0.026918548950575348,0.05018545717075654
1025,0.026629220974400528,0.05223767901945831
1026,0.02739244499675612,0.05093068618299369
1027,0.023826361318728083,0.05031986424423997
1028,0.02423890247791632,0.05068406082671089
1029,0.027563601083362612,0.05110626788179677
1030,0.027338902529020954,0.051769117159502845
1031,0.026212464635234727,0.058006930265360905
1032,0.027671742381383303,0.04915347911025349
1033,0.026588535837287593,0.05756155358520068
1034,0.02602165202169042,0.05095540757354041
1035,0.029449815430064547,0.04995806285537275
1036,0.029523877254255433,0.04987050130739248
1037,0.027918539203722077,0.05210199722445997
1038,0.02668239950741592,0.052413990753784515
1039,0.027390947318017334,0.054940626417335714
1040,0.02848688385596401,0.049661663139150256
1041,0.025446905406719462,0.050672437398131924
1042,0.02807503303321531,0.05004743465168733
1043,0.025275672760262227,0.05268361929215883
1044,0.027140150187457714,0.05037281736918261
1045,0.025282764793338634,0.050901816340914945
1046,0.027290550258972292,0.0503976910578129
1047,0.027114320915183027,0.0501872064979901
1048,0.024454511515329357,0.05091758153604386
1049,0.026693564412513172,0.053158274382576906
1050,0.024538402289226838,0.05024158650248272
1051,0.025507123949459025,0.04869057068176437
1052,0.02648413842800715,0.056005596358301046
1053,0.031075711611817058,0.05372296383879836
1054,0.024958132763853048,0.052066591029104436
1055,0.027287301586422705,0.04956444424756786
1056,0.02761197399189299,0.05191971945172563
1057,0.025158277971852095,0.050305820413325965
1058,0.024097071787841935,0.054029430783258045
1059,0.0244341566318408,0.051811967437204565
1060,0.02508548977679776,0.04970855490867058
1061,0.02594029150884552,0.050693528124488386
1062,0.027817280253484136,0.05500844407611921
1063,0.026696754857561643,0.05074348719907285
1064,0.024115049053814477,0.05318316914383929
1065,0.02412132063138306,0.04916948548758538
1066,0.025807183576668415,0.049052338804442784
1067,0.02663591991465791,0.054076775908470154
1068,0.02767152516614823,0.04991166843544869
1069,0.02516004010418752,0.051352137900459435
1070,0.028557376744678446,0.05963890801620364
1071,0.028631984468614848,0.04958433430072359
1072,0.026074270271978582,0.055442181707623606
1073,0.024390396085523423,0.05092913605142058
1074,0.02452499118813297,0.05124120202316975
1075,0.02453086070044148,0.052481128047582204
1076,0.02470296976112184,0.049061592584265803
1077,0.025320086091346013,0.05314009922339504
1078,0.03146161112402167,0.05032651964808466
1079,0.025955584348368466,0.05213343416501705
1080,0.02633551963345897,0.04925449565986643
1081,0.023951929716164607,0.052014884429243874
1082,0.023488282531798632,0.0499922785730589
1083,0.026049141662386723,0.05374037184026606
1084,0.026041409098788312,0.05301406241972046
1085,0.025840937582435167,0.051119681886563025
1086,0.024901986785027617,0.052318924687858814
1087,0.030581080366420866,0.05204718496491736
1088,0.02523638325787726,0.05257892774833474
1089,0.026936902475536317,0.05076723641022704
1090,0.025149127883943998,0.05260381631011652
1091,0.03008221834897995,0.050164247515207545
1092,0.02618541139969252,0.04992987329425071
1093,0.02681606204568742,0.04990659121956144
1094,0.024955656155383678,0.050530861913784406
1095,0.02562879414337321,0.05009666415757703
1096,0.024791720288252474,0.05451224618276259
1097,0.02682989704093539,0.04965871115002716
1098,0.03265919217041561,0.053142273719224115
1099,0.026861275478562617,0.05191614549784433
1100,0.025857837511259214,0.051722741618117594
1101,0.0269123587131799,0.05026224950202426
1102,0.02432115752726121,0.04920175232758797
1103,0.02754171358836922,0.05622653200998342
1104,0.02722309416808879,0.050410234894519464
1105,0.026919200558934295,0.051065797971230106
1106,0.024852889097461424,0.04854542987986017
1107,0.025602673598212704,0.05399975367357259
1108,0.026955133504736096,0.05199893975728437
1109,0.025197663440142657,0.05014993301721145
1110,0.02430859119876435,0.05087474391872721
1111,0.030184636793489147,0.06742412419546218
1112,0.028549773520544955,0.05198791485868002
1113,0.025021344787420186,0.054000766728456155
1114,0.028333123493239395,0.05465904676488468
1115,0.034614385518812595,0.05650021170352336
1116,0.029444624154004537,0.04868620303564502
1117,0.023310600945674685,0.05091554787299388
1118,0.0229069714534813,0.04920058749746858
1119,0.02558165728896483,0.052491981078658184
1120,0.02685868575758205,0.051600460691335504
1121,0.023845611938408444,0.053722823818300604
1122,0.027131001504702976,0.057455645673406455
1123,0.028390390691078994,0.05279320224484704
1124,0.02747365616654095,0.051103882883724416
1125,0.025803581669105024,0.056946780196482076
1126,0.02879900352697922,0.05110683016721766
1127,0.026838335201592373,0.05046249248255465
1128,0.026425573160232307,0.05117019364857733
1129,0.030332201867735477,0.051970364605275016
1130,0.02410210553267247,0.05341269666875215
1131,0.025465300278668116,0.05222499738435697
1132,0.02570421763586072,0.05456788125529624
1133,0.0263437127652473,0.052890683531313015
1134,0.023998531664635305,0.054253668769409784
1135,0.02606032491850674,0.054079066607214156
1136,0.027437082489480947,0.05284442708717851
1137,0.02400525417505649,0.04935843772943456
1138,0.023026535086763233,0.0510152086970352
1139,0.028466125567417993,0.05370794096611496
1140,0.026089973934461597,0.055808126618315405
1141,0.028554866725303475,0.06652270382582992
1142,0.031817637435288953,0.04995331333431983
1143,0.02841112102594292,0.05049731665498631
1144,0.030207250524022823,0.05325052398898847
1145,0.027959125009096954,0.05492736830523139
1146,0.02570428791220176,0.050411227390282136
1147,0.02534001558216144,0.05276460186543321
1148,0.025025993440869757,0.05074662226894147
1149,0.02412167451995656,0.04875728854895534
1150,0.028480080201437597,0.04915491554111168
1151,0.025133673475126277,0.05173616521153832
1152,0.026903850402225527,0.047755005132210884
1153,0.024830199115183717,0.050862102879019905
1154,0.02477213247844898,0.05022384522291353
1155,0.026866912645728963,0.04827330237193813
1156,0.02538772541236011,0.050197745549648926
1157,0.026270762169943715,0.05034306571634491
1158,0.026958755980756945,0.05539581691262716
1159,0.025212649508078295,0.051969041744419804
1160,0.02518285248886075,0.05159583012748482
1161,0.02834748934235489,0.058091378917819576
1162,0.02773303447062509,0.04897619235821834
1163,0.025040573587543087,0.05165137179700056
1164,0.024074931094483623,0.05061449323381696
1165,0.022868649478544268,0.05018514190289311
1166,0.02463968121971851,0.05181844892881269
1167,0.026768429358874943,0.052068595963537245
1168,0.027718704982770414,0.05397773943934823
1169,0.02799550071825509,0.053325368815048
1170,0.025320717626085558,0.04995566500084741
1171,0.026124448359087296,0.05000636270059679
1172,0.02368160843251642,0.050568868287075734
1173,0.023418296735388294,0.050718776610934345
1174,0.025132338023910246,0.05015211264815247
1175,0.031649472803474965,0.050961718196632866
1176,0.02418558365364272,0.048573750871838184
1177,0.024938063560646578,0.051481345467698905
1178,0.028976739171827047,0.05744997146807816
1179,0.023441552658352936,0.04754135526137842
1180,0.025951759852375602,0.06846323125717933
1181,0.02815306016750503,0.0536679548857953
1182,0.023251412319658993,0.04917743634012409
1183,0.024572686182526417,0.05311753611106024
1184,0.024016324976893298,0.050507369635622
1185,0.03060918844732127,0.05679726947967271
1186,0.02942830355917302,0.053023851903757656
1187,0.028537494655614507,0.051482572442009336
1188,0.024408227098839625,0.05718892852876121
1189,0.02549373105933941,0.04897721265827803
1190,0.024267195490536683,0.049702173056907224
1191,0.02356270687155108,0.051895433350613245
1192,0.02601201233820509,0.04869870199147323
1193,0.024332304851602492,0.04945160450418491
1194,0.024994514686496633,0.04919050281918736
1195,0.027331737003156116,0.05159792053819001
1196,0.02914765971084884,0.05399149693642045
1197,0.02543719768300092,0.049940314564041625
1198,0.026535031894562685,0.04970735183597209
1199,0.026733780167716787,0.050635827047036105
1200,0.02271758654810731,0.052160173318439855
1201,0.024415797276193637,0.051992524480610564
1202,0.025562535546589316,0.05025810156400341
1203,0.0239847193992601,0.05108360460676944
1204,0.026667615636847074,0.051068931836681555
1205,0.02871808697723954,0.0527030459434765
1206,0.02654320550592322,0.04864632515680222
1207,0.02463250257597681,0.05460995945491289
1208,0.02287038765324835,0.04766564600561794
1209,0.02513382002188448,0.050257637611307894
1210,0.02326087277840104,0.05244322154754983
1211,0.024610040009133798,0.049441686278223096
1212,0.023472539567036137,0.0482430677478176
1213,0.02706513783070527,0.05437040581066806
1214,0.027189354746039947,0.050736088483106526
1215,0.024831677700642655,0.05271108527866222
1216,0.02718874840135861,0.0532442208164766
1217,0.02636514901928137,0.052075518682636414
1218,0.02418699570205576,0.04860714589593405
1219,0.02401757483979813,0.0504472060385802
1220,0.027308865461993338,0.04835301103597894
1221,0.02660978186810226,0.05174303935247854
1222,0.02906347153927748,0.05572016247755902
1223,0.026035755816707036,0.050835966849162764
1224,0.024575737466041307,0.05127781055363497
1225,0.025304549114596574,0.05101065139722705
1226,0.022204094769475154,0.05077776801130526
1227,0.02422239452152324,0.049308875272223225
1228,0.024474739253446273,0.05138553982427843
1229,0.024400111567929275,0.053334927592510566
1230,0.022562810250168156,0.05035803661235891
1231,0.02510295172028225,0.052789348810164255
1232,0.023957574441282072,0.0486111845587728
1233,0.02674924050992294,0.05054033306756414
1234,0.026406125550655492,0.05075203233344812
1235,0.030287297722652443,0.05205615675240232
1236,0.023678421656738845,0.05106236037791224
1237,0.02402417915861559,0.04982467071342289
1238,0.02284545709558746,0.050863362027140785
1239,0.025100830204803543,0.05423162455546826
1240,0.025132854872927032,0.05078682411732829
1241,0.029563005173340776,0.05086205127581319
1242,0.02588245894918615,0.051027305078760424
1243,0.0260964955546354,0.05117965311297498
1244,0.027060369113670255,0.053876997954340505
1245,0.031005283999711947,0.05184234658204822
1246,0.024675491749119937,0.05133305820531415
1247,0.025564346490497877,0.04908560956816625
1248,0.025589384577402792,0.051481443380278755
1249,0.024994485817830963,0.050861019174332604
1250,0.024473358333148156,0.050696200343376414
1251,0.0269058039388561,0.0544971477585777
1252,0.02414498589279359,0.049547849040954633
1253,0.02460786535925136,0.049650454814347406
1254,0.023372559684485122,0.05095495014710534
1255,0.023133505229140285,0.05205803001322842
1256,0.025597537123133663,0.053036028925413474
1257,0.023958622662345868,0.05134762298866621
1258,0.024988213642722086,0.05059743672609329
1259,0.02539782762938275,0.049756083954919254
1260,0.023942985658284118,0.051919608421268915
1261,0.024365951085374468,0.048154808095373904
1262,0.022935143870331888,0.05239545782668549
1263,0.025172440685275802,0.05079616976897221
1264,0.022326315629452392,0.05448061562981223
1265,0.023342716061792577,0.050093538554987514
1266,0.023357238387105458,0.050089885277631585
1267,0.023303252353069178,0.052699597557086995
1268,0.025031012830728276,0.05146327765102972
1269,0.024451318554076038,0.05327982166058438
1270,0.02565281509064642,0.05105596156160634
1271,0.024729984361949123,0.05848260847548196
1272,0.026191797919739458,0.05180180519072334
1273,0.02375778592282668,0.050588816796478475
1274,0.024065259050456502,0.051124817418648785
1275,0.025369553731049512,0.051034158221761085
1276,0.02407396118387692,0.049483335369212886
1277,0.02926923579216601,0.04947239128793391
1278,0.028691314580969345,0.05214599689893555
1279,0.024713829981354542,0.04849251075869515
1280,0.024491337737194578,0.05095484011566131
1281,0.027898670979460378,0.05676377484374178
1282,0.023171592265703624,0.05159813146057882
1283,0.02618901479177009,0.05222464111962713
1284,0.02747195943685851,0.053015553254755515
1285,0.022822084325484764,0.05113626141707999
1286,0.025643861504799144,0.05102068746933961
1287,0.025542422134737324,0.050069969026068396
1288,0.026129357913569698,0.05139854055523574
1289,0.02532220285451203,0.04980189625855377
1290,0.027153945703031424,0.0504828629487738
1291,0.02358326777573068,0.051733178453039104
1292,0.026869560164728558,0.05272923319374111
1293,0.023705885425807538,0.050114244549420844
1294,0.02225392808049992,0.053356004920893145
1295,0.028670459472221837,0.05061260866640803
1296,0.02358455936375417,0.052655377913089024
1297,0.026700966354263455,0.050352255055181365
1298,0.02617798236789261,0.05596213855017397
1299,0.025905104097268337,0.05179382982035926
1300,0.03142349708610609,0.05071981259642687
1301,0.02664970334871371,0.050609203900460316
1302,0.026610948663569035,0.048422186707793025
1303,0.026838467864875207,0.049565086500686514
1304,0.025375581264757273,0.05221917986272272
1305,0.02540140423018084,0.049573309215387905
1306,0.021665597955385845,0.051153713468471564
1307,0.02208696036858666,0.05457229271792529
1308,0.030283116840554358,0.05263946244591161
1309,0.024029792074048727,0.049739799021106014
1310,0.0294696734307852,0.053576429881024776
1311,0.026032616979533567,0.050066353860579636
1312,0.02486120674637774,0.05100962017338378
1313,0.027797878068640716,0.04962007267246569
1314,0.025662179625497425,0.04886337829039509
1315,0.026545965315816097,0.051722210535504166
1316,0.029345391019431868,0.05028016126730986
1317,0.022983001526398466,0.049667478718778545
1318,0.023187384088722087,0.050332713190624885
1319,0.023975651043660957,0.051881478217087294
1320,0.02185780163807678,0.050109459250642543
1321,0.027324493633662548,0.05137511885218453
1322,0.025631403914631756,0.052908910975271
1323,0.030640589507450734,0.05093994116723388
1324,0.025727727462101103,0.0513304268805903
1325,0.023172470719966674,0.05069667096238088
1326,0.024355326664813777,0.051588910685520725
1327,0.026281837514020447,0.04999954386948045
1328,0.025580243387243205,0.051830370268576724
1329,0.02618385952684963,0.07322145203002413
1330,0.0286685660630838,0.052114536700989665
1331,0.02412118190399985,0.051294816895983274
1332,0.024039714085988532,0.05955304389348006
1333,0.026709397349105143,0.04873012307853926
1334,0.023945564287422894,0.05047081762873439
1335,0.022258926593794262,0.04915566765761614
1336,0.02211176360814942,0.04898849599306147
1337,0.024132857467969854,0.0495450340566181
1338,0.02333561112558035,0.05021353582279724
1339,0.02313660204709323,0.04955290869475905
1340,0.025914861122729786,0.048902039269083424
1341,0.02466810150608831,0.05007788555738621
1342,0.026327201372997502,0.05075559888343166
1343,0.025838617328787807,0.05207685341960505
1344,0.025203592351691465,0.04973304950466431
1345,0.024323408270166033,0.05289167614845106
1346,0.02487873601584805,0.05064450224912854
1347,0.026133984331984567,0.0578050169356186
1348,0.02916236234861508,0.04874436225844804
1349,0.02550870551725378,0.052470350642700246
1350,0.024137660580918305,0.05354050888602895
1351,0.024350864854746294,0.05371251553857237
1352,0.022775514583502496,0.052264110038155
1353,0.024894426616473606,0.0498872653004669
1354,0.027117516962171795,0.05543767625377292
1355,0.026933838872421057,0.04920660172189985
1356,0.02262408874069987,0.0494450581514447
1357,0.022300634495820617,0.051172670555816854
1358,0.022980852271978717,0.0507204137966597
1359,0.02561441325304801,0.05020366396222796
1360,0.02718830194538996,0.04929952715572558
1361,0.02257355975738743,0.050554144371272924
1362,0.023803436096972393,0.05208110532963784
1363,0.02499831068728651,0.05248210378420681
1364,0.024678903722897508,0.050071962187090015
1365,0.025027763215185406,0.05240177397702571
1366,0.023708482980167957,0.0492260586330317
1367,0.024674272267404655,0.059808982046026936
1368,0.032400188916234446,0.056473240377684884
1369,0.023206673049015508,0.04881240192212557
1370,0.022901628927367374,0.05008347536014734
1371,0.026018941821647167,0.05705031217601066
1372,0.025712289859104277,0.05198049081260698
1373,0.024520523948851684,0.04965116072418098
1374,0.024989188506377668,0.049779915579951796
1375,0.026694903565678083,0.050218672605983
1376,0.025836059935671046,0.05615110090352539
1377,0.027090696669312048,0.05367134360218406
1378,0.024696564918061846,0.052899052204568885
1379,0.023879772406958398,0.05111916732967348
1380,0.02600298540428617,0.05089756117242022
1381,0.021453539698494405,0.05228981289797857
1382,0.022875692415282242,0.05068859140526382
1383,0.022407903870506993,0.05037876857178552
1384,0.022581628535437704,0.0527369047708828
1385,0.023430747738607545,0.04882588126418883
1386,0.023597928347593562,0.051249611964052484
1387,0.022609832661604524,0.05233080084797434
1388,0.024864327573313152,0.05581460852073249
1389,0.024958241777611256,0.051410380750894547
1390,0.02371533337354959,0.05231708999639167
1391,0.022876009433752016,0.049926085943790305
1392,0.026751237629649035,0.05246601053945403
1393,0.02419647826045229,0.05455635664494414
1394,0.023713823244498486,0.05519198608540353
1395,0.023586452016630267,0.04912602163869934
1396,0.02491043668174953,0.051770249405002834
1397,0.02405042844103243,0.04999003434240967
1398,0.022199306893804317,0.0543305343180372
1399,0.022162062561788355,0.06087047192163037
1400,0.023556462407373545,0.05486335493344113
1401,0.02424781428262554,0.051470060330957995
1402,0.02266708799733554,0.04989949608207645
1403,0.023378173930379085,0.04932053411440144
1404,0.023611734646902346,0.049374859742726894
1405,0.03378736831359845,0.05042021054036934
1406,0.0293373555075704,0.055850224331357425
1407,0.02442523368393867,0.05050050068581313
1408,0.02621111642559967,0.051289106222023643
1409,0.023281638223425785,0.048082964658214336
1410,0.02192874814390688,0.051812860909335894
1411,0.02420965603606444,0.06211845965164347
1412,0.02694714270102649,0.05006809450480573
1413,0.02211310959101321,0.05180329741690691
1414,0.022061355528713467,0.0501131487725522
1415,0.023444217566708874,0.049066198770339624
1416,0.02187821367536123,0.049876433117945394
1417,0.02492950702165452,0.05122744404059604
1418,0.023627358365029022,0.05195178139142524
1419,0.02588929393256368,0.05258113118752202
1420,0.023069528311976513,0.05230481549163809
1421,0.023022501260266268,0.04929287309634656
1422,0.0242047601969992,0.052021749280299755
1423,0.02722475029770892,0.05209898704051374
1424,0.022507755169855023,0.05207673221229013
1425,0.02231843839107749,0.050313544966149745
1426,0.025457981549072684,0.050143267137738395
1427,0.02378622617077708,0.05165367403574157
1428,0.02097658400790285,0.05072114990095148
1429,0.0243388691492248,0.051786660709252634
1430,0.028483897573629718,0.05742745715797993
1431,0.025023961556435825,0.05332029298097269
1432,0.022940997309740026,0.04979909153510455
1433,0.021505709555476232,0.05092782437577283
1434,0.021539346307964252,0.05240813527900474
1435,0.02556632842429748,0.05446883946433103
1436,0.02217982559089075,0.05028306324977923
1437,0.021109930736790027,0.05385438670266541
1438,0.024028601404979713,0.053236676683476696
1439,0.031575160021695275,0.0485557717432205
1440,0.024892135259501617,0.04915132886148933
1441,0.02374312286276865,0.05148772942018987
1442,0.024638790100402104,0.05069611948870477
1443,0.025092621228860735,0.04977022543698923
1444,0.025623377431230738,0.05106956076651886
1445,0.025023481736244413,0.04940874531939812
1446,0.023322535664739467,0.04883973840110583
1447,0.021490573098785,0.054086270590399145
1448,0.029206396386326106,0.06619986860002193
1449,0.02509453545387526,0.05169031256459709
1450,0.02692509218023385,0.05321369697351504
1451,0.02413938756107836,0.05199450448640905
1452,0.02365482848763167,0.04926032674753277
1453,0.02448708889422411,0.051182483596013004
1454,0.024629580118415647,0.054059566309054695
1455,0.025962177262569133,0.051517137141902945
1456,0.02296490173665503,0.05059376177856498
1457,0.02273564401052351,0.05322363506769178
1458,0.027022660450827806,0.04903245594044377
1459,0.024779932694813062,0.051439200324895684
1460,0.02277967658239349,0.05073763849330427
1461,0.024522397508447927,0.052094683611303344
1462,0.02252899188277566,0.05139988851278348
1463,0.023321844576706264,0.05121200532654772
1464,0.021710907956375217,0.048781520936796836
1465,0.02487023809649293,0.05265142317665251
1466,0.023644372685473963,0.04948812593381507
1467,0.023516661662580374,0.05092074743525725
1468,0.02286257365144285,0.05015210628061366
1469,0.022605847063145244,0.058009475152145946
1470,0.02500551085181553,0.051700779612649954
1471,0.02629556952226431,0.05056348027554072
1472,0.02197268856852724,0.05018717073893786
1473,0.023077860764020068,0.04942147497246439
1474,0.021122661687639124,0.051084006368591076
1475,0.022109598224809894,0.05123211389272135
1476,0.02202033381302255,0.04961770395736646
1477,0.02293029209519538,0.050711037754489666
1478,0.022621383825153635,0.04976494565494079
1479,0.0233523740869641,0.050073937561951186
1480,0.022743493015119305,0.051804731887085995
1481,0.02403467413234083,0.052441719704702086
1482,0.024214599673685274,0.054408186836574314
1483,0.024520935219966976,0.051433515522563665
1484,0.024179367614643916,0.051679056277848724
1485,0.02679430261571754,0.04937093271722172
1486,0.02128411067140879,0.050279482554896435
1487,0.02108295614315304,0.0522241587458846
1488,0.027991822792361853,0.05161248765568387
1489,0.023773978153864544,0.04949880945951419
1490,0.02135006886414418,0.047526736568687555
1491,0.02143190202669691,0.050256359827398955
1492,0.025662660766813093,0.04958169964284526
1493,0.02224464543667951,0.05006860412265125
1494,0.023581633180902714,0.05295597267965028
1495,0.025517980523762248,0.05409973963422883
1496,0.022260932508566623,0.0521001325159294
1497,0.023468776701723124,0.05168176300468899
1498,0.028672325576569204,0.05672741981041163
1499,0.026868779240246107,0.05135022613563036
1500,0.021364388880051467,0.04920555908877151
1501,0.023839234694240985,0.04995717033557127
1502,0.02225800425766554,0.051284340940845344
1503,0.022044457411183452,0.05025801913145192
1504,0.022128592074888393,0.0494058816822101
1505,0.02355901794251344,0.050616438834365444
1506,0.0221495323144553,0.05136131175926754
1507,0.021936060916772464,0.04935649304386966
1508,0.023138243952453286,0.053115254422103554
1509,0.03173066874065047,0.05614965018771943
1510,0.02421548638614198,0.05231916796145284
1511,0.023225803567764155,0.053237370474446086
1512,0.022036939555951825,0.051743960358146435
1513,0.02618632483340445,0.05227769906620931
1514,0.02259637966266551,0.052292630123091224
1515,0.022192224113265973,0.052358286646673254
1516,0.026266639141884065,0.05221924984963018
1517,0.024262712442113043,0.04868471389052862
1518,0.021414637817700106,0.049602678629165904
1519,0.02269285006966806,0.05462547543839106
1520,0.02401369180352915,0.05184052420551317
1521,0.0261285126274615,0.0518923961559782
1522,0.02329799321883902,0.052047091319148704
1523,0.02260749785691724,0.04972038408718014
1524,0.020213890652683444,0.0474906774765268
1525,0.02253219447936629,0.05031424747747287
1526,0.020228883671693336,0.04795845857538974
1527,0.026479826175740788,0.06869979535129137
1528,0.024937398857752185,0.05066234101179548
1529,0.028073719789024284,0.050993437278913076
1530,0.02629494013026693,0.053807829434336873
1531,0.023143762433177846,0.05114876232425073
1532,0.0254411610744352,0.049999433081774486
1533,0.02394879179397472,0.04984756892448977
1534,0.02317151308694579,0.051237231797368304
1535,0.023093405233364655,0.05272849475530753
1536,0.025864776952150174,0.049342823599962365
1537,0.021909269142457118,0.05070672224376136
1538,0.022013587097550993,0.051029846464332784
1539,0.024071723397793177,0.05201239420805957
1540,0.02519057988933752,0.04995246934599446
1541,0.023372191791060874,0.05095530471257996
1542,0.02518996326976402,0.04984646452996964
1543,0.024020186193604815,0.05562240304542066
1544,0.024317309493782528,0.051711059005039375
1545,0.02299689289583897,0.04928105001461536
1546,0.02350042866342199,0.05002074803512795
1547,0.02305958663722626,0.052614534894625344
1548,0.02419417036841985,0.052906591407861324
1549,0.02586258395591326,0.051371704404216664
1550,0.023051082807824128,0.05005047925022013
1551,0.025476255185696715,0.05359889295204241
1552,0.0231404707563999,0.05468309015259707
1553,0.021519455251127556,0.04854909852520565
1554,0.023963697810183492,0.05538584966968773
1555,0.022895575008520803,0.05129663493101459
1556,0.023265427758072253,0.052337272853630226
1557,0.022610941785095928,0.05112593573399056
1558,0.021978066253818963,0.0498671698895164
1559,0.02169405095708699,0.05079217079588046
1560,0.023336670569197873,0.05095383776048371
1561,0.021500308356040103,0.05402070897302233
1562,0.022792469252619827,0.05136462101213317
1563,0.02134368921114239,0.05171788615503706
1564,0.02098361764541993,0.05070237408305768
1565,0.023968732231915146,0.050015475096783245
1566,0.022080572065255398,0.051097968681937174
1567,0.021155762544513346,0.0522503591326992
1568,0.02029237198295599,0.05104361805028485
1569,0.023247434657281803,0.05092165363312963
1570,0.023758559807537494,0.05301939954696443
1571,0.024227196117279522,0.05113107850191587
1572,0.021502409405763586,0.05100697766345246
1573,0.02218364669304145,0.051360616502457095
1574,0.026256358946549863,0.05190908034941308
1575,0.02480861915270786,0.04974433671412313
1576,0.02173789347612992,0.048366550038706387
1577,0.022717594773622982,0.04950496283614247
1578,0.021247623168529572,0.05243892597972898
1579,0.02223003010048454,0.051677513503490535
1580,0.0208437489695791,0.05015554813140616
1581,0.02276132734291685,0.04968359369905969
1582,0.021201083095823612,0.05176228859034696
1583,0.025540416420701154,0.05291948692504326
1584,0.024013747197382133,0.050853197119737924
1585,0.02316965332679581,0.05197974379386818
1586,0.022256783048685332,0.05113995549523442
1587,0.021856185436286125,0.05279077894817617
1588,0.02246259441389177,0.04865382438091407
1589,0.020424886440909597,0.050456981900565905
1590,0.020254526105254217,0.05073562293385802
1591,0.02134918138142068,0.05188528613600516
1592,0.020254736672853466,0.05216230636924729
1593,0.020465405291427197,0.0495032226680813
1594,0.022847353380388187,0.05402739707352523
1595,0.02106074325012085,0.05018288768211702
1596,0.02356690504030327,0.053549484034678095
1597,0.021554724544398766,0.05725139082598507
1598,0.022707200513447736,0.05432151400841268
1599,0.02198494624878679,0.05129482778242059
1600,0.020939282666807783,0.05089588564141352
1601,0.02371967975563722,0.09304037955321166
1602,0.0313478471958697,0.053039561462282836
1603,0.02232693294926843,0.052300066838885904
1604,0.022384122859005044,0.05109790939473568
1605,0.02136225346709254,0.051611529649200294
1606,0.02084266102609031,0.05089034664825091
1607,0.02036955477879908,0.05126730619665973
1608,0.019817119366244265,0.04847259785895957
1609,0.02204106440931036,0.05806934148222582
1610,0.022023202926107217,0.05329948342533637
1611,0.022863122636923815,0.05016936114370674
1612,0.023275490943575863,0.05643147592407122
1613,0.023617111036745377,0.0510420065401192
1614,0.0219014620263699,0.048102885260617824
1615,0.021755836764000412,0.04965138149664814
1616,0.021959336974044192,0.05174734816888819
1617,0.020273589797523386,0.050535428998314945
1618,0.02272933765424224,0.05008689933141371
1619,0.020882888643402504,0.05216124306495925
1620,0.02360290704869238,0.049885902339055724
1621,0.02687586677309714,0.05320372987062411
1622,0.025639495189140615,0.05033104816325625
1623,0.02236678854639369,0.06052211983908985
1624,0.025037049743017757,0.0505691230353108
1625,0.023538262599654365,0.04948138926448977
1626,0.022877993150835947,0.05143244657898905
1627,0.021105962546360223,0.052461411299786175
1628,0.02390637975606255,0.05233874382978693
1629,0.022295982075066195,0.05058168728175318
1630,0.02037064716649384,0.050407104492934424
1631,0.020071771626073615,0.04934868417250782
1632,0.02185320367285034,0.058930105742132456
1633,0.021582249939479027,0.05174003675916141
1634,0.020090770121094278,0.05201253998921927
1635,0.023228752695229418,0.050708548924453874
1636,0.021110823476000837,0.06026626745224895
1637,0.024335534169448347,0.0515800078952671
1638,0.025538189173267598,0.052246532381925365
1639,0.020213100428980096,0.04905615731102781
1640,0.021060376603128317,0.05042702833512672
1641,0.021361387449136952,0.05360458457006846
1642,0.023721194711693545,0.05137507230939722
1643,0.022531752094140926,0.053414638590693175
1644,0.022359674689091537,0.048615454282975736
1645,0.021972046534817918,0.05235138827734125
1646,0.02370970664933361,0.050181107413499876
1647,0.021875649984729916,0.05324275058724528
1648,0.027709440181129856,0.05162066433177257
1649,0.020574950872171194,0.049369250603935176
1650,0.02164486654214841,0.051814943878797065
1651,0.020038309444050145,0.04951090057541553
1652,0.02175050543009637,0.05143777590086287
1653,0.02086704063525699,0.05021005305916743
1654,0.024291575762599632,0.0509262857095042
1655,0.021521254505654026,0.05049627817663035
1656,0.022607356165173956,0.04916735926180854
1657,0.021450331173183627,0.05073496405231325
1658,0.02143673590830245,0.051904528184716865
1659,0.021444343978114296,0.05065820220493732
1660,0.02338006061252048,0.050317608137477314
1661,0.02295053916467461,0.04992148753507693
1662,0.022518069635059004,0.0550046584062409
1663,0.02075548538644063,0.051478478684087746
1664,0.02438784391621599,0.04980034284984557
1665,0.02696997498659263,0.052197838085411785
1666,0.022137468437988656,0.049354758225661474
1667,0.02298647987850029,0.05168705116163818
1668,0.02297083388332436,0.05106458218212713
1669,0.03376416688817635,0.06767723186497103
1670,0.03002677014783809,0.0510307897843962
1671,0.024651772713750825,0.0532989740222319
1672,0.024082363296048084,0.05011803099423423
1673,0.020555951280103887,0.04998247587777917
1674,0.021567147626613912,0.048932142779791264
1675,0.022741308286412618,0.04974641579023579
1676,0.02535287956975606,0.05527965592822634
1677,0.022709044494799206,0.053336169794762044
1678,0.02510967732577545,0.05057152926473689
1679,0.02115571438183163,0.05021890518920762
1680,0.020283203035182225,0.04846284212661268
1681,0.02166864662933021,0.05040381692891432
1682,0.023119276949673667,0.05369167955111442
1683,0.022717172485358435,0.05041395325708509
1684,0.026303160370778022,0.049442955407134274
1685,0.024283583857175103,0.05336764783488778
1686,0.022927917376683468,0.05159254149909605
1687,0.024647033248180735,0.053711042863160446
1688,0.02725709969163837,0.05352267767664484
1689,0.021157070938357732,0.05319627460307047
1690,0.02564969891332146,0.05618843612702269
1691,0.026915976044752245,0.05127329257944772
1692,0.022528680909733128,0.05164124001573799
1693,0.020632898995190635,0.04979198474558374
1694,0.022567598597335637,0.05200863216903275
1695,0.023648924812823907,0.049142721648278986
1696,0.022949333015577236,0.05021472227640618
1697,0.026390509754606058,0.054691844164652934
1698,0.0223121090948507,0.04988163823546622
1699,0.023136393944347713,0.05068879736993546
1700,0.022758608553231807,0.050114014897878305
1701,0.020486860169578614,0.050254683054628824
1702,0.021343092081652845,0.04883137446148951
1703,0.03011909469420599,0.050591840088965
1704,0.024113011109948457,0.05123724633440338
1705,0.023624343466116374,0.05118858689129502
1706,0.02514032087753291,0.05137583257672482
1707,0.023279337669935143,0.05138505114835307
1708,0.022095790319611553,0.04992119831623589
1709,0.02279128965671947,0.05052567335933372
1710,0.023369340333424714,0.050041290620962776
1711,0.020142690565689167,0.05118759644957712
1712,0.02269185008597852,0.04951350409584237
1713,0.021174220032149686,0.05159288509410426
1714,0.022796935562912683,0.05164254298036857
1715,0.02203545173195968,0.053576773700110596
1716,0.022086717291060546,0.05174773117354639
1717,0.021573932911444427,0.05148816371994807
1718,0.020878574561168973,0.04999963329512075
1719,0.0195048685444701,0.05108393975218436
1720,0.020770612711969175,0.05010606901239333
1721,0.022245252000770176,0.055928285250015426
1722,0.022681554644030138,0.05088963494040912
1723,0.023376809988628355,0.049523622227043734
1724,0.0194921472336266,0.04887923573080758
1725,0.023798689614972075,0.05021877610183001
1726,0.02282704880232351,0.05235199221318826
1727,0.02168331141198488,0.05022508578192919
1728,0.020357337549216765,0.052876574745901246
1729,0.02090799818305593,0.05112530645870027
1730,0.02171882696655161,0.05114079653320456
1731,0.02060968272462674,0.050380742863604895
1732,0.02535516851789372,0.0509477990369002
1733,0.022531596052093913,0.052083235915591546
1734,0.02260389786335012,0.05097644232717672
1735,0.021598528006247113,0.049425177201441954
1736,0.02042194380235851,0.05401124586736349
1737,0.021581918561368957,0.05183052968112448
1738,0.023227072206505557,0.05170100934822159
1739,0.021155270670813724,0.053447920287536796
1740,0.021213220726502568,0.05115727020572301
1741,0.021105543329826275,0.050978284338512515
1742,0.02600245809831416,0.053865005890080205
1743,0.026217253057094745,0.09442015543094553
1744,0.028258786478399633,0.05306201238642659
1745,0.02271212981476969,0.05018907315786321
1746,0.0208671051626068,0.0527428787547096
1747,0.02122845131446395,0.049241728445790466
1748,0.022124582514129486,0.0562115118168948
1749,0.02058371788072855,0.05059789773777015
1750,0.022252562971678293,0.04945357400634534
1751,0.021374651438610295,0.048980843369151116
1752,0.020573335590032407,0.04990996299941737
1753,0.024047774745893657,0.050209433549926394
1754,0.02053237377308813,0.0495984107442667
1755,0.023316219014892902,0.04836172921429003
1756,0.0213248632045318,0.0564927736152533
1757,0.020785902783199958,0.04999747868617973
1758,0.022581976948114566,0.052812231989358006
1759,0.023587758953970177,0.052998638448111694
1760,0.02329008620615143,0.05035170697067913
1761,0.020058307745365572,0.05047914249481713
1762,0.020967835471743627,0.04923254700568983
1763,0.020259565353991094,0.04953733531940252
1764,0.024375629912417634,0.04964034105265947
1765,0.021686042362548653,0.050593922227471694
1766,0.020099567044012827,0.049370829118672466
1767,0.021573460112351523,0.05234325078682493
1768,0.0225991385295651,0.05485071963572263
1769,0.021928144548844574,0.04978913343266437
1770,0.02412490359505167,0.050111314631942516
1771,0.020602518375169365,0.05051439994932117
1772,0.019998480978989062,0.05146895627255428
1773,0.01989389598873773,0.050513567659714466
1774,0.020629057754064564,0.04971646393338839
1775,0.024817767984847677,0.06524092186811872
1776,0.02294954416204365,0.05107870939792248
1777,0.022676740878058554,0.049051801242251745
1778,0.026233109783259847,0.052355694152732245
1779,0.019937426538059588,0.0542962275688212
1780,0.02325555009482648,0.05333649940359264
1781,0.020458477616945005,0.0517003399817119
1782,0.021965054869838525,0.05015278449818903
1783,0.024543896555564458,0.07063069399959761
1784,0.023548977911696398,0.05001416258084446
1785,0.0205106397199078,0.04962414122165594
1786,0.024531885005888484,0.051054637001495914
1787,0.021925818786622586,0.04910518128172796
1788,0.023373279837251904,0.05488525679274311
1789,0.019384298683669334,0.04891728506164443
1790,0.023311503632997808,0.05200168716354776
1791,0.021037978617320385,0.04911842286810839
1792,0.020330435594072317,0.049156418224250466
1793,0.02225607272265549,0.050389870767829414
1794,0.0229850537412074,0.05404445965935413
1795,0.020390783452935386,0.04976501578189675
1796,0.022856922507435457,0.05341571491015585
1797,0.023675829951737757,0.05046548072556804
1798,0.024174798840194717,0.052147337807375085
1799,0.025282173186428565,0.05012195697404388
1800,0.023948921922379567,0.053402431757378396
1801,0.020331331129584993,0.05252814606616372
1802,0.022072018859417813,0.05164721477449986
1803,0.02043185621163899,0.05177389278559756
1804,0.019839389637149964,0.05561413353584464
1805,0.022019614201776665,0.05035106001193063
1806,0.023257468292550335,0.05210427512277039
1807,0.019573225707450605,0.048825536959601526
1808,0.0185690677927849,0.048381390633589046
1809,0.02069872713421371,0.052195123833298385
1810,0.021255078853894594,0.05002548013414655
1811,0.02176504563960366,0.0487915481111609
1812,0.02369400860746403,0.050688983401036204
1813,0.022271786870103432,0.04941855804215099
1814,0.02448251434510812,0.04853343430505062
1815,0.02550901943364911,0.04899577628400989
1816,0.0197772267216205,0.05327423508827549
1817,0.022851681537496716,0.05101475555608446
1818,0.02244073425636704,0.05180748471789492
1819,0.020885023526511247,0.0502512111027438
1820,0.02108110440311426,0.050745353905628794
1821,0.021934885611024715,0.05416310508560417
1822,0.02188431636376638,0.05190138631782735
1823,0.02336645258455199,0.05178668253814666
1824,0.021506129388223615,0.049298124439211416
1825,0.019649229014763857,0.053170047018835716
1826,0.019552912745148615,0.05610788124321696
1827,0.02148226821762428,0.051512750393167175
1828,0.019886325451925882,0.051194173444930775
1829,0.019655915948195865,0.048832297932011146
1830,0.0182086951787908,0.04810072227677606
1831,0.023101985571266415,0.05064227461889573
1832,0.022260173128212903,0.05580323916815576
1833,0.02041563460776083,0.0495940834881369
1834,0.0225679674244166,0.052406668429610725
1835,0.02149928020392743,0.05085639954360207
1836,0.021060286243831303,0.051328892397103754
1837,0.0208133584341235,0.04920112715105066
1838,0.020209886651850285,0.04994404738894979
1839,0.019292577821061127,0.04925089757095901
1840,0.018820132850144142,0.051296454613892956
1841,0.01967946109466983,0.050597945111511944
1842,0.020291346958593318,0.05077618597668215
1843,0.019749955687307773,0.05242184540233517
1844,0.02304575177735852,0.05397548210949527
1845,0.020902451463883982,0.04991884483841427
1846,0.019960202328057813,0.05038426969583172
1847,0.025304431992029787,0.051802048240239755
1848,0.022521894831294405,0.05165789739455197
1849,0.02082164202090866,0.05042165465522231
1850,0.021902098766245638,0.05106337729813461
1851,0.021925941618500196,0.050364341269384945
1852,0.02132373750863368,0.051695337990546285
1853,0.020761326212146526,0.05391568158354078
1854,0.023152230452176622,0.05480678757666645
1855,0.03661875230234518,0.06325588371595345
1856,0.024179087779052873,0.05328485110125745
1857,0.02077111445442029,0.05176180404118428
1858,0.02143795684652221,0.0487251070265035
1859,0.019711621880606003,0.051589949733407275
1860,0.019493582590779567,0.06452969826739234
1861,0.02367670387309745,0.04952691609324668
1862,0.021988664387274804,0.052092137716169044
1863,0.020178758067762793,0.048959076357888695
1864,0.021963982345690403,0.05038481794839216
1865,0.022578742546507886,0.04935539137562713
1866,0.018918711692094803,0.04796565241906278
1867,0.023574866240092536,0.051618404228959164
1868,0.021217312402369685,0.05049671991763258
1869,0.02202479830035067,0.050139134035522774
1870,0.023161137546587707,0.05498694925379932
1871,0.02191458051478056,0.049672469711468034
1872,0.021521317186697683,0.05048701168040285
1873,0.021781302531037414,0.050155427269544216
1874,0.018836619057004015,0.05045971243565244
1875,0.024073534297353046,0.052716497705320366
1876,0.02170383758413463,0.048770582018639506
1877,0.023148128942570144,0.05376272262039041
1878,0.020296621143369747,0.05090570343392236
1879,0.02116838035484155,0.05467932233423518
1880,0.02209290280648715,0.04938781089651256
1881,0.01926871222959724,0.05063011412296379
1882,0.03566281946567366,0.05324509819236614
1883,0.02402714079708085,0.04871473452052975
1884,0.023465921649508607,0.05111286470801908
1885,0.022169055435853197,0.052574319022714644
1886,0.02518086250227197,0.053226115690885034
1887,0.02449049514001772,0.056559717259311436
1888,0.023420125885602824,0.050609316191353594
1889,0.02243816075767192,0.0533423352062254
1890,0.021554534764666306,0.05066037361969924
1891,0.02463953224545284,0.05131948659929417
1892,0.021314577841407674,0.05279320386940973
1893,0.021621564515215113,0.05092397275238408
1894,0.019036153191350456,0.05093387802852724
1895,0.01899590353507147,0.051095513136763325
1896,0.0216141733011805,0.05051472549674505
1897,0.02064145411969277,0.07196588842268277
1898,0.022918733915216045,0.05008581698986522
1899,0.01930998552842696,0.0491722151730443
1900,0.01899049406810512,0.049312531733348555
1901,0.021059924619911907,0.05085791047092966
1902,0.020181608930192795,0.05185975806605547
1903,0.023076891390265978,0.05276735511638766
1904,0.02197275563775746,0.04994783574775944
1905,0.024601619639305544,0.051299876288363806
1906,0.0214084974422416,0.05270050478198176
1907,0.021696452359507856,0.050078145151299644
1908,0.021447805594419476,0.05175376620918587
1909,0.020308760183870345,0.05018822564965203
1910,0.02037057516288787,0.0496229002611679
1911,0.02197777034999583,0.05182536955652082
1912,0.01967392771745236,0.05347556958819989
1913,0.02099032778488962,0.05132411606142993
1914,0.020992026353875797,0.0497278272358696
1915,0.020506524207784718,0.04944756019272303
1916,0.019186964954125852,0.05109410876767677
1917,0.021252532123137536,0.05179927152649203
1918,0.025073674626480368,0.05049843088091167
1919,0.020117602350755145,0.04782026945461605
1920,0.020603076477808163,0.05032050358434966
1921,0.02097449961461519,0.05343151939355938
1922,0.021018173134790027,0.049635604892234154
1923,0.02042791694589426,0.04927606745284602
1924,0.01988022398661103,0.052035171538591385
1925,0.020629113203936948,0.05010707135823436
1926,0.02615085262385078,0.0510653694134607
1927,0.02016884243036422,0.052512783165040766
1928,0.02014342341618729,0.05186141497994724
1929,0.02084104506238212,0.05086133855028559
1930,0.019695818391546868,0.051792761212901064
1931,0.021376673104171465,0.05105208120026385
1932,0.020167966912451544,0.051435280927365885
1933,0.020377921570736663,0.04946500188052505
1934,0.020072355362257564,0.052333809164607135
1935,0.02260005488095427,0.05627131455561571
1936,0.024060275583040146,0.054071821375075435
1937,0.01849124929342503,0.05383017798302168
1938,0.019868765348442514,0.05024802373876249
1939,0.01855960770983968,0.05263077603060201
1940,0.02106857076427318,0.05178462952039296
1941,0.019820921524500188,0.052202880149123665
1942,0.020837821934680294,0.052705157436150354
1943,0.019474904886201808,0.05211140811069866
1944,0.020137589816984377,0.053201156880771906
1945,0.01991687749598857,0.057368430708135874
1946,0.020975691520779355,0.06709227025658265
1947,0.02394694559518855,0.04922798732505705
1948,0.019588156227479902,0.04888236083855904
1949,0.018209845098412426,0.04874144643918613
1950,0.02177755797473261,0.054189084503883704
1951,0.021623956567063965,0.04858239206081644
1952,0.020246766190182296,0.07352980444753977
1953,0.022572157638413564,0.051336244672985004
1954,0.0216457279525081,0.054766622196910975
1955,0.01905573037147223,0.04960463501344946
1956,0.020473542844965345,0.05188428184815815
1957,0.019950626450672485,0.05377343910417162
1958,0.019792964266505755,0.0498065051709052
1959,0.018660713566051687,0.04941228526950181
1960,0.021226636115414903,0.05259041432151221
1961,0.02107233509776138,0.05053428821919257
1962,0.02176037530664513,0.05336247800025426
1963,0.019766890889682566,0.05258787362684582
1964,0.022043790455842226,0.05155146532787715
1965,0.023788912978051302,0.0523064312499418
1966,0.018876577627128528,0.051001928485276404
1967,0.01893785914037386,0.05004771933295673
1968,0.01881715821984567,0.0507521533540317
1969,0.019865611642785837,0.050048532725351494
1970,0.0188028441419951,0.050458142239796486
1971,0.019016416990816742,0.05081293805686752
1972,0.02562005956071361,0.05482796959597664
1973,0.025919113378215553,0.053218863680398555
1974,0.02256365868269949,0.04960268624780471
1975,0.02022244078679043,0.052376277623394675
1976,0.021602560352898183,0.0521770383891904
1977,0.021008176579697987,0.05104965230165269
1978,0.021811539545319135,0.05103443013060661
1979,0.02018587192973323,0.050305802459107304
1980,0.01951027128910809,0.05404071999074224
1981,0.01941668952262043,0.04850198473211817
1982,0.02038593675222313,0.05247891692440014
1983,0.01922825845261863,0.05019088953098558
1984,0.02056320216086574,0.05095953653965678
1985,0.019673525367426992,0.056257032287449465
1986,0.0181923236529854,0.05147027093590351
1987,0.024338842362613605,0.05165411151926918
1988,0.019005894987729557,0.05065397430855529
1989,0.019627694124565984,0.050115389109852915
1990,0.01986941916956788,0.04927323793147441
1991,0.02126791283843063,0.05011924960298048
1992,0.019984530107606025,0.04977057074992579
1993,0.019598220939512242,0.05002097903113616
1994,0.01938080985127087,0.05100696437751739
1995,0.020056377946957013,0.04822867904278569
1996,0.020852322673849892,0.05122128293329014
1997,0.02785512573905009,0.05098816428454896
1998,0.023680942142405605,0.052158575327623455
1999,0.01959990761371185,0.04926056093664695
2000,0.019947567030339314,0.051223034921445344
2001,0.019079226486963734,0.050761709470572625
2002,0.0198359155051765,0.05039196975883983
2003,0.020488461918363295,0.04982352646109753
2004,0.019995375258619327,0.0504311950863304
2005,0.019549194074476275,0.05147602675216539
2006,0.01953349693358542,0.047701081657842884
2007,0.01860755733809525,0.050937927017609276
2008,0.02027902366327388,0.04884126413622895
2009,0.01972867770209199,0.048982337556013784
2010,0.02023957689341746,0.049019550629202886
2011,0.021314040442606562,0.05243039654945969
2012,0.020913664134858845,0.051430173685078635
2013,0.01892700301656,0.049157700648433285
2014,0.019566277378147708,0.05223796131990308
2015,0.021245156272424192,0.05002211614098764
2016,0.023769699982402467,0.052303630952025414
2017,0.02134237008491405,0.050487028458214046
2018,0.021555627973978978,0.05299163395002073
2019,0.020370877191499062,0.05093103249494294
2020,0.019719570833153295,0.05044346817192577
2021,0.020413093684348547,0.05001729971409442
2022,0.02337340855116683,0.05105816541160258
2023,0.0213603090196101,0.05510578965558145
2024,0.019666977469484908,0.04916323735413695
2025,0.020047007966553208,0.05168298290188151
2026,0.018243838638478053,0.050213640373676344
2027,0.019463428597253068,0.05076799988933375
2028,0.021999725423062357,0.05062206337849299
2029,0.0205405450012899,0.04901198006438134
2030,0.022604891922987792,0.05250200837439762
2031,0.024931130618006364,0.05089695873976052
2032,0.020010971942715776,0.05621610533324698
2033,0.02122062369527524,0.05278564280921355
2034,0.024399837819780026,0.05674798618581958
2035,0.022409294783266115,0.050014393203389976
2036,0.019851673735226307,0.05105767733321752
2037,0.02183758855837031,0.05147033225847665
2038,0.018904527527908038,0.04929682485441815
2039,0.018704380854067944,0.053367108452066145
2040,0.023365394718814315,0.054522990545533355
2041,0.021022921185333627,0.050484633479351386
2042,0.019346801134615316,0.05094613756676365
2043,0.017549438271344753,0.0494386566928903
2044,0.020164283800095245,0.053745900600551066
2045,0.0237770241575507,0.050190367262091556
2046,0.018399650599798163,0.05079493413966401
2047,0.01878042764410862,0.05020628937690479
2048,0.021638939964741394,0.05025433584636913
2049,0.022143477013796792,0.051117399880163054
2050,0.021452048625376887,0.05202723234742506
2051,0.018873162128796854,0.04871483864192676
2052,0.020319258037926557,0.052435841840834246
2053,0.019534154727420115,0.05032245733572128
2054,0.022570001414246428,0.055251500921739374
2055,0.021735744658194688,0.053397857567720246
2056,0.02064983121453222,0.053384361942683846
2057,0.02075865497359805,0.05023229952182686
2058,0.02181137118600589,0.049658403883601786
2059,0.01885004294219247,0.052582677201669016
2060,0.02231384762901262,0.05091283394766033
2061,0.020225821298670798,0.04934369586874967
2062,0.018435583452234294,0.050531289117751566
2063,0.02008259351969811,0.050515417775190564
2064,0.019891841948629918,0.055290618822688146
2065,0.020682181023938914,0.05243460228083128
2066,0.020963127582443685,0.049442510174255924
2067,0.02261666830787832,0.05059128282661725
2068,0.01919534359883545,0.05087793503600852
2069,0.019459231072724015,0.04974584621295594
2070,0.02345792646228072,0.05122510970273711
2071,0.017800735445100264,0.052259550553590134
2072,0.01840705363859509,0.04962020122765897
2073,0.017406690907769633,0.051180496354374966
2074,0.018277647884044432,0.05318735926447058
2075,0.018463515410465852,0.05161023371500479
2076,0.020122493983696876,0.05085990971939307
2077,0.022488374552481753,0.05165434012511619
2078,0.019587325903220584,0.0523901503337057
2079,0.022206191645753114,0.0504548975492928
2080,0.021309825878842434,0.04888547968147393
2081,0.022724091451157603,0.050041824037717994
2082,0.020269231025811126,0.04997924553757921
2083,0.018465244680419005,0.051915666513275685
2084,0.018947580595848553,0.05246623824899059
2085,0.02208289870978298,0.051911418459245136
2086,0.020281780553155375,0.05423540779783911
2087,0.024122985061211393,0.05750612033190285
2088,0.02038373908303435,0.053385288307541294
2089,0.02033200370320551,0.04989559243533546
2090,0.018771628172307236,0.050407121326765024
2091,0.018438335101967466,0.048738953874523476
2092,0.017568223045340607,0.05052044449892259
2093,0.017143536996292442,0.04894206770007174
2094,0.0212300346188602,0.050538549223041775
2095,0.018022227635546437,0.05476072930117
2096,0.0213861993343609,0.051747219837772515
2097,0.01838257946634203,0.05060342212854173
2098,0.019169455627563007,0.051646991733246876
2099,0.018224968416219515,0.05072866549206557
2100,0.018277774774994617,0.050037796037238944
2101,0.01911010033915515,0.05141383584093928
2102,0.02003137013853941,0.051522236046635715
2103,0.017992065150412104,0.049090730833977386
2104,0.01657297725049326,0.050446128402661564
2105,0.017445071686740806,0.050629082245560814
2106,0.018196777839745795,0.04917927820207481
2107,0.021796017945895817,0.049309167273361286
2108,0.022291447089653565,0.052054119634822496
2109,0.019937383202383092,0.05036384593648719
2110,0.01818761609046531,0.052221088705206274
2111,0.02315555230007136,0.051280053085028976
2112,0.01980260017801795,0.050338850639069586
2113,0.018073078025515218,0.050884754548694254
2114,0.018864361377885767,0.04977743352826377
2115,0.019468392448541812,0.05371510142222383
2116,0.020894480747798632,0.04819305147742269
2117,0.02321056933854158,0.05248210714537099
2118,0.02021488894645433,0.05009553769141212
2119,0.026132377424746528,0.05804481546868358
2120,0.021863241140779695,0.05260927752967466
2121,0.019335667301613586,0.053796088701128064
2122,0.02302618691917126,0.05129622346849967
2123,0.0209329894517448,0.04954647569728077
2124,0.028682580847937362,0.05394286962977627
2125,0.021594474904407236,0.05464682152919602
2126,0.01786480186726515,0.05067134921189239
2127,0.018540815359219573,0.05320352368187486
2128,0.02275160043255279,0.05690905120326463
2129,0.021064793224210728,0.05105121767050341
2130,0.018871377149881574,0.051197287796956856
2131,0.018398369230647433,0.05171510943195276
2132,0.01887235139732373,0.05094489313307263
2133,0.01902043744734953,0.04922919106998838
2134,0.022694129086003864,0.0508987070959911
2135,0.0240271867329913,0.05409579069580052
2136,0.020966123672841785,0.04890269799190655
2137,0.01809694805651679,0.05072826101330288
2138,0.018203894652071454,0.09037074188988908
2139,0.02955909714774978,0.049941689719009516
2140,0.019678005383800445,0.05192629673651287
2141,0.0207113650228296,0.05162928617538366
2142,0.02323338475993328,0.05016256922057697
2143,0.022722542995498293,0.05071269784281427
2144,0.01998651882442167,0.051687672584875485
2145,0.017938738278017605,0.04916288261126755
2146,0.024813273543477954,0.055662702600982855
2147,0.021521381076826787,0.0492511001091105
2148,0.02141079014834754,0.051582678013427516
2149,0.01942602218709942,0.0499590824551899
2150,0.02083132751192664,0.052034458645005575
2151,0.018694937331858733,0.04909099281805201
2152,0.018012466347942076,0.05309129682810683
2153,0.018353819095513278,0.05502487798419811
2154,0.01900706340309074,0.049290788194215986
2155,0.01725148397467489,0.050278043098990484
2156,0.01724487701827721,0.05158289669450363
2157,0.017821102363423894,0.05231352313830141
2158,0.019048723441205527,0.05193994324981121
2159,0.019405165042980274,0.05192763658058375
2160,0.022917573211859343,0.05392235767721831
2161,0.023764930240679206,0.05364819690771868
2162,0.021496403546896494,0.053374943979327245
2163,0.018651172700793223,0.050138853639737704
2164,0.020718874680555256,0.05168380620037404
2165,0.019709836180440914,0.050307658465957285
2166,0.018464240502276665,0.04779006129032687
2167,0.020921431859969197,0.054044139704533985
2168,0.01888227009478219,0.05295147415353242
2169,0.021291967444028472,0.052120589737530636
2170,0.01998844559778247,0.05210396608239726
2171,0.019251827318641477,0.05151637254240818
2172,0.022450382314753114,0.051492416582310706
2173,0.021435855521369996,0.04991459825956134
2174,0.01774451949337222,0.05010798617375823
2175,0.01923782339688381,0.050748990274461586
2176,0.024468079582790386,0.05409320037727965
2177,0.02033030435928426,0.048093718096128384
2178,0.018756061040780002,0.051043156870549784
2179,0.020001894927450588,0.05335433487978794
2180,0.020370074979643476,0.05214435150636766
2181,0.01832450008052483,0.04858971133193277
2182,0.017379568899073695,0.050033437802379295
2183,0.02005800067267397,0.05132604459473364
2184,0.020580990902874106,0.05101879101648068
2185,0.01805862823132435,0.05108523286673658
2186,0.018342589539356698,0.04940420389175415
2187,0.017144699293867985,0.05041746025844326
2188,0.018746641798313698,0.049106675048445105
2189,0.01955267927495011,0.05132718275961721
2190,0.01904054944937988,0.05474231612488142
2191,0.021914331994035786,0.05121622018908199
2192,0.021005744035157346,0.05082853004000241
2193,0.02571799245693331,0.052056443637101574
2194,0.019514075529418494,0.05127976549075062
2195,0.018287013884736483,0.052014096693735676
2196,0.018734309803647802,0.05072985748225884
2197,0.018115267815782612,0.051706442530068536
2198,0.01750627757145797,0.05097676012524985
2199,0.017614398940576047,0.051429977262378634
2200,0.01884758443966097,0.05186604959586808
2201,0.017922558245204744,0.051578084907884285
2202,0.01871285569809732,0.049598543818358494
2203,0.019123052160505364,0.05320327107171367
2204,0.019841025324356287,0.05002223705886898
2205,0.02009523504490691,0.055193532743773664
2206,0.019793998319328876,0.05010481702541947
2207,0.02033826839038752,0.05300579636467429
2208,0.02176821159950474,0.05063209508109212
2209,0.01916461503763396,0.051833887521485635
2210,0.017812653419031835,0.05064726228776731
2211,0.019326507272595602,0.05225261246650141
2212,0.02270614224156939,0.049425067674172554
2213,0.01968774976288167,0.054612506199674796
2214,0.01971721578912254,0.05305819612995425
2215,0.021011751495245704,0.06260818930198077
2216,0.020638450384980307,0.050927582698731794
2217,0.017790177907038452,0.05429819573585252
2218,0.018033036971488094,0.05162977023904485
2219,0.020112675659003713,0.050342636897151634
2220,0.01756006761227634,0.051995578835856045
2221,0.018161271061552197,0.05379878068552878
2222,0.01872995285256614,0.05270374015459142
2223,0.017741794312806956,0.0524684909292331
2224,0.018365619293318355,0.05269371264411094
2225,0.01982966971987471,0.05378991702482814
2226,0.018752716203922767,0.04828502206052455
2227,0.018790636568757377,0.052123373379011205
2228,0.020164183203252337,0.04899772457348972
2229,0.02011449554267533,0.05813027588757955
2230,0.019826414707796017,0.05384901423651473
2231,0.021093926189425297,0.05280405299780064
2232,0.01897729127516125,0.05589702450915387
2233,0.022068688804680544,0.05054894953331254
2234,0.01970527940114638,0.051999319578173164
2235,0.01779923591071875,0.05069829605725176
2236,0.01804711357842113,0.051746133929655366
2237,0.018259509006762563,0.05158003399097232
2238,0.018491028128822046,0.050897353713897836
2239,0.023426333535696033,0.05698373323693909
2240,0.019959747756278158,0.0504419576927534
2241,0.018372172356716225,0.05335803042378342
2242,0.02055149602897484,0.04928365543036532
2243,0.01725078117391818,0.05288386620338399
2244,0.019296292159566304,0.052877711006125115
2245,0.017784671078349714,0.05040629299586279
2246,0.01975460175919652,0.05159571604397064
2247,0.017332596727705242,0.04916375882942276
2248,0.021559285485468115,0.04871467859449243
2249,0.023210787183994937,0.05002192068929063
2250,0.01975385312056332,0.051427873631094335
2251,0.017041096524487164,0.054245051332658396
2252,0.024286610333431036,0.05562798441726163
2253,0.023460935703233668,0.05737671860141264
2254,0.021409692191390467,0.07189590446557616
2255,0.021651737877450193,0.050352351529929874
2256,0.021452468966967182,0.051261916709947106
2257,0.019311996358901934,0.05100895847219572
2258,0.017804013056339777,0.05231136678342234
2259,0.018466197701175708,0.05089150214180313
2260,0.021265825504124314,0.05292960135896403
2261,0.01916506976580112,0.052000758249807474
2262,0.019213661355407613,0.05002655130916072
2263,0.018424708638947112,0.05201513774898417
2264,0.019700704660630765,0.05430322949935619
2265,0.01801120639220814,0.05315627350021424
2266,0.021249667538287945,0.051704554144003635
2267,0.023398853506995623,0.051351817534830334
2268,0.022451725996153096,0.051570590146651545
2269,0.017981949726815213,0.05108290104975079
2270,0.018323152034279696,0.05009969322939863
2271,0.019572616720520762,0.05058527054419195
2272,0.01898318180875073,0.04983046142977282
2273,0.018582895169394056,0.04921713089547062
2274,0.017808918633444568,0.05027226786266891
2275,0.018416222175559903,0.05426223313711341
2276,0.017604854254327472,0.04905730498987332
2277,0.022232886739915476,0.05273334910733658
2278,0.019192278487864593,0.05173750660547935
2279,0.01684291264448399,0.05026095669557875
2280,0.018111193706666615,0.05036730263242148
2281,0.018784224314797194,0.051654182402487085
2282,0.018936608285458765,0.052575150154587025
2283,0.018963609917794253,0.04998654884316569
2284,0.01696631172788621,0.050284928705235175
2285,0.017175033674540378,0.053346815376652215
2286,0.018210169581467647,0.04939446246302815
2287,0.01725690041138863,0.05070792761325538
2288,0.01667275325976368,0.05166761653689215
2289,0.021158008703163693,0.05181433144667394
2290,0.019602764362847448,0.04976607219579823
2291,0.02684533482132699,0.054992332737099255
2292,0.021324370602579943,0.05019240519195272
2293,0.01762703421028485,0.051854383051021954
2294,0.016732662818149516,0.05029638754880817
2295,0.01782741937739658,0.04855598242285855
2296,0.017626715007058362,0.05079755924623413
2297,0.02185510215641263,0.05065272816627247
2298,0.01981770920854314,0.052504439849901316
2299,0.02056300848778477,0.052193529381040944
2300,0.020998971214643995,0.05171487693275724
2301,0.017711345731913297,0.05003327567289049
2302,0.017386764362641145,0.04943451488899408
2303,0.019409469695280967,0.05018698334469831
2304,0.01919991326025853,0.05321459193949711
2305,0.019025771190087897,0.05228969003809126
2306,0.018600025211920713,0.053170667218982726
2307,0.0175011506010043,0.050440946766607146
2308,0.016936521650406353,0.05169353111271273
2309,0.018537758198335655,0.05208904737779371
2310,0.017968337450708662,0.04986258446796795
2311,0.016609856060573032,0.04953430728393987
2312,0.0219122939848138,0.05140679161575504
2313,0.022690699937610997,0.051482687869989184
2314,0.019133926310896276,0.049161175952145926
2315,0.01860114694911436,0.05079259230454165
2316,0.021754058493408644,0.0529920593893767
2317,0.01820137877400059,0.05035699667749847
2318,0.017394579209405975,0.05251608507936461
2319,0.018313744943355557,0.05175472442107392
2320,0.016844064958935093,0.05382072828467328
2321,0.01927073695755244,0.053001538974076584
2322,0.019177840789196484,0.04958400580294449
2323,0.018343370916662657,0.05288343944757206
2324,0.019206623299360126,0.05149148828478385
2325,0.020648207375429627,0.04990127745240852
2326,0.018942119208232203,0.05167321379023387
2327,0.019083275193614618,0.05045289447283685
2328,0.019293281485450297,0.049259975804646215
2329,0.020188960795265092,0.05466563664470101
2330,0.0189305322436163,0.05358031704872473
2331,0.016886530822156964,0.052122891472097026
2332,0.01939993064131653,0.053345863915102223
2333,0.02145894030505852,0.051427570547451056
2334,0.0189431362078154,0.0514162250871497
2335,0.019960662700179824,0.05325257868732426
2336,0.01739584189141753,0.05003807271707028
2337,0.01719194192691405,0.05111206583398625
2338,0.018813498397556163,0.05290667288808297
2339,0.016188121944628563,0.049959259103040644
2340,0.022462696698319195,0.05450180727512317
2341,0.019858523447038534,0.05387056770181298
2342,0.01641987882237088,0.05271837736169497
2343,0.018949494157966814,0.05086928935614146
2344,0.017108880053449394,0.050476754742457455
2345,0.017912425502275762,0.05162454690588148
2346,0.01813710342747227,0.051533600955006476
2347,0.01746742436685658,0.051671612279531653
2348,0.02116686069782366,0.04957715760832442
2349,0.01790427364278258,0.053932342883712965
2350,0.017874287833508692,0.05281146774465279
2351,0.02078056277329088,0.04973450906219937
2352,0.01857069114872014,0.050432404900030384
2353,0.01849829017144994,0.049532731840933174
2354,0.0169582475387587,0.050943997718935326
2355,0.01763786728911681,0.052514588679735526
2356,0.017198666570740834,0.050660212106423866
2357,0.020868653426866484,0.05095851483911201
2358,0.01980506470030113,0.05300404369494969
2359,0.018823047098528622,0.04930725845888743
2360,0.017218889383818572,0.049759484752825926
2361,0.016090167014110358,0.051432949978680836
2362,0.018084515577046795,0.05101406432333447
2363,0.019385947152636106,0.05231823403397599
2364,0.01877089758826079,0.05049162094754384
2365,0.016616665895906903,0.05167668388414204
2366,0.018906899230708752,0.049033380017842264
2367,0.017777513609942338,0.05329379884708196
2368,0.019200916175630158,0.05031242696825126
2369,0.0165142979248798,0.04851643989483515
2370,0.015952697187139278,0.05020116203298844
2371,0.017563301257621077,0.05128992250875423
2372,0.016978280151958455,0.05172478649438473
2373,0.022835321911146168,0.05535918580634253
2374,0.022344758962852915,0.05141199738683557
2375,0.016370816919532485,0.04951485463028265
2376,0.01666455632332423,0.05042964775572743
2377,0.01764782273063534,0.05159937716404298
2378,0.018364370588147848,0.05077477217766277
2379,0.017043114149648892,0.05119879064815385
2380,0.017963010238899027,0.04880667534799205
2381,0.01847077895394692,0.05289516136759803
2382,0.016998194498861943,0.04852013330075675
2383,0.0167479228629803,0.05253838970883747
2384,0.017275280060064523,0.048698978447226954
2385,0.018907581512024978,0.04980277342903883
2386,0.017746115009998318,0.0561957262587129
2387,0.0224314560287429,0.05245193797058629
2388,0.018801602780034666,0.05155461776376069
2389,0.018032556875867953,0.051478264279159386
2390,0.017117854296451525,0.05189134102118643
2391,0.016296653693219774,0.04953484605988464
2392,0.016630833786457105,0.05247519446308153
2393,0.016790562778487242,0.053246243228963146
2394,0.016853469328249906,0.050811257334729486
2395,0.018108042115742403,0.053584883348983633
2396,0.018939694802843986,0.04882617389087689
2397,0.020102126687242275,0.049966548375766674
2398,0.018057414262851977,0.053940099741059136
2399,0.016285076704725884,0.04851668947994858
2400,0.02156777427832883,0.06056862064919675
2401,0.024477965205459667,0.06203252761473034
2402,0.020343150775459475,0.05172252741859371
2403,0.019408019177877066,0.04988327428213038
2404,0.018952625698613047,0.054022262587135
2405,0.01788977614807007,0.05471203408967283
2406,0.01697646038032564,0.05362883458534876
2407,0.0189635614960228,0.05054282002094993
2408,0.016970314902433177,0.04933017056276625
2409,0.020325582278402227,0.05080339765376913
2410,0.01801123482205515,0.05218594437254999
2411,0.01826839865112962,0.050077869937309345
2412,0.019711950261678015,0.05441195593404591
2413,0.01704699827596209,0.05048586988359466
2414,0.019125260501390413,0.05322319915270746
2415,0.017935431279932943,0.0532815596812351
2416,0.019501754668608942,0.055289066188915034
2417,0.017449084127830684,0.05104878977090494
2418,0.016896589115299378,0.05051244026922941
2419,0.020555458776185986,0.04969639232134759
2420,0.019262986852878465,0.048100277706793974
2421,0.01650160406354376,0.050496074779514684
2422,0.01721103107066531,0.050929031033713115
2423,0.019623574915162305,0.053049126168465556
2424,0.01854336300029193,0.05584072747400829
2425,0.01948972076719118,0.0523501409493144
2426,0.019359241811591283,0.05140689126493638
2427,0.01596626466172829,0.049879926852041616
2428,0.016121527938671727,0.052632682361549006
2429,0.016448350189099636,0.04878669317092812
2430,0.016713044421751994,0.05503405807049651
2431,0.018347345437284997,0.050425465300417784
2432,0.016252321982406136,0.05107512490305686
2433,0.016294873167847033,0.051843984542708645
2434,0.015537255861443984,0.049086846196487136
2435,0.01843783732989154,0.05070763208289493
2436,0.01892550972600778,0.04852032041489929
2437,0.01831777562342939,0.052605818200828436
2438,0.01859650078852822,0.04979691021424487
2439,0.017493726256161107,0.04958229370060421
2440,0.017623546325547954,0.05191859149170997
2441,0.018867336110886476,0.050775843903534394
2442,0.015914689749479294,0.05033409480649726
2443,0.01916478246795877,0.05561596101014536
2444,0.01812611275672315,0.05313850575147715
2445,0.016324243730022794,0.061046231229950614
2446,0.017450365370937755,0.05145157036140449
2447,0.016662075410697395,0.05068080646352362
2448,0.01654344426472683,0.05396868435101103
2449,0.015940097195649504,0.0532514650589392
2450,0.01835445113676159,0.05257925957926832
2451,0.017905817584211666,0.050911410195860346
2452,0.01626076245853178,0.05053063128190232
2453,0.015413158799621993,0.04927702880182063
2454,0.01610145673510574,0.05189489251128713
2455,0.015215422948799037,0.052022307644362435
2456,0.016411917433516124,0.052631104463025144
2457,0.017077047039374224,0.05101501231168147
2458,0.01640274715994982,0.050132494597207936
2459,0.01762148902931234,0.04893536106648302
2460,0.01644865313736269,0.05304680352932528
2461,0.017805633730346097,0.048904266432487874
2462,0.016332866885421567,0.04948906199002923
2463,0.021957939373968838,0.05055784120371467
2464,0.01595134224117101,0.05229579385622103
2465,0.016969173343707445,0.05217590390291429
2466,0.01890435202378677,0.0502287637731784
2467,0.01638708250097613,0.049130776061450034
2468,0.022475493651695717,0.050072397084388515
2469,0.017031362268578886,0.050969968818333516
2470,0.01819994859163997,0.04958572717649596
2471,0.017174097823730687,0.049791244477183
2472,0.018227393596542806,0.04991731746005534
2473,0.016223414478949587,0.04964314046360198
2474,0.01620301940387353,0.051227471219343054
2475,0.016649899406727394,0.05101250787090538
2476,0.015287476323339575,0.05260190314480236
2477,0.016318647067218944,0.049425543624356874
2478,0.016980849860007304,0.05134929997617738
2479,0.017321297789183922,0.04997752288491804
2480,0.01727327316495261,0.05092230654860798
2481,0.019477663393643565,0.05359942897369987
2482,0.017009770110212173,0.05238244945841624
2483,0.01926890366190209,0.051281865107311045
2484,0.0194631241738124,0.052392901222508656
2485,0.0173218920663522,0.050978414284854306
2486,0.017193893446846117,0.04913154920390375
2487,0.0167572547852022,0.05035408673093731
2488,0.016130723899468444,0.05094637360451813
2489,0.016790959232470447,0.05002263608507644
2490,0.01670496575160881,0.049506491241523794
2491,0.01695264033497052,0.050928055297088506
2492,0.01690315594779967,0.05254236484567324
2493,0.018281704291029086,0.05274649256639612
2494,0.017684019887283034,0.05058996523158592
2495,0.0167794966215926,0.05215142031473325
2496,0.017785238540897093,0.052934635094458
2497,0.015775576028459352,0.04989658779742425
2498,0.01568537983193732,0.05139503725115817
2499,0.017073412073360647,0.050261001837880986
2500,0.018364066883622854,0.04938654227177601
2501,0.01714376869954561,0.0589918712980317
2502,0.019049355461446562,0.051217207232289445
2503,0.019029561168791956,0.05228590502177265
2504,0.016962668468666852,0.050555735882511714
2505,0.01616633158727995,0.05250637390111622
2506,0.017211152086580608,0.05232678632949827
2507,0.016165836788900663,0.05030213229190138
2508,0.015926462320382136,0.05232259416415876
2509,0.018545053455801236,0.05092933658221013
2510,0.015927203723175784,0.053729008304370676
2511,0.017520891002993238,0.049891713119688486
2512,0.017163224312894625,0.052109962240571066
2513,0.020189471024655757,0.05296517128036136
2514,0.015739780211153635,0.0496722344299755
2515,0.016451592377403325,0.05698583226529578
2516,0.019308059684054593,0.04913334907931194
2517,0.0169839489093998,0.05019216928491019
2518,0.018253603749406665,0.05071598068253139
2519,0.017006791731281987,0.04773815004225064
2520,0.020509495103456322,0.05770031187244525
2521,0.018841132614995006,0.052840901394012874
2522,0.01905254710157563,0.050588179333018776
2523,0.01836177184337512,0.05490626005413837
2524,0.017713050355663274,0.0513424539196312
2525,0.015785273864753264,0.04986414616754778
2526,0.017274907059538037,0.056222441463840936
2527,0.01816313123251113,0.05171175306676922
2528,0.01798042137745329,0.05126746260283286
2529,0.016828638247043864,0.052904763167962096
2530,0.014494507064702069,0.052237469226794134
2531,0.016502792578199903,0.05270516065726603
2532,0.02017955098739991,0.052798916504048464
2533,0.017654569544140856,0.05048255250791559
2534,0.01718268900838935,0.051523095589681975
2535,0.015838768552605968,0.052031542452280984
2536,0.01683448576473428,0.053121662584313174
2537,0.016100113478519563,0.05104397701328261
2538,0.016592039696330715,0.05210884780924123
2539,0.016890859714520156,0.05141834994978773
2540,0.016709792005238974,0.05380753717177494
2541,0.01815815371715634,0.05051624145648234
2542,0.01734714980767036,0.0520125155274133
2543,0.019018244675190227,0.051210201427079084
2544,0.019029897565306875,0.064141130574365
2545,0.019373846828545396,0.05206089017721346
2546,0.01729578747505084,0.05164827118840134
2547,0.01649637478765539,0.04928347210686906
2548,0.015196304950386957,0.05095568859487548
2549,0.020378748001647472,0.05666356012785345
2550,0.017578618495928167,0.05186673869988076
2551,0.017011894109217746,0.059869877835338876
2552,0.017283218322242413,0.04924173942559345
2553,0.017081814157522114,0.05411563041552266
2554,0.015489574068956506,0.04839498201445828
2555,0.015450320923164076,0.05089988226169034
2556,0.016233991262010465,0.051861894776797236
2557,0.01778219190232437,0.05775421516115504
2558,0.016849391288439135,0.053475406179601385
2559,0.016241063188789484,0.05153828418643253
2560,0.023649835739667554,0.054064546405970304
2561,0.017049618942994522,0.0501505564478107
2562,0.017332802421616434,0.04993746304571778
2563,0.016675028156367757,0.05033855767626511
2564,0.016798678785562515,0.052441411850072985
2565,0.018122057283395214,0.050330120790049546
2566,0.016477130549518687,0.05084203502961567
2567,0.018875903662359507,0.0536552839317268
2568,0.017574435678826536,0.06454085732313027
2569,0.020485493090741318,0.05252582394987121
2570,0.02061764679774455,0.05990159018595416
2571,0.020657983048349843,0.051403904973265524
2572,0.01669857668734732,0.05342799846204301
2573,0.015073399678022043,0.05439790156214757
2574,0.018240897036285925,0.05815517939720536
2575,0.01874128323897981,0.049390980875805804
2576,0.01887201568237821,0.054864774474449325
2577,0.01938088306863057,0.059177445159071966
2578,0.018657690712383816,0.051076275971076245
2579,0.01712766995088648,0.049928130623989535
2580,0.016005813095130418,0.04999850850953793
2581,0.01534140233725384,0.0501755923779686
2582,0.015526668353001575,0.04982454451104453
2583,0.015077896010046615,0.048939193064407596
2584,0.015276992086666568,0.04972392550312487
2585,0.02077959521316496,0.05296397800172182
2586,0.016448300210455607,0.05094158660648461
2587,0.0169634592619008,0.05386327040897575
2588,0.01941642181989842,0.053156496196014244
2589,0.02039373968552826,0.05059471220375601
2590,0.017700806899663798,0.050574824914224166
2591,0.015496665471814629,0.06456649745989562
2592,0.016637539726805716,0.05366369858757595
2593,0.018502255397519672,0.0499270394220388
2594,0.01576878957188966,0.05265848711133003
2595,0.019278687338594506,0.05194089922092313
2596,0.01648498676661262,0.05229879909178667
2597,0.01618511704984763,0.05190982085122799
2598,0.01634706014109061,0.050245466779796105
2599,0.016667969716260007,0.05023485261545444
2600,0.017154125062594738,0.05273181517470749
2601,0.01554807429120206,0.05400851871211427
2602,0.017558980821853594,0.06317219167088806
2603,0.01820389901224832,0.05307825087081818
2604,0.01636937438255937,0.05268118935718871
2605,0.014806874838650674,0.05023948463580961
2606,0.018180850473113526,0.051525584718487914
2607,0.01617793646876824,0.051785557500476524
2608,0.015839956009895878,0.0493049503941285
2609,0.016039576946307244,0.052837426781206204
2610,0.016600239485091435,0.05026437616661975
2611,0.016559140896774772,0.052466981551775656
2612,0.019634510957656948,0.05071820668820152
2613,0.016088910613274367,0.04941539786625327
2614,0.017824939347075342,0.051643161126470806
2615,0.018129143574482816,0.05070601659535166
2616,0.017079307760735202,0.04895112664441118
2617,0.017891313819994304,0.04870562972430896
2618,0.020890599588179647,0.04990535840989653
2619,0.020456747658420028,0.051736379205657726
2620,0.016466452144926653,0.050956075548901594
2621,0.017426780077224986,0.0512480168115525
2622,0.019012517540862684,0.0514744358944863
2623,0.018933672682011037,0.053278209618234394
2624,0.015896473196626904,0.05532949074243842
2625,0.015286517681969437,0.04951837602862738
2626,0.016970241288269374,0.053216133649486644
2627,0.015561904165342935,0.0531330776580593
2628,0.01661539473629237,0.05010306533603441
2629,0.01769334461101165,0.05197115795206008
2630,0.018031012294884016,0.051504777805100106
2631,0.017426614904015286,0.05132076504609937
2632,0.017110842128370638,0.051751373191002314
2633,0.015658515876621232,0.05255912416112751
2634,0.015971928452115907,0.054890214743321404
2635,0.01855859015706488,0.05215293225974666
2636,0.018238990364554234,0.05194013119490822
2637,0.01475538755942108,0.05207618550959984
2638,0.016547846143369686,0.05221593117616828
2639,0.016238887619255182,0.05183273895566625
2640,0.01614432098498022,0.0515497781541712
2641,0.01933901740196056,0.05474646055235301
2642,0.017339945684436867,0.05283887676875992
2643,0.018088473796022863,0.050410941569951545
2644,0.015146850573277115,0.049396625250802004
2645,0.014817389213762487,0.05054824283920733
2646,0.014947470174845597,0.05036946971501623
2647,0.01622581706478034,0.049208656261514
2648,0.015756051357191308,0.052810236484858025
2649,0.01735589514605533,0.05225708428070061
2650,0.017855918137613395,0.04908430426005732
2651,0.020563606810020774,0.05031453108503705
2652,0.017811356329436142,0.05049415138132291
2653,0.020254381453819144,0.05047502955958658
2654,0.014877234023055038,0.05136579090267196
2655,0.01666302233000746,0.05368773349768536
2656,0.017770715720746153,0.050208727425351776
2657,0.016075128299606622,0.05047742387555297
2658,0.018742284952268415,0.049990907199400705
2659,0.016202999601014574,0.04996027555643467
2660,0.01562881319174417,0.04958222967976317
2661,0.018504341882198377,0.0492521837857881
2662,0.019091918667717686,0.05299261422421699
2663,0.017213543130080205,0.050987406033919866
2664,0.01745616349585373,0.050125624461655034
2665,0.01590015303184813,0.05199145619059565
2666,0.014717685471856057,0.049789207882450934
2667,0.016479834190623502,0.050281286687779245
2668,0.018488043027563503,0.055245008637059605
2669,0.018198266961520777,0.050355660343976844
2670,0.017356462891033868,0.052058852676834376
2671,0.015050728602292842,0.05141378145543555
2672,0.016613392014625975,0.04806085702097207
2673,0.01609158978557079,0.05368284427357795
2674,0.015328954499130859,0.05118573703488013
2675,0.014806198339003668,0.049720162819874916
2676,0.01765350203139516,0.05277496165500249
2677,0.014804882023082042,0.05109432181880289
2678,0.014796154627245022,0.050571713456533905
2679,0.015082553972053648,0.05244706150022963
2680,0.016402446713886763,0.052308822540860424
2681,0.016445588749975787,0.04968514817213654
2682,0.01500047868430465,0.051072728449016586
2683,0.014964208016195394,0.053749889182043556
2684,0.01605984320710028,0.049691485656532725
2685,0.01464034923186577,0.050928910050475805
2686,0.017256652632900944,0.050852319949252864
2687,0.01632564991973994,0.05313490901637197
2688,0.021153647760699567,0.05640157355102979
2689,0.0188886381821114,0.05026030376142727
2690,0.01764096674931826,0.0503017027911387
2691,0.0151219456281541,0.0502998414437723
2692,0.014881930017568414,0.05272658049761502
2693,0.016015488285580675,0.050244133443312536
2694,0.018206423816077393,0.05010620064865377
2695,0.01878574881282516,0.05102808278679549
2696,0.01772200836704339,0.050794145722586406
2697,0.0158292831208809,0.04975728204189088
2698,0.01712101868780932,0.05297203726114187
2699,0.01591119661992579,0.04980418383888433
2700,0.014162934728358922,0.05202851676963326
2701,0.016604768266355183,0.05345914634248069
2702,0.015178662419020383,0.049279097999845235
2703,0.01588644035496658,0.05238105206374537
2704,0.01559394507909329,0.0516853634837576
2705,0.014434467016119407,0.04981572724374613
2706,0.014667655310983347,0.05147189909316842
2707,0.016689311428214972,0.05599897052336456
2708,0.017451110267941664,0.05346217071800901
2709,0.017893622085489426,0.05205855392535826
2710,0.01599768779350253,0.052097278000567494
2711,0.015337005957849044,0.0513319578815373
2712,0.01695745907499826,0.049976939638903865
2713,0.01592068552952213,0.05372600544962967
2714,0.016187455593830065,0.0514447017010292
2715,0.016223259223508358,0.05075491348603614
2716,0.015050287043353669,0.051925861895233766
2717,0.01564313244438709,0.05141522505677732
2718,0.01730590657258691,0.05119402995123003
2719,0.01732363350652065,0.0548028347262165
2720,0.016587588553291215,0.050958532727974695
2721,0.0155046210976733,0.04959537899285032
2722,0.01801942303347259,0.05001800370993172
2723,0.014622706569787255,0.05074082559586169
2724,0.015923678697574706,0.06638199279556298
2725,0.017429830025610767,0.050330203885497304
2726,0.015230594534324226,0.05523735611585148
2727,0.017251173309739073,0.05128545212304981
2728,0.015999946850620415,0.05520274988690713
2729,0.014264858052377264,0.05157634682187759
2730,0.01516099946858142,0.04935060026950406
2731,0.01772238818559805,0.05051982391597633
2732,0.018948983844547046,0.054400175100281126
2733,0.017299431994706765,0.049233455845810715
2734,0.01801319060413013,0.05126590309734631
2735,0.015930822406216225,0.05020659912685703
2736,0.015318198246241812,0.049386991668763314
2737,0.015251738446435533,0.05215693383774064
2738,0.02065908942455636,0.05273194766059555
2739,0.016956156521176633,0.05274470048702152
2740,0.017156632145619334,0.049836144159386926
2741,0.016582208697247625,0.048281109357313404
2742,0.014159307780122398,0.04932860358802597
2743,0.014921297839747038,0.04975533871946478
2744,0.014523823873926523,0.0525292675932846
2745,0.015339464313329611,0.051169077293914664
2746,0.014368548359077676,0.05057761145004055
2747,0.016099552805990652,0.04921059821146473
2748,0.013727860833357152,0.050242391333245394
2749,0.015216407571501452,0.05113377215756211
2750,0.016836400342204218,0.05004110557020159
2751,0.015457184574471082,0.05133176109471118
2752,0.01506495319381543,0.050595420737164956
2753,0.01602731534935777,0.05138248641202623
2754,0.01531189132509823,0.052583923362624976
2755,0.015419479912347663,0.05081662889523315
2756,0.015157568695625864,0.050270005024241324
2757,0.01842810047608345,0.05068279976459374
2758,0.014894383698048299,0.04999483077037603
2759,0.014031886774346344,0.049519030437956475
2760,0.018075883528567795,0.05519053645263937
2761,0.016534627380227686,0.0515655643098934
2762,0.018139624935493134,0.05493231659246268
2763,0.01793236334465052,0.052016939398340116
2764,0.017072343661970364,0.05281202248612741
2765,0.017017043417408353,0.05149482646233456
2766,0.015196774929836579,0.04981405788421033
2767,0.01719065349465026,0.0537637267121695
2768,0.015413695465502584,0.04897854911317503
2769,0.015811345810747536,0.05102481999268807
2770,0.014628001976580847,0.05137224621454576
2771,0.014252487327296632,0.04942281922339497
2772,0.014494445576404868,0.049777095143060036
2773,0.015171908698789309,0.05341081817011188
2774,0.016444411737970392,0.05643977977354126
2775,0.021135824907543066,0.05354748878226543
2776,0.019296987887873387,0.052528309885571174
2777,0.019089495814533758,0.05166134445514894
2778,0.01460749224145759,0.05421624037630875
2779,0.015758892960080824,0.05370467662213739
2780,0.018708279066926854,0.05067168686884388
2781,0.014847293724877792,0.050162184441971
2782,0.01377201344080288,0.05443922766393289
2783,0.018906938145520694,0.054654456198887716
2784,0.0184546803453363,0.051297871783413086
2785,0.015283673891989062,0.048910802813774364
2786,0.014848826497438409,0.04991333407903076
2787,0.015030498840474993,0.050614215723031146
2788,0.019497111729138476,0.06376003375029504
2789,0.01843327733414962,0.052612669392486565
2790,0.01522224585532694,0.04995565343284069
2791,0.01501920161521375,0.05029611679769698
2792,0.01552110994444754,0.05190460660254447
2793,0.017275004281211915,0.05428593788753476
2794,0.016546967525716712,0.0550694326895819
2795,0.017365385873948123,0.04983381241709368
2796,0.017950247104902912,0.05151255447464181
2797,0.01817111720921551,0.051717947524293026
2798,0.016879023085430003,0.051119170830886164
2799,0.01563729575944873,0.0510077968071726
2800,0.015931838773246994,0.05066024841633357
2801,0.015512993050398384,0.05384174311407527
2802,0.015136103731647768,0.051810103008771
2803,0.015405918385151932,0.0530083662267765
2804,0.016615105837228753,0.05124395905543389
2805,0.020990442470612384,0.05426349026853578
2806,0.019563135707326103,0.05105649354053022
2807,0.01894189778220534,0.05195980062498186
2808,0.017809496321867135,0.05210571656736515
2809,0.015614416100140801,0.05158207560877752
2810,0.016817453352356314,0.05097665006579612
2811,0.013982140967963184,0.05304935449421555
2812,0.015082752495481256,0.04995248265060267
2813,0.014765366671471518,0.051232330220982544
2814,0.01674881609702917,0.05221952135700331
2815,0.01738034930070839,0.051403283111209556
2816,0.021715081532609492,0.05648856863080708
2817,0.016286659715020267,0.0536416099969307
2818,0.01499579587302411,0.0519027143137945
2819,0.014232110019707889,0.050393678163899516
2820,0.014715006171181835,0.05238968808026541
2821,0.014298356973792527,0.05037500808262885
2822,0.01466147886136346,0.051141566333167236
2823,0.014664590806889356,0.04990452016355997
2824,0.014706652599823355,0.05160024521270193
2825,0.018341687216159693,0.05004073166869637
2826,0.014245336212423212,0.050881156039641315
2827,0.014600842990410657,0.053456953556316536
2828,0.017473621784072173,0.05284943781737098
2829,0.018802541063020105,0.05246172959269736
2830,0.013626645638941224,0.049808824990402185
2831,0.01376896448909564,0.05152933258460578
2832,0.01368194728398831,0.04983969717134808
2833,0.015549596819214355,0.05228966031046141
2834,0.014850254665434659,0.05351239201008228
2835,0.0146002647161185,0.05406074605900841
2836,0.014549818394103445,0.049871749429027536
2837,0.017350932870312294,0.04925117738787692
2838,0.016791771938627523,0.05134733225730129
2839,0.014831692727287312,0.05221441004397277
2840,0.01955341923057585,0.05377722163696337
2841,0.017227510321782644,0.053036740110407495
2842,0.015189947495073602,0.052370202664594
2843,0.015320360268417158,0.0503085222571416
2844,0.014880021980363773,0.05021138587280324
2845,0.015418094655214097,0.04955546270337021
2846,0.01626222624553176,0.05040620395302175
2847,0.01640287353738881,0.05180325454339049
2848,0.017209387825507867,0.04984189044301372
2849,0.013988699983422618,0.049698543139642344
2850,0.01563643416936012,0.05206010804364556
2851,0.016518399511512957,0.05172908518061901
2852,0.01860178181700838,0.05304354000696562
2853,0.016882087209058882,0.05363256618716663
2854,0.015999466927726764,0.050072051892827325
2855,0.014771975352799982,0.049583848220363894
2856,0.015270961446216083,0.052498113700097666
2857,0.014671154819746363,0.05517009023885082
2858,0.01774134683681834,0.05080731996430789
2859,0.015917978536589703,0.05568725813675046
2860,0.016220237177453543,0.050576878585537575
2861,0.015547814979719786,0.052116387105899345
2862,0.015514272328158071,0.049161761317560844
2863,0.014039132884122375,0.04895687841793947
2864,0.01457852854120328,0.04889433123264695
2865,0.01455403285049705,0.053041913240849226
2866,0.014776758224070818,0.05263750045968775
2867,0.01423270116212374,0.051203144653548575
2868,0.014283676774131325,0.05089276075773968
2869,0.013547771080469428,0.0524152895076233
2870,0.01566880142180842,0.051351563122711684
2871,0.015497618182130475,0.05106359129225401
2872,0.015097861638045251,0.051084422499389576
2873,0.016579532344594486,0.05306339246176538
2874,0.01964712020401892,0.05366974523790498
2875,0.017017260763355364,0.05807868817022869
2876,0.016427844487373392,0.05093658721088467
2877,0.014488031161029386,0.05261030850143062
2878,0.015651795597639597,0.05498379112260981
2879,0.01482014685757178,0.051348694882596045
2880,0.01627045290259864,0.05267452995729327
2881,0.015256549210700774,0.05125950570019863
2882,0.015297561585156242,0.0507908512775163
2883,0.014898703435907388,0.053084152038757666
2884,0.016209326777840618,0.05124932223170025
2885,0.014479602231903184,0.052572601570521384
2886,0.018495852916611166,0.05150163097115686
2887,0.015049693431415804,0.0522503341387089
2888,0.013743200913575808,0.05233344154661162
2889,0.013602264099439284,0.051561837114935234
2890,0.013989393223534551,0.05199505795811053
2891,0.01556443259176007,0.0518338523879834
2892,0.015561526239777268,0.051317369420650905
2893,0.015178747090013852,0.05523604044415299
2894,0.014189425494083037,0.048924644414643594
2895,0.01435423624190621,0.05156104559811733
2896,0.016334238674557,0.05439239953245435
2897,0.014774889230055916,0.050869688597089964
2898,0.01405104030773305,0.05469017622427534
2899,0.01559777809470369,0.04984106747130105
2900,0.015387396381836487,0.05104630782191915
2901,0.015460943217321596,0.051078257162618754
2902,0.015152577670258387,0.05181908513183582
2903,0.015076242032505217,0.050473815656470175
2904,0.013901811942719576,0.05271912822709944
2905,0.014198297312609236,0.04968107881066494
2906,0.013911428207760318,0.05008058797073245
2907,0.013435073206224538,0.052582110584080965
2908,0.014506732246705465,0.05016404733920755
2909,0.013495497947049918,0.05074190659294451
2910,0.01571409837961346,0.05257409498244898
2911,0.017199290687577765,0.05543598003293339
2912,0.014822000111301517,0.052917640693579106
2913,0.015301663316506193,0.05171885725138779
2914,0.014775767110120085,0.050655707063382134
2915,0.016098306525993467,0.0514470216885844
2916,0.013345601494636452,0.05002153490233541
2917,0.015386827173351046,0.050846980515876807
2918,0.016329637908360416,0.050860565127734854
2919,0.014580347582249712,0.05000725410001021
2920,0.017181221316370152,0.051369892139183845
2921,0.014993198659448396,0.05253963398380686
2922,0.015533618316203729,0.05321357652246205
2923,0.015177743999581588,0.05029615339704026
2924,0.017445778786986693,0.05054012822328056
2925,0.01500208243578299,0.050551466036933404
2926,0.01422915422359953,0.04922564942996604
2927,0.015365278404346086,0.05258459069376303
2928,0.014146684279156508,0.05045408376476221
2929,0.014517014574278193,0.049854426156906856
2930,0.014343841146108201,0.048841176167093124
2931,0.014403306538318483,0.04943735891005449
2932,0.015675451587838934,0.052280033572126454
2933,0.015169431919927584,0.05513227956000725
2934,0.017722770968512783,0.054780675896576474
2935,0.01634856694165552,0.05114041796341576
2936,0.015407721596048739,0.05083289647236802
2937,0.014295473365687338,0.05094500890650546
2938,0.013459613990216028,0.05013600774202729
2939,0.013519289046712686,0.052659008521259876
2940,0.013248385917535401,0.052874217365394556
2941,0.01420909620560052,0.051247980949798023
2942,0.013939796193015008,0.05319528098691974
2943,0.01582212208123658,0.05184294551349523
2944,0.017604960968956015,0.05073327579556551
2945,0.01380746848507782,0.05151285787572837
2946,0.014932033603539443,0.05134255024499463
2947,0.01847129070986632,0.052172220673850904
2948,0.016662845871222198,0.050953508646491175
2949,0.01407899602052562,0.05055977884950793
2950,0.013775389877271681,0.0509688329969283
2951,0.014884021915121932,0.049632011695687935
2952,0.013628514562931874,0.05194327352862609
2953,0.014415227012115912,0.05283726889985546
2954,0.016245502231637936,0.05112621289932339
2955,0.020499481588490027,0.05547537960877694
2956,0.014156445851526164,0.0529417198216706
2957,0.01356653205788972,0.05145712032503353
2958,0.017890984271851398,0.051648969423576704
2959,0.016048230419873744,0.05382721374432246
2960,0.013797820683447341,0.04998342857175602
2961,0.0160959595184129,0.051451934534206725
2962,0.014568114683573557,0.05095517267484713
2963,0.013944577397708605,0.05127862867033273
2964,0.013681505526647084,0.049247300313006066
2965,0.014380624321730514,0.05032676013004511
2966,0.014890132901401149,0.050147345761084615
2967,0.014192677121656132,0.052334202626220565
2968,0.013879252712062577,0.0499747003379621
2969,0.014777712080450285,0.05100636844310844
2970,0.01625566181019509,0.050303986870256584
2971,0.013847640414435165,0.04923837158576887
2972,0.015341608353276599,0.05407906624308804
2973,0.013825193470003163,0.0514917400266443
2974,0.014828437852922986,0.05128508090113936
2975,0.01824999629592238,0.05155358455122862
2976,0.014577249116392662,0.05197948483484132
2977,0.013702923137890665,0.050700122355145025
2978,0.013809792797797754,0.05222628960259875
2979,0.012632453431349649,0.05241516729195913
2980,0.013977771760302977,0.05077042777959565
2981,0.013318014833002462,0.04975559203920508
2982,0.01718282289242834,0.052452119688193
2983,0.014911568581236335,0.05188509635160441
2984,0.013195882226926343,0.050150113819834585
2985,0.014202386532959185,0.04964733892178774
2986,0.014449811993367541,0.050253342986480334
2987,0.01509853567750681,0.055150404619169716
2988,0.01894072253481114,0.05009138915585097
2989,0.013742903331504729,0.05141396744919002
2990,0.01435898975667574,0.04859080618448126
2991,0.01485516995023516,0.05020438028233392
2992,0.014565318505417434,0.05318210068576617
2993,0.014451664330946622,0.05048357645857304
2994,0.013964288340494,0.053555686400274284
2995,0.013387950256298808,0.05197228629487499
2996,0.013480421911953087,0.04877329155578649
2997,0.014029133168602348,0.04982864159278404
2998,0.014299577662259116,0.05162282261932105
2999,0.013268141967610907,0.051165952064787835
3000,0.014376422976211348,0.05167495137206594
3001,0.01570393749627105,0.052284831251192807
3002,0.015302441136580063,0.05131169258241068
3003,0.013318834599938458,0.050535126698943306
3004,0.01610886486233177,0.053312036850697415
3005,0.014318486045401795,0.049586675090150426
3006,0.01594962523246469,0.0520636797380776
3007,0.01337443086736483,0.04946251291977732
3008,0.01334126577490852,0.0507504590005056
3009,0.016348874401814657,0.04940083317626688
3010,0.013954337957060725,0.05229362561589196
3011,0.015111097062291358,0.04953295641338317
3012,0.014201738038345388,0.053435874612707844
3013,0.017262850757361503,0.050684258967339246
3014,0.01733012249305807,0.05044524968230635
3015,0.014636723539397531,0.051859246160751
3016,0.015722997850717457,0.05102351691601868
3017,0.015195510319823908,0.0520281934069661
3018,0.015496172449717247,0.06506933126234471
3019,0.01659540803099336,0.0525480898419269
3020,0.013978193264295882,0.051214884667841715
3021,0.015134187646322232,0.05079708950486697
3022,0.015902385482083736,0.05543704936864382
3023,0.014643368642674503,0.051143159954470205
3024,0.014110656324447248,0.05104446141306022
3025,0.014441931363484614,0.05112782941388905
3026,0.016007479000136368,0.052605340663427695
3027,0.017601166555382554,0.05134553788113116
3028,0.013682039342540548,0.05022952714958286
3029,0.020466062767818607,0.05108595286545001
3030,0.013877777417743565,0.05016169180734116
3031,0.016848420355478327,0.05186082360178307
3032,0.01427796234220341,0.05072405132322682
3033,0.014223877058124034,0.052104974683738293
3034,0.013232083739082617,0.050600886643679815
3035,0.014272364696725867,0.05328162128390525
3036,0.015516805072737517,0.05147451753342958
3037,0.013413792998905768,0.05122298315951699
3038,0.01372294768429639,0.049269731424954305
3039,0.014347558318261514,0.05067768275625724
3040,0.014719844018494277,0.05066360298889622
3041,0.013098268928403095,0.05022574261876575
3042,0.014276501050401003,0.05116344759600204
3043,0.013497550792077132,0.04975187486238348
3044,0.014497343303733751,0.053133202375923484
3045,0.013883238079441819,0.05258635154232047
3046,0.015034924865814677,0.05647422650590875
3047,0.01722815215242163,0.05300738359042875
3048,0.014566383756379735,0.051292567082066885
3049,0.015187311754153486,0.05171349632523412
3050,0.013266222156995073,0.05150121009738224
3051,0.014187833504345184,0.050454099058059226
3052,0.013314221698538702,0.052952214795395844
3053,0.015568934889851059,0.05177348459088115
3054,0.014134836980704227,0.05240675441005774
3055,0.014087320695208726,0.051033388244403635
3056,0.013744860791827653,0.05398360863888174
3057,0.014461775219306014,0.05083220585583147
3058,0.015255850952183991,0.052021353792651256
3059,0.015275071368069578,0.04967957735995302
3060,0.013477410082436893,0.05245601774233027
3061,0.015527558398612758,0.05517371370454779
3062,0.02108543464694555,0.05524160083672755
3063,0.018529646000579783,0.054042826880488476
3064,0.017073798350485645,0.05248952724207613
3065,0.015400174192916182,0.05425935597123956
3066,0.01498542030932461,0.05062322212117059
3067,0.013403287297464851,0.052982117149764134
3068,0.014745875180029032,0.053768546042735114
3069,0.013505320172094014,0.05142976488348536
3070,0.012946669637858121,0.049249069601820225
3071,0.013572231569983308,0.05111361623631982
3072,0.013725787849354566,0.052025187228407176
3073,0.014468407951631491,0.050964861473344024
3074,0.015378213233144063,0.0525825117203526
3075,0.01342191747424746,0.053188414707369076
3076,0.013186435871068995,0.05047457624124106
3077,0.013982463693409636,0.05084841565828873
3078,0.013244686905005224,0.05205898097060378
3079,0.013460332992250907,0.05102922537721189
3080,0.01629752543449103,0.05503123594368609
3081,0.013769408097411307,0.052746052608678214
3082,0.016480787440126102,0.050138537839689946
3083,0.01360482993281276,0.05533319341957121
3084,0.013610369432484148,0.05046653346086206
3085,0.015395469555075755,0.053476268056789435
3086,0.01484287182163251,0.05186432627097407
3087,0.013779318079184321,0.052358859921233694
3088,0.01452623931154198,0.0510364047585424
3089,0.01314876263583065,0.051608397128214516
3090,0.013210761437850787,0.0522234793705749
3091,0.014487857386507187,0.049251735602554525
3092,0.017880649417918875,0.05170764740472449
3093,0.014130623789415472,0.04989178564614222
3094,0.013537823498006304,0.050196071512492973
3095,0.012367741477892812,0.051985203659624085
3096,0.013500571232242393,0.04980337422779927
3097,0.014105847997026038,0.05132985962811568
3098,0.014343030699400376,0.05022093331567327
3099,0.014805925729915612,0.05286669296056107
3100,0.014627039684612948,0.05424868005484268
3101,0.014879121832586918,0.051781433968242245
3102,0.012840733842406058,0.05111280352549445
3103,0.015200522343130936,0.0501138045170104
3104,0.013031200256039923,0.04936088925054796
3105,0.013408225316806395,0.049259455524441
3106,0.012602864762296653,0.05186115284648754
3107,0.014152150337390583,0.05009088260973605
3108,0.013956672416295026,0.05057109874628839
3109,0.013119674728889214,0.05161300450936893
3110,0.013060136665508412,0.05186067692431292
3111,0.01278816260640185,0.052530395749368165
3112,0.01373695395886898,0.04973654086727247
3113,0.014523634460654324,0.05148183633771755
3114,0.014141004072749675,0.05214447983748333
3115,0.01322503786599427,0.05226407736016993
3116,0.013000806541483206,0.05107667533340012
3117,0.013859371976800879,0.04998189413495231
3118,0.01316590668087391,0.05293931862465421
3119,0.013289132325870352,0.052347448460739056
3120,0.014375169502389162,0.051935266525972454
3121,0.01288847653031872,0.0545574284174986
3122,0.01564340224316843,0.051732563892178667
3123,0.015112530738862236,0.05327444869025907
3124,0.013308650559575337,0.05057062711893467
3125,0.01659029119538335,0.05410606784741383
3126,0.013123549086819017,0.050460047282297214
3127,0.015245560290557998,0.051605999096294396
3128,0.0167911232246044,0.05060993796938045
3129,0.013945165802176137,0.0501895478942938
3130,0.013892524887371183,0.05289253374015478
3131,0.013611061071374811,0.05232010094593641
3132,0.013738719937870078,0.05212752723641563
3133,0.013084333326975653,0.050770945380206094
3134,0.013039091606636095,0.05072667244308276
3135,0.014436651595441023,0.056511834693283663
3136,0.013536230509255762,0.05208185122798858
3137,0.01749725196799987,0.053514154361827035
3138,0.014829613235697411,0.052631841388934834
3139,0.013442624558725004,0.05283455509589728
3140,0.014135625155031084,0.050254920726282556
3141,0.013680198453926951,0.052032298676875005
3142,0.013256326399482134,0.05268621680917298
3143,0.013681552340194844,0.052139245496507274
3144,0.013594989424436014,0.05097051691217231
3145,0.013053484650837598,0.055333469240438374
3146,0.01449058670783999,0.052009803842855876
3147,0.012800157775070733,0.05006018773020061
3148,0.012851758334869729,0.04991160964308526
3149,0.012638530890016179,0.04955417887870232
3150,0.013687589434547382,0.050555084582259484
3151,0.01491980365521851,0.05492091320809864
3152,0.013335407965986949,0.05341696062295658
3153,0.012435179752272024,0.05337272548959369
3154,0.013861098441115598,0.049307023270760565
3155,0.014222994395403336,0.053374722151827994
3156,0.014809951900427503,0.05169937253595892
3157,0.013294302571312826,0.05144983897905302
3158,0.016438606258173633,0.05035879776666039
3159,0.013778535758885076,0.05089170299003596
3160,0.014330311888422733,0.05019625560158775
3161,0.012380773450170917,0.05275686622076763
3162,0.01265570729560123,0.05272363800378073
3163,0.012877775360841798,0.05080476244514747
3164,0.012190124430789385,0.052253081339567825
3165,0.014340489607929885,0.05164134138284769
3166,0.013110378948518806,0.05082092927138608
3167,0.01387048111458246,0.053383407203998784
3168,0.012559982945671058,0.052215900010707084
3169,0.013608469018586596,0.05079451955873566
3170,0.013835725374519825,0.050088317976111456
3171,0.013749099077474802,0.05087863571736448
3172,0.01307525717534293,0.05104533841548707
3173,0.013543113372883851,0.05101817974209188
3174,0.013194901369194639,0.05107097313704347
3175,0.013639361922043307,0.05020776355550403
3176,0.013830489663402537,0.050168406451704506
3177,0.012825758401817995,0.04981252424101483
3178,0.012600671527977277,0.05110057745885132
3179,0.01286677092915975,0.050270289154653265
3180,0.01480524670939547,0.05455589568928668
3181,0.013102338049458083,0.05007415191086014
3182,0.01253821969004278,0.05162659001753742
3183,0.013357838328675669,0.05082667471472183
3184,0.01501929276345069,0.05134353365627745
3185,0.014755608796382458,0.05215770360035705
3186,0.015495954963721727,0.052014269270843135
3187,0.012986616518600542,0.051474101131870634
3188,0.014058784773120456,0.05255398486640519
3189,0.013976913631746643,0.05461803284989562
3190,0.014610986082924339,0.053153507756932936
3191,0.014874841324648912,0.05298755223627079
3192,0.01297956565745119,0.05065206704395158
3193,0.013958926086213654,0.05333494181210236
3194,0.014348896591454968,0.051614885622248016
3195,0.0169171235409745,0.04972365567633383
3196,0.01405373545256175,0.05083758833078215
3197,0.014735237023043902,0.05269587911049226
3198,0.014193392048279444,0.05034161207819343
3199,0.01436992098617001,0.053994193505075644
3200,0.013064401845137278,0.051013897945707605
3201,0.012555348885275965,0.05098444575392513
3202,0.014510304534009524,0.053669756609843786
3203,0.01416833485875811,0.05474245411934411
3204,0.012993486236342063,0.04911948349280166
3205,0.014458416379932174,0.05006637533468412
3206,0.01268038872564048,0.049316007466543285
3207,0.01270953320984479,0.049620622456223146
3208,0.012275397471784799,0.05160578210513694
3209,0.012872981486426559,0.049360045327578574
3210,0.012730568038173636,0.056752713187072514
3211,0.013705983118417867,0.05457338387319319
3212,0.013060297142424829,0.05356639748751968
3213,0.012236788114976315,0.05272050405430017
3214,0.012986488619301104,0.05517177640420751
3215,0.014392693940185964,0.05106653672710696
3216,0.012377483177379259,0.049673585347215034
3217,0.014225715850678304,0.05093168321632801
3218,0.013287959200211037,0.05227201251793923
3219,0.012933588465372273,0.05057792860389054
3220,0.013280165570795088,0.05234649262033907
3221,0.012766061483749322,0.04961098480344117
3222,0.014173990897460837,0.05296921629206579
3223,0.014274058751481817,0.050538506844363416
3224,0.012480466885674269,0.05405249300046373
3225,0.014148689857812454,0.05159251010022068
3226,0.013474791761216963,0.0512272350041938
3227,0.01275028317774597,0.05205558515842397
3228,0.013288629771137895,0.051003372665485346
3229,0.012890466596268323,0.05289320653318463
3230,0.01254976102452081,0.05156017572882779
3231,0.012666434728841585,0.05129198507781614
3232,0.013370918549998737,0.05323985993003188
3233,0.012478665908551156,0.05215030736791759
3234,0.012630045236576171,0.050497670576237795
3235,0.01290701177988883,0.053777532180523814
3236,0.013874960232311323,0.05093156108469294
3237,0.012803337823851664,0.05324446442618705
3238,0.013931132797011756,0.05282731501754364
3239,0.01264823315651121,0.05085171444486257
3240,0.012674161036939998,0.05233426915859818
3241,0.0136213696615439,0.052215255946294406
3242,0.0130059953200115,0.052625832654405055
3243,0.01347547798489867,0.05178872176579067
3244,0.012478836216872796,0.04961784325894855
3245,0.012427117591513727,0.051214092992302174
3246,0.012119223510748461,0.050900229423267204
3247,0.01259634334986147,0.0521455047217975
3248,0.012513330019543642,0.052259691059589386
3249,0.01228160785048976,0.051099493137950584
3250,0.01378270865121581,0.0510442007921244
3251,0.01251011659020096,0.04982808235108404
3252,0.01297640645022231,0.0515758970514276
3253,0.013724591440630885,0.051403727289055824
3254,0.012948715874929925,0.0504074231032889
3255,0.012226076985716372,0.050815219773833915
3256,0.01372006781315221,0.051744712521333745
3257,0.013945411771703931,0.05296058907059201
3258,0.013144639355683685,0.052811674344210996
3259,0.016293363641004515,0.05099335823553547
3260,0.014847698833858758,0.05178550665353175
3261,0.013202547310457044,0.05312998705826009
3262,0.013378225787447061,0.07233820321565881
3263,0.017258753598595324,0.05568551823011317
3264,0.013213764838780975,0.05375114585597413
3265,0.012921342852625781,0.052170227046000925
3266,0.012680096423398134,0.05111585618148472
3267,0.01257695492478391,0.0520843688800072
3268,0.012352468954740013,0.05396564719372226
3269,0.013135975581549462,0.050534733031925405
3270,0.013190036322127906,0.05091872609647593
3271,0.01410978229104875,0.052422521995347846
3272,0.015950309502469718,0.05110405363086471
3273,0.013161862210690378,0.053245849253838524
3274,0.014377619725719729,0.05349178291987954
3275,0.01258529978979351,0.052974949485825415
3276,0.012443924640167626,0.052890517303071226
3277,0.012014725950446194,0.04983818836342123
3278,0.012939119594811197,0.050686324187986236
3279,0.015497989128612187,0.05205632748086948
3280,0.013096924718319997,0.05113761989693893
3281,0.012929774608397693,0.05136130711899366
3282,0.0135692129201048,0.0504597618354293
3283,0.012081557144889407,0.05099067915427057
3284,0.012319297700149374,0.05161804020554201
3285,0.012422070570084685,0.057457334901157175
3286,0.0161456474077358,0.05228784084693531
3287,0.01393174767531548,0.051428108959269705
3288,0.01294588188834507,0.05157119286874482
3289,0.012067550562210101,0.051290201793487804
3290,0.012161582101481898,0.0509803244811401
3291,0.013620217251392982,0.050782320017279836
3292,0.013251391034059805,0.050759469637446535
3293,0.013029324114882857,0.05194897407241035
3294,0.012445635570768724,0.04999143731101115
3295,0.012182042261767657,0.051303398134863766
3296,0.012291728815339263,0.052121607255293315
3297,0.012687771854207929,0.0539113683976177
3298,0.014314568048357068,0.05050514526385114
3299,0.01318354487773918,0.050959265527121704
3300,0.012459633657171912,0.049234464465824884
3301,0.013456484267866253,0.0524356825963447
3302,0.013495738734782938,0.05187562268628811
3303,0.011945424445048161,0.051045220858769905
3304,0.015255840338841267,0.05395820370891638
3305,0.014140926903687921,0.05146502634337671
3306,0.012932392812910535,0.05166955628341302
3307,0.013247561648039889,0.052795500608912686
3308,0.012525392203757488,0.05368933490568534
3309,0.012975274953981838,0.05074973158855785
3310,0.012975036883189864,0.05178397534447804
3311,0.012538743742221132,0.05048035439057159
3312,0.01225158404838994,0.05182675453355737
3313,0.012906162551415145,0.05144389969924638
3314,0.013517623235072409,0.05262296924129464
3315,0.012147780185691397,0.05395990795920367
3316,0.012295903376581376,0.05350883922219874
3317,0.011583323041934119,0.05118820611807637
3318,0.012451925438672379,0.050671610159608055
3319,0.012918297591196714,0.051307068684868944
3320,0.011517069928049295,0.05160043572535491
3321,0.011939540605777338,0.050801051421123636
3322,0.012618258511437509,0.05236044867818517
3323,0.013889293312410214,0.05129080113574377
3324,0.014906628365467366,0.05193801652780153
3325,0.014165280064693968,0.0525977429291957
3326,0.013117011057628426,0.05134435706680879
3327,0.013553026977244923,0.06252536173900566
3328,0.019784895100987944,0.05217275606995836
3329,0.012461546836490919,0.052040387561222666
3330,0.013768603710135571,0.05346772360398357
3331,0.013576484238612173,0.05083184731297923
3332,0.012834329041360613,0.05212681339983653
3333,0.013324058621673655,0.05346926052431415
3334,0.012455078530449765,0.05108144461062916
3335,0.012891633409241163,0.05003490329797106
3336,0.011736801416988959,0.0529660543142106
3337,0.015352382705101095,0.05326846176595019
3338,0.012586147030745457,0.050649891035598624
3339,0.011831103574325865,0.050496577693704976
3340,0.012643146697422466,0.05195486310281252
3341,0.013944907422016439,0.05293206586724236
3342,0.013368863021875533,0.05133394494578056
3343,0.01186703530170565,0.051611769253523426
3344,0.011954771954668942,0.053986543644789164
3345,0.014539067094263277,0.052487326435800785
3346,0.01246524098000132,0.04944531277830439
3347,0.012350023644777915,0.05190471049986387
3348,0.012625804301678088,0.05219580565478867
3349,0.011674995734858183,0.05237114588195519
3350,0.012200424445321536,0.050788994271653634
3351,0.013311180813625492,0.05215400433107128
3352,0.012015381601538724,0.05118899693465173
3353,0.012380772172228285,0.054887703262773674
3354,0.014133225844001262,0.05013298967801837
3355,0.012600910572106378,0.0519391753918545
3356,0.01341650013888913,0.05214445754176095
3357,0.012700790667761686,0.05467145045971811
3358,0.011744315757003045,0.05104137624714309
3359,0.013228487461469228,0.05052790658217026
3360,0.012030696283960552,0.05360792882572439
3361,0.011810488251964549,0.05315258125202697
3362,0.016184007629920217,0.052370129316522365
3363,0.014512059467851668,0.054730051806322615
3364,0.013118030001551734,0.05354486600983711
3365,0.01380836029763434,0.05154470511172947
3366,0.015935829217384633,0.05295459534926223
3367,0.011581322663746084,0.0516067544152414
3368,0.013091977837409143,0.05109903517933119
3369,0.01189488595010792,0.05078252722371491
3370,0.011695042642342267,0.050394806833494274
3371,0.01154026126764472,0.050386719760440644
3372,0.012402971328836037,0.05670800298116261
3373,0.014917864573928049,0.05161974879733303
3374,0.01389656258854352,0.050557879082167655
3375,0.011783357905714135,0.05193910870075524
3376,0.011462719485462458,0.04963704666360877
3377,0.013256899779078955,0.05026176515826605
3378,0.011779479775811197,0.05375172434967562
3379,0.011367480153857466,0.052009854633781244
3380,0.01143294481331842,0.05043833571157061
3381,0.01301973386852066,0.05191438847727943
3382,0.012948821714255297,0.050684390239473576
3383,0.012226961249658339,0.051592556568315455
3384,0.011842979480019937,0.053519731728280694
3385,0.0132516520167876,0.052762638301329504
3386,0.013542910062131427,0.05166712782362051
3387,0.012103133855905748,0.05271585156818978
3388,0.012199747159068746,0.051667216735749616
3389,0.013967819969382202,0.05408802729352076
3390,0.014386559885583426,0.051583796543510335
3391,0.012926763255046424,0.051021485232320946
3392,0.012888192453592044,0.05034577673800607
3393,0.012009254631056523,0.051484044099735435
3394,0.01234133170222056,0.05407970729178952
3395,0.012126547496831208,0.05342766767680496
3396,0.011524462722297898,0.051429562382680136
3397,0.011253712544763895,0.050875419895526464
3398,0.011323874258438596,0.05201271715991778
3399,0.011519281445701319,0.049675223933425466
3400,0.012428128141863155,0.05412180114882931
3401,0.014609048910961863,0.05533529346561372
3402,0.012347712223523093,0.051641857881743206
3403,0.014064084838861063,0.05799220164392825
3404,0.013431136970195854,0.05150254677635685
3405,0.011622647059273749,0.0502429500894439
3406,0.011900817478229677,0.05380943881576521
3407,0.013553969071883904,0.05191201025755483
3408,0.013499430357420206,0.05317747635874234
3409,0.012645445077827102,0.052233135985924786
3410,0.011946152533897032,0.05365701568754096
3411,0.011527000905427718,0.05199663643550156
3412,0.011537274943295876,0.05321938488492392
3413,0.011783193801541376,0.052036045366585404
3414,0.011512293534021927,0.05016905150579331
3415,0.012450556289451313,0.051259884690132956
3416,0.012991199148515412,0.052208308345243745
3417,0.013439473950474482,0.05288520752263248
3418,0.011915533712371848,0.05254881946664108
3419,0.012667483652482056,0.05065000982474265
3420,0.013226033617884742,0.05081853675737716
3421,0.012057058718568998,0.052259417236747596
3422,0.013173426982286131,0.050476919579550736
3423,0.014485114989312072,0.05088362833461666
3424,0.012041205983786355,0.0538667683445272
3425,0.01162091430911519,0.05142929422713462
3426,0.01415240175480532,0.05292708084995585
3427,0.012233301504680836,0.04944528645852156
3428,0.011537650443688222,0.05271979485799495
3429,0.012745607719012071,0.05118967626327859
3430,0.011556599417556646,0.05014830790366744
3431,0.012348580879058903,0.050807284681420574
3432,0.011430808506383184,0.0503205236486325
3433,0.01134347916816485,0.050152371028312166
3434,0.012184522796263522,0.051086090645171646
3435,0.013906425238589296,0.05100507607548159
3436,0.014640683847430506,0.05402740284352374
3437,0.011613142025425918,0.05169950328524549
3438,0.011936348547836892,0.05332686496258977
3439,0.011699167792136807,0.05271547360527784
3440,0.011926891424583462,0.04990278000483537
3441,0.01242585133242988,0.05234525334976968
3442,0.011928942196892766,0.05292095919898279
3443,0.011915787195502068,0.056038919285425266
3444,0.011420329250768762,0.05148003243824892
3445,0.012081277145908441,0.05241767538333297
3446,0.013340896572030726,0.05059520805950153
3447,0.01201755008695269,0.052640101253836974
3448,0.011341073718342119,0.05061433974998936
3449,0.011465753692396004,0.053248645611723565
3450,0.013727686949130288,0.051086934428092534
3451,0.011892540179622503,0.050206206935016734
3452,0.01139158053430997,0.053736895248107146
3453,0.011152611884351512,0.05048217052094321
3454,0.011437434409009782,0.05067723003545202
3455,0.011308191019696252,0.05193894795307838
3456,0.0117911317696174,0.052108553501971085
3457,0.012232025555407344,0.051369189114349526
3458,0.012459673895442247,0.05053580099516047
3459,0.012263935887929341,0.054948394553255016
3460,0.01234060441164818,0.05322058464314107
3461,0.012617412952234721,0.053492124292784764
3462,0.01212234617231932,0.051393396778961174
3463,0.013081519516712442,0.05484949625599056
3464,0.012709552375483034,0.050876756863934655
3465,0.012168224196050102,0.054543502246004
3466,0.01274428770580985,0.05064888358265535
3467,0.01255889783816454,0.054911354869454726
3468,0.011567093415610623,0.05181852621691568
3469,0.012704511546532163,0.05283388043555401
3470,0.012221511808179673,0.05493782249683127
3471,0.011955068754802522,0.05102657633168357
3472,0.012538806581986429,0.0530374509872948
3473,0.011745003502545202,0.05200567944232085
3474,0.011854868153469604,0.050036580537569555
3475,0.012276564752753068,0.05030280590654913
3476,0.011349713182389587,0.05113509108772254
3477,0.011555976054647513,0.05097970721267518
3478,0.011669684549266085,0.0516382568611537
3479,0.012551043511725458,0.05051900173787186
3480,0.012660197953327108,0.05014150651325857
3481,0.01118215254477615,0.05110447536360351
3482,0.013284089858351942,0.05129835234586159
3483,0.012139333707320137,0.053281082003785854
3484,0.012078469350728625,0.050188290678842326
3485,0.011866097945374505,0.05115477913491111
3486,0.011120758850342199,0.05252354228892422
3487,0.012413962475750082,0.04974241117785748
3488,0.012799732783869993,0.05183646423662814
3489,0.011704315396403908,0.05163247803959034
3490,0.011601795937240422,0.0511784077549638
3491,0.013916237240092348,0.05106937584646961
3492,0.011960992897699651,0.05330668711908778
3493,0.011187329869670677,0.05045519365852041
3494,0.011763682077757846,0.051966062940675815
3495,0.011237508673360921,0.05313626272524508
3496,0.01162285754751218,0.052136933958545364
3497,0.01139695911124386,0.049725569131081566
3498,0.011201743356285985,0.05342135755788712
3499,0.012873591280969461,0.05280795619638642
3500,0.011640805648383042,0.05358284574590231
3501,0.01229724986128565,0.05319767096138239
3502,0.01183945992798136,0.04989299100629967
3503,0.011385035794461729,0.053804567863319754
3504,0.011965218035126091,0.05230810559520446
3505,0.012404247362138634,0.052885555972655617
3506,0.012593708148128107,0.05318013414329754
3507,0.011452565508845606,0.05404892815907199
3508,0.0160111660408533,0.05108461909014778
3509,0.012022890176222586,0.050470374972748575
3510,0.011724761323093023,0.05228991416238603
3511,0.01133506108579555,0.052077006875422965
3512,0.012882256880402565,0.05411625896256072
3513,0.012099094467148894,0.052385108811514716
3514,0.013257818305888272,0.052552424856744016
3515,0.012558617687464357,0.04996436863278685
3516,0.01185348633919518,0.05066066537808655
3517,0.011084717364612976,0.053073426498506306
3518,0.012018822026170585,0.051676187561568165
3519,0.011856451913023503,0.05656211563668454
3520,0.010966568884152667,0.0503567838691231
3521,0.011233846638304996,0.05474608683757914
3522,0.011355321298827204,0.05198880021733449
3523,0.011430175200030021,0.05087797083240703
3524,0.011494756879326993,0.054241385432263665
3525,0.011187021436174413,0.05082354247383306
3526,0.011548288108169436,0.05129855929087278
3527,0.010643072519684793,0.05211739512837322
3528,0.013142979797209265,0.05200451428542161
3529,0.013412457300270708,0.05550156283498109
3530,0.012061990071601587,0.05134136503314912
3531,0.014005167657196671,0.052257965363207315
3532,0.012274412027464475,0.053593772927994714
3533,0.011633314024236865,0.05059186989128739
3534,0.012648668919776316,0.052945085896883994
3535,0.012694441073837884,0.05617051208415127
3536,0.012915954841090772,0.05127046288068133
3537,0.0112814765451546,0.0537462504697324
3538,0.011924429319304108,0.0535151322738718
3539,0.011615338830982234,0.049726465432192744
3540,0.010832220311264944,0.04940333479739968
3541,0.010984494946056739,0.05050098341434522
3542,0.010822763075972708,0.05223478141583895
3543,0.011659120193176102,0.05402685544992748
3544,0.012197281317995455,0.05086294211503258
3545,0.011098393754926241,0.05338747193453306
3546,0.01116731060075954,0.05203207733487725
3547,0.01329033700912668,0.05314584606721586
3548,0.01217134448846704,0.05241958672801653
3549,0.012191480837930414,0.05013490374897955
3550,0.011272879954623548,0.052347401441786824
3551,0.011687747826029483,0.05175442199099034
3552,0.012093035007049715,0.05035208298224853
3553,0.011353229359259134,0.05326917667623451
3554,0.011363865431855646,0.05186276151833678
3555,0.010802208868445908,0.05070822289152851
3556,0.011258792057446669,0.05294420362863326
3557,0.011441276345710108,0.05001382388753401
3558,0.014531037513456099,0.05189029227260659
3559,0.014506711349134008,0.05215793490447197
3560,0.011573921135138898,0.051739624390999474
3561,0.015148624679759928,0.05260205788906654
3562,0.011288018262289222,0.053198565815325664
3563,0.013029816228999081,0.05239394112002282
3564,0.013013048961123727,0.05736924077671273
3565,0.011633432890407573,0.05133577216799397
3566,0.011392674590916113,0.05178301674045417
3567,0.010768343766866471,0.050772278641997126
3568,0.011266616338812617,0.05080789565703923
3569,0.01111297691264248,0.05042074954972829
3570,0.010846381481820927,0.05210068315865103
3571,0.012838076225909075,0.055204997674788446
3572,0.011947502420612969,0.053861765036905616
3573,0.011274650681269049,0.05156912056164335
3574,0.012076026218520818,0.05421041640310658
3575,0.011728239714875258,0.05353505706839394
3576,0.011383988287645324,0.05327997925250154
3577,0.01146172001294997,0.05169344006250974
3578,0.012334128160188371,0.05138473842003591
3579,0.013642177963746073,0.053159139620929136
3580,0.011039438393704575,0.051924017615112145
3581,0.010905834433055461,0.0512682286028127
3582,0.013802484695549896,0.05452772079591166
3583,0.012383036280429005,0.051326954816666465
3584,0.01083619910336676,0.05152748982634461
3585,0.011149338985744276,0.05096012458466647
3586,0.011065418754977392,0.05169179530482842
3587,0.010877140970401149,0.05042783851574238
3588,0.011430638655553335,0.05079409696703268
3589,0.011520649474534326,0.05443106608507328
3590,0.011332181205314802,0.050921432197766195
3591,0.010736226328277499,0.05210634491833529
3592,0.011436272942388715,0.054075116324320174
3593,0.011487326841511972,0.05495658180767432
3594,0.011112921180338938,0.04989651522428768
3595,0.013643128181198486,0.05248041196089042
3596,0.010780613115500836,0.051863414769931546
3597,0.01194469213490386,0.051985160898146476
3598,0.011141572021564147,0.050394899648308455
3599,0.010678733832069806,0.05202963532772578
3600,0.011761510993276996,0.05202173731082065
3601,0.01184438541764977,0.05000625362148261
3602,0.013826805243926836,0.05183353677466698
3603,0.013356437668540423,0.05227993454849511
3604,0.011413351515947577,0.050707627918785976
3605,0.01129172643632593,0.04967452944221353
3606,0.011128837865938369,0.05200571890799025
3607,0.011338821467581698,0.05209328483482052
3608,0.010945471260407217,0.05124794322073011
3609,0.010757399911999255,0.051911468391206333
3610,0.011078381887578726,0.05176530741061782
3611,0.011187886287059103,0.052363895141241845
3612,0.012017455071042803,0.05326634645462036
3613,0.011436294876319125,0.052437670659600644
3614,0.010975303511160956,0.050218868393796426
3615,0.010630976338695763,0.052410716877171866
3616,0.010882617200825149,0.0516121304012779
3617,0.01169983202353456,0.05097795649429312
3618,0.010923886821047406,0.052443997967138625
3619,0.011064693104139621,0.05169742915751342
3620,0.011044229583856756,0.05313745712427268
3621,0.012448838393771111,0.05025599737252508
3622,0.010966441867158826,0.051405255264955055
3623,0.012172539258623183,0.05577749833651354
3624,0.011795697261096168,0.05187587989004035
3625,0.011627924476836558,0.052408782863303235
3626,0.011057302049993722,0.051788434162175746
3627,0.013068169292370627,0.052730198790853784
3628,0.010756589371925756,0.0510885294685537
3629,0.010576326913552774,0.05171303789978637
3630,0.011114118959203848,0.056502610930524076
3631,0.012314509602735066,0.05163531025922986
3632,0.010681051126025375,0.05168790288997772
3633,0.01050898227443858,0.05209389902221828
3634,0.010921710756675043,0.05354528383055426
3635,0.01074904946138835,0.052852033149628413
3636,0.011201986716243258,0.05138834848775899
3637,0.01051511809481938,0.05175726209069254
3638,0.012077792860418185,0.050688192267017554
3639,0.012756963470544582,0.053288745831576806
3640,0.011041259661522276,0.051029979510414866
3641,0.011239916613712944,0.05542654695367455
3642,0.010859023539214056,0.053334051168950874
3643,0.011455120051975238,0.05243527794952381
3644,0.01071587278458633,0.053201620562706976
3645,0.010918581419458664,0.05212304959619852
3646,0.01194671490801531,0.05172521829194294
3647,0.012029501077319895,0.05309904142654032
3648,0.01151940733997296,0.0520564847460068
3649,0.010599071281334213,0.051672957837581635
3650,0.012011079915932246,0.05110902942362286
3651,0.010822556116956667,0.051123092880001046
3652,0.010641882515846189,0.05119898838730982
3653,0.013028220352915147,0.050252963987209444
3654,0.011325071042959104,0.05127602272239843
3655,0.012240984096637644,0.04983371836051606
3656,0.011324837421041383,0.054009400504200084
3657,0.010802485996432472,0.053787429922057275
3658,0.011104314919458446,0.05098787564457508
3659,0.012102085987297366,0.05266866976754707
3660,0.010768759820638294,0.05147184703246992
3661,0.010698892150475717,0.05498031408229567
3662,0.010798628054521885,0.05128466935459534
3663,0.01237621339724252,0.055436850331705013
3664,0.011622618496380653,0.053841262308876016
3665,0.010524071269857705,0.05552741508921585
3666,0.01088965621153663,0.05175610211558808
3667,0.011442069575788085,0.051187953106442786
3668,0.011813378306969366,0.0525386011634106
3669,0.011203362775691096,0.05207213668857601
3670,0.01091185141877647,0.05199038227996731
3671,0.01073972332783809,0.053483737030423674
3672,0.010781168589895978,0.05203279409380186
3673,0.011957404182705664,0.050976657675098354
3674,0.011217894202989893,0.05182354185814248
3675,0.01344700717369566,0.05316346073359774
3676,0.011217242781362288,0.05128998220676467
3677,0.011221848190166896,0.051928770917474776
3678,0.011054604748418009,0.052940041228269875
3679,0.010607761606331308,0.051932518102023234
3680,0.01188525958523565,0.05092602439766241
3681,0.010629914612287567,0.05056229604403477
3682,0.010672982539374726,0.052851303777001556
3683,0.01093014525506356,0.055344996007537485
3684,0.011098126766451617,0.05102315978298809
3685,0.011462867068579621,0.05228011768526003
3686,0.010791541298940069,0.05361432100373103
3687,0.010907098032384738,0.054142766176982035
3688,0.010425468486614693,0.05260940312517615
3689,0.010255469359401474,0.051693677061930635
3690,0.010378059763041205,0.05176943191385508
3691,0.010819891974199237,0.0502108957963928
3692,0.0114786092840826,0.05105272630103549
3693,0.01154513813247134,0.05422135929864152
3694,0.010468208910267156,0.05380149715040859
3695,0.011636366642880858,0.05185234740861974
3696,0.010779803469403644,0.0519099035078571
3697,0.012062570768732923,0.055053832667662686
3698,0.011785275323834634,0.05171837777198108
3699,0.01205498481958283,0.054912924374404704
3700,0.012840695128330313,0.0734157316143949
3701,0.015865842755743882,0.053004386897822074
3702,0.011044803364925963,0.05297757552605225
3703,0.011136926003360659,0.05392894777177569
3704,0.01256812756932469,0.05188185857016042
3705,0.01117511280581243,0.05421573675253935
3706,0.012043767634377742,0.0509749678031245
3707,0.010834591262472005,0.05257188626810124
3708,0.010737457277631401,0.054437056491921716
3709,0.01088149656534643,0.052767198112674225
3710,0.010832468488890874,0.05198380024286739
3711,0.01030410764584864,0.052525528139413746
3712,0.011002862618251103,0.05319489213757049
3713,0.01054908134706113,0.05245975189303097
3714,0.011098032905941918,0.0545574703013389
3715,0.010862762460900578,0.05335285141130438
3716,0.010665238496466986,0.051921423309877104
3717,0.010444910685650836,0.05155963965115093
3718,0.010478812937431019,0.052207950978798975
3719,0.010570306363597251,0.05314670392968003
3720,0.011244902102496093,0.053762097434516536
3721,0.010718983293447951,0.051730205998160785
3722,0.010530211841384121,0.05444227553026419
3723,0.010522646948527125,0.05236245648828067
3724,0.010377823589906507,0.05305420866884982
3725,0.01087425059795305,0.05178418309243401
3726,0.011280951839416548,0.05266406952886653
3727,0.01073116818232868,0.051335100654073824
3728,0.01079389760340739,0.051658194792225845
3729,0.010801663066734347,0.052468293787617436
3730,0.010856192906790957,0.05128792237331694
3731,0.010625880881490414,0.05096725592935892
3732,0.010866056385457068,0.05291622918201867
3733,0.010494514163070005,0.052535251137756166
3734,0.010527748252757659,0.050813372599376475
3735,0.011119522490447625,0.05230787143409999
3736,0.011206112258173619,0.05151877651238501
3737,0.011168586965510272,0.05619679356838826
3738,0.010703447083464093,0.053897509318694733
3739,0.01119960428572687,0.051674760532633104
3740,0.01095973435826693,0.051552794052096534
3741,0.012645688374762548,0.05500915324441472
3742,0.011323850389504642,0.051743178542021824
3743,0.010484633138660052,0.05316801992872903
3744,0.010381999441929031,0.051023709800159724
3745,0.010642441890592264,0.05007119291931167
3746,0.010718735432098234,0.05098173627279755
3747,0.01098584816476008,0.05184042625558705
3748,0.01122354236863236,0.051989645904915074
3749,0.01064784346349108,0.05315619915312992
3750,0.01046968349033878,0.054503931064055974
3751,0.010606477312500914,0.05202943314436384
3752,0.010398555610020807,0.051928478262777016
3753,0.011438660171900625,0.051680564208138255
3754,0.010218068026006222,0.051186962786100264
3755,0.010640656694601801,0.050720531372049994
3756,0.010411073946228302,0.051796046050643564
3757,0.011273898890377361,0.054354968515777945
3758,0.011179199152833837,0.051684556580277013
3759,0.011212893241180811,0.053033713129976935
3760,0.010754583709240706,0.049425456019347176
3761,0.01022822878563912,0.053263296823677864
3762,0.010754753249629698,0.05317582983644983
3763,0.010609204224999388,0.052869169494337905
3764,0.01024900613245286,0.051327011050810493
3765,0.010451669532824354,0.05341099725480665
3766,0.010507669677971898,0.05208109851394381
3767,0.01045328413689495,0.05279135653623065
3768,0.010587417436553571,0.05240352142760927
3769,0.01054003353424389,0.05113502037256284
3770,0.010400486766899886,0.05174620248806805
3771,0.010866478195222547,0.051282549412328196
3772,0.010594784534235197,0.05174904330668593
3773,0.010339051419705675,0.05668082721251294
3774,0.013125617642954626,0.06217647739744425
3775,0.012386996692331289,0.05162772891067323
3776,0.010825119291742643,0.054386672099356666
3777,0.010571098097490338,0.050602818146011884
3778,0.010956591212267714,0.052201846105637106
3779,0.0104751313095889,0.052168174046920354
3780,0.011780209750646637,0.05443806429031797
3781,0.010606575843628337,0.05115990884097895
3782,0.010173991168464036,0.052131374714368565
3783,0.010891517806322054,0.05352973732583804
3784,0.010636532469127411,0.050897717765324695
3785,0.010670503851185018,0.05187549182496274
3786,0.011217445506245122,0.05076456173582185
3787,0.010390701699058962,0.05182912673119614
3788,0.010730803152896408,0.05184935837199813
3789,0.01210004735719366,0.05168798857165458
3790,0.010847398320348341,0.05269913395918103
3791,0.011568242609314154,0.05269678349707061
3792,0.011493575136016187,0.05364843539165375
3793,0.011196632124950414,0.05215873963253241
3794,0.010411374207894156,0.054138129320285076
3795,0.010306129953298802,0.04999449879005738
3796,0.010638554487143992,0.05062156311588777
3797,0.010059901716229612,0.05143116014008235
3798,0.010304789021517848,0.05269619684320942
3799,0.010828891773719835,0.050947578087038266
3800,0.010292126927851584,0.05104493827822812
3801,0.010294015516986823,0.05164357975946931
3802,0.010655148979509832,0.04992370043220675
3803,0.011036943191461694,0.05062465058793699
3804,0.01135276191935578,0.053001273619501216
3805,0.01016871067917063,0.050761887752322626
3806,0.010176377286924455,0.04953960263938235
3807,0.010018440939131238,0.05263050518612515
3808,0.010174346522878585,0.05433852093896471
3809,0.010647065122903589,0.05068708817126757
3810,0.010492226184768262,0.051744224358919566
3811,0.010282989234236399,0.053076524483530146
3812,0.010456072420983535,0.05428622732111685
3813,0.010237681273286952,0.05203456016150035
3814,0.010720386515303812,0.05220578135665795
3815,0.010638114155963399,0.053503005949775674
3816,0.011506876873230576,0.05144055902883224
3817,0.010474724354301778,0.050779660384084345
3818,0.010358316865854693,0.05455952707239261
3819,0.010392973095617423,0.05190825725632502
3820,0.010106456283956095,0.05297468284280378
3821,0.010572279033188085,0.05449060163925166
3822,0.01007018891865747,0.051148549562558196
3823,0.010628625211354933,0.05499960095586633
3824,0.010843662920881781,0.050980925438622184
3825,0.010506129513184229,0.051138775353144886
3826,0.010031033121749647,0.05556131537098036
3827,0.01002206154083623,0.0540749860045157
3828,0.010133497048178711,0.05329802139361102
3829,0.010354790563478057,0.05309586439813886
3830,0.011332708761039981,0.053633059223268865
3831,0.010170869426545045,0.05136933035793759
3832,0.010313718143225015,0.05284300921741584
3833,0.010351546472848807,0.05389922841412382
3834,0.010900312957626985,0.050482601889019325
3835,0.010298958809154673,0.052507699348200536
3836,0.009945256138374483,0.052226457324691285
3837,0.010438400726849423,0.050993713725330236
3838,0.010227676319952746,0.050838464829034376
3839,0.010836080626997733,0.05166792366326901
3840,0.010551529327281435,0.05171570036196171
3841,0.011375175690964648,0.05021495260951812
3842,0.010432661436311434,0.05442873932850689
3843,0.010582661228184412,0.05149314644043906
3844,0.010233434603402489,0.052358888257715036
3845,0.011010928151844289,0.05147098135529903
3846,0.010173208873840352,0.05240523053291149
3847,0.01014315269485975,0.05173815707477711
3848,0.01001942369685436,0.051132449380736
3849,0.010643343105071918,0.05396349777591258
3850,0.010597327301619495,0.05217624865565682
3851,0.010673289712434425,0.0539950968926413
3852,0.011270742219193537,0.05240330396028688
3853,0.010250727555021308,0.05104828077860942
3854,0.010191239208860654,0.05143103969836593
3855,0.010517746674592482,0.05336747170054823
3856,0.010038889463720167,0.052032737140742163
3857,0.012438831204329068,0.05310910171770811
3858,0.010735396736938702,0.051396379205293226
3859,0.01174602927383325,0.05341704584714165
3860,0.009983155257850512,0.05122431718690652
3861,0.010573950449102804,0.05179066705823243
3862,0.010183455658268958,0.05147579345936166
3863,0.010301756450817698,0.05249662746799022
3864,0.010469744217705756,0.05176161394867682
3865,0.010682351156639723,0.05489324912764972
3866,0.010768100794376735,0.0515947886801005
3867,0.010864984146074244,0.05178962294992648
3868,0.010235427374622427,0.05465868233065856
3869,0.010179998003002396,0.05535839738926493
3870,0.010017488368863897,0.0509130217620454
3871,0.010005460480195388,0.0542531648001874
3872,0.010155144121899343,0.052992187150961774
3873,0.010671295984216352,0.052622630501301365
3874,0.010249485495152479,0.05298829796656331
3875,0.010431283207278801,0.05184764726867054
3876,0.011620093713558856,0.05348046616952222
3877,0.010138735480905325,0.05318918711223399
3878,0.009799115807938397,0.052199944583022205
3879,0.010649594987152065,0.052959327700368146
3880,0.010126702653192786,0.053215625077336653
3881,0.011162887182656237,0.05318352579136839
3882,0.00993030565443045,0.050810132605166064
3883,0.010989192271030936,0.053504717071776405
3884,0.009946039546383801,0.05163879763512384
3885,0.010169167326002341,0.053707596866932134
3886,0.009781054300454476,0.05126572210799184
3887,0.010103334156903707,0.05293881437533481
3888,0.01012382886015383,0.053465626340238076
3889,0.010220363082592948,0.052164406377943534
3890,0.010856268750060172,0.052468252043825644
3891,0.009929665513710122,0.05370367943008143
3892,0.011029414442790332,0.05194900003740363
3893,0.010893978360564188,0.05333993737970976
3894,0.009911782084905863,0.05377376326978356
3895,0.009914899517999108,0.052204786834860205
3896,0.009795962576112502,0.052960726691592006
3897,0.010088419987537657,0.051874757419926185
3898,0.010134440237530191,0.052751758147525904
3899,0.010555301041325979,0.05323266726276629
3900,0.010348032595108924,0.05438297621924477
3901,0.010948551723028634,0.052193978693999145
3902,0.009843303525544946,0.052788600745729934
3903,0.010533034428020468,0.05122929502437288
3904,0.010288911614856474,0.053873796118680095
3905,0.010060590049975497,0.05365026557355895
3906,0.010460859834494298,0.05216172842640327
3907,0.010029692973073264,0.05280895777662894
3908,0.011170529258579837,0.05174917888297772
3909,0.00990538582215109,0.05186832535610462
3910,0.010169484942012412,0.05134513783723788
3911,0.009973420427743355,0.05121457765350366
3912,0.009966828246463211,0.05086699912422582
3913,0.01041608651572451,0.05258372625835557
3914,0.00984411055506919,0.05324680183577657
3915,0.009867143280393348,0.0521498620603467
3916,0.009919352775771068,0.05328737097537906
3917,0.010655916174570271,0.053000992355415395
3918,0.010507691749616674,0.05188126606227163
3919,0.010203369524339237,0.05226797067133108
3920,0.010266274967718692,0.0536276120552443
3921,0.00997912739041754,0.0524366267193529
3922,0.010058776811605557,0.05327589949009413
3923,0.010212832550637256,0.05353811091012823
3924,0.010658481391730314,0.05282460309957203
3925,0.009826444542236197,0.05168639508106356
3926,0.01016925679132305,0.054856391254821814
3927,0.009916058727505063,0.05357903172086952
3928,0.010104104295316944,0.05151450583585223
3929,0.009943790386027112,0.054404851329281814
3930,0.010510810165383612,0.05246368467919808
3931,0.010785526494474564,0.05141446082140867
3932,0.009871858645949447,0.051309693651390556
3933,0.009819621108192251,0.05454473131170548
3934,0.010294614077305286,0.050748213191976525
3935,0.010203911570416656,0.05163347576383062
3936,0.009862632159246388,0.053039324164091795
3937,0.009995226418006615,0.053419363874017745
3938,0.01039098545367407,0.05527650546235847
3939,0.01026059854262156,0.05229669043742923
3940,0.01001587470195123,0.05259528892455543
3941,0.009975082831536619,0.05436506236256812
3942,0.010287744168164139,0.05195320204348493
3943,0.009776880886443053,0.053738492323939964
3944,0.01070436640621576,0.053278486596835886
3945,0.010141096354455204,0.05052979344637472
3946,0.009784984817835771,0.05130901048543459
3947,0.009879846340582185,0.052696067214310915
3948,0.00969593961230645,0.053518606018377726
3949,0.00988033718959356,0.05165248679786099
3950,0.010729245552069562,0.0524313909965649
3951,0.010544763934007264,0.05290700210477774
3952,0.009707082600979354,0.051276369631887975
3953,0.009787612473288724,0.05410408475121161
3954,0.00976086674225435,0.05429769980541447
3955,0.009999172137653395,0.05289701740245771
3956,0.01004109537709775,0.05069787175695699
3957,0.009880527585539454,0.052485245660432896
3958,0.010153278026888543,0.05283259207331447
3959,0.009699265553118815,0.05081325059845334
3960,0.009746885025187543,0.05313694169908239
3961,0.009883894478869542,0.051735969713158476
3962,0.010231953420043738,0.05251674550144296
3963,0.010075678603074754,0.05270424554297201
3964,0.010440474840576636,0.05115027629529922
3965,0.009801306488706652,0.053510203247978574
3966,0.009698196314275265,0.05238918179557437
3967,0.010243196490881288,0.051207423004739565
3968,0.010491119672014451,0.05144649074601948
3969,0.010834650267242339,0.0518968178141386
3970,0.010479979718892946,0.05189844547656544
3971,0.009866966172716672,0.05244529591803264
3972,0.009641704121534537,0.05310568075281635
3973,0.009647715502981106,0.052676006105908176
3974,0.010760851014162739,0.055315342482020684
3975,0.010027151503471802,0.05301373316567942
3976,0.01011084092029354,0.0512331021029997
3977,0.009635184870514655,0.05301025965458767
3978,0.009673869711134517,0.05250887861265276
3979,0.0097587179850068,0.05616563988060581
3980,0.010153388753906827,0.050655818896783625
3981,0.010155060923749343,0.053908885328243845
3982,0.009622018051364069,0.0527401870784156
3983,0.009617220264927187,0.053205737624700204
3984,0.00988196702043813,0.05289815937666068
3985,0.009950735842001467,0.05251873486248174
3986,0.010360711760688247,0.05315040823137551
3987,0.009633455432503294,0.05248489897502096
3988,0.009591035111888982,0.056922649885329385
3989,0.010152549046397508,0.05119439121102331
3990,0.010488397614530902,0.05207373371772599
3991,0.010233714119216105,0.05225290311383723
3992,0.009902308204848515,0.055714836890312064
3993,0.01268431853110853,0.051697552708306706
3994,0.010020287649094461,0.053886568038385915
3995,0.010142291088432148,0.05174909926073294
3996,0.010383064394121183,0.052762331735146675
3997,0.010017815102031804,0.0555117017960638
3998,0.010085478297815212,0.05211337520402476
3999,0.00973873772894156,0.05432895134975737
4000,0.010296385392154517,0.05621596900069325
4001,0.010416607748259577,0.051426595837848824
4002,0.009682998287591869,0.05235580733993597
4003,0.011313979394901964,0.05195461127692297
4004,0.009741805065516616,0.05347040948226936
4005,0.00988880295847965,0.052537552377484496
4006,0.010032597992261102,0.053686348959467466
4007,0.010098779298607866,0.05458479519363932
4008,0.009651043767431625,0.051404023715726714
4009,0.009708655337548644,0.05166532658507352
4010,0.009781226949920332,0.053172251671776735
4011,0.010469304885537852,0.05343562781922799
4012,0.009938303586609083,0.053328830832825566
4013,0.009624111559475424,0.052325418475725895
4014,0.009793437730268877,0.05395742558073579
4015,0.009588255659025862,0.054054384476932366
4016,0.009811896415319956,0.05190769494289443
4017,0.009563661241124297,0.05206864407486784
4018,0.009646453542219368,0.05167355169927267
4019,0.009969269142563181,0.05528091361984275
4020,0.009639719111336055,0.05310912893380139
4021,0.009713785648159216,0.05721359727974225
4022,0.009622630233734025,0.05419299829947321
4023,0.00957172550727849,0.052415051481180024
4024,0.0097271080086834,0.05235246927442407
4025,0.00973166140697355,0.052154944934193655
4026,0.010176097491013825,0.051606485428741404
4027,0.009754232916383441,0.0517319794230742
4028,0.009647812876374201,0.054246498995406886
4029,0.010341281406254623,0.054375947502098586
4030,0.01001669460193331,0.055194072630769926
4031,0.009699867566800057,0.05243804772620213
4032,0.0111501497172174,0.054622021067261994
4033,0.009521042462438345,0.05332823665369125
4034,0.009639433732158259,0.053710830811047015
4035,0.010356696201184937,0.052283817187959984
4036,0.0096208406052083,0.053856002255564646
4037,0.009820913888962198,0.05125754247221134
4038,0.009754507956480174,0.05200401486310744
4039,0.009553684122430949,0.053613852616166115
4040,0.009592978934988491,0.05145489738175744
4041,0.009900326588492197,0.055922415098152066
4042,0.009688536024986203,0.05305177202088791
4043,0.009875248190958547,0.05538903240273172
4044,0.009885216572959172,0.05300536151405863
4045,0.009636662413779282,0.05426016303344179
4046,0.009977843929875763,0.05334130471063437
4047,0.009907201200929052,0.052565199073245354
4048,0.009516296579145399,0.051864427227274815
4049,0.009857408849424437,0.056208128226281406
4050,0.009539906969550708,0.0538253662337486
4051,0.01019250971491549,0.05236282371414036
4052,0.009591348014099705,0.05251255750954898
4053,0.009973202839045596,0.0512679419328545
4054,0.00964339346132407,0.0524125877104905
4055,0.009454281846607538,0.051627808756995616
4056,0.009410242659779718,0.054966961045313
4057,0.009810308468315685,0.051300971495701855
4058,0.009850904152945693,0.05428558065180193
4059,0.009501044738823012,0.05273445067287687
4060,0.009676270518349227,0.057338225671596695
4061,0.01052761408395337,0.05204066764890102
4062,0.009499092803413706,0.054063118723475544
4063,0.009438661964642898,0.05230853177214924
4064,0.009811231112551121,0.05282025702092283
4065,0.009928959956331957,0.052924944475330506
4066,0.00986604068082825,0.050777662003921684
4067,0.009760596427627673,0.05142424756049512
4068,0.009520010481166062,0.05372157664899539
4069,0.009636332731423223,0.05237632270034095
4070,0.010197121131801068,0.05384177140387377
4071,0.010089460274853503,0.0512137312470074
4072,0.009603046541356653,0.05189237642781179
4073,0.009555436593753503,0.05249250898683878
4074,0.009524663373417125,0.054931255603643286
4075,0.009633348183356281,0.05316185121212089
4076,0.009593544520885873,0.05279324917977018
4077,0.00942507558934073,0.055599203160532136
4078,0.009503564540586226,0.05162569818864191
4079,0.009478823496565633,0.055153908044622654
4080,0.011396968814271284,0.05200189514491791
4081,0.009681710773812873,0.053149385373096415
4082,0.009570830037121785,0.05514723013031453
4083,0.009791809827425425,0.05336124010216024
4084,0.00954434568561931,0.05159970296355417
4085,0.010503806428222877,0.051691327524140365
4086,0.00971096725830981,0.05219543849428495
4087,0.009377462145193178,0.053511623984067364
4088,0.00940434768431841,0.05151022609351273
4089,0.009448094230453322,0.05178305196732208
4090,0.009419705947501618,0.05249714137132006
4091,0.009812929737556698,0.054054197082692816
4092,0.009438988757331419,0.05173109060055331
4093,0.009698279734168733,0.053652205544157436
4094,0.010172891544929723,0.05202147901469006
4095,0.009484998639066117,0.05145464167185595
4096,0.009459530591572585,0.05150074092554568
4097,0.009651580708740946,0.05389649163287385
4098,0.009650061786977719,0.05309479582802694
4099,0.009816549067154415,0.054415731240334664
4100,0.009390197159783136,0.05162827660303965
4101,0.009552926880151108,0.052609033807925414
4102,0.00986048526464399,0.05155633335797709
4103,0.00945219576106708,0.052003078816229835
4104,0.009894913463925658,0.052865108115631235
4105,0.009542074434944712,0.05347491122950289
4106,0.009440894486069829,0.0524811661501128
4107,0.009415520103018087,0.05401927076821638
4108,0.009414009943623142,0.05259177993450846
4109,0.009949992464523865,0.05573022776379023
4110,0.00956003587543591,0.052456280090531014
4111,0.010187551505247453,0.05228891250745097
4112,0.010325140840278234,0.05617519460599823
4113,0.00995074072969438,0.05259034303682191
4114,0.009515299657849889,0.05443756989107694
4115,0.009964527450221822,0.052863725556765585
4116,0.010045378151487438,0.05273173773721943
4117,0.009297824408718966,0.05231077709517682
4118,0.00954213430334751,0.05189138506177374
4119,0.009360073475087794,0.05308098317985248
4120,0.009792723676614594,0.053600340810858814
4121,0.009389451494846577,0.052430052338238047
4122,0.00965112602258834,0.052922312086238
4123,0.009434132297572336,0.0540608466045002
4124,0.009983891296786325,0.05263873159810714
4125,0.009551545956351777,0.052348844240183816
4126,0.009464245279060495,0.05327305309754565
4127,0.009554377213157807,0.05173749167630846
4128,0.00970988880544154,0.05331680961046601
4129,0.009381998150625773,0.05391921549288551
4130,0.009539790845996604,0.054009985860278435
4131,0.00945707664295172,0.053983196205363834
4132,0.00935568442255408,0.0525377106416345
4133,0.009583159989413611,0.053769342629308985
4134,0.009519554378189389,0.051666365091439174
4135,0.010005264860440167,0.05342312316809382
4136,0.010327381212591078,0.05157658120705968
4137,0.010065128914731786,0.05308672100454943
4138,0.009699031635932158,0.054263493330929814
4139,0.009470215160633089,0.053693409971799465
4140,0.00948416041840512,0.052737705278814884
4141,0.009357701291453868,0.05348663034855871
4142,0.010095489671206414,0.05147266046221095
4143,0.009341483389524589,0.051980322558330114
4144,0.009654992619496688,0.05394059874322779
4145,0.009639699693610495,0.05150495176401951
4146,0.00960792816199717,0.05360734061265649
4147,0.009646862658921788,0.054665593052268924
4148,0.009687115062485662,0.051745363942961344
4149,0.009628722798966226,0.056371376954747324
4150,0.009554430151493628,0.053385645216494276
4151,0.009342638404577747,0.051809772158176975
4152,0.010112731642834376,0.05287661854373781
4153,0.00973079654441815,0.05357323853966586
4154,0.009290115041821673,0.053360293355576675
4155,0.009393526376563505,0.052931264500346104
4156,0.009821019877672643,0.05104519213948931
4157,0.009284862213275562,0.052583915585264526
4158,0.009398603536431353,0.05219637185223121
4159,0.00955213292999039,0.05524149314876188
4160,0.009653876138790358,0.055100025931247194
4161,0.009421540022755326,0.05197767383958164
4162,0.009329704768526225,0.05199493964513143
4163,0.009700615026691653,0.052801313947764855
4164,0.00957677815398925,0.05285870964477833
4165,0.00935445583768581,0.053214771948512034
4166,0.009641873295463267,0.053136402353607025
4167,0.009239660821070797,0.05538025280848183
4168,0.009471504029381395,0.05509870996077856
4169,0.009437787288188337,0.05134125796139689
4170,0.009886721207440496,0.05400537217694117
4171,0.009898344488968527,0.052776966374694256
4172,0.00935039391979239,0.05674084390800698
4173,0.0098609753784007,0.051104869982951266
4174,0.00928319446779881,0.05541702739913063
4175,0.00933406862866759,0.0510464883911281
4176,0.0098240550626116,0.05405380138963984
4177,0.009511781486456181,0.05450936453533651
4178,0.009284240715345718,0.05345084949543601
4179,0.00980510021837657,0.053105023299766366
4180,0.00944598920568637,0.05068099477274675
4181,0.009265053804898471,0.05232908687832063
4182,0.009775177024790369,0.05183292415581251
4183,0.009597719705343843,0.05202011264543187
4184,0.009188079480595308,0.053237258697064
4185,0.009305837948136685,0.054023303147545436
4186,0.009500565040006972,0.05225515477639392
4187,0.0093773447495318,0.05221332647933398
4188,0.00943849186756109,0.05303865757987911
4189,0.009907760650367666,0.052076808501380425
4190,0.009473540150282676,0.05444267936480374
4191,0.009367387655440877,0.05235763058477177
4192,0.009758339763005126,0.05343349086573548
4193,0.009797611626280579,0.053018723318077866
4194,0.009354486144182826,0.05193563479752768
4195,0.009323523888705219,0.053497213590189927
4196,0.009441325690756017,0.05256705899211697
4197,0.009511647659603665,0.05330356369191842
4198,0.009610353518548167,0.05492790261829706
4199,0.009219749842333914,0.0556758918372312
4200,0.009441023673815536,0.05219754290984089
4201,0.009881761466575446,0.05338254782901073
4202,0.00926250649760839,0.05085272769581405
4203,0.009287785738706589,0.05443084262367478
4204,0.009302061606656042,0.05147526863224823
4205,0.009259121951163936,0.05363466889413079
4206,0.009683740217901561,0.0553135608315916
4207,0.009689139991177055,0.05353009809079325
4208,0.011401055112275713,0.05230809284145372
4209,0.009268090789460748,0.054402812680504974
4210,0.00922886308814798,0.054821041601717024
4211,0.009574305917367451,0.05224662942620447
4212,0.009836976729184016,0.05345943970675755
4213,0.009647873959697802,0.05489270729864749
4214,0.009363698343603982,0.05466475440445998
4215,0.009765358910169965,0.0523095440054149
4216,0.010013960140820285,0.05441813430466449
4217,0.009896473749015564,0.05307617111313612
4218,0.009175371521042851,0.05571672940313965
4219,0.009581526879099826,0.053967417705626713
4220,0.009247817066416406,0.051559281220337504
4221,0.00926348939538002,0.05243200390485295
4222,0.009282503087997884,0.05202098564247141
4223,0.00937607775636036,0.05136190253989141
4224,0.009312686902519903,0.05482738580844157
4225,0.009919350128854277,0.05367399761476612
4226,0.009201348346090854,0.05102667561673879
4227,0.009217242782650735,0.05208641386831315
4228,0.0092571538168106,0.05427415269359311
4229,0.00919252935386167,0.053118631626505
4230,0.009167215007270937,0.05211709207273964
4231,0.00936127292986651,0.05438112945559628
4232,0.009948793695982835,0.05279122034372542
4233,0.009473072670698912,0.055498298444320686
4234,0.009388169885279242,0.050947528873992745
4235,0.009291940247336575,0.05445633263777671
4236,0.009405828510553466,0.052792439690060484
4237,0.009669373857609014,0.05524127004215293
4238,0.009236710381817847,0.05434661788076984
4239,0.009425533452260316,0.05254747318967542
4240,0.009702294642446483,0.05412110179326588
4241,0.00917539703146202,0.05145068239784779
4242,0.009137458933568689,0.052829470289380925
4243,0.009259878047380158,0.054697705857586446
4244,0.00935818904889444,0.051706554382143166
4245,0.009273595062264224,0.05133688446124992
4246,0.009155917770338985,0.053963374281138704
4247,0.009098099035801445,0.05516701751857772
4248,0.009139279124179953,0.05408012561668131
4249,0.009320935430495362,0.05170204734107606
4250,0.009201289507044587,0.05469207281718278
4251,0.009202140973960249,0.053656637612590215
4252,0.009293221994618276,0.05273390555740299
4253,0.009413702859260832,0.053465157952673155
4254,0.009368239831935642,0.05281759510960495
4255,0.009296177316895853,0.053075982421113735
4256,0.00933019624192053,0.05480253504108367
4257,0.009274224041118509,0.05454134645131895
4258,0.009209539542875643,0.05158172909142379
4259,0.009183710772441444,0.052487609660565704
4260,0.00911026533557695,0.05356034600084886
4261,0.009288220930106957,0.054815271603209634
4262,0.009119520727124877,0.055130637005755774
4263,0.009113191791522996,0.05552508639998006
4264,0.009526099024671959,0.057267289431322185
4265,0.009206353504686876,0.0529425100313691
4266,0.00924373357405041,0.05087906820582865
4267,0.009468543035139266,0.05244815316900872
4268,0.009408199018273587,0.05426244250963206
4269,0.009762688325181193,0.05320239481621219
4270,0.009157674289063403,0.05532616757808771
4271,0.009359239404530902,0.053026631941323295
4272,0.009232076818594956,0.05468464017213138
4273,0.009249715786894088,0.052814707710853497
4274,0.00911035887047387,0.05293087562298715
4275,0.009166631973663667,0.05466035118601974
4276,0.00910455289117077,0.05495486158252061
4277,0.009210691392832532,0.052145532395382575
4278,0.00926161586846176,0.05295471525879432
4279,0.009258148365450981,0.05260372156263294
4280,0.009620066132293758,0.05235483581410315
4281,0.009351742185446852,0.05216366582944578
4282,0.00929922856073033,0.053396959305929956
4283,0.00943354205846936,0.05177445692899532
4284,0.009196958763706953,0.05242623517611869
4285,0.009457108172539034,0.05377211764380149
4286,0.009190042090035022,0.05315175698253147
4287,0.009623181324610883,0.05345092162975393
4288,0.00912715254916359,0.05178405449055789
4289,0.009339659782896814,0.05130285549358019
4290,0.009097878860874582,0.053524587200697804
4291,0.009553576177709681,0.05537381576826997
4292,0.009102989508674707,0.05462067337113813
4293,0.009101125666110736,0.05398675791900558
4294,0.009097952026883164,0.05447902396918837
4295,0.009244130095723727,0.053552032375992986
4296,0.009211841683582704,0.05453814801416899
4297,0.009321984237428745,0.05453887602365704
4298,0.009028254819095582,0.05190379533888702
4299,0.00911665183344954,0.05499959966742007
4300,0.009339558105346254,0.050971654768949166
4301,0.009126911467328705,0.05096181786448734
4302,0.009179587812071904,0.053111194817344644
4303,0.009465298860480911,0.053570764517425595
4304,0.009177236689399359,0.05165976083330941
4305,0.009198410126070181,0.053525716262428386
4306,0.009208197903849726,0.05376938123601421
4307,0.009303940492763854,0.05286192499978799
4308,0.009468666494901018,0.05287284189298338
4309,0.009074547145991846,0.05454754906900246
4310,0.009267687823221946,0.0530709148125541
4311,0.00908705659145326,0.05369931742324865
4312,0.009421786361077525,0.05404932557938989
4313,0.009327567282849386,0.051610025098748076
4314,0.009177782852902897,0.052382309428581915
4315,0.009279583352046055,0.052154094989138436
4316,0.009078838979185823,0.05395599654443879
4317,0.00909493412626417,0.053165714795652186
4318,0.009182823912933805,0.05299894168114005
4319,0.009040629192439835,0.05362878073202936
4320,0.009252192753654225,0.05142853266202418
4321,0.009297599686883894,0.052688789733669215
4322,0.00924612433395178,0.05195680896478488
4323,0.00914871027193646,0.052046334086205424
4324,0.009527340601373436,0.05810604888693731
4325,0.010003878767683841,0.05298007526119849
4326,0.00921527338319255,0.0551189251225395
4327,0.010423693021661356,0.05615672955574248
4328,0.009739434671002372,0.05344188490644433
4329,0.009068731862799566,0.05247094123659277
4330,0.009036391366618617,0.05345912920987995
4331,0.009171959135289254,0.05275488878252512
4332,0.009289371697022054,0.05336495300283408
4333,0.00934335858535423,0.05249516271932382
4334,0.009252115120098256,0.05488238014971702
4335,0.009356325116466013,0.05178120142236389
4336,0.00918421218111028,0.05136415969234959
4337,0.00903775996498222,0.05434945976375637
4338,0.009136807894740338,0.05386232626729442
4339,0.008988338970768273,0.05407837120101864
4340,0.009075926698482874,0.05443574983001054
4341,0.009090278071250981,0.052832030665530896
4342,0.009094536785307085,0.05141930941277578
4343,0.009013020902648008,0.051694847064508234
4344,0.009011930730053805,0.05282952127637421
4345,0.009811434936814738,0.05393878834550841
4346,0.009112798674195483,0.054576379445411806
4347,0.009619680469048052,0.05315927254563585
4348,0.009059525757822626,0.051590733360825924
4349,0.0093357533538588,0.055239823509129066
4350,0.009531113106692047,0.054391770509251376
4351,0.009112739043875146,0.05289430233806297
4352,0.009141022148063607,0.053755021969178564
4353,0.009253260765906265,0.05461126162593526
4354,0.009045980051439955,0.05246945894451667
4355,0.009255081555224899,0.05293807600225721
4356,0.009951277066460977,0.05466336587019134
4357,0.009714719860401368,0.05358947956360372
4358,0.008981650489800257,0.05447339963980187
4359,0.009296756006665248,0.05245509058386461
4360,0.009052990763016362,0.053188240281621314
4361,0.00925244166886896,0.05381229460090025
4362,0.00899015935861452,0.05431647834958588
4363,0.009029105020906394,0.055064609418984944
4364,0.00943145937610763,0.05340389023187166
4365,0.009118926328581228,0.05493947637633871
4366,0.00913539384596778,0.05503837771732407
4367,0.009215546272377622,0.05316174980766492
4368,0.009065309798527033,0.05429437639831301
4369,0.009058427712168162,0.05395504657673955
4370,0.009139524336278737,0.05539561396366671
4371,0.009506453048055034,0.05491208610939501
4372,0.008965005628988706,0.05424804451471582
4373,0.008982290895445678,0.052005583294352196
4374,0.009208946312569959,0.055792040870826044
4375,0.009086744682419868,0.052719591768986
4376,0.009003961986318268,0.05266192951297999
4377,0.009168540741454689,0.05174224440914049
4378,0.008985509974578568,0.05184192751956763
4379,0.00916068081540945,0.05317039625313049
4380,0.009362357066370043,0.052108588430068846
4381,0.009028889415062087,0.056436853684055474
4382,0.00936073731668387,0.053124109287757924
4383,0.009045085834717392,0.05585867220671255
4384,0.008953019268203872,0.05296413615383301
4385,0.00909855588336935,0.05202646849485567
4386,0.00896216673603781,0.05164675487387449
4387,0.00908842775270455,0.05272046820188226
4388,0.00893350393000178,0.05256006285025362
4389,0.009296289404718798,0.05485569211399944
4390,0.009004525767924045,0.053976105017246756
4391,0.00896846634898344,0.05615731468774322
4392,0.008976132961405548,0.05352094333460158
4393,0.008991432896719541,0.05318804717340266
4394,0.008999503224639964,0.05496272757500036
4395,0.008966606185026933,0.05146221016395958
4396,0.008914390380463953,0.05197943131763833
4397,0.009435747789783884,0.05350089333671376
4398,0.009398172973634157,0.05349272439130267
4399,0.009109993521264173,0.0536391622291173
4400,0.009079341465061097,0.05193251714035682
4401,0.00915141001969277,0.052462170194638405
4402,0.009023078859674004,0.051953557085124474
4403,0.008969601617197046,0.05349816722716006
4404,0.009144278091464873,0.05307593133141821
4405,0.00903462958440446,0.05623062278020352
4406,0.009116780031519127,0.05354053518713865
4407,0.0089961813137234,0.054749375970142525
4408,0.008944206752051088,0.05346392266881794
4409,0.009150059506259765,0.05510890991765455
4410,0.00898656367854143,0.05431722688084856
4411,0.009094664315812122,0.053459903155278446
4412,0.00903938171502791,0.053105445527343226
4413,0.00886333651168454,0.05215562070558842
4414,0.008930778674743976,0.05377328646063506
4415,0.00895714107900858,0.0517187861347557
4416,0.00912928557662961,0.05410466333827877
4417,0.009324474029130954,0.054082124865144715
4418,0.008965444510667246,0.05330945119112356
4419,0.008964613066019868,0.053610890590233315
4420,0.009147659319926772,0.052330247161531805
4421,0.00890626325820547,0.05300519291432878
4422,0.008982131423377303,0.053952438882867194
4423,0.008938420839364965,0.05233134474969448
4424,0.009018726250096072,0.0517269883463556
4425,0.00894464458336582,0.05803358524963073
4426,0.009162117255604207,0.05239595679150787
4427,0.008911141096369216,0.053019752833329346
4428,0.00889133445143625,0.05672530144602434
4429,0.008868005616884483,0.05125217040753305
4430,0.00897303404272499,0.05406768534117773
4431,0.008948144673330145,0.05671639307250355
4432,0.009039884533518389,0.05267805593055591
4433,0.008865584192195334,0.05397434578391544
4434,0.008950216371220605,0.05239106739000569
4435,0.009003304882222474,0.05248882247130375
4436,0.009065367720255577,0.05318980834873995
4437,0.008949121602701214,0.052412575311529305
4438,0.009074301044585039,0.051732166303802556
4439,0.009234766433841753,0.05380432932336528
4440,0.008859355168365744,0.05211881479075678
4441,0.00888618899924788,0.053505914113052506
4442,0.008896375509133017,0.05519985833338329
4443,0.00893524782335325,0.05227521447497502
4444,0.008958228854439162,0.05206274037671866
4445,0.008979752694809795,0.05432659085083725
4446,0.009458785101696662,0.052997891970893794
4447,0.009021483572960872,0.053738981569395924
4448,0.00898621741911037,0.053616680382263096
4449,0.008879696293255515,0.05417109749520333
4450,0.009365875556374104,0.05348269958842667
4451,0.008964156113415583,0.05552822764131957
4452,0.009142992154398658,0.05193159278286131
4453,0.009043816306667967,0.052322379927288616
4454,0.008970846078897777,0.05166096979738178
4455,0.008869864448046027,0.05366823868942739
4456,0.009482281448268202,0.054340350887455736
4457,0.009287288678543908,0.05208222603514081
4458,0.009063217382794036,0.05365154806309774
4459,0.00922834531947933,0.05346442011177988
4460,0.008853760515257977,0.054800250429781455
4461,0.008943015177335058,0.050877007485407036
4462,0.008964349662787035,0.05469997229059238
4463,0.008916106700598447,0.053194224218228704
4464,0.009021563441457605,0.05411599910722341
4465,0.009149249484365745,0.053094506991985146
4466,0.009411448494935021,0.053927964743292124
4467,0.00894951649280942,0.05387299913063384
4468,0.008920241485730299,0.0531229006784751
4469,0.008861544745084935,0.0532971231131476
4470,0.008890723895963123,0.05424737927496882
4471,0.008898972830079253,0.05462510346955524
4472,0.008920488462440278,0.05398907616062272
4473,0.009345030829889285,0.05406490064466508
4474,0.009217386367383009,0.053066126021899675
4475,0.008900644575107964,0.053670524430454225
4476,0.008911103603049628,0.05371377742230743
4477,0.009194527920755678,0.05338723553265246
4478,0.009050994548937282,0.05179083938325258
4479,0.008873847322561837,0.05340557165425224
4480,0.008846291270863293,0.05386232543633994
4481,0.009074113880258455,0.054670739573494234
4482,0.008947777678550485,0.05281177099635428
4483,0.008975308085033171,0.0539637640548081
4484,0.008898132648739152,0.05530454215586634
4485,0.008856017347938734,0.0527250027578128
4486,0.008919030060305408,0.05290677761635685
4487,0.008982661817418901,0.05300197236818777
4488,0.00892763930772032,0.054365013065493496
4489,0.008821240501398953,0.05248024401472027
4490,0.009575577361747287,0.053459340309663525
4491,0.009162940451394496,0.05543450832852445
4492,0.009222185500619704,0.05289487714382043
4493,0.008984226586395189,0.05567717782798268
4494,0.008927277555423123,0.05467407470732404
4495,0.009049632553860806,0.05246894344463384
4496,0.008841466917224546,0.05275797223051389
4497,0.008856671738594696,0.05300731408902278
4498,0.008844236910978057,0.056576636556844064
4499,0.008920481748281415,0.05364983607279627
4500,0.009159041018946502,0.0536129068779318
4501,0.008957333662045331,0.05451385334208794
4502,0.00893060658663922,0.054406883498481044
4503,0.008881394980115849,0.05250377537575282
4504,0.009149326249620969,0.05259860346191808
4505,0.00889046174383029,0.05526422216255862
4506,0.008804877991216225,0.05388130625723896
4507,0.008884481737917676,0.05273485981058656
4508,0.008960934652290996,0.05423554432646075
4509,0.008912672762546623,0.0546528690758355
4510,0.00881228105802285,0.053987323677629456
4511,0.008838146545674493,0.053824611596370996
4512,0.009379723531784569,0.05258982021707043
4513,0.008861288861289882,0.05580911067382136
4514,0.009219798990023466,0.05365695899590514
4515,0.008868676113118803,0.05503757260646438
4516,0.00883232981181309,0.05484754767707715
4517,0.008774452721396634,0.05553789818682766
4518,0.008919119799887775,0.05498168717388222
4519,0.008817698363037337,0.054197307909491066
4520,0.008835113483637497,0.05375937949445911
4521,0.008838533265119358,0.0540518653590727
4522,0.0089619945137199,0.052615309839036534
4523,0.008806593650788591,0.053340386057781394
4524,0.008965703070555863,0.05452476194441169
4525,0.0088588892759984,0.05166162255413849
4526,0.008990120919967504,0.05253363096325619
4527,0.008841203266572683,0.05313233668007946
4528,0.008871027866009632,0.0520831280222214
4529,0.008853666631406859,0.052620916456955116
4530,0.009036081275881682,0.05374754755232567
4531,0.009036163099222165,0.05441986550028462
4532,0.009165648345305658,0.05197634140874509
4533,0.009082601305312082,0.05288430273458175
4534,0.008955474277692181,0.05395769033777086
4535,0.009183853416514575,0.05602517251606872
4536,0.009061514214381464,0.054535881254383196
4537,0.008851033641272843,0.05362935411862861
4538,0.008833069920325115,0.05237584372510886
4539,0.009018090734477704,0.05240048211357348
4540,0.00893854088894556,0.05395491486578657
4541,0.00897848342585011,0.05376847964106945
4542,0.008974218140017792,0.052991902161585655
4543,0.008861083268913859,0.05284298144112852
4544,0.008787298659072783,0.05392798319234884
4545,0.00891117636525168,0.0515566044732144
4546,0.008764406936920077,0.05543222065482821
4547,0.008897632346453523,0.055849291608297734
4548,0.008875252181818163,0.05232509213469381
4549,0.008864220411500387,0.057581755582401924
4550,0.009071953611023593,0.05285721128447014
4551,0.008784118589284575,0.05218616528506566
4552,0.008870572502955906,0.053419889746826696
4553,0.008776213579290643,0.05231444795328872
4554,0.008871995583106588,0.05483445075146835
4555,0.008810240681981085,0.054728305700204725
4556,0.008837253752778423,0.055202727217722056
4557,0.008794691812779223,0.05417100338260632
4558,0.008846517675614595,0.053904455958078974
4559,0.00877538205061416,0.053381256245655526
4560,0.00882332444653139,0.052552788908170875
4561,0.009012645213190177,0.05314720738539122
4562,0.008743444786764178,0.05327182298614865
4563,0.00884971825433965,0.051195179553408375
4564,0.008778782159949006,0.05413429032927169
4565,0.008766085308577334,0.05394484377221057
4566,0.009129894551888743,0.05416161356899971
4567,0.009060534901851625,0.054020837117406656
4568,0.008815457068738482,0.05351137971146065
4569,0.008890277393311635,0.05336155172876248
4570,0.008743891639536932,0.05279472039867762
4571,0.008869399030676536,0.05300385585255491
4572,0.008779963254368394,0.054062681445352416
4573,0.008801307286460298,0.052611236332129115
4574,0.008785589376375788,0.053442877869035364
4575,0.008954975903407674,0.05294246528120268
4576,0.00890792088634463,0.05688328045726121
4577,0.00876195567022813,0.05483764308250339
4578,0.008812588630220794,0.05235466574853225
4579,0.00881857716041923,0.0542530245649486
4580,0.008767191035892432,0.052819028664800455
4581,0.008747362293639128,0.05173152355584584
4582,0.008855002757189865,0.052395551892599666
4583,0.00881630673019547,0.05463227919095142
4584,0.008712293228886107,0.05230030448252993
4585,0.008782172624609973,0.0509486737798778
4586,0.008995286557814083,0.05211168402493149
4587,0.00885137426608562,0.05649687262032564
4588,0.008734299308786117,0.05397865820424001
4589,0.008706112679346163,0.05336601963094004
4590,0.008781561469262405,0.05331742889562944
4591,0.008766145704496176,0.05266978841900527
4592,0.00920478854197682,0.05617782672433028
4593,0.00882479296133557,0.054459200616468466
4594,0.008752091040830115,0.05340610827344999
4595,0.008753819524177484,0.054105647104351146
4596,0.00877332977044926,0.05431998088806494
4597,0.008786941957858422,0.052687481307146844
4598,0.008847141860141641,0.05337019350594446
4599,0.008992123625294906,0.05258979788400177
4600,0.009018392750251115,0.05452486207909452
4601,0.008865902202675366,0.055069940664191595
4602,0.008819532774407463,0.053747870868309996
4603,0.009070793325478272,0.05366199035057448
4604,0.009021044134589514,0.054891033373530344
4605,0.008721037293996727,0.05321969808006944
4606,0.009019666589460427,0.05352241621541798
4607,0.008786475310396207,0.05380294696056753
4608,0.009064605854040847,0.05192940900648447
4609,0.00884713816986347,0.05242856173661717
4610,0.008883156797342133,0.05133354166209847
4611,0.008831377689700975,0.05367808708720339
4612,0.009061012804545555,0.05335607901589016
4613,0.008770237387365716,0.054720455486523475
4614,0.008770715013463843,0.05623022156923935
4615,0.00876780254369541,0.05351160157630617
4616,0.008788954673152893,0.05240041712172946
4617,0.008804181996816979,0.053121240888920646
4618,0.00912090719451096,0.05178557654707354
4619,0.008847305427461788,0.052762697887301147
4620,0.008874280263849517,0.05474037962748592
4621,0.008748239461790052,0.05415900619257064
4622,0.008703134756740696,0.052671877419888824
4623,0.008740958484603946,0.05493428708429922
4624,0.008829419129997268,0.05295319317426896
4625,0.008863014365105252,0.05212772344437458
4626,0.008731859143272527,0.05317619089083863
4627,0.008705114960941231,0.055407738121679255
4628,0.008962578462310751,0.05624112638091683
4629,0.008820778512883754,0.05197946389292117
4630,0.008805921579008563,0.055472766994533684
4631,0.008733702506076423,0.053224369117938784
4632,0.008832602264513647,0.053830430378441825
4633,0.00883206461362522,0.05196185590218482
4634,0.008992880678509261,0.05490165568869514
4635,0.008801352013285298,0.05394838305008143
4636,0.008949569431145239,0.05218570762521641
4637,0.008668923171652588,0.05510565028864339
4638,0.008754409077042774,0.05312638629909446
4639,0.00876540370416223,0.05213861207578117
4640,0.008800239281210685,0.053270995430181496
4641,0.008780417207600479,0.054340269948754995
4642,0.008839119881634275,0.05197759438539507
4643,0.009246224477971183,0.05383410679181118
4644,0.008726500308509907,0.053382436742534616
4645,0.00883725920883486,0.05399215518307865
4646,0.008730203655541391,0.052405687501854765
4647,0.008710437846419058,0.05393824513469424
4648,0.008813393750417054,0.053728830825565455
4649,0.008732246788204612,0.054029010105551334
4650,0.008984284993625224,0.055632417120580986
4651,0.008896805906206146,0.0568870918680552
4652,0.008804527848940296,0.05226903805569897
4653,0.008888770550732176,0.054596563105595144
4654,0.008772151806114013,0.053513168989865106
4655,0.00871323721534701,0.05301325882138465
4656,0.00865972478568255,0.052216639485499615
4657,0.008738647777596512,0.054098413664296754
4658,0.00869905682546752,0.05181259012087844
4659,0.008650858723150011,0.053395374871809086
4660,0.008733746539661311,0.05519412567180799
4661,0.009085019018715784,0.05303932608742463
4662,0.008679616043255442,0.053614719357705655
4663,0.008779627975907391,0.054687149215835076
4664,0.008697935632128912,0.05452123732495129
4665,0.008743400391387312,0.05396419273395287
4666,0.008803857091282095,0.053527830742803734
4667,0.008844119984479178,0.05310220762452386
4668,0.008689896287606623,0.05358053220991503
4669,0.008747509495124109,0.05374644839561971
4670,0.008777697533275699,0.05291517711895749
4671,0.00871787057083128,0.05732651432056475
4672,0.009165903987517035,0.05128572321961398
4673,0.008759130554549154,0.0545677585167843
4674,0.008862036756498921,0.05275341975771096
4675,0.009125669955983198,0.053820078459598665
4676,0.008802547399654873,0.05473077096474499
4677,0.008694785775472048,0.0550089043408707
4678,0.008694555563735483,0.052246954721541033
4679,0.008679800414781374,0.052316449573240185
4680,0.00880633705157908,0.05363612020747703
4681,0.009138083225466255,0.05436431009667858
4682,0.00870312913029191,0.057632441900875936
4683,0.00873461819223518,0.052539699012997154
4684,0.008710261424980067,0.05281705005015048
4685,0.008886387802772504,0.05481681029748797
4686,0.008703974291523522,0.05179389919105329
4687,0.008675263013531989,0.0540881056740021
4688,0.008824106826351251,0.05261087357848509
4689,0.008679896402861317,0.053690013879522644
4690,0.008700326953391383,0.05228043606220033
4691,0.00918270193535209,0.051579773995586504
4692,0.008752569733631043,0.05367255664633629
4693,0.008862598096592384,0.053632001950403206
4694,0.008686628075956103,0.05275843518419672
4695,0.008700412130893622,0.05465663973251381
4696,0.009015864148773346,0.057447878461807295
4697,0.008857061082782005,0.05611663685182581
4698,0.008725772439070363,0.05357174794738155
4699,0.009246454478467916,0.05357531578581136
4700,0.008753421760740735,0.05276393647630113
4701,0.008731497955837645,0.054022364551784996
4702,0.008764517829662427,0.05420114758207386
4703,0.008683476909845694,0.05398082793841984
4704,0.008882694901025534,0.05174630667482104
4705,0.008659722502891879,0.05334070695559483
4706,0.008874859964302309,0.05337126981607057
4707,0.00871456302655744,0.05268333178190958
4708,0.008950062403058573,0.05270048049757056
4709,0.00865308236550157,0.05373569965399895
4710,0.008676477691583466,0.054379853146864957
4711,0.008669072040881878,0.05210524085059501
4712,0.008642742996171751,0.05115569847867005
4713,0.00879103349601117,0.05339183431482853
4714,0.008892772671414124,0.053606015632400535
4715,0.00867978337788044,0.053031709773423974
4716,0.008701178569692119,0.05374322281706901
4717,0.008655822444893886,0.0541948633161105
4718,0.008778486165094346,0.05377958448869841
4719,0.008661605793525252,0.05253235941617411
4720,0.008631910642090821,0.05399985244511662
4721,0.008664597289165235,0.054451320451079754
4722,0.008704773701241888,0.05694445150724629
4723,0.008782094496215944,0.05365541716454023
4724,0.009130317707286966,0.053187211205188496
4725,0.008705886802110905,0.05372234350793941
4726,0.008678438324005083,0.05265205451532414
4727,0.009016058902561963,0.052436450967812596
4728,0.008955674236616992,0.05258913196268536
4729,0.008644706623297287,0.05296858978973594
4730,0.008903634687768934,0.0540347107893841
4731,0.008696668510579675,0.05230288620207244
4732,0.008687890454529222,0.05395333444638958
4733,0.008747985709066453,0.053093489987733666
4734,0.008714766783130946,0.05607941882091955
4735,0.008706765153671716,0.0548860281799222
4736,0.008666170133105047,0.05351283798988601
4737,0.008903674109089644,0.05569003274043401
4738,0.008678858788137822,0.054365064995480064
4739,0.00872031882881446,0.055473742385705314
4740,0.008682912374312119,0.053388155445942005
4741,0.008683913940549792,0.054993035976674626
4742,0.008689455480261106,0.05271437121811965
4743,0.008691808143467233,0.05247247552401141
4744,0.00868925710388443,0.05296760840448819
4745,0.008642899635759062,0.05366049726542674
4746,0.00866864846300399,0.05388163048820687
4747,0.008778649391629792,0.05178508131687803
4748,0.008956767975779852,0.05454074493364284
4749,0.008805619468702409,0.05494637219678788
4750,0.008737496476162943,0.05350733869580697
4751,0.00862622291858035,0.055876610347800386
4752,0.008668333640961643,0.05390119325733723
4753,0.00890797511546086,0.05513010393445354
4754,0.008812439524076114,0.0520174559625916
4755,0.00863624456102836,0.05622431518215882
4756,0.00870327892734256,0.052626935891190864
4757,0.00868754653740945,0.054107365770298135
4758,0.00894882995401857,0.05424424361689646
4759,0.008712880150006529,0.05435373744271453
4760,0.008633544978996118,0.053788087860608756
4761,0.008653163961263229,0.0538389763904544
4762,0.009285027644407928,0.05202385068948107
4763,0.008676271267085894,0.052926064256513326
4764,0.008654216163205846,0.05275101196907815
4765,0.008639133363766106,0.05484818132188087
4766,0.00893621576044307,0.053683136760217506
4767,0.008753110561286448,0.052325373697549776
4768,0.00870187939343073,0.05402056879380293
4769,0.00865001740975114,0.053894271985405966
4770,0.00876143872317739,0.05198200511043532
4771,0.008770270241578495,0.057934558154422236
4772,0.008667773637164356,0.051938160880466454
4773,0.008814002191157718,0.05484435359076748
4774,0.008972062101414926,0.05395534446925149
4775,0.008822185907018065,0.05430125479672786
4776,0.008651560396516234,0.05214797289934672
4777,0.008906991589805088,0.05393841890688229
4778,0.008666989157783956,0.052760352597648934
4779,0.008617332524953778,0.053157787966100795
4780,0.008619303243202075,0.05512970957652967
4781,0.008768143699525442,0.055135042222221396
4782,0.008647463975338858,0.053963131530392436
4783,0.008644735554984788,0.05402593260495585
4784,0.008618226752179981,0.053828921897294824
4785,0.008678599599197992,0.05273155642108511
4786,0.00871152877294106,0.052334830697093694
4787,0.008633848193351338,0.05673230290973097
4788,0.008680693707183787,0.053273664754733704
4789,0.008643987055233024,0.05360590911150576
4790,0.008866723146018827,0.053386286479936804
4791,0.008662922883214881,0.05683884710857743
4792,0.00865314374992946,0.055846486053894036
4793,0.008727984780674441,0.053756085040052436
4794,0.008638216656420315,0.05380784482099956
4795,0.008681150438044603,0.057441278535844686
4796,0.008628790770986475,0.054108617290443646
4797,0.008701427468567863,0.05435480754402347
4798,0.008692016576493817,0.05252507123582644
4799,0.008769093234241382,0.05530690913436407
4800,0.008906040910192599,0.05447795991797495
4801,0.008666466772182841,0.05505561970529102
4802,0.008634083452669526,0.05546325088518305
4803,0.008707111601001188,0.053320799657799546
4804,0.008991626243020658,0.05278958515602544
4805,0.008659647822025277,0.055452897248411535
4806,0.008671172069418327,0.055805620749044535
4807,0.009059923325191465,0.055709003935332284
4808,0.008648969132667944,0.05245608268749146
4809,0.008605922455607649,0.05206470669510968
4810,0.008682594991716227,0.05331277725914666
4811,0.008668052361703905,0.054852446499175596
4812,0.008679525493725873,0.05319424088400109
4813,0.008654813717509197,0.05335096598493127
4814,0.008796347099774164,0.052421102678417264
4815,0.008934173992085726,0.052773935454232354
4816,0.008774974022788885,0.05230168389497245
4817,0.009012210761712757,0.05630059887592057
4818,0.008631425319160136,0.05407716007086269
4819,0.008880212046392728,0.05280214933711186
4820,0.008660879691031045,0.053712872783641764
4821,0.008763699948712997,0.052009885229711846
4822,0.009036374697345017,0.05446583833685495
4823,0.008875878750671046,0.05263103121765574
4824,0.008754675015153592,0.05531703951514156
4825,0.008610734765074755,0.053853295024549754
4826,0.00864067107420368,0.05339668818135608
4827,0.008624154441805561,0.056485880810515324
4828,0.008866758053109311,0.056469277135635675
4829,0.00868152154791624,0.05335559694091778
4830,0.008841836918378832,0.05378801139412368
4831,0.00890773010526534,0.056924058045062204
4832,0.00866303802292822,0.05331463237902276
4833,0.008731632103634658,0.05266470697365309
4834,0.008699681504832623,0.054085089421287216
4835,0.008623706519995866,0.05632045024767854
4836,0.008644673604527512,0.05248898975457763
4837,0.008672093907207773,0.053464182272067944
4838,0.008610132873935956,0.05229693966775311
4839,0.008592428291744008,0.05256296233052299
4840,0.008669288700591204,0.05257820351081982
4841,0.00863246161742766,0.053227872758132774
4842,0.008637655554409315,0.05256730799836324
4843,0.008586341696079438,0.05401286188709108
4844,0.008660340294204559,0.05299320678812519
4845,0.008677036984634578,0.05483054373422661
4846,0.008624296419481212,0.052483332700523216
4847,0.008669401556346799,0.05187136194386279
4848,0.008622922453758562,0.05145805229183128
4849,0.008581889268094884,0.055252141662334144
4850,0.008632685877102659,0.05454075511050105
4851,0.008650933926864375,0.052508910002191565
4852,0.008597467561488164,0.05244657260956322
4853,0.00863401741046169,0.051312369240779324
4854,0.008620996518354667,0.053825465350745616
4855,0.008606969782695137,0.05323053985124543
4856,0.008651801282283208,0.05743439967060149
4857,0.00870285752021654,0.05376088510927999
4858,0.008791928863465637,0.05894701042793747
4859,0.008585463481065923,0.05303810335191569
4860,0.008766520299241506,0.05287964606568927
4861,0.008714402701360242,0.05635988451820567
4862,0.00864663890289857,0.05579871731929313
4863,0.008627619481129679,0.05321903631352542
4864,0.008591137595362681,0.05441910648405701
4865,0.008724571647995472,0.052307453930826114
4866,0.008676785620905104,0.05355907981295634
4867,0.008708334901372442,0.05305882050354678
4868,0.008952100798581029,0.057226534139243584
4869,0.008944372163343251,0.05535385875325454
4870,0.008747256851117862,0.051914978398939125
4871,0.008634098439026894,0.055443518498637025
4872,0.008638526427379827,0.05221082817268252
4873,0.008796218642614838,0.05240483479317567
4874,0.009054791261640409,0.05403773146763183
4875,0.00870906543406777,0.05279796441694848
4876,0.008599329599760529,0.052512558872687784
4877,0.008744319046574427,0.05321253093897848
4878,0.008647903739322995,0.0530933585848874
4879,0.00864733340578121,0.05423727712797043
4880,0.008583782509174711,0.053448043492877094
4881,0.008638589789992884,0.055951200005479325
4882,0.00888930139526314,0.054164799663207884
4883,0.008590449946687409,0.05269965303496908
4884,0.008638467508972738,0.05465151493748029
4885,0.0086514437127681,0.054218831899246776
4886,0.008683297519378345,0.05431367130133144
4887,0.008777865136327003,0.053510967436664385
4888,0.008583281821755688,0.053686420104109255
4889,0.00865635093077457,0.05166629186474291
4890,0.008601690742903784,0.05456344740357913
4891,0.008618683458532308,0.05451695292366477
4892,0.008915544804979237,0.053249972449956384
4893,0.00864304554296242,0.05501815573986909
4894,0.00878143710618778,0.053131393406698875
4895,0.008598309035942817,0.05360704067543635
4896,0.008815368415699118,0.05321503493159935
4897,0.008702144934737444,0.05300352574888626
4898,0.008622380125249986,0.05348352271886099
4899,0.008641103384106006,0.053097148446884374
4900,0.008561697670662389,0.052484799372522456
4901,0.008593920777017311,0.05553160957002401
4902,0.008857283336262132,0.05310203152753058
4903,0.008783526966035515,0.055970473247661925
4904,0.008651426883605788,0.0540196796164925
4905,0.008942819802664724,0.05286591083632974
4906,0.008633490252707685,0.05555931925960352
4907,0.008634768594476514,0.0548058237348284
4908,0.00880113688944127,0.05339756319509413
4909,0.008669328663432807,0.050972950423047655
4910,0.008596298751657022,0.05255587286967084
4911,0.008895705337344404,0.05341832150231328
4912,0.008555135159825622,0.0552088734985593
4913,0.008601701570987552,0.05444128539665301
4914,0.008639656840578505,0.05294406333737505
4915,0.008851273307450731,0.05382738108361574
4916,0.008749123352269331,0.05471019923948405
4917,0.008826856758156068,0.05313620380216971
4918,0.008634333879241072,0.053537686497794654
4919,0.008598506420309232,0.05265621053881215
4920,0.008608652297454071,0.05302449399815466
4921,0.008745383013758743,0.05345896480226875
4922,0.008894786262011766,0.052350750291033796
4923,0.008646322818085514,0.05436992225118149
4924,0.008703181029934632,0.052293846584427026
4925,0.008606248808310445,0.052969816213188914
4926,0.00860462160337539,0.05150755520975381
4927,0.008874174657938326,0.055423432340224586
4928,0.008622617204031699,0.05431401194598442
4929,0.008578921110371599,0.05244212624684611
4930,0.008621468393127421,0.052820414043309394
4931,0.008668883309179082,0.051593533621396036
4932,0.008998436416805089,0.054822394759732676
4933,0.00863381643501813,0.054109376708143635
4934,0.008641559201150312,0.05353976331445806
4935,0.008650797433254863,0.05403657201537512
4936,0.008622129585472564,0.05414838323318271
4937,0.008717052568506477,0.0521435407282117
4938,0.008599635927860899,0.054072854587607515
4939,0.008599768544460897,0.05400382534117627
4940,0.008875450622383738,0.054734785380518826
4941,0.008601037689711068,0.05310640806206187
4942,0.008630227839065375,0.05293049534460656
4943,0.00877383958903097,0.052914926936303765
4944,0.008649084448608988,0.05258073914506681
4945,0.008563785038813762,0.05342440839324679
4946,0.008668785018468262,0.054837505414820555
4947,0.00857126429667673,0.05312956597908099
4948,0.008617202263502847,0.054391421443014815
4949,0.008766437304161843,0.055191725473804285
4950,0.008589719853977811,0.055555296394236404
4951,0.008711811246112325,0.053022856625697966
4952,0.008702756730806931,0.05231786678010659
4953,0.008598374910092443,0.05384404147814091
4954,0.008566948463836857,0.0522553114533275
4955,0.008633300739067389,0.05260078355035089
4956,0.00862499841145779,0.05386909919984657
4957,0.008711598626802439,0.053943109840976264
4958,0.008630176113316216,0.05195667317375205
4959,0.008876457953951637,0.05273014351837617
4960,0.008642319635369052,0.05312105891922662
4961,0.008641713378218034,0.0540493813933884
4962,0.008608637405629446,0.05430048563165175
4963,0.008619358966169053,0.05258080878652128
4964,0.008927495304009594,0.05617213724437812
4965,0.008645368458698491,0.05588103578727048
4966,0.00864906453604537,0.053654247488742486
4967,0.008835642505203722,0.05297239641087097
4968,0.008598924973946914,0.05549111884824913
4969,0.008643827801406906,0.05255496726933876
4970,0.00880282689212707,0.052593230304861426
4971,0.00863823803715912,0.05197756927936597
4972,0.008874111958221536,0.053954326774094036
4973,0.008621401482618841,0.052712543743818924
4974,0.00874422230923497,0.05250120475738867
4975,0.008892912868139589,0.05251056329349527
4976,0.008679592550701852,0.052407958388403245
4977,0.008649436062561315,0.05268087598464841
4978,0.00871993612759469,0.05245721931184145
4979,0.008620472554873703,0.052680307770507376
4980,0.00869069655745624,0.05453160520932429
4981,0.009061617503656928,0.052567087431300556
4982,0.008581008199593029,0.05420745821450289
4983,0.008648051124038105,0.05333757944834561
4984,0.008804113720835451,0.056668552726432495
4985,0.008623335160371056,0.05256250975910285
4986,0.00860573296297463,0.05401011817810828
4987,0.008598156182333491,0.054846987436364465
4988,0.00865388262718169,0.05396798587308492
4989,0.008791107201206506,0.053495185865196665
4990,0.008632657879071874,0.05340913757868578
4991,0.008868915783964974,0.05365019181467835
4992,0.008894963493397958,0.05495219474149527
4993,0.008883324368882523,0.05309968761969031
4994,0.008737042196151009,0.057655632570572664
4995,0.008658026212028094,0.05378116915623347
4996,0.008597252228738446,0.05806821474530045
4997,0.008565346801415422,0.052586308939564494
4998,0.008652935838583568,0.05405170666544061
4999,0.00860774732033785,0.053117575277959496
5000,0.008900073395439781,0.05425609749062617
