epoch,train_loss,val_loss
1,1.0102019937808238,0.993978876816599
2,0.9166311496477516,0.8097298444064339
3,0.7682015998610134,0.6930326610280756
4,0.6868622575807721,0.5960285255783483
5,0.5563109178901839,0.49988625969803124
6,0.4733188635316388,0.4384925893524237
7,0.4233720278291493,0.40071776016314226
8,0.40152946936673134,0.3852197001303049
9,0.3977164754112686,0.3843700073117899
10,0.38706946102055634,0.34734687649815305
11,0.37138644589525777,0.3550283693729487
12,0.3408346581608524,0.31014556208051236
13,0.3342621256378377,0.3519571404110519
14,0.319274277896343,0.31432550577890306
15,0.3074740838481341,0.3276820985745069
16,0.2885271472430154,0.26116600677483065
17,0.27357640638246805,0.24262975148837967
18,0.25090978110098167,0.2364336440811181
19,0.2366106630679582,0.2352342837137686
20,0.22863485124604455,0.21748922216264824
21,0.20435834108475234,0.23041359053219768
22,0.19264318548773524,0.1934479528799989
23,0.1717479718516239,0.1751886498659177
24,0.19736375465848977,0.19108504437862484
25,0.18191509341184622,0.192191166313071
26,0.1848074578005692,0.17651083340919704
27,0.17235688762418155,0.15939834135068687
28,0.16485323539721927,0.1487303328394591
29,0.1564606010540152,0.1542274628516128
30,0.16705884240264054,0.15243170423465863
31,0.17029872611398608,0.2018963126909165
32,0.16286244722182475,0.15526915597437618
33,0.14545679489460112,0.1561730715789293
34,0.1396556058460642,0.13918908242892503
35,0.13141847282741512,0.1508925912673013
36,0.149145994347091,0.1291125055990721
37,0.14241898526966013,0.1462115043013317
38,0.12729910100141661,0.11523337983397912
39,0.12438393213719036,0.12424438452362117
40,0.12260127941082263,0.14182432492574057
41,0.13124215962557956,0.13335566338441127
42,0.12250569981280539,0.10949612978407017
43,0.12655006255662554,0.12111468786807884
44,0.13588518581607126,0.13700659098780543
45,0.1236207046338757,0.1082876479453909
46,0.12329403785142032,0.11608503019451198
47,0.12012354943165585,0.10525623778053991
48,0.11867344788155959,0.11850120155210782
49,0.11956808573586813,0.10721571771498013
50,0.10668494325820181,0.11358838182941713
51,0.12327803377073761,0.12386026543408707
52,0.11225790971872575,0.10269457693760257
53,0.10725417863986335,0.1144358780151023
54,0.11789557884292542,0.12622377754452832
55,0.12569403024769876,0.1034261976231011
56,0.10730264548410816,0.10733695242339208
57,0.11371228255354872,0.12412135900560776
58,0.12269234622253519,0.12065842456387398
59,0.1021876766530324,0.10513606146538168
60,0.10275340965455602,0.10158312363657437
61,0.11578585520433408,0.10373011608619738
62,0.10940394443124066,0.11891803432974898
63,0.11222764160659246,0.09898023910465695
64,0.09799185070591661,0.087448245992786
65,0.11010090254690953,0.0913284074953923
66,0.11085446083153302,0.10250911157680932
67,0.09803868598979094,0.11476624891498036
68,0.09040977016418332,0.08938549966889814
69,0.10379137185206608,0.1033623507409765
70,0.10265261791996821,0.09775786943976443
71,0.09661263297530924,0.10082367492050755
72,0.10277283112270331,0.0861854630902895
73,0.0895035430835706,0.09220628270454574
74,0.09467559506340087,0.11586939190563403
75,0.10439545060960477,0.10452409882219811
76,0.09738901446698975,0.08599946080219179
77,0.09736192800968792,0.09466282513580825
78,0.09172770775691096,0.09319507414685156
79,0.09186299808533588,0.092414120272885
80,0.0942993775523942,0.10017681739906918
81,0.09697267406132527,0.09686815731208724
82,0.08970478114009277,0.083377720027191
83,0.0858508097153846,0.09307407787569184
84,0.09614851022121675,0.0924408131075981
85,0.08786926532987517,0.0880256609286282
86,0.09748576693587169,0.09470242924782865
87,0.09589778573535453,0.10372393245909148
88,0.08869617044645417,0.08069364130870442
89,0.0888836711037869,0.09842958000668309
90,0.08480915859294909,0.09004323880998115
91,0.09253882852654471,0.10088367087948591
92,0.09800314097475482,0.11581779497309137
93,0.08655766089414728,0.08735713420580503
94,0.0885088479023742,0.08156575944115942
95,0.08615350050612303,0.0885361379250548
96,0.0887288697133991,0.10204828691138958
97,0.08423439151721314,0.0952724299223202
98,0.08879463701599444,0.08287707938436877
99,0.08346575260349202,0.09405292385726943
100,0.0867614239734542,0.0784826513407822
101,0.07705728749403012,0.07925113406321757
102,0.08037345414998763,0.08046733744834599
103,0.08851522204924527,0.10626463806793504
104,0.09637363259695167,0.08728508464525218
105,0.08153663706443152,0.08844929515269764
106,0.08752779795738597,0.08708025143484126
107,0.0853387598053415,0.10177234610668699
108,0.10066453346451248,0.09834007670481999
109,0.09247071718721181,0.0836256880098417
110,0.07669578196019589,0.07884864090827473
111,0.08556917807244956,0.08195443772582482
112,0.08753300075153572,0.08209626617512308
113,0.08439464607862843,0.10454417139590534
114,0.08501280204255753,0.08069138255035668
115,0.07726587649423126,0.09223646663110656
116,0.08065269420326317,0.07635085794486497
117,0.07151849257254675,0.08703002393395082
118,0.08199638011500379,0.08720157640918455
119,0.0915148742847308,0.08366267263590542
120,0.07741307891134558,0.07565356281242873
121,0.08503009096301835,0.10107752665839996
122,0.08943898069634333,0.08560444338055781
123,0.07939049753369208,0.08819204940458288
124,0.08509118978786619,0.0930077365802643
125,0.07760263509978321,0.09097321146636977
126,0.08827091164910307,0.09353886942442198
127,0.07896064749705754,0.08306861218802612
128,0.08506284443936005,0.07644641961444888
129,0.08006075351589526,0.09702024295141823
130,0.0751463281557104,0.07343450965439167
131,0.080766495457357,0.08305301588206064
132,0.0722050959460414,0.07744118692656807
133,0.08469480196697211,0.09043613408591814
134,0.07762576980650612,0.08403460604878596
135,0.0795275803223299,0.08847707711664357
136,0.07364890075122302,0.08048005250835777
137,0.06909480368642598,0.07644786805213245
138,0.08053405706691892,0.07910117796414479
139,0.07856597361332944,0.0821244189501705
140,0.07987191465020553,0.07365232201895319
141,0.06846407567352336,0.07707192115765765
142,0.06992775456378453,0.08382538973090045
143,0.09039599805790055,0.08004680748347352
144,0.06837150550280993,0.0756362029596379
145,0.06872652475736732,0.08031987312966421
146,0.0730321790123808,0.07979392329403631
147,0.06919115305320596,0.0920550154153267
148,0.07726756224064243,0.08820527371831406
149,0.07535790668385903,0.08433638195644942
150,0.07627551561238997,0.08440679184775006
151,0.07185651702940651,0.07584787134015769
152,0.0706451956100972,0.08230012520811611
153,0.07862363120418357,0.07757151358408437
154,0.07840142567236222,0.07857609359094672
155,0.06763956296406569,0.08276236363520897
156,0.06717803095668834,0.08543568696443897
157,0.07003146961191231,0.07329017837020688
158,0.06183732293989965,0.0797436000186399
159,0.07237227748040122,0.07659264332743217
160,0.06303620415514913,0.07287412637233137
161,0.07094471469568235,0.0978660614680228
162,0.07262227352603476,0.08404739033010669
163,0.08309370916932354,0.09010710789446245
164,0.08170548420060765,0.07618793383950279
165,0.07205152168262714,0.08397974624744334
166,0.0713798815740687,0.10171121849974893
167,0.07232472404463912,0.07265410872927883
168,0.08210049399107601,0.08569386707884925
169,0.06920682835074428,0.07711958991629737
170,0.06434199839923822,0.07338725071503106
171,0.06982284676879177,0.08134407932895765
172,0.0673522999901383,0.08072643095912192
173,0.06460743965026353,0.07482000615886578
174,0.07220971702268131,0.07270040376144543
175,0.06037732189211726,0.08616200076383457
176,0.06714569816955579,0.07064350320955266
177,0.065482603158323,0.07378820385923959
178,0.07058898436612096,0.08434063844140012
179,0.08483361322024026,0.08049464946552028
180,0.06920599832336731,0.09038422878523518
181,0.06854807279513547,0.07272082604561235
182,0.07749714223568716,0.09259865376958273
183,0.0674549028230685,0.08012100585495918
184,0.07204070404685776,0.08125151695688267
185,0.061632975935935974,0.08306366791551872
186,0.0671071372809455,0.08273148816779144
187,0.07988412874432567,0.09383812658768848
188,0.0860719976240191,0.07923890825799831
189,0.07438076780320708,0.07894256178821836
190,0.06586791000396107,0.08178975692667757
191,0.06538050313448084,0.08515422996647078
192,0.07292750241894708,0.08172779918687983
193,0.0654405063969962,0.07830010571127248
194,0.05899440235572175,0.07912897802235787
195,0.06213303306212993,0.07943384000158549
196,0.06800693698624459,0.08049389854409641
197,0.06647469848394394,0.08972891358504619
198,0.05906680333763828,0.07397688040159699
199,0.06906853256554439,0.07742459592141006
200,0.06290946534154557,0.07501966405407827
201,0.07640875192785337,0.08719593559142043
202,0.06454577997653836,0.07711131719494224
203,0.06279068398158005,0.07992505823684516
204,0.06291019603563326,0.084513743139598
205,0.05813767432839519,0.07971309877950745
206,0.0624091849665283,0.07813609195382971
207,0.06260002481526342,0.07839004355564452
208,0.05693740667454127,0.07225890478170605
209,0.06763597241483138,0.08330253911272326
210,0.06255319775271939,0.08062060276293814
211,0.0645198541281739,0.07850286185293269
212,0.07164471236796215,0.07799783179111648
213,0.05938353374320138,0.07537092186305158
214,0.076528594563467,0.07507239614512987
215,0.07078406786937325,0.09149069901098285
216,0.06320359777413939,0.07482401326410752
217,0.05805778097022663,0.07929665854849612
218,0.054940330220800956,0.07382337407286006
219,0.062185710220127643,0.0782884610513398
220,0.06448691207506814,0.08206501242735033
221,0.05889561662573052,0.07249450110328526
222,0.06421667351431233,0.09880886387481426
223,0.05867780634088202,0.0759060705141316
224,0.06019427358730459,0.07632395175091904
225,0.06814526090380914,0.08673868231232602
226,0.056028487762220226,0.07277976590813252
227,0.05992371409103788,0.09659006116085482
228,0.06689395472921174,0.08606378136571487
229,0.05571411655147247,0.07923132069128797
230,0.05625280024349503,0.0912044441005341
231,0.061747010528667594,0.08822708524632872
232,0.0684982601284607,0.0833721826212448
233,0.05710850298684966,0.08177490409155537
234,0.052886140255438495,0.07843259204748579
235,0.056321779972520365,0.0775390205750788
236,0.0644724755474953,0.07838428087700579
237,0.05814186502306439,0.08345015866117071
238,0.06686200665129016,0.07161491242865273
239,0.06817329259221457,0.08020975065410585
240,0.06488002820355018,0.07471684062092525
241,0.0556119932650025,0.08474442215267579
242,0.05687624353880419,0.09163631396111391
243,0.07114597444997686,0.0806539519538258
244,0.06355635112963126,0.07770553793300662
245,0.05353495289446045,0.08209458536895595
246,0.051750095870614424,0.08871533615248543
247,0.061766487829457255,0.08266644163015194
248,0.05530416386254529,0.08615384923112124
249,0.06289958909480924,0.07525135406799484
250,0.05263503793872262,0.08550818154312913
251,0.05810278898169254,0.08987853431462645
252,0.054702128152301695,0.08300565399771047
253,0.054734514179554855,0.07484189478825208
254,0.05287748835630551,0.07979808090474073
255,0.051461955561626666,0.08363065844341029
256,0.06031855728278713,0.08439302618118157
257,0.06120592116328616,0.08306238238225903
258,0.050317876040935516,0.07438161033660845
259,0.06415928240433381,0.09377400883307732
260,0.05886685903122806,0.07287323487955227
261,0.060607102725853366,0.0835266813337056
262,0.05542506370985396,0.07558728860957283
263,0.051161802020566215,0.07528673575486157
264,0.05623129101289103,0.08184810944443059
265,0.053400557943646065,0.08649715527257226
266,0.054514027781621045,0.07890500561485912
267,0.04931073022720208,0.08806504817086652
268,0.0517935267880232,0.07901538008436523
269,0.048298592220840035,0.07612854903353784
270,0.055100926644749776,0.08200805492344357
271,0.06222869673025645,0.08164458678927936
272,0.048012696720402814,0.07921333233814191
273,0.05389392908464031,0.08483582587543885
274,0.052995829536436494,0.08086844744688287
275,0.05664235874309809,0.08574295206401582
276,0.0636531416221659,0.07117599260089989
277,0.048692646923950846,0.07545308914399684
278,0.04834002735192499,0.0799784739513445
279,0.06819581632797247,0.07890131201286961
280,0.04760783423777658,0.08310557709526
281,0.053803854741646576,0.08699662262634526
282,0.0490854314899183,0.07463828466813964
283,0.0478518855375556,0.07429569436792742
284,0.04932756049319121,0.0810457075336822
285,0.04803722570168561,0.07865973694581435
286,0.05091710768196276,0.09353788843131006
287,0.053175557521536805,0.0816887570241639
288,0.06625622638200518,0.08600863821823197
289,0.05269434675574303,0.08581033233263738
290,0.048485440508605544,0.09054542596178844
291,0.057202148984031614,0.07924150204972218
292,0.04917383442711681,0.0742523114670787
293,0.0452668248182367,0.07739547961263131
294,0.05509747813534587,0.09081409845435828
295,0.07531285144645593,0.07871282037188833
296,0.05006251811140383,0.08111372634880525
297,0.05133191155135445,0.07949545626577578
298,0.04861214333053293,0.0768244776286577
299,0.049800513820214706,0.0820482107892371
300,0.05006282131967126,0.07726877503900002
301,0.04910991465830504,0.0856047736709578
302,0.049197394412513064,0.08037191065481133
303,0.05673665238024673,0.08025709121373661
304,0.046194698206122764,0.07538852444791555
305,0.04039428051456015,0.07302628638675637
306,0.0429318146692548,0.07662850142197501
307,0.05363509611322962,0.07125455068242281
308,0.053143946506480064,0.0900528849403661
309,0.05053811894034891,0.08398831684263726
310,0.05360034808843487,0.0749895750243861
311,0.04567973820206513,0.07545618369316398
312,0.04842253673973502,0.08017881939136295
313,0.047392148069079765,0.08297377167488997
314,0.04800703330987299,0.08935275279863138
315,0.05447450533602679,0.07901885412764131
316,0.043482121512247104,0.07601437144410939
317,0.0490384605190597,0.08595895292914302
318,0.05003855247809595,0.08461923854318179
319,0.05009936292576939,0.09034082504516855
320,0.046276015302510846,0.08904803062516048
321,0.04670836366596267,0.07839206094505793
322,0.05145754717687454,0.07770600632990811
323,0.03870409192242966,0.07842363168795903
324,0.04713528028756474,0.08169075577778924
325,0.043283605568554706,0.08267337459146529
326,0.042167822710679245,0.07582769440230272
327,0.048032370527336214,0.08067368551677928
328,0.0514690137955836,0.07610250324160234
329,0.04780800059017343,0.07616389796772696
330,0.046444470021978816,0.0797341149813848
331,0.041223431105337174,0.09250437867895403
332,0.04681688280875406,0.07394360771454067
333,0.042991871160212726,0.08395372073453172
334,0.04652143343348862,0.07754673881638319
335,0.05025450388979762,0.07669779309129954
336,0.04522199637977681,0.08214889369662244
337,0.04401534061213272,0.08447396607700745
338,0.06241462212698213,0.08778381258025206
339,0.057967343008536905,0.09097595634242348
340,0.050534778487719714,0.08116867878756727
341,0.045733665142406864,0.08113159948871249
342,0.04350176401039276,0.07993190640345552
343,0.05450923904356164,0.07850896202980127
344,0.04757131303318989,0.08061691222334266
345,0.038909507781080314,0.07313359827550132
346,0.04241740485203677,0.07812890953811488
347,0.04318587520513041,0.09101641362995133
348,0.04887826817816701,0.07870377906432427
349,0.0439478508357344,0.07477402761765291
350,0.048848658122799614,0.07928048105989781
351,0.04497193208775924,0.08748449260056168
352,0.04101500034238851,0.07698694052627511
353,0.03931997658036719,0.07559692947413389
354,0.03836190431936407,0.0789121792355277
355,0.042943933604979966,0.07753026683378339
356,0.05009789596717559,0.07690666139798057
357,0.04355047771642948,0.07816685336574278
358,0.04178436849044408,0.07805855785097394
359,0.07041066487941622,0.08888642626224007
360,0.043182545542997254,0.08390057747973535
361,0.04309875236643145,0.07588392994681695
362,0.03705923296627953,0.0752298938936757
363,0.05204793501376732,0.0781393877433655
364,0.042236228418013895,0.07509078563454755
365,0.03915461117757899,0.08082484039372968
366,0.04998362508126561,0.0827018206094142
367,0.045866930793071616,0.0842351279499238
368,0.04103974048573769,0.07786338350602559
369,0.037017451441586954,0.07376088075022351
370,0.06365188352506736,0.08260943382082128
371,0.051919181121740966,0.07759128055327519
372,0.04891436652143173,0.08123205768359933
373,0.03944345508763409,0.07823407943162106
374,0.04527071219953624,0.07401217380188461
375,0.04283821026920151,0.07171013256660978
376,0.03567977571935863,0.07747524903905123
377,0.04871270410880026,0.08105484700591344
378,0.04126821674383172,0.07925815529243689
379,0.0406308389709661,0.07388878479263836
380,0.044821653608524685,0.08002649516539466
381,0.04159065200523897,0.07585738703869936
382,0.03822542480587212,0.07432084295310472
383,0.046540642805327444,0.07572766053572036
384,0.039010472023468405,0.08093752213438651
385,0.038198622720181756,0.07662979253850187
386,0.050817856232294095,0.08872717902773902
387,0.0395141855629634,0.0745288156589171
388,0.0418830573395315,0.0745603235667212
389,0.03819834864858923,0.07847337951337484
390,0.03960308408055186,0.08513079533227404
391,0.050606938984046536,0.08695282340796669
392,0.04504346400265783,0.08482191681787185
393,0.0381845443226327,0.08191857470157451
394,0.059305468544971235,0.07701392419505537
395,0.03854422450509378,0.08393632215366029
396,0.04599228160321526,0.08074249797745754
397,0.03924704118862421,0.07671225795470982
398,0.040061741483435734,0.07981373412641965
399,0.03749230472505279,0.07391658165774549
400,0.038164021172867296,0.07307986616341393
401,0.037312485336042873,0.07608284976772198
402,0.04006246699247988,0.08082209488278941
403,0.04027701340919378,0.07749876906549123
404,0.04316161439803701,0.0738146883017736
405,0.034005143157086776,0.07324382397614625
406,0.04421781797580958,0.08053754113222424
407,0.05144962297057657,0.08354807673092175
408,0.037671707535518746,0.07930714101122137
409,0.04541363219108701,0.07633214869669505
410,0.047171285323401604,0.07750889587970007
411,0.038479829236257784,0.07826317236163563
412,0.03726947781714526,0.07566035348445849
413,0.03707932870029282,0.07438181717891741
414,0.04072392310328245,0.0784484742204647
415,0.04015401811528729,0.08166809107426713
416,0.07618703785407879,0.08647628759680535
417,0.040770383954608705,0.07993208095991522
418,0.04031679414936741,0.08401161493887578
419,0.041287334092825555,0.07826375481404159
420,0.04420297546750139,0.07413756627038606
421,0.04224140597594943,0.0738656788616252
422,0.046332567416388415,0.07473349139878624
423,0.04140232593334954,0.09203442236534636
424,0.04550200566462589,0.07826849749139078
425,0.0377091364263554,0.08103048700587194
426,0.04859329172669907,0.07933713337009712
427,0.039319302653163954,0.07353334864578151
428,0.04655745807089215,0.07715014995712983
429,0.03377914085960874,0.07208693738942756
430,0.03125827035466705,0.07352129313954733
431,0.04333501978307309,0.07982918005763438
432,0.04337582141628086,0.07577075047376461
433,0.03539157707863093,0.07523603388166666
434,0.03473734745878411,0.07842703014238735
435,0.037874484242036426,0.07264344980543419
436,0.036128996051030475,0.07834454754689582
437,0.037541349433058854,0.07531974057580594
438,0.03798549232251218,0.07861311748661194
439,0.03445148098991956,0.07824847294498506
440,0.04086152049581459,0.0808864167534319
441,0.032165964335483445,0.07114512932703908
442,0.032183123460524134,0.0744758520023267
443,0.03482321404551264,0.07667927598968186
444,0.043092421790275455,0.0743228996494659
445,0.03398543137321278,0.08126796182609142
446,0.033880895301466075,0.07514206865302901
447,0.036666899329769576,0.07546972192095634
448,0.04044421406048219,0.07900619564722654
449,0.03439914172392654,0.07357233643233028
450,0.05379586032705621,0.0759675972406428
451,0.034699823076728746,0.07430851989820189
452,0.037373320225824756,0.07751755246467758
453,0.03741427338142007,0.07517339918473012
454,0.03405933764100449,0.07558036927964754
455,0.04330250615002967,0.085244705951901
456,0.044139214408902165,0.07786497539072706
457,0.03486896559689486,0.07504218295776754
458,0.044625232901225644,0.07736544096305556
459,0.04555674153599059,0.08570849749826848
460,0.04255805265006601,0.0765100378253705
461,0.039174771385973896,0.08256327383276216
462,0.03529055732474619,0.07840719699560848
463,0.03428126308704992,0.0737704695727592
464,0.0320947861421538,0.07551835979659456
465,0.03365988294859665,0.07137996404616158
466,0.039694570180110425,0.09365221178322508
467,0.04158730814262617,0.08387887117483263
468,0.039892129605887075,0.07884597212524343
469,0.04461999642764887,0.07485256949089523
470,0.033958419573531254,0.0785867188658033
471,0.03992506784611735,0.07601263312468852
472,0.03517681680222664,0.07621344135966815
473,0.039217227445127074,0.07419775043588533
474,0.03661025535653938,0.07579344918106433
475,0.04320924285343822,0.10867340642408022
476,0.05413089350426459,0.08426444930839061
477,0.04419043711547194,0.07557450148993566
478,0.036769045365034225,0.08487667615775178
479,0.03155810179241399,0.07070209565840867
480,0.038065266272864745,0.07787311050975532
481,0.045289141864612185,0.08058301691796846
482,0.03989086746235253,0.07705337576624147
483,0.030521542376905773,0.07256498495887097
484,0.034223171628334305,0.07796892983124669
485,0.04107972310394702,0.08197881090909914
486,0.0437608739378684,0.0776670955513653
487,0.03329908674974053,0.0736453462214697
488,0.03179273670276504,0.08758437411304106
489,0.03387441890179924,0.08394025002879307
490,0.03243306411144128,0.07386577977124312
491,0.03023351660599716,0.07735306792017213
492,0.03406432558283163,0.07580083050300603
493,0.03376904038893392,0.07957923923966878
494,0.03317059806568495,0.0722020706511978
495,0.03208317560929116,0.07414776753438146
496,0.029722098868375287,0.07442796671002132
497,0.03726231759314814,0.07717944825427574
498,0.0398674422997666,0.07902936204184864
499,0.03253206317561173,0.07744434371329191
500,0.033481476834294935,0.0747866112561453
501,0.036092811745816265,0.07692964966957432
502,0.03103781865214853,0.07510241987487129
503,0.03757202789934825,0.07856950992928412
504,0.03937056376876129,0.09002108688940082
505,0.03498036007989536,0.08030618555414348
506,0.03655152976933318,0.0779591499265274
507,0.03261208548254354,0.07601944177894664
508,0.04176439888495076,0.07627764812911064
509,0.028531179299175178,0.07469121542266735
510,0.030962647846826938,0.07596601583156969
511,0.05034673271181068,0.07782653633290365
512,0.037511816762130834,0.07576491112323631
513,0.03789249569364476,0.0773457355965349
514,0.03346345191792261,0.08057245382464918
515,0.043799960489463656,0.07562730961799025
516,0.0297777134469684,0.07400572899364888
517,0.034027575804241775,0.08544642836751795
518,0.04004323361061957,0.0796957416903405
519,0.03684013363756356,0.07447700476960133
520,0.033147341300234154,0.08218442092189812
521,0.03733122112889275,0.08647386261021583
522,0.03446557326096352,0.0880312558851744
523,0.04112716977919531,0.08896523349939432
524,0.045448178933425384,0.08235139112200654
525,0.034849732471951125,0.07597160755766365
526,0.03566041804826745,0.08241765473719527
527,0.034151149043655696,0.08054861047288828
528,0.03454342150482638,0.08279586525489215
529,0.032971554041656206,0.07329855050732915
530,0.03212501293159204,0.0716417609226136
531,0.028480258452060828,0.07230348830907267
532,0.02706504081227002,0.07353356742022331
533,0.03233681706752523,0.07495724028886709
534,0.035648986008193426,0.08647970916857396
535,0.04171989467520512,0.07636981965381101
536,0.03800767249074476,0.07775124457471054
537,0.03261924364536907,0.07359746158272401
538,0.03607609146347614,0.07813271919363424
539,0.0344873934890783,0.07550118762747686
540,0.03299581391450753,0.07745438827234402
541,0.035685327464603706,0.0801146074307891
542,0.034783930614076815,0.07588855483403481
543,0.032827697694301605,0.07899794299949082
544,0.03216695911645142,0.07944282586861373
545,0.040247179334253355,0.07689115291176583
546,0.030448174331816014,0.07775634898801793
547,0.03030492350178826,0.07618439828692224
548,0.028636438281605236,0.07134254287956353
549,0.031160998283695653,0.07432957128026432
550,0.031752517662919054,0.07894823586283471
551,0.03382796357417929,0.07460570699514303
552,0.030591348869299814,0.07215929160216697
553,0.03479988938401859,0.08049806267172471
554,0.030816986234303925,0.07682525883790545
555,0.03753226537105619,0.0746977407307852
556,0.032430730906072826,0.07497398971689674
557,0.03048583965596734,0.08556226138632399
558,0.05274261026219888,0.07596998730847113
559,0.03865085311560982,0.07622581780106202
560,0.03734733897690489,0.07626692054415107
561,0.03570586054069121,0.0788053934996887
562,0.02928438282872442,0.074402099713347
563,0.0328313150796397,0.07445869460365825
564,0.030520649539265886,0.07609531888388153
565,0.035198103951809924,0.07759563800386318
566,0.03561090430402457,0.07692535182363108
567,0.031748288395729934,0.07507036124031645
568,0.033488726079884366,0.07239751101361779
569,0.03894509682227452,0.07767835526463382
570,0.030741122577537937,0.07631910228191462
571,0.02839502395016833,0.07115941565661203
572,0.03388482489882966,0.07215493670979836
573,0.035602260924011565,0.07881853092732585
574,0.03129537059081759,0.07080170486057014
575,0.030627675669787444,0.07523221335838313
576,0.03660019744059135,0.0778581448515555
577,0.0384025818034773,0.0809487401131998
578,0.03056301780301949,0.07186481403303624
579,0.034509043690973316,0.0808961172973303
580,0.03438200652132214,0.07602203797950481
581,0.03256415547131558,0.07337760126082819
582,0.027373288159600245,0.07196684387094694
583,0.03177698912992373,0.07308406550857358
584,0.027693234284796683,0.07547503418492195
585,0.028218879373189423,0.07502216972728122
586,0.026751294393431057,0.07768947429450831
587,0.028357630367843334,0.07272753024235704
588,0.02591701553182729,0.0679816600672882
589,0.02735760132417223,0.07373009786420598
590,0.029396132306198714,0.07359157278573603
591,0.03040927667229153,0.0750349849313124
592,0.028466337427590336,0.0729607352823542
593,0.02802926537268401,0.07491488635241238
594,0.03315330238364707,0.07615240937785099
595,0.02947584749856339,0.07350505834309977
596,0.032987524536336105,0.07727887651376557
597,0.028776533066712576,0.07669238260664736
598,0.04588808251258721,0.08043188668955538
599,0.03696843140924986,0.07939521049646507
600,0.03328932885979784,0.07311049985108818
601,0.041000817449862684,0.07794952747367677
602,0.0383294479845553,0.07264034507940885
603,0.029625661332498898,0.07187457948474955
604,0.03156857942245597,0.07960889912338782
605,0.031211097523289787,0.07305909620415896
606,0.035794811393353256,0.07250383679281201
607,0.02852892748380903,0.07452791835879323
608,0.02977995097426972,0.0753212226251313
609,0.03063285398095566,0.07377765450934719
610,0.02923958725222973,0.07251775126558796
611,0.03617886425839696,0.0785659633595543
612,0.03351292272206384,0.07396771036144487
613,0.0398255704922549,0.08493183932283468
614,0.035804842660045924,0.08003646383682887
615,0.034624556260516276,0.07819642477615137
616,0.0399102461422125,0.08049365037814118
617,0.03003135777799687,0.07518334148969866
618,0.029658063247706448,0.07203324647027448
619,0.02560977918040416,0.0755331829040869
620,0.050098126538121214,0.08151849056769134
621,0.029810847930586824,0.07597002641001441
622,0.0330853124490726,0.07902525083388302
623,0.03230337151048886,0.07299306215648364
624,0.026842584202889364,0.07312202858820296
625,0.039106294775504306,0.07543412024589409
626,0.05516539546763262,0.08438134850714739
627,0.030185779235486328,0.07411767241724751
628,0.039355467876483655,0.08043893602184185
629,0.03414175451549243,0.07604996856292687
630,0.026684066601868332,0.07528770838240932
631,0.030351817969898446,0.08011590633401297
632,0.02722321857105602,0.07439225284676802
633,0.034604018968661374,0.07766190979788477
634,0.030154870589465182,0.07343811792015731
635,0.027087981255030185,0.07230434546195774
636,0.033544435565794894,0.0793572541204909
637,0.03134831155542296,0.07706656799952787
638,0.03029683024438571,0.0812041671540504
639,0.031129800396326193,0.07824488787125226
640,0.029772933140443783,0.07689403337344788
641,0.03841477040446664,0.07771189350233342
642,0.03333944703531116,0.0787448039030969
643,0.03212324362890474,0.0739194326158753
644,0.03276185151831857,0.07978961624223786
645,0.02910425964754577,0.07719959649152326
646,0.029156265885431937,0.07756278589181136
647,0.03533307022669099,0.07308635868150788
648,0.0337046390942365,0.07034226460265636
649,0.02443763686688529,0.07435581965703414
650,0.03569362847992806,0.07608018832323246
651,0.02839176661588929,0.0742714390681501
652,0.030901296508022612,0.07537704280444554
653,0.02890710739366313,0.08338043211322081
654,0.02780134307927099,0.07374838265335948
655,0.025970238345590504,0.07809543557334364
656,0.02629688588849803,0.07208706158444397
657,0.029022862942054355,0.07680189680485498
658,0.027859499905737217,0.07431163547331826
659,0.028937015267888954,0.07877521982467861
660,0.026295681527836196,0.07253250257487882
661,0.03571117340023615,0.08356097945593353
662,0.03780298796847323,0.07569954404257294
663,0.03542936975749496,0.07300213825209696
664,0.02790959061453335,0.07273524790479426
665,0.03569740395654331,0.07348787696812685
666,0.03209648973258872,0.0750360096382318
667,0.027915685656582673,0.07463970005437545
668,0.031194945954977533,0.07769535704140078
669,0.03334393818807266,0.07373097290595372
670,0.02817587089669368,0.07130974648814452
671,0.03229632113000442,0.07448800190125492
672,0.0370734548867683,0.07451949210692767
673,0.02660940977566668,0.07400659449342498
674,0.031180072996216508,0.08143645160852518
675,0.024406425491395788,0.06934770445028941
676,0.023975906000241964,0.07019744613639693
677,0.021969501840003233,0.07284463219400636
678,0.024719132092959454,0.07570072061809383
679,0.02518649389938127,0.07095929218414135
680,0.03386880087207851,0.07751313624973584
681,0.03907887344496751,0.07448402887448333
682,0.04594492876674501,0.07543461332867916
683,0.03107530637688024,0.08129916474559254
684,0.04268713708277967,0.07982160277982105
685,0.04300986010242592,0.07339739528739064
686,0.02748077297962758,0.075319941872194
687,0.02828997913689636,0.07322483229681961
688,0.026011286320918033,0.07193228428749214
689,0.028297030650149317,0.07594307444821623
690,0.03124715382566086,0.07419697813372265
691,0.027612447726969434,0.08023916563966818
692,0.02706830349508498,0.07090768014503303
693,0.03751787915825844,0.07338214520000874
694,0.027363835229628885,0.07525706733752013
695,0.030374379717631027,0.07342198595666048
696,0.026359916772681718,0.07359047389045395
697,0.026639295712720636,0.07289065237630878
698,0.03164711063231421,0.08392148649782166
699,0.03394979083192386,0.0758650719111127
700,0.03156958891773672,0.07516865828132868
701,0.028469307540819562,0.07434545182868053
702,0.03025355397907544,0.08580228228840911
703,0.033163898440550864,0.07570098650485352
704,0.026893619576404834,0.07551311970429313
705,0.028021289625418222,0.07892725902392451
706,0.03253420727286593,0.07537433450906199
707,0.02718612058292549,0.07313592545221324
708,0.02896307010588975,0.07883801695921068
709,0.03223366353976129,0.07698678514712437
710,0.030790080155791908,0.07538192758434697
711,0.025633927738311524,0.07572391944795025
712,0.032103125484759534,0.08397125013938225
713,0.030397997672748416,0.07477315724418875
714,0.03267708305141021,0.07305636436195302
715,0.027038060426478477,0.07532706102332973
716,0.030352841105113583,0.0758259116781684
717,0.0276678323944254,0.07588236379369459
718,0.033768293526619204,0.07909258163737175
719,0.028821862311479065,0.07114820649151814
720,0.02683007213225746,0.07375115363445497
721,0.030904989666232494,0.08085892605303523
722,0.03693879291788912,0.07064314147359446
723,0.028888549106808666,0.07394519737713917
724,0.03428079454129019,0.08257528801535007
725,0.03906601346258459,0.07696131344203065
726,0.028394975001722295,0.07220040073146797
727,0.028361924775061564,0.07546939487968173
728,0.026845273325295658,0.0708887087634034
729,0.03555765899254424,0.07971509273413728
730,0.03012541809402476,0.07491699695811235
731,0.024708659846487464,0.07285124098970777
732,0.025237400867161707,0.07540485272207356
733,0.030717798745183735,0.07030171404282252
734,0.02659724671452023,0.07663072307680484
735,0.029173669589210454,0.08144129144219228
736,0.029695115457975006,0.07244583643169929
737,0.026409785172735636,0.07411655953578782
738,0.03246240476642656,0.08086361424217846
739,0.03107024572766313,0.07852040550538472
740,0.026331493858726795,0.07337865464968191
741,0.025703972088739417,0.07197652432255279
742,0.024770494077506484,0.06985108221981459
743,0.025468763051595435,0.07455017266416908
744,0.03576988969173364,0.07472417516666546
745,0.035731071617956446,0.07123042320024997
746,0.02299888645149884,0.07117017978489548
747,0.03024749113918285,0.07500741739096797
748,0.03114962262513122,0.07692945132354148
749,0.026632571989979863,0.0717559946248107
750,0.02417599910222064,0.07229100780230119
751,0.023772338895728596,0.07199543171135106
752,0.027666185944571764,0.07508837556779235
753,0.029557037298628904,0.07789631830271623
754,0.025314953400049838,0.07191234061443119
755,0.026841150719357134,0.0763224187986295
756,0.02897687987964542,0.07744679682162173
757,0.02490104617533452,0.0750519034445734
758,0.026585611517666648,0.0691184075665952
759,0.028853469864001096,0.07205296785834439
760,0.024160191638622912,0.07449761572711748
761,0.02563901367045495,0.07534346826617282
762,0.035026788694030815,0.07362720360956096
763,0.04315695887122035,0.07256666324416497
764,0.034377868255150726,0.07268449701462175
765,0.04241186443447693,0.08060087084322047
766,0.030727857069862672,0.07681695549261003
767,0.026322492518021396,0.07187538556661223
768,0.020786212541186323,0.07164940736571648
769,0.027746651601922176,0.07219421280954118
770,0.0768012810019677,0.09576407963769477
771,0.0349699551805994,0.08103663916874648
772,0.04379132378344252,0.0763009062648417
773,0.02933580376394677,0.07551148578636628
774,0.027586665681817314,0.0747453880526667
775,0.03640949336058667,0.07368836342765574
776,0.025976863756869282,0.07458901649952532
777,0.025923232089576302,0.07665219570610457
778,0.030668911398578212,0.07968786848069433
779,0.029238526058327816,0.07604346883700307
780,0.02516315922981893,0.07265458300821763
781,0.024151334311334316,0.07382943385973909
782,0.02706453859876129,0.07436775530041907
783,0.0291766258406228,0.07593105897718205
784,0.02362454990888464,0.07239105246195518
785,0.029188824262832026,0.07247942544165112
786,0.02750413004764382,0.07385113443198957
787,0.043611852545583134,0.0771507440055522
788,0.029716411144195307,0.08019719696732093
789,0.028721139436371647,0.07324141770003732
790,0.02713675693635096,0.07748178450535413
791,0.0273809325487169,0.07634222008904121
792,0.024939446555316262,0.07591525470851955
793,0.030957078275075153,0.0748301341681552
794,0.024074839574042533,0.07217564549586528
795,0.03675829413052076,0.07180602583371308
796,0.02496072707178077,0.07366690065777093
797,0.027024993573703734,0.07200688810874346
798,0.03386010057920572,0.07447693952566997
799,0.028054131592002034,0.07498948081842341
800,0.030742216160445004,0.07236455554576744
801,0.026123101171981952,0.07381324268373332
802,0.03238028947696043,0.07389076410753087
803,0.027345657331115773,0.0683929992461563
804,0.026228018175098216,0.07189390033408813
805,0.04419581847247846,0.07430738886645563
806,0.022444443164107195,0.07517173083354357
807,0.03228445807734627,0.07409219557704184
808,0.026682358608817607,0.07430713347399742
809,0.029658782199538988,0.07178698002097003
810,0.033512285913466285,0.07399449023163707
811,0.02542185734338521,0.07430946785853919
812,0.03402656636735115,0.07859856659607183
813,0.02506517774212323,0.07415185009775903
814,0.028254677164937635,0.07423709176088635
815,0.02497958531457242,0.07551539892839608
816,0.0369516261342364,0.07622531101219636
817,0.027954556088789502,0.07569126058416557
818,0.024076193238266957,0.07733596708242756
819,0.03039834103006928,0.08015117924987224
820,0.029485394010396213,0.0774998434802942
821,0.02633014568901361,0.07192193961382509
822,0.028035238583726942,0.07308642265566609
823,0.023232461709447417,0.0731878757924962
824,0.023429832745308413,0.07157487952544875
825,0.021308399345667386,0.069278467567941
826,0.022934174789904054,0.07085428846285756
827,0.03225877806894645,0.07227756137163717
828,0.025411444164368798,0.07726259994551651
829,0.026364715647267698,0.07311294257715531
830,0.037057503730899485,0.07345916398037645
831,0.027450991759432896,0.07147566137606637
832,0.033915892652116225,0.07521163453733114
833,0.0209165467095319,0.06963967122977838
834,0.023802010324961712,0.08820302819921857
835,0.029125208402969248,0.07643526178180125
836,0.029560099294566808,0.07531660397474031
837,0.026465594143749778,0.07499804037779495
838,0.033304076063735734,0.07066782997141506
839,0.025612424808002566,0.07224215253403313
840,0.020380680574845746,0.07215743648229088
841,0.02311226601207331,0.07676604328523005
842,0.030546097487771772,0.07694539196210398
843,0.033005947410639926,0.07256769510289482
844,0.02649229491672546,0.0717332650321468
845,0.023606378071267028,0.07409301713893288
846,0.025728681705728593,0.07610413264063068
847,0.029757012937182917,0.0755828100076893
848,0.03421678325178855,0.07090500514384798
849,0.031910068311708104,0.07047908807308752
850,0.02377937301456181,0.07643737937125347
851,0.026072494306114028,0.07777165296606552
852,0.027277355867680337,0.08541021118860197
853,0.03656141286523178,0.07279367384531145
854,0.028306807487689215,0.08610280024303231
855,0.032146722364435,0.07577035411781535
856,0.02410966895964452,0.07494242995379861
857,0.03184864692810374,0.07764767287742524
858,0.03133189014880261,0.074127681721422
859,0.024125229538094286,0.07154378808455958
860,0.0263905241256317,0.07291649799224428
861,0.03166122899206828,0.08197768676773946
862,0.02712466355214672,0.07327508737792945
863,0.03152952973254983,0.07530385014930166
864,0.024418719959529964,0.07077809690234058
865,0.027020380753428212,0.07226913342051637
866,0.02680321056454159,0.0709209176233239
867,0.02448833203030791,0.07688275705976295
868,0.03383198760006121,0.08965270645113517
869,0.04569972961627204,0.07076762831375413
870,0.031120437013458308,0.07336835923574324
871,0.031837741266293774,0.07155333913134453
872,0.022776095249155845,0.07618154269785511
873,0.025906439631196397,0.07293553573819331
874,0.03290671095555666,0.07235517761761084
875,0.023190827479696946,0.07278988769926821
876,0.026036827708229564,0.07406855723762273
877,0.027080310864788612,0.07369299785684523
878,0.029568908812016903,0.07478248171116177
879,0.031206744060294007,0.07604269657218665
880,0.0258588958473228,0.06930934624713764
881,0.023543618829646454,0.07252908025618483
882,0.02577651898759099,0.07430704031373027
883,0.02132115243323918,0.07072831809819492
884,0.024870417282265557,0.07940245514973662
885,0.025973553217503716,0.07527840974038108
886,0.027795630632709935,0.07482792872160599
887,0.02704743601872256,0.0764003965751569
888,0.027779210720876916,0.06922537540284016
889,0.027317770269223517,0.0764061010309628
890,0.02430631024733793,0.0729052535909459
891,0.04388078184196942,0.07572928229743675
892,0.025207261832249948,0.08140516331545393
893,0.0322760100823865,0.07377775278605316
894,0.034239504509678456,0.07258100923440211
895,0.027674225897624576,0.07282917328496326
896,0.02386452969992796,0.07206392568305023
897,0.031663248286258466,0.0772809551137133
898,0.024253296773869042,0.07171997653885294
899,0.02365555688388482,0.07383176710521966
900,0.021367961123328786,0.06950081533806067
901,0.03150271721838223,0.07098983360785888
902,0.02165774069726467,0.07047906183733378
903,0.028506965414390295,0.07320435221930195
904,0.030118773711792727,0.08807445849691119
905,0.03229597463129456,0.0729811186703823
906,0.02651659429633879,0.07286801599993144
907,0.02516380911780562,0.06989517342999466
908,0.024691368432768087,0.07071439964804135
909,0.030931649904779878,0.07268007039874419
910,0.0235844776851817,0.07154486701826106
911,0.022127652418183683,0.07492973397773012
912,0.022511629545389673,0.07391219883036793
913,0.021342595589571987,0.07640088327173003
914,0.023326985783244374,0.07443364293204811
915,0.03285133475466955,0.07370107210145559
916,0.02747587429295326,0.07283749922475122
917,0.023545113657849337,0.07870118390946161
918,0.03128412493203875,0.07542108806004201
919,0.029243509568344088,0.07722907154855871
920,0.02849533733529357,0.0774465897739083
921,0.02675637435226418,0.07256026674332774
922,0.03244954635473815,0.06893831394370038
923,0.018805377068564437,0.07130392429822668
924,0.021453238492335273,0.0741996133237853
925,0.02499119121125873,0.07620792981601299
926,0.02528794902759286,0.07153467895617162
927,0.04063424919396172,0.07860908821635976
928,0.03281169300636154,0.13485577015350936
929,0.06265235208792373,0.0823313795160829
930,0.02989558027736072,0.0733585819639359
931,0.027114834227718904,0.08038258289260075
932,0.02846578628899162,0.07469222879499421
933,0.025830977342345497,0.0721000784583259
934,0.02182006769956653,0.07256974165974404
935,0.03463237848845208,0.07457315322375835
936,0.025789904305974144,0.07154735398098341
937,0.022844898540725155,0.07483232293959548
938,0.03342316024659382,0.07451603387979637
939,0.02248786010875784,0.07006351252023439
940,0.022864569451508103,0.07038943028838414
941,0.032642551519700726,0.07485738725291756
942,0.02329961614548973,0.07703931758502372
943,0.024212382955704364,0.07066735798927178
944,0.02301462440164672,0.07551014180619615
945,0.025256094735898193,0.07683123427823671
946,0.024178661493625388,0.0734361674365842
947,0.03240786023367909,0.0807818832776899
948,0.031042990557919474,0.07543955444542687
949,0.02794984291923644,0.0713537411022007
950,0.03557997306102309,0.07470541529562838
951,0.027258580100947415,0.07268150826743372
952,0.02481846448886544,0.07059656475719653
953,0.024445118143173593,0.07674410421970793
954,0.025028216620457584,0.07056982917967894
955,0.020986523450028185,0.07699801825117647
956,0.022275959296286292,0.07075190555332299
957,0.024236596729548,0.07253560571368774
958,0.022095869636881316,0.07701783982061204
959,0.023719928411293927,0.07297600187678684
960,0.02269465232787648,0.07210373219317362
961,0.028714060561503735,0.07280380439414715
962,0.025202933774799763,0.07277074467418786
963,0.020443923362650468,0.071897899951403
964,0.021438378887396994,0.07330349250171418
965,0.02269207195708744,0.07184016540235744
966,0.020670515587290626,0.07269404445749178
967,0.02767288891546031,0.07487658779125166
968,0.02966456340631721,0.0760079483153826
969,0.023720761261833687,0.07320372187030644
970,0.02787064225485893,0.07818037314447843
971,0.02204332616892541,0.07206397895750247
972,0.024330686188089812,0.07117210328578949
973,0.025558065926673645,0.0791918648813004
974,0.023509352067981767,0.07109205712351882
975,0.024339455515613378,0.07216139085460127
976,0.021002413845127653,0.0739892499526043
977,0.02417628806329633,0.07493200395863157
978,0.032795372743124496,0.0801421986113216
979,0.027645091219662125,0.07135866326571706
980,0.04225108060156664,0.07197134814839017
981,0.0237424818968231,0.07465249977837828
982,0.026633241310201842,0.07397526915285521
983,0.023162825167365956,0.07336099014470451
984,0.02207911545323167,0.0721780589984772
985,0.027776144853673385,0.07251311646293578
986,0.023268020434486083,0.07803758157225779
987,0.022886106020370993,0.07362161554340133
988,0.019274775905178444,0.06989613954061852
989,0.03138378858099163,0.0720167308672329
990,0.026040036523230024,0.07307956253824975
991,0.020713411201503957,0.07201951338832539
992,0.022591685963835463,0.07899928897768632
993,0.030186103925482606,0.07869665199577958
994,0.03187297467364226,0.0697803737077498
995,0.023832901173671213,0.07468329851788685
996,0.02137917741479171,0.07409353093022392
997,0.02181929445075204,0.07173061266280058
998,0.0317189854724467,0.07163787089792409
999,0.03416580100161341,0.07605954969213122
1000,0.02568565476043471,0.07186025623839003
1001,0.019370498159041974,0.07210003776956621
1002,0.025735050089493814,0.07121559872961881
1003,0.03642509070730134,0.07360817424784925
1004,0.03875519052661698,0.08160425767414552
1005,0.025037577965509927,0.06894471854867792
1006,0.028799250307361534,0.07236029259991228
1007,0.026246920134580246,0.0704979779464858
1008,0.021095543550940517,0.07287523813340299
1009,0.02209364483862835,0.0774558413969843
1010,0.021145282237320484,0.07018417021012247
1011,0.025037519201683026,0.07392925085653936
1012,0.03046458473481635,0.0698460612007251
1013,0.01928698849575273,0.06901944361459043
1014,0.022865963329015106,0.06965240748379763
1015,0.023289158011912177,0.07959355593175817
1016,0.023737205916484323,0.07189373869943738
1017,0.022546790773778875,0.07349312124321036
1018,0.02899406215053367,0.07697912242104833
1019,0.03145426031797657,0.07723242623316016
1020,0.02443209248463562,0.07420208176275842
1021,0.024790099363622246,0.07259552438456313
1022,0.023935336759751867,0.07713358602801659
1023,0.02177986864082305,0.07267084357359056
1024,0.02336839949682962,0.07342882045453653
1025,0.021612150004851782,0.07406753878620334
1026,0.027020951505271618,0.073424089130453
1027,0.02109009965226568,0.07632057811308623
1028,0.027819890575629416,0.07236003259518989
1029,0.018811431535312374,0.0743678669844355
1030,0.023534776491104248,0.07314196047851615
1031,0.025147160988149224,0.07194019762570397
1032,0.027043085971549388,0.07383537031056588
1033,0.023962729899533863,0.07461230725722205
1034,0.028934084492090353,0.07423120242237746
1035,0.026987470137568477,0.07458726770447609
1036,0.02738734449151915,0.07261946647985836
1037,0.02892165370635852,0.07281134173012617
1038,0.02233835009618613,0.07414333720255017
1039,0.02632695999358515,0.08578131349761982
1040,0.024728121574629437,0.0707782518893555
1041,0.031276124006948874,0.0776624841834967
1042,0.025305678665077425,0.07680564952598777
1043,0.03140284751649934,0.07257993256014988
1044,0.020335086542517415,0.07024344686129338
1045,0.02919987053099471,0.07384296613080162
1046,0.028035216360443437,0.07642582493990585
1047,0.029966807711087052,0.0840571971801588
1048,0.03478964006522419,0.07326004934266098
1049,0.03331509953639163,0.07491617442521833
1050,0.026863486614066606,0.07402046506566212
1051,0.025374135288605496,0.07239907645716105
1052,0.027026212648678348,0.0750392537031855
1053,0.03111201316865634,0.07057567415082067
1054,0.02177055849223675,0.07366452186851573
1055,0.02018483722331382,0.07033114174478933
1056,0.027682045746162582,0.07676819297380018
1057,0.022920139519305063,0.07192996691417575
1058,0.02409501389533188,0.07274983141730006
1059,0.019753180692398623,0.07195561136443514
1060,0.018983218871454086,0.06997100267568626
1061,0.02445335564171446,0.07578148761936895
1062,0.0316693876405775,0.07391125296142168
1063,0.021507910823560433,0.0749127142747542
1064,0.025002233316205137,0.07212569967920619
1065,0.022555832853278023,0.07505850213810913
1066,0.02446791616072849,0.07057823642229377
1067,0.022668827838938813,0.0731981855847483
1068,0.02416699793668563,0.07395385573606443
1069,0.026686761428990333,0.07598309831362321
1070,0.02640140710579564,0.07355132506679472
1071,0.02075950825604432,0.07062305246752903
1072,0.020267461791494423,0.07690892809241039
1073,0.02730829485613257,0.07414286589263973
1074,0.023128660897896582,0.07532725494382973
1075,0.02661952231558139,0.08030392063366142
1076,0.027219827231428465,0.07435345565690134
1077,0.02873520710765381,0.07661809757314529
1078,0.0214082298706925,0.07462625332494129
1079,0.026599601915450678,0.07318576922019322
1080,0.03179303926874104,0.07449875867232345
1081,0.029087729588571386,0.08743543075140855
1082,0.03093947622002479,0.06987921226965754
1083,0.03869847236872653,0.07767191725341897
1084,0.024373328926327834,0.07254258655291751
1085,0.030799160801971967,0.07482157985593442
1086,0.02014372692820047,0.07106674625013108
1087,0.03187272787024048,0.0794399193018899
1088,0.02903427678192484,0.07393823638745119
1089,0.020510453100208204,0.07080894010258199
1090,0.020508518997217794,0.07399026110282816
1091,0.02137187621658405,0.06857707805203316
1092,0.019326292909681797,0.07349318008225664
1093,0.02603496596520784,0.07289088091679982
1094,0.02165363850451562,0.07124149909518417
1095,0.021820704753402632,0.06975645008018441
1096,0.01940274135819797,0.07231798629862324
1097,0.026737938141654653,0.07569653664092373
1098,0.025664375610299245,0.0764635400029651
1099,0.020203717175555826,0.07324242614265672
1100,0.02889619544615566,0.07751537893051491
1101,0.02636266850098547,0.0710640574681729
1102,0.01916397370538181,0.0712309630965828
1103,0.02208090918051038,0.07035093403475028
1104,0.0210663710887249,0.07320388660469748
1105,0.02711904680116984,0.07240904946076243
1106,0.01949941227942425,0.0675426696550876
1107,0.021846657525456063,0.07460031404456399
1108,0.020075261195812107,0.07111257086869768
1109,0.021530797778041944,0.07915363316996056
1110,0.023031737404323672,0.07557444238946551
1111,0.02447591253722723,0.07466517878056768
1112,0.028007094336667777,0.07242138993769959
1113,0.03214411593413091,0.08038433165030372
1114,0.024895052136532193,0.07155647855205345
1115,0.02098900197967186,0.07067427268825975
1116,0.03218213891534596,0.07361830722419242
1117,0.02322472382021548,0.07686915894722879
1118,0.026369122934285377,0.0737684187210891
1119,0.018937227073881693,0.07076402761060792
1120,0.029349688090220514,0.07551825203393635
1121,0.02590208666159722,0.07342263206578138
1122,0.02630772780872251,0.07656790564457576
1123,0.026797960608683783,0.07371009045973756
1124,0.023681430566507074,0.08444388123009737
1125,0.022012388000854505,0.07513427556980223
1126,0.023615197964643238,0.07395268099051072
1127,0.02380597554030463,0.07520295397604916
1128,0.027715982355434318,0.07315512285346076
1129,0.020960244826014888,0.07687791752486599
1130,0.022648394790983125,0.07772506775339146
1131,0.02399518578473864,0.07454319908878856
1132,0.02128457684992436,0.07204885289707877
1133,0.020099067885346922,0.07225120427987929
1134,0.02168821068159465,0.07112950966098255
1135,0.02658097893817111,0.07958755561881196
1136,0.02631495501787685,0.07482594160134332
1137,0.02350488087296673,0.07407068158674956
1138,0.019788090489968237,0.0732745671070608
1139,0.026948795294780344,0.07687716533366899
1140,0.020768718245121005,0.07419039409859736
1141,0.02166238887568346,0.07095634569425631
1142,0.03038800012635587,0.07402897614957694
1143,0.02315750046046363,0.07199490850880033
1144,0.024195957508487013,0.07858305402044066
1145,0.04895108472263925,0.08085911013279344
1146,0.02717425132339651,0.07220509586701716
1147,0.024690492026110802,0.0748979571767917
1148,0.018329234507670596,0.07129346700688652
1149,0.028840253894512183,0.07181720196603235
1150,0.024218048176328215,0.07747605739903629
1151,0.024817116938087632,0.07322630431867183
1152,0.02496886120227437,0.07639818100776888
1153,0.02450758774639297,0.0736269715211744
1154,0.023093167575642608,0.07391088920876496
1155,0.021860876806710956,0.07558788220983997
1156,0.023786295684153757,0.07137789993656608
1157,0.025284267167873145,0.07129186208833728
1158,0.01945924257923817,0.07490383514336177
1159,0.021129852814780883,0.07293888711764998
1160,0.01915093372958394,0.07212087687543758
1161,0.025417460986999884,0.07594778394340572
1162,0.02279926094352078,0.07226807943412236
1163,0.018349465870278008,0.0704708261261309
1164,0.017467233133400123,0.07236060937096302
1165,0.044115365275581804,0.1053528190966238
1166,0.03900699004484195,0.07814530313089676
1167,0.03446429320917608,0.07788056396601493
1168,0.022052588811301885,0.07535783412462488
1169,0.03015940059501923,0.07128123965179711
1170,0.020069867547683206,0.069072564237548
1171,0.021080965964491466,0.0793095713383273
1172,0.022489213340895303,0.07107481082205784
1173,0.03195965149933268,0.07151922880482853
1174,0.020594597849586168,0.06872706225417312
1175,0.02034987909223032,0.07242395463668015
1176,0.0203382755720223,0.07193744821207863
1177,0.020955734194306,0.07096822492610243
1178,0.02580714813757653,0.07071451551483986
1179,0.021312221259953086,0.06945677863475971
1180,0.03140922750822242,0.07736808707690179
1181,0.017801692902014173,0.0707540307053946
1182,0.01942649895331142,0.0687381610983894
1183,0.023045203155110997,0.07406222543919594
1184,0.018686380832920253,0.0688488287547776
1185,0.020973328068899136,0.07460051367904309
1186,0.030798515497610486,0.07271743550859298
1187,0.020064259712879187,0.07665220112131353
1188,0.022673509320168286,0.06849616648335206
1189,0.017639662801845694,0.06908691073195976
1190,0.019045123684462335,0.07072121877792784
1191,0.02328220996013069,0.07154793953312967
1192,0.024253123664650423,0.07251162462888804
1193,0.023827129572069384,0.07113501308182427
1194,0.02865791110596313,0.07374816059244606
1195,0.03119026723560121,0.07493794515243449
1196,0.03526842936896792,0.07379179774669178
1197,0.029790290389034815,0.07323653191178664
1198,0.022303723201716207,0.06978180828996769
1199,0.019307141773239198,0.0735745488813049
1200,0.04365366933207527,0.06877820098534562
1201,0.01869741633394295,0.074095728571403
1202,0.028421355183688823,0.07396839700994037
1203,0.03138458127371944,0.08053036491599
1204,0.042340514177111994,0.07267137913775623
1205,0.02635925109016484,0.06836897881706257
1206,0.016203945388778063,0.0677032952656722
1207,0.02698216567160474,0.0700733279039089
1208,0.018632457898141448,0.07139343013963603
1209,0.02601660671862876,0.07198939741330039
1210,0.026798345481387126,0.07425482795202643
1211,0.021921628169411775,0.07433771384987317
1212,0.02183268160842429,0.06873073955451635
1213,0.02317966288977469,0.07711838940181828
1214,0.02442985074740592,0.07365026323120098
1215,0.02097838508041114,0.07039472933177064
1216,0.02176985850551846,0.07551158393236031
1217,0.020434582956298766,0.07217361884457725
1218,0.022457625460008096,0.0706424964661885
1219,0.023873846213038438,0.0723154283032979
1220,0.018803719285186555,0.07071517529269508
1221,0.022033358354787095,0.0758199882238431
1222,0.01903043442980903,0.07453366716329317
1223,0.019824534952406974,0.07158419245242476
1224,0.0224207320125032,0.0711363256164362
1225,0.01640234432740832,0.06841729586957988
1226,0.021041307913659133,0.06995371549873423
1227,0.02260217981465558,0.0708210437108102
1228,0.01801369314703822,0.07254160501828469
1229,0.021153521691930705,0.07321207167436007
1230,0.018101341923155753,0.07144844397566372
1231,0.022767229332679117,0.07799646107101799
1232,0.019846367570907346,0.06986441339989354
1233,0.01984135826997062,0.07560302158420845
1234,0.01936034371545042,0.07386811938426249
1235,0.027353144551519316,0.07342085302025453
1236,0.018386181315471387,0.07015291089775569
1237,0.01930648245816601,0.07136785265123635
1238,0.017938828685534036,0.07043684374793131
1239,0.01742426186893427,0.07377140593708009
1240,0.01816217821722027,0.06947827257010572
1241,0.020226007257369245,0.0744853987169445
1242,0.021674024998020604,0.07274678190773293
1243,0.024399451993195615,0.07570491572445198
1244,0.02067142612881795,0.07410651338951928
1245,0.022673011941362325,0.07228986397945791
1246,0.020363129868075765,0.07234365143871546
1247,0.020009821018081474,0.07494267487062846
1248,0.02509140817092317,0.07350517652536694
1249,0.019426064051944632,0.07400952849098316
1250,0.020851356902839995,0.07750831116784486
1251,0.020299679047915627,0.07726513670948812
1252,0.02982720389354939,0.07984624033733119
1253,0.028203770868643698,0.07665989717893433
1254,0.021077159103181295,0.07432619693285242
1255,0.03294980656180449,0.07370202009913915
1256,0.018350654646614128,0.07052746726979588
1257,0.01668599655495542,0.07004707437335399
1258,0.029038322225306477,0.07606503852925504
1259,0.02163070841432552,0.07221839513470953
1260,0.017593642305524373,0.07108914872682781
1261,0.019408957162714305,0.06958379006400742
1262,0.029037586334497205,0.08079608860320615
1263,0.02315341803277361,0.07126703428893459
1264,0.017750135579126008,0.0759319389673104
1265,0.01924462515428709,0.07472034730484013
1266,0.023548139773052316,0.07494406288204934
1267,0.018363212060101542,0.0707354562585814
1268,0.018925799033531573,0.07601118655431838
1269,0.020948998916158482,0.07415280782414559
1270,0.0232597387112607,0.07316422271997408
1271,0.022016664050215837,0.07159603097683803
1272,0.018680578430524813,0.07046625692219961
1273,0.019257738310434976,0.0730491886498934
1274,0.024008069453077818,0.07568637487060743
1275,0.022479669053726434,0.07188650291590463
1276,0.020094830496090708,0.07222774262565718
1277,0.016432290739119986,0.06922186735578648
1278,0.019116217866072833,0.07449482741735335
1279,0.024520027676019174,0.07031342624348208
1280,0.028134997507855062,0.07523799515831142
1281,0.019779288820151626,0.07167556906179677
1282,0.018534568094627984,0.07308520537271236
1283,0.023175070838868432,0.07486121335946827
1284,0.028774991219857455,0.0706082884978531
1285,0.025071310609298812,0.077081378147865
1286,0.03942370522171726,0.0752672558477648
1287,0.029001772783252885,0.07198399195172135
1288,0.019794156512122917,0.08900077159243419
1289,0.0225973518501068,0.07524309757359345
1290,0.018050845286175374,0.07036819579756648
1291,0.0203868966129226,0.07682807474656213
1292,0.023249041703661034,0.07392571873981553
1293,0.025850546152147005,0.07608926111370101
1294,0.022171954895868946,0.07809492215551529
1295,0.04988491511830716,0.1010015513887979
1296,0.042849946113122296,0.08891132188246663
1297,0.038225476942419255,0.07474136707328614
1298,0.02266978627205082,0.0752748448523065
1299,0.041154839273623914,0.08863288029692226
1300,0.02929169211104559,0.07412992905181154
1301,0.021417991389581777,0.07169630393423233
1302,0.027522334685917,0.0694306811555884
1303,0.017685194485193137,0.07044023432229694
1304,0.029338227246295322,0.07272731152393465
1305,0.020574075406341343,0.07040019548103624
1306,0.018520280350945585,0.07388961246064432
1307,0.01752317128673803,0.07236201360933762
1308,0.02005536527282392,0.0701370368475902
1309,0.0252933694943085,0.07102272790252116
1310,0.025887860198356327,0.07254995993877712
1311,0.02036679214958487,0.07375003797069826
1312,0.03138894282374823,0.07344793698243927
1313,0.02106261370721095,0.07012905176719628
1314,0.02352619478274662,0.07672257450663655
1315,0.017750831644947066,0.0703211664257193
1316,0.023815090420617954,0.07214935448832978
1317,0.019510477641159464,0.0696516811175454
1318,0.01711488842707256,0.07032692617267594
1319,0.017714690586382694,0.07366805075478733
1320,0.029554287613979702,0.07410496604024318
1321,0.02163719194342724,0.07318753002206783
1322,0.02099367728030607,0.07255437505200393
1323,0.02393496897200058,0.07581524141973123
1324,0.02321768286973705,0.07293050043415605
1325,0.018313022718697693,0.07188711145467926
1326,0.019239307976792037,0.07119810112511604
1327,0.019812926369774678,0.07048051886465914
1328,0.016216745346107266,0.06881070620658104
1329,0.018983737661920744,0.07140235994991503
1330,0.02447773570480952,0.07289897282619524
1331,0.019695854252408666,0.0721030071900602
1332,0.018037356745720285,0.07023808509484868
1333,0.019111939300096893,0.07578459109429429
1334,0.02266475381942752,0.07054635243756431
1335,0.020277008606955922,0.07134375112472023
1336,0.03547563357132729,0.07347227597520464
1337,0.02212761108964962,0.07256513094543514
1338,0.021664449983045786,0.07134514302015305
1339,0.023769931575768045,0.07022907738025326
1340,0.0186960465861572,0.07159911960662159
1341,0.02087759169338265,0.0713431136425874
1342,0.026990948659499237,0.08187888646708395
1343,0.019219625665336193,0.07052235071895116
1344,0.02202905568828497,0.07016566998901821
1345,0.02106279849445558,0.07150297666103918
1346,0.01853088806251934,0.07332516870552436
1347,0.017865788816331322,0.07152040833070464
1348,0.018533703967415053,0.07115472862520314
1349,0.015998650494040367,0.0751944997144821
1350,0.01907201969651593,0.07749218710308385
1351,0.026791332534815075,0.07470743531795372
1352,0.01903279311954975,0.07331694664438267
1353,0.024819468980112044,0.07023698253963227
1354,0.01897128954015929,0.0782585306312506
1355,0.021921869127961534,0.07879013838923365
1356,0.03559886195863302,0.07425714300987415
1357,0.039440484647420136,0.07559121990188919
1358,0.021917864995596923,0.07469663212547326
1359,0.022599594982860603,0.07349792894041329
1360,0.01977279264666724,0.0687797502206083
1361,0.01694622244043597,0.0718648394098258
1362,0.01844471348537173,0.07354300347784706
1363,0.02722410351435032,0.07164960974514634
1364,0.01883954129716072,0.07153467561368058
1365,0.01802207938275741,0.07377085859016667
1366,0.024510385322626855,0.0705218926669661
1367,0.018251980722043957,0.06870077206825553
1368,0.017277942319345138,0.07508628934920582
1369,0.020158789940995857,0.0721214608777137
1370,0.017556354689607426,0.06993390965207777
1371,0.021784941111121992,0.07125657987325712
1372,0.018759456530306782,0.07690824133187607
1373,0.018626266343046132,0.07414707089575909
1374,0.01854314134225576,0.07695400472123522
1375,0.024365148407795398,0.06954911168207202
1376,0.022012551014419634,0.07736337179304066
1377,0.022792129733579285,0.07294913681975582
1378,0.020326201637570387,0.0760745809863982
1379,0.026742898155482586,0.08235764303676467
1380,0.020841654734598432,0.07383045419714504
1381,0.023495327167469878,0.07337413954182077
1382,0.06982976811292776,0.09213612910201376
1383,0.04839226848162641,0.07694545287386816
1384,0.021366002435174107,0.07365063620838605
1385,0.0248896913970806,0.07090381135169725
1386,0.02101206145363168,0.07183081587603815
1387,0.020998605418961997,0.07251983684928794
1388,0.01952266757636328,0.07025215993250224
1389,0.01606087533459301,0.07055704258288954
1390,0.017898282520823344,0.07128298740115083
1391,0.028475023677636838,0.07324439057506117
1392,0.023099081690034898,0.0711364791282735
1393,0.01662383105337246,0.07073017519742325
1394,0.030633560402266283,0.07149848864789594
1395,0.018960555174554403,0.06957590432468812
1396,0.023913374783757338,0.0750273231388931
1397,0.019652262213274978,0.06725264884027324
1398,0.015649946672158743,0.07083480947074436
1399,0.018650461303589858,0.06906925449918087
1400,0.017423534275362484,0.07101109263517504
1401,0.025054890992335953,0.07459791630207745
1402,0.020958598452068423,0.07893476493301846
1403,0.02514270975380015,0.06837145612577449
1404,0.016311307212915915,0.06889971833031877
1405,0.01631874311423414,0.06851396326881304
1406,0.016650330695706102,0.07078190756620918
1407,0.016929733803419857,0.07859691017701811
1408,0.04710678860755363,0.07559670827218465
1409,0.030397304508916822,0.07013585702294395
1410,0.019977191212035273,0.07281367587191719
1411,0.018837561331642647,0.07018832109849853
1412,0.018489630603841668,0.0704746897096622
1413,0.020337719227943488,0.07359652353782103
1414,0.020398558324734244,0.07240691213380723
1415,0.01701488790210325,0.06912614115721599
1416,0.0257259107904281,0.07466505822681245
1417,0.017585134311786453,0.07112199340697219
1418,0.02745536663408937,0.07776384828682233
1419,0.03663699339409607,0.07455983899888538
1420,0.017855064260268286,0.07013972540547077
1421,0.017710248922175934,0.0707339439961247
1422,0.030417491725666396,0.08146157642280248
1423,0.022109033131160333,0.07444136266720325
1424,0.020448352254016273,0.07382471314199586
1425,0.020244117510916673,0.07410834438370582
1426,0.027521037265985364,0.06927150437482317
1427,0.015259299704624007,0.07221460999701555
1428,0.015865073285319588,0.07333510406408693
1429,0.017286226982513565,0.0721765874247802
1430,0.02632814024496228,0.08388055608908933
1431,0.02847194131522156,0.07882406387039295
1432,0.020798654677959445,0.0722079011506604
1433,0.019316874999190946,0.07171682203025148
1434,0.018122988282980215,0.07184531384691559
1435,0.01633184948544891,0.06962577806304869
1436,0.022610147857343704,0.07014313764067222
1437,0.014852787327126462,0.0708292208443907
1438,0.021046885128678947,0.07416725866403197
1439,0.01996985154932943,0.07042689404840159
1440,0.03155425004077182,0.07354765396593209
1441,0.023334164513993227,0.07185561275273039
1442,0.0204824229036706,0.07027780574590042
1443,0.017097508429686853,0.06897039123271641
1444,0.021607230759012663,0.0733844545065311
1445,0.023930173962841212,0.07057809461851168
1446,0.027045020211756605,0.07073933233443956
1447,0.01757685443660869,0.0724743119905467
1448,0.017371772438124242,0.0719868021837452
1449,0.01964019578779379,0.07544664405566409
1450,0.016861858608370476,0.0695239088514395
1451,0.019959549533442644,0.07118413688843711
1452,0.015498025418729244,0.06846581472265989
1453,0.017865337040216946,0.07174941163538094
1454,0.0256735748117994,0.0709333214955521
1455,0.01651230960687313,0.0727431424204867
1456,0.017416447798099637,0.07315616757798016
1457,0.018413115491313994,0.07345364470604368
1458,0.02304409631180539,0.07308880148226754
1459,0.018502224458609256,0.07355759886646629
1460,0.016620350046941665,0.07045072698055353
1461,0.016899074191303463,0.07708015462808442
1462,0.020201623661671313,0.07124555478792143
1463,0.01791714526549402,0.07249532804303899
1464,0.017773125638899198,0.06920241108887776
1465,0.017328858819314306,0.07614997763158683
1466,0.021745798607184594,0.07350478607012813
1467,0.020283939760633772,0.07403602555655596
1468,0.019799933649109074,0.07179744696632065
1469,0.01914118166697623,0.07096563333780843
1470,0.025295299901203674,0.07627647568035245
1471,0.02581134094012942,0.0816908333833355
1472,0.02360930924995753,0.07030700036980454
1473,0.03644309052759577,0.07418633091793324
1474,0.02210525380079649,0.07155886001156685
1475,0.019855806096033615,0.06816905884440978
1476,0.019272707029009312,0.07497841017063997
1477,0.016300040959938193,0.06911879817121908
1478,0.019011141889988443,0.07500654899685603
1479,0.021614324494168675,0.0694188024839363
1480,0.01774196200026053,0.07354109654002321
1481,0.014905950749368877,0.07332628496682136
1482,0.018525469254083396,0.07277646298545942
1483,0.022309934492675487,0.0721634493249102
1484,0.01764438569043591,0.07225198832744345
1485,0.016824808482629565,0.07214797814761785
1486,0.019224288631055422,0.06892097748834687
1487,0.01950873835099902,0.07170509169797849
1488,0.016552053079546245,0.07134535744375453
1489,0.016235811051950558,0.07003028149294076
1490,0.023825886294385857,0.07952973313797686
1491,0.027920557892528074,0.0717330715411289
1492,0.023938980198765995,0.07072039428435471
1493,0.015593537506078104,0.06902750082930229
1494,0.01723015875056339,0.07359546112984344
1495,0.02326873072122332,0.07133823691080686
1496,0.016678223818493862,0.07205512120684884
1497,0.01876984314181401,0.07061160744207545
1498,0.017419522260330313,0.07577929873588987
1499,0.019866633226038148,0.07236321914688985
1500,0.032906024871528335,0.06911223648783557
1501,0.01824974357719799,0.06984124717332964
1502,0.013903772849647977,0.0685677340903079
1503,0.01629833006781751,0.06929049293573637
1504,0.02335706267937971,0.07626212610487353
1505,0.017938096654312365,0.0694221262458273
1506,0.03330159303513253,0.07040171302798995
1507,0.013343234759606538,0.06990705230705123
1508,0.018288787139059983,0.07358213428193167
1509,0.032808875530771324,0.06920540997557771
1510,0.014985900515322588,0.07050741454563045
1511,0.021338531169398076,0.0774785179579467
1512,0.02720194328050815,0.07841328744377409
1513,0.019961065244875544,0.07113919472485258
1514,0.01891128288517738,0.0722900006107818
1515,0.016728037413571695,0.07518160401056882
1516,0.015724101322805245,0.0699264595383092
1517,0.04508133843938198,0.08134938879195311
1518,0.027682113461196423,0.07405461923669752
1519,0.02259096078761506,0.07547520031979807
1520,0.01921151214655851,0.07282434409498272
1521,0.019850132589850307,0.07206247354808606
1522,0.01701604724981381,0.07629601562157609
1523,0.016361757969851592,0.07213747318376575
1524,0.017518714759323664,0.07216464291165646
1525,0.023120005536228887,0.07281074000704557
1526,0.016867091841295034,0.07175991417172559
1527,0.014416447966169787,0.06743254129749193
1528,0.025415675860587333,0.0744789002981401
1529,0.01629830732194234,0.06923707707185195
1530,0.013820364831897159,0.06939268403483513
1531,0.020187251818684575,0.079303900606202
1532,0.016357015952654767,0.07147881564191708
1533,0.018102644297489926,0.0689239014584319
1534,0.018909070232071473,0.07219386347254417
1535,0.02132494723698749,0.0744858744710609
1536,0.018900544134473726,0.07025451340098728
1537,0.018242372310834244,0.07688480583871517
1538,0.028064843252604846,0.07422334954777457
1539,0.017574008565898226,0.0743564363746416
1540,0.01941911349814607,0.07099770065537073
1541,0.016670899813101395,0.07167870607367136
1542,0.018264141354160997,0.0782492200944358
1543,0.016637878685161984,0.07617543114904772
1544,0.021778639954833028,0.07056190306904322
1545,0.01721275861150232,0.06887840726097724
1546,0.01591894204865522,0.070472725034507
1547,0.016328220535945556,0.07042255037858672
1548,0.018831068825058427,0.07173012167140655
1549,0.015499779960391664,0.06972182166755647
1550,0.015892001499529917,0.06979130430702578
1551,0.016620578582991253,0.07269665996607085
1552,0.016898497828168556,0.07268508376184861
1553,0.0249761303355421,0.0711506039725808
1554,0.01489548177274417,0.07074558716220665
1555,0.01543758836134007,0.0701346749201753
1556,0.014448928889062337,0.07237960431808815
1557,0.018429085483838772,0.08204259557234016
1558,0.026723301260028514,0.07391368931995
1559,0.020653364610592587,0.07189229281997322
1560,0.0274406539620744,0.07198181524312586
1561,0.028941404751755974,0.08702325163628523
1562,0.03349683157001917,0.07258331073555432
1563,0.016113631681285122,0.0704299038962314
1564,0.019437200570811858,0.07234069058919013
1565,0.01860260973658214,0.06873098753374023
1566,0.01507293446672654,0.0716158779977557
1567,0.018183660392757494,0.07490797652711247
1568,0.01764795931529102,0.07208813345970068
1569,0.019864980452533425,0.07170455938293821
1570,0.015605334671313486,0.07210597724544075
1571,0.01806450603080207,0.07056337580047455
1572,0.020331014855691817,0.0735342808273203
1573,0.028114291964840367,0.07727182387633431
1574,0.01962171305484813,0.07734214549972898
1575,0.01792217144701735,0.07274372063409117
1576,0.02096091375210349,0.07260125914686605
1577,0.017300370584320872,0.07197238323757224
1578,0.022612526323821477,0.07383769125045093
1579,0.017815842278605346,0.06918514226761677
1580,0.014332730013608559,0.0684161028617008
1581,0.014165582751335582,0.06995559093498048
1582,0.013923033890912899,0.07240877438682064
1583,0.019313043228651287,0.07182054677254573
1584,0.026189077312716497,0.06989570107675136
1585,0.03094113782795619,0.08767813188315633
1586,0.024424393547459455,0.07052826018709886
1587,0.014275599090049633,0.07392817194151101
1588,0.016460839098430352,0.07056741175570883
1589,0.016698246348801078,0.07161780336596314
1590,0.014933544047597247,0.07237011709607634
1591,0.013258925145696323,0.07119707143246978
1592,0.014413118695250499,0.07398953511003863
1593,0.017352819842721415,0.07159112517098735
1594,0.016603851036918946,0.07625913836603475
1595,0.01803059819326692,0.07607783309947279
1596,0.019995427021879387,0.07308647944066758
1597,0.024012024931866546,0.08748716071136016
1598,0.023588160718543028,0.07049628468533806
1599,0.021115244485928348,0.0729888880013822
1600,0.021315839932793547,0.07035099556272789
1601,0.01594772086796996,0.07049952169184696
1602,0.019079099254548364,0.07709538303595737
1603,0.020941882321266547,0.07054424011393597
1604,0.021218183552583557,0.07348099782278664
1605,0.01976900125582203,0.07029045996884056
1606,0.014250214643729704,0.06958364557129398
1607,0.026476436764655817,0.13864484324789883
1608,0.06506260466939977,0.09419887115184526
1609,0.030964107238059882,0.07686072507672441
1610,0.02760941413782981,0.07218431227637413
1611,0.026471932923719053,0.08067335912906437
1612,0.03236754499025479,0.07395055994652865
1613,0.02004747495615744,0.0715180743382987
1614,0.016125488296431435,0.06906526832652271
1615,0.025389034452856896,0.07008421949500727
1616,0.02353279165292982,0.07755276510365923
1617,0.027617098635126805,0.07023741480401882
1618,0.024528140330622936,0.06997292277806982
1619,0.019976991298827445,0.06939918077305744
1620,0.02520813572813164,0.06952739213791706
1621,0.015763756194294994,0.06866469594619627
1622,0.013189438917326704,0.06927928924187084
1623,0.014314129569080182,0.07023212444363978
1624,0.014449160440962143,0.07399398176218931
1625,0.017469450215397395,0.07048265438032031
1626,0.013673960336346798,0.0694282135382332
1627,0.01503123035858791,0.0702367487146442
1628,0.018613274801861156,0.07851924620251309
1629,0.018157996929201024,0.06827387103535477
1630,0.015221872410757415,0.07048155344966658
1631,0.015543489170999363,0.07093206163785212
1632,0.018070995474823964,0.07313355848305207
1633,0.02010076385586987,0.07267080432266221
1634,0.01515972765518767,0.07264729985094309
1635,0.022929519607589162,0.07388543311441154
1636,0.0159909253834884,0.07113972647969884
1637,0.01871576862041853,0.07156623808438317
1638,0.017368197003175097,0.06931023762787793
1639,0.02564611447665572,0.07343557786971405
1640,0.01770650883873802,0.07317540951465305
1641,0.016951751664607877,0.07291752861854725
1642,0.021508599313262114,0.07221062755898426
1643,0.022297569360805902,0.08606896317916407
1644,0.02415520795927526,0.0729547039159856
1645,0.028664302346544768,0.07436816605335489
1646,0.01872143105583318,0.07088005563295574
1647,0.018128144946007705,0.07545886226091768
1648,0.01957497824870961,0.07138505701283764
1649,0.02430599938412445,0.07100992608712729
1650,0.01784571423706216,0.07642255635712679
1651,0.022445415511587196,0.08143360296586402
1652,0.02913872622607457,0.07467619290477351
1653,0.01810391330186476,0.07449622340220258
1654,0.03539481378951603,0.07776778193195362
1655,0.01920619330202524,0.0760640166793252
1656,0.017857457227934866,0.06915092197501271
1657,0.018492324981359665,0.07117627777700734
1658,0.016783136004424395,0.06946417508194022
1659,0.016772424253316882,0.07062430085992455
1660,0.032835078919102034,0.07158920400423513
1661,0.018965222315167934,0.069876709434771
1662,0.028745681149622303,0.07192408159039074
1663,0.014278457248962971,0.07099634799219313
1664,0.01696250463622771,0.07270231936360362
1665,0.0165951419621706,0.07457057341821212
1666,0.017257802737263676,0.07449525637659513
1667,0.016992224940919204,0.0705048412009887
1668,0.015943038543003107,0.06839304633980108
1669,0.02283095739501584,0.0703086733519284
1670,0.014908724718473175,0.06911737156242954
1671,0.0191921109164303,0.07391752450164397
1672,0.01705018795302669,0.07282222555320066
1673,0.018776205914287733,0.06968898520359121
1674,0.01627144205521173,0.07027463616807957
1675,0.015881768357721055,0.06871262213266582
1676,0.01739402848725035,0.07372403469748963
1677,0.02001617489189937,0.08636087845814855
1678,0.023476594737891494,0.07518565044143147
1679,0.01909778256926884,0.07008892094207587
1680,0.02619872202507007,0.07253100188976541
1681,0.02159325754544391,0.07154619613461626
1682,0.017865241817592827,0.07266054827169069
1683,0.026188574550340543,0.08436335781985954
1684,0.028580730418940322,0.07290421463642503
1685,0.019784282945493545,0.0725049000597538
1686,0.01564691240861311,0.0697024149218
1687,0.013247213656298792,0.07048436844333969
1688,0.016061231891002774,0.07699920216523914
1689,0.016777787818850767,0.07187248387357645
1690,0.023830498460691924,0.07215827966767147
1691,0.016546036411649007,0.07008348890862669
1692,0.015191954864206545,0.06925234248987715
1693,0.017206745338991143,0.06905046691721245
1694,0.01544162311348889,0.07067341364938813
1695,0.015259994310691813,0.07047762544382186
1696,0.014255630468430003,0.07014469989110951
1697,0.013778015323053333,0.07269538063229176
1698,0.018517179408790923,0.0701587625538795
1699,0.023988089620553214,0.07179471084796696
1700,0.020105497053237543,0.07811898573822246
1701,0.019672028451784278,0.07181412530572791
1702,0.02547571816274365,0.07478167768334386
1703,0.027852414602115984,0.07516814017654362
1704,0.02580223794220757,0.07265250382940273
1705,0.018641629399363896,0.07478716836910798
1706,0.028895635122789486,0.07221832447556924
1707,0.022272164813683697,0.07503710324901686
1708,0.02178769759530184,0.07290438880074891
1709,0.019742083913853924,0.07207098937497701
1710,0.016446462496648013,0.06981349852225535
1711,0.01426335256605126,0.0747223007014222
1712,0.025010729564768394,0.07211775902219883
1713,0.02186575617793025,0.07252312996856551
1714,0.016247046530410227,0.07242912055929203
1715,0.021880880088711793,0.0725840950632155
1716,0.01681206194934987,0.07332563067886763
1717,0.016541653654324973,0.07601828725639741
1718,0.015387552512990644,0.07141336486826565
1719,0.030042858146201105,0.08024945660940089
1720,0.021720936691219158,0.07000678097992613
1721,0.01654411055626447,0.07464081437366649
1722,0.014181968125406664,0.07138024965175112
1723,0.013540353255235477,0.0697855627103557
1724,0.015023867033281856,0.07095928010262344
1725,0.01721752827058672,0.0709819947194336
1726,0.023776122494410946,0.0719830187266333
1727,0.02459307867438068,0.07637862123567658
1728,0.01710008249434184,0.07124925931369451
1729,0.016044792482705326,0.07177395881492094
1730,0.013624034313993021,0.07058325940206236
1731,0.015941812169262236,0.07277671933024749
1732,0.015265109437900277,0.07468950726035842
1733,0.020782102897856678,0.06958896612613123
1734,0.013336843773021967,0.07151200065860772
1735,0.011994448496279859,0.06955641394196298
1736,0.015719835334063324,0.074566486746745
1737,0.015352867669236136,0.07158667978860979
1738,0.015498842121478533,0.07644445839382354
1739,0.018208130475916084,0.07579555485705684
1740,0.015138495268247624,0.07187976656402263
1741,0.017209404104368813,0.07161465645732737
1742,0.013683277243590653,0.07293219205206797
1743,0.027050576117298445,0.08059287026412505
1744,0.023581795686371275,0.0722190477607543
1745,0.01638297529359783,0.06962554009262482
1746,0.01524621759450828,0.07175570453766893
1747,0.01663318972415685,0.07364295262441899
1748,0.018056809254060717,0.07272657130221676
1749,0.013223985207141567,0.06986837821048603
1750,0.015420182573033911,0.07091481162043742
1751,0.02477296766442565,0.07033080706620276
1752,0.017996075145643334,0.0721336994366837
1753,0.01471841140565547,0.0690365068633156
1754,0.013750144318446844,0.06875730965071752
1755,0.01724421000254098,0.06971272402314614
1756,0.01397072938110294,0.07169400605566818
1757,0.02328206749405233,0.0744238110039766
1758,0.018798389393240682,0.07290170675979223
1759,0.0169262869756517,0.07262300711153145
1760,0.02050700545205872,0.07513229222151271
1761,0.017182541071060684,0.07116541598823137
1762,0.018374413181808675,0.07235578283256755
1763,0.01749114856871318,0.07342860494789324
1764,0.044503862464502685,0.09753234880535226
1765,0.03289250092913738,0.07554909555162105
1766,0.019260423981984583,0.07039064238020651
1767,0.018460330833625457,0.06871954577608515
1768,0.0301976243857306,0.07237394056971509
1769,0.017601116265529376,0.06911258470444452
1770,0.01576079528626977,0.07004421340642418
1771,0.014577060897008378,0.07018698817282393
1772,0.0286444284745892,0.08935982110282234
1773,0.020851019512990426,0.07219994111093961
1774,0.015333243885127168,0.06928620976687673
1775,0.01667727370597539,0.07215633092069984
1776,0.022268794739741516,0.07158997892063662
1777,0.014018400236497105,0.06910758949162667
1778,0.01363030000411698,0.07010220476708616
1779,0.01578910127398923,0.07110139878844857
1780,0.017708970881928472,0.07475602066606507
1781,0.016436679174884172,0.06999418572674419
1782,0.01635611768765229,0.0714991728128646
1783,0.026123150511641862,0.07057171040459682
1784,0.01747285057338054,0.07570582400437884
1785,0.020795586422599596,0.07159085174028139
1786,0.021854338128131385,0.07345262313621086
1787,0.025550783074644853,0.07250905518693135
1788,0.021136755290146345,0.07520319655873722
1789,0.014500688510395142,0.07006779742569554
1790,0.030354252286535634,0.07372283281987174
1791,0.019136947687703614,0.07210093314635724
1792,0.024342801754704463,0.07587724337751106
1793,0.014555037240599951,0.0683342389258227
1794,0.017341190406054165,0.08352797614751305
1795,0.022435173211286435,0.07302619944464293
1796,0.019965765892665216,0.0748182258435658
1797,0.01583442888091257,0.06972904484672356
1798,0.014627132699080395,0.06975761321104858
1799,0.015120380423776222,0.06907905817480016
1800,0.01862828120834495,0.07288852242524163
1801,0.017987379389683655,0.0789549569214197
1802,0.023073428675392204,0.075054570322945
1803,0.02157669355304544,0.07202072899069703
1804,0.0289579742007121,0.07770257712082755
1805,0.02670711860481101,0.07351157067338925
1806,0.01757704901879764,0.07553499403005853
1807,0.015245846463922049,0.0698344956215163
1808,0.01513206535442309,0.07036760524102022
1809,0.01482584559852053,0.06982339009231792
1810,0.01997031163727882,0.07014539750073488
1811,0.015799238904142827,0.068744347881255
1812,0.019250029481970778,0.09184843574400832
1813,0.019389136522120817,0.07149212545993035
1814,0.01391102322800593,0.06866829649995741
1815,0.02674521986091492,0.07138369549859437
1816,0.014485201655323602,0.07616318928493294
1817,0.022104360589459773,0.0735549073022111
1818,0.018276497114414706,0.07759940071512285
1819,0.01890725250936881,0.07222591123933482
1820,0.017202941534404284,0.07378383245982024
1821,0.018047707619548405,0.07932646141240471
1822,0.01826543808216959,0.07012435508177693
1823,0.014490898879577748,0.07267002105936968
1824,0.01939938044274769,0.06974010402920253
1825,0.014121627887611666,0.07130781391210723
1826,0.012549019836146256,0.07728186331894762
1827,0.024575438671584786,0.07142620557979833
1828,0.010912265322028096,0.0694638274255253
1829,0.012019244577373644,0.06780239829518143
1830,0.01207833555541629,0.06791389162155022
1831,0.0328699042115559,0.0771588834380745
1832,0.015861688459111043,0.07338602895052511
1833,0.02214990714769285,0.07470424219331048
1834,0.017194365288443328,0.07209799823381548
1835,0.016734117939834686,0.0752008693820253
1836,0.015707539911250522,0.07169180038504135
1837,0.014828367561662458,0.06825334418163563
1838,0.01389221605322204,0.07518096740607332
1839,0.017538327180713322,0.07249957885135684
1840,0.025199007324664197,0.08170850360229201
1841,0.029002163372349964,0.07720181383285905
1842,0.021609696877834192,0.07506143195288521
1843,0.021434928051146405,0.0715105654601764
1844,0.013032318554164661,0.0687162436937031
1845,0.012947130203830972,0.06996699245203108
1846,0.015918270474574222,0.07123549762450364
1847,0.016615340836509642,0.07201505810918665
1848,0.015851084248025588,0.07540997347437349
1849,0.016290704722641776,0.07495351049834326
1850,0.02577024410394105,0.08361102571538218
1851,0.027672552891939785,0.0770071547357062
1852,0.01639413097026673,0.07265516267832658
1853,0.015104850914714665,0.07502782819115728
1854,0.012267348572588453,0.07193807450900401
1855,0.013946980570784556,0.0719086748167387
1856,0.014082612128210105,0.07317321799826204
1857,0.016389473525334302,0.08044885507875815
1858,0.02158690732392865,0.0701364167874917
1859,0.013672603107404932,0.07066222918885094
1860,0.015337589553040584,0.07211867277335404
1861,0.026561310141110867,0.07511829181497258
1862,0.025992772363850315,0.07222058872381847
1863,0.02205352715820915,0.07320938397544369
1864,0.018417778430757665,0.0702306324788801
1865,0.02222439156827695,0.07578969985844199
1866,0.017049322225924195,0.07122118759872322
1867,0.014817644523742804,0.07325400255228344
1868,0.017975327614286104,0.07243108445017558
1869,0.014653702281111835,0.06996607173579678
1870,0.016019947569945764,0.06940141146568428
1871,0.014887715727791517,0.07279285747455176
1872,0.019345436922528526,0.07247263771997657
1873,0.013236504529827628,0.07209288950701405
1874,0.01900043740261311,0.07106923834796537
1875,0.021909770033202575,0.07268508338838592
1876,0.013369575134101893,0.06978225383095275
1877,0.0211230586093141,0.07521834088148628
1878,0.026077167040502017,0.07251717026968647
1879,0.02030824470190699,0.07068382263332978
1880,0.014618354753173631,0.06965887374746471
1881,0.014908156229247307,0.0720870828157977
1882,0.020339026699736015,0.0712550390409049
1883,0.019690927976397887,0.07166125210828352
1884,0.025407638190588607,0.07290711201596678
1885,0.013676073440119951,0.0726601397035116
1886,0.01414356345666987,0.07293496997956943
1887,0.01254942093254724,0.06995380320644617
1888,0.013557815098066502,0.07367447386484098
1889,0.027894858860623872,0.07252223186549686
1890,0.014660960699790698,0.07016249135472721
1891,0.014871338364846281,0.07092036185482689
1892,0.014488665194346988,0.07094408317765497
1893,0.012834531669636318,0.07241419488027281
1894,0.012173210942189336,0.06866919036422457
1895,0.013039361726387541,0.07500184982790983
1896,0.015741882936264093,0.0706798927975179
1897,0.01586393075688599,0.07139563149676885
1898,0.024072021762709072,0.07153468898364476
1899,0.022509667969843064,0.0720960733884558
1900,0.015110756001992846,0.0720595590826264
1901,0.01453160467706504,0.06876463827707414
1902,0.02226127522375703,0.07810646738100768
1903,0.023605063639371,0.07287883879920296
1904,0.02346647972223527,0.07324950038490438
1905,0.015994795580572655,0.0701567444175407
1906,0.012958497001693166,0.07155376945372512
1907,0.017571075869064347,0.07428961344306033
1908,0.013663308186964556,0.07197372817007222
1909,0.020960652027103968,0.07512283045098297
1910,0.019509696962200923,0.0717677466552658
1911,0.02146104570524913,0.07459891936683416
1912,0.012628418323364938,0.0684781197579881
1913,0.01350153018034364,0.07139189031563307
1914,0.014484138517030355,0.06932419064200313
1915,0.014796436574531948,0.07063314766812145
1916,0.015040042839337105,0.07213171842253596
1917,0.014313464642715492,0.0742588574276831
1918,0.018231679878101266,0.07744244325504566
1919,0.026510306356655768,0.07140427928670008
1920,0.021675062730768257,0.07234489135350798
1921,0.03258255400277417,0.07924371976452065
1922,0.03248683914402062,0.08201956414713298
1923,0.01812457067302215,0.07311649934241646
1924,0.01883620857246524,0.07128918014074627
1925,0.013772807378894109,0.07188530109430614
1926,0.01358716540202078,0.06960038894922811
1927,0.013584855313304823,0.07333006974972579
1928,0.016352536402012112,0.07381247549800944
1929,0.013411163705690154,0.06864907394599795
1930,0.013290182716537232,0.0710914953049263
1931,0.02119192198432725,0.0694515875594359
1932,0.014337882755738815,0.0718064980025877
1933,0.014093560873177546,0.06904486088749759
1934,0.013800004590594656,0.07347573799298222
1935,0.018397152248688254,0.07426493486067406
1936,0.018486320470287507,0.07209859200214085
1937,0.01053073533977087,0.07028158989391829
1938,0.01047577430438659,0.06919142768197789
1939,0.012569292036810639,0.0705209409533288
1940,0.012845070769887734,0.07439084597548148
1941,0.012594028162918868,0.06948735787157427
1942,0.016445964799615843,0.073781993305474
1943,0.011803422391788339,0.07131598600394146
1944,0.010749747646756494,0.0729567311461408
1945,0.017449080844798057,0.08300168459352694
1946,0.017956050267577357,0.07243300817514721
1947,0.01268984093316203,0.07006397053487319
1948,0.01690907066915663,0.0702266742412309
1949,0.02354268725599428,0.07420523451608524
1950,0.015504421012295077,0.07493276066872709
1951,0.013076721716870708,0.07361200610572532
1952,0.023906754423224815,0.0719990489028749
1953,0.022714182781201544,0.0769175628111476
1954,0.02634553256266543,0.07587767737849913
1955,0.018029660801038287,0.07463908968563367
1956,0.012875065551983152,0.07249783709607925
1957,0.013169156402045844,0.07364366098976972
1958,0.013434338374618078,0.06875795529301006
1959,0.02483930363433675,0.07069440159881324
1960,0.015250172574061398,0.07256681895943214
1961,0.015455911992859317,0.06815842115191888
1962,0.012309606300906328,0.07320576852052134
1963,0.013895736537219776,0.07282201592859469
1964,0.02723777116069039,0.0756257258561022
1965,0.021738817909481383,0.07833646678536159
1966,0.021265131073965923,0.07994711608217474
1967,0.027500559540821656,0.07257952380523945
1968,0.023790727713989053,0.07098857055705293
1969,0.015303336151037657,0.07078738590903151
1970,0.016196196408340923,0.06979188022383473
1971,0.014173761074399126,0.07575025164842009
1972,0.018455573760533594,0.06905290288360495
1973,0.012348494793180387,0.07099350209448271
1974,0.013586416604073257,0.07297772802132413
1975,0.012572916309264574,0.07220588443347983
1976,0.011451331174532448,0.07274323012819864
1977,0.016246548932641276,0.07585118089179348
1978,0.04162680987140228,0.07610930276469778
1979,0.0293362669670096,0.07739739835187606
1980,0.017114731871455815,0.07871993586308974
1981,0.019392856171932715,0.07730906178479206
1982,0.020122690905808094,0.07288493389697899
1983,0.019074716940989316,0.0731565850905906
1984,0.020564873051774166,0.070207295934658
1985,0.020031565347785673,0.07388155797221009
1986,0.012838819075877951,0.06861786488303565
1987,0.012530643171791372,0.07254380536706824
1988,0.015578294353892437,0.07045748555346538
1989,0.014539138708835858,0.07803076408560712
1990,0.01746623425928403,0.0760154772671243
1991,0.023154383846398056,0.07376809982130103
1992,0.014068400271260252,0.06971266777966555
1993,0.01315877701631721,0.07045017855059832
1994,0.011694954722816108,0.07056489760490288
1995,0.012551024719652337,0.07051230214517516
1996,0.015543662011623383,0.07427986894260373
1997,0.03214158595986314,0.07423290826921773
1998,0.023209224163107924,0.07243331490005168
1999,0.04718000275961658,0.07789703546311323
2000,0.02181542429162137,0.07271284249641542
2001,0.012824796691980668,0.07187665218398684
2002,0.021914104712093513,0.07766136058365791
2003,0.021278128068789044,0.06868046144943189
2004,0.014257061555047393,0.06850118548574305
2005,0.02048868348465818,0.07038086734917529
2006,0.02231365959028652,0.06835616813192989
2007,0.01301514465934057,0.07126867306187637
2008,0.012068145228170303,0.06877039791199199
2009,0.012445436533668945,0.07300255722121189
2010,0.016263730733488982,0.06905456828443628
2011,0.013784415386383623,0.06945337470910304
2012,0.013470219039477899,0.06818022160676487
2013,0.022658742158483937,0.06855717129575878
2014,0.012141609981912991,0.07074739307837379
2015,0.011302920916704548,0.06963228204644713
2016,0.011197158564641185,0.07010321042740852
2017,0.010651943241727763,0.06953868723677513
2018,0.019533224506040912,0.07267051744729952
2019,0.012063842459485448,0.07124128398067671
2020,0.012279259560623887,0.06940496279706333
2021,0.012420139325122849,0.07066382409860018
2022,0.02010375291085729,0.07238766291461195
2023,0.015161264378308876,0.07341391643635313
2024,0.014570778002232594,0.07030603644393739
2025,0.01413915923513402,0.0784831614161195
2026,0.015742739720918168,0.08104391502482551
2027,0.01936266805427762,0.080803927155515
2028,0.04195487764328251,0.09558312508994177
2029,0.02992265397641913,0.07604575002178512
2030,0.021709635728228614,0.07057686947416841
2031,0.014649659389378882,0.07325678122671027
2032,0.022098705899495877,0.07087847315951397
2033,0.016040898766076676,0.0774461654829501
2034,0.015471749445627849,0.069222351606179
2035,0.01369338271246061,0.06856389620100944
2036,0.012024911304462853,0.06842239163722609
2037,0.017501012868828908,0.07587962506110207
2038,0.022056274335002263,0.07080183015730147
2039,0.03850516553115695,0.12211380301412185
2040,0.037783915486455336,0.07983819817316562
2041,0.020543076760693217,0.07259670462001834
2042,0.01729937112338397,0.07349884805075806
2043,0.01726908282286321,0.07679506170943864
2044,0.016641960029715096,0.07070709757488174
2045,0.021540913421392065,0.07069453524243563
2046,0.017020224981874135,0.07078744246995539
2047,0.013396842665036083,0.0734869617791403
2048,0.024114679492612992,0.07799122841062403
2049,0.016829731836214334,0.06908166875367176
2050,0.015335710660837661,0.07139728466669719
2051,0.015353835669570956,0.07454162005120352
2052,0.01674123688200985,0.0722464201108256
2053,0.018211139471132926,0.07155810787638925
2054,0.015624695623929971,0.07128350384402693
2055,0.014121933921961389,0.07062390784646634
2056,0.029565418641255194,0.07447433034728344
2057,0.017163667497940384,0.07142381838763268
2058,0.017023425712761088,0.07109140629009496
2059,0.017193543721796205,0.07660321585068428
2060,0.013812419870827453,0.07120468237794432
2061,0.012752975856879475,0.06986481121234726
2062,0.012154779175068704,0.07202097850111791
2063,0.0186541948444137,0.08047093764731758
2064,0.01685116507498355,0.07400197511478175
2065,0.013219175664678824,0.07523296484000103
2066,0.012674646492942374,0.06973655861720704
2067,0.013774598957416033,0.06838510949211311
2068,0.01782535937932965,0.07599278175293055
2069,0.01660208945632635,0.07313092596324763
2070,0.019579118911795854,0.07316214303698457
2071,0.013398501084866381,0.07092408262622685
2072,0.019816182740616573,0.07433555377904036
2073,0.02337397002034053,0.07656021221986689
2074,0.01763706688176502,0.07244925576269179
2075,0.011361147044956403,0.07106423217401768
2076,0.015834039926739134,0.07700445467517489
2077,0.013865855469902669,0.06965393313489164
2078,0.011834162593962257,0.06903495193274696
2079,0.013045438104031788,0.07163793138020619
2080,0.013032793309714727,0.073267983557437
2081,0.012747054621810824,0.07133955579428446
2082,0.010791195448499675,0.07220025560386796
2083,0.02136681974518075,0.08050173119569481
2084,0.022424849339973962,0.07622546697021428
2085,0.014797401220353792,0.07297234216653614
2086,0.012298228006027522,0.07295854380330943
2087,0.010842840616419025,0.0696656148796691
2088,0.02202010125529056,0.06903502479531712
2089,0.011920544187477016,0.07021574261493253
2090,0.015835692481280868,0.0710375655750583
2091,0.012670750671349536,0.0706561846765958
2092,0.014695112351152964,0.07228152338125951
2093,0.010991613856490503,0.07195191227254413
2094,0.013045716855593236,0.07265298729552362
2095,0.01533079593439461,0.07339610506717424
2096,0.020285346577393597,0.07107539510443098
2097,0.027385830344941735,0.07234007614970506
2098,0.015775933885088536,0.06973657641270406
2099,0.02058560727018174,0.0697656523501664
2100,0.021776323238837308,0.07171355318604854
2101,0.012275142881283566,0.0752284487611369
2102,0.012549360577589291,0.07070970210365783
2103,0.02342847095609739,0.07406903039617348
2104,0.018923524273763818,0.07005959878066428
2105,0.011918556313015824,0.07267449719639948
2106,0.019054954452586117,0.0718007572648818
2107,0.011819943587140978,0.06985746068240407
2108,0.013401010724771359,0.072165360146746
2109,0.016394939701303513,0.07025392510389027
2110,0.012466537395381255,0.07485757125798323
2111,0.022377488956579407,0.07422222088751637
2112,0.014516154453041599,0.06949825777221742
2113,0.011339394293935694,0.07122469181778437
2114,0.010940298163638593,0.07645567472940101
2115,0.0243977607960658,0.07332563969799152
2116,0.013736032933393802,0.06988617837578431
2117,0.011963773705649152,0.07139375348363006
2118,0.010556007968991714,0.07072857765476208
2119,0.010284512843878291,0.07121166768005319
2120,0.012787317279083976,0.07654117230783429
2121,0.017764262744111702,0.07840216243849661
2122,0.017404875901986066,0.07091115058439418
2123,0.01119067103289605,0.0698343079004969
2124,0.012326210159166106,0.0704240341831867
2125,0.0164077976736062,0.07175355768741522
2126,0.012143539080869254,0.07398728434379238
2127,0.015783986330709675,0.07002809856619154
2128,0.019539604646658822,0.07959379102651935
2129,0.017563921971637815,0.07252340793684312
2130,0.014988765170137898,0.07218246486850251
2131,0.012438065608887463,0.07126386377745703
2132,0.009479493530449636,0.06865909525699783
2133,0.013833169045866844,0.08490117489918132
2134,0.015791631654068407,0.07120765355371293
2135,0.01802990061222199,0.07564313917007662
2136,0.011796782123140967,0.0698735947186188
2137,0.012177158234681828,0.07270106869308572
2138,0.011666114173455859,0.0696810546487495
2139,0.010603581307029649,0.0702934469794271
2140,0.010399533673642105,0.0699515799457268
2141,0.011809449724642835,0.07423499349812816
2142,0.018917669901233107,0.07325916061350576
2143,0.013443876986266303,0.06885176994149249
2144,0.013304078589459197,0.07060163019967258
2145,0.014045805457197013,0.07003919029594365
2146,0.024566689085764197,0.07878152955146063
2147,0.017155641713252637,0.07089755954897792
2148,0.019859546719580234,0.07333644580348093
2149,0.011591841136820638,0.07154587202502373
2150,0.011724413066028054,0.07089340862325558
2151,0.026623078835047897,0.07185291448481997
2152,0.018572852068046417,0.07348768597930894
2153,0.018231863915032728,0.07124393732102592
2154,0.02063901360704327,0.07295812050202735
2155,0.013316097386111286,0.07075823813602142
2156,0.01391561624526884,0.07359954561655384
2157,0.01402876576916738,0.06842679188663799
2158,0.011447993180127727,0.07232068934685604
2159,0.01180268381795259,0.07210461100689451
2160,0.012851319775032026,0.09298629999011382
2161,0.0441772196074031,0.07172162042823352
2162,0.02189634427673484,0.06957009886589863
2163,0.011929306455633858,0.06869559994616305
2164,0.012470609379996514,0.07103551905555534
2165,0.013853060718053561,0.07034218563397128
2166,0.018520826386246934,0.10453260271695622
2167,0.027252865914360484,0.07100133114216621
2168,0.012526663577878924,0.06909905811001484
2169,0.010506811470003524,0.0713534205965231
2170,0.01045990186425212,0.07006907677814775
2171,0.01332102052657208,0.07072621830423972
2172,0.014461655298183704,0.07485663666761011
2173,0.014395345595072617,0.07401671105608307
2174,0.012416744231009932,0.07097945145721125
2175,0.014180880924540814,0.0708077702680626
2176,0.01931347183848156,0.07428928924010213
2177,0.012020733972374922,0.07321864861369431
2178,0.01227692661801102,0.0719406529327383
2179,0.010547438145945064,0.07239792087024316
2180,0.011930501649045272,0.07039847267898999
2181,0.021916453037586145,0.07085175070920982
2182,0.017306680140030048,0.07772369875122133
2183,0.017165440759478505,0.07111868714180805
2184,0.05273607338203532,0.0911332716917932
2185,0.04348438722446421,0.07738688494776723
2186,0.02106343505197558,0.09617101453375398
2187,0.02389504694522922,0.07292152132680242
2188,0.01641721850652306,0.06930133125238251
2189,0.01630020033579822,0.07218530004783381
2190,0.020850423916146672,0.07346451439355549
2191,0.015089580780449892,0.06933303153081645
2192,0.01982037958960548,0.07056924299264611
2193,0.012130238223809247,0.06848569089234025
2194,0.015357201866408501,0.07032638345669984
2195,0.020067692646715894,0.06880845073470496
2196,0.011885291514305112,0.06940256160004694
2197,0.011736222236274178,0.07107427714387875
2198,0.011899513212911387,0.0699635782374774
2199,0.010868048520180685,0.0705681315676909
2200,0.011155242567479049,0.06918084283445712
2201,0.021675498210197333,0.07024266595081578
2202,0.01815357370751685,0.06864089249892343
2203,0.010243417613418498,0.0727101809398871
2204,0.0105518368846477,0.06824319705105665
2205,0.017846685498485743,0.07211699325563316
2206,0.021096474920227235,0.07246555507481846
2207,0.012081287293271585,0.06840656479274419
2208,0.01972814870934034,0.0714777473705753
2209,0.018438784189545622,0.06958472913593278
2210,0.014546629096903957,0.07405434933521395
2211,0.013378899748842918,0.07505060377575103
2212,0.023104742525559982,0.07196246929709475
2213,0.012059951752868005,0.06889600706354418
2214,0.011299815747104468,0.06948161310047135
2215,0.01245934364669095,0.07044506610784315
2216,0.024527218630741757,0.07270791291966475
2217,0.011458298801605043,0.07242546740331147
2218,0.01349442987045898,0.0717030414065024
2219,0.01210572420353753,0.0691066927330237
2220,0.010618441180562524,0.07080870508251333
2221,0.01123670578078837,0.07086562329814547
2222,0.01447615567244426,0.07032885744159383
2223,0.01200832856591312,0.07185424457217816
2224,0.01053494041884861,0.07108841354685619
2225,0.012756858003503851,0.07269775262452606
2226,0.010897054436228305,0.06803161964604729
2227,0.020104291875113887,0.07207071762485313
2228,0.013565884266620892,0.06953340860312446
2229,0.020782381757439863,0.07402563438678444
2230,0.013488425499523135,0.07425256247135033
2231,0.011960084985089152,0.07445455975550458
2232,0.014601948151370761,0.0716840188418116
2233,0.010906700006916792,0.0683054634390917
2234,0.01054020926975251,0.07152981219584481
2235,0.015404654745608102,0.0726506675133729
2236,0.01479883283540186,0.07023673485917854
2237,0.014896672312462217,0.07187096085539438
2238,0.01954358542881042,0.07211014499565713
2239,0.01101965211670507,0.07193420356825779
2240,0.00933611771634847,0.06881676102640635
2241,0.008565124638121703,0.07132038294820857
2242,0.010495965296058072,0.06783341857275568
2243,0.01199043508572358,0.07099360985714093
2244,0.024215427697358835,0.07197162324100509
2245,0.012294028494448684,0.0704710118864712
2246,0.022329877965666097,0.07292893176016055
2247,0.016528077887774075,0.06971188552472227
2248,0.010139396814133119,0.06807386296285424
2249,0.018854841528618035,0.07174131981935118
2250,0.012038170219892431,0.07175869470401515
2251,0.014607111114693285,0.07282471455129466
2252,0.01139512066627184,0.0684443622416721
2253,0.0161136837448446,0.07680592557093255
2254,0.013758784139581422,0.07162844871443913
2255,0.01898774512252277,0.06950577550140538
2256,0.009585691601341607,0.07122688501475748
2257,0.014474496563610426,0.07232055771993216
2258,0.0118112949228212,0.07082568704708476
2259,0.019508603393891388,0.07089050123491383
2260,0.021694069150192983,0.07077861960071669
2261,0.010611944788115151,0.07026700783791698
2262,0.013370411575634652,0.07057201053788488
2263,0.011351370080417974,0.07166615274167598
2264,0.010095631595712657,0.06935277416891322
2265,0.013773259512648033,0.06967445175375855
2266,0.01122641603704717,0.0694302189021481
2267,0.009562370808193676,0.06880942860940345
2268,0.009648731279078882,0.07107185923440713
2269,0.009189949222025826,0.06798650466260456
2270,0.010380475790616487,0.06894286158016152
2271,0.011241714395641067,0.06758209362738114
2272,0.01054643942364331,0.07192765191234742
2273,0.02019889878844813,0.06826182488436089
2274,0.010759627847964394,0.07086534058689174
2275,0.01269843901995114,0.0750945566740251
2276,0.010459370505309965,0.06974493745798455
2277,0.01038519439629066,0.0725716919005664
2278,0.010852974603028507,0.07194580249768451
2279,0.013046365727591665,0.07052982942128838
2280,0.012874455112368335,0.07281036312717543
2281,0.015226851021841776,0.0712054123667846
2282,0.013836459589532363,0.07119404879354295
2283,0.012137632052119249,0.07394334700023919
2284,0.02158130188311996,0.07593025532282684
2285,0.011152853821418876,0.0715713722626667
2286,0.01055300857895127,0.06995563730037302
2287,0.010380215323924271,0.0691519136678306
2288,0.011321544366944172,0.07283081114292145
2289,0.011853145885056463,0.07048393233228746
2290,0.010471381182814467,0.069618484318107
2291,0.009838343989162423,0.0722516657303748
2292,0.020657649106086234,0.07169981190659348
2293,0.023151988601516408,0.08117162992706276
2294,0.015010780266553257,0.07057123280184012
2295,0.013089451711146062,0.06911205941050273
2296,0.018432503790947897,0.07242293773513091
2297,0.016248330254936855,0.07136884051606171
2298,0.02975324085011471,0.07190700547587603
2299,0.016101802299295472,0.07235276105260491
2300,0.01032329496977191,0.0715634427348474
2301,0.012547795605323158,0.06957789137025823
2302,0.01272101895328973,0.0699160798525153
2303,0.01151918641183537,0.07005014250003605
2304,0.012802655960441944,0.0720886007922335
2305,0.011045974384421092,0.07110299003826347
2306,0.016928347750190285,0.07136134411159314
2307,0.013832150983294256,0.07208813491620515
2308,0.010578178025513514,0.0700877902277729
2309,0.012815129619126783,0.07125487305541385
2310,0.01047977286487304,0.06915602414754399
2311,0.011267880558804098,0.07038009390795141
2312,0.015239423765657838,0.07032236016185063
2313,0.0093551799144047,0.07149971864725414
2314,0.013598882580076733,0.07182276484213378
2315,0.009509291823918357,0.06921219125502091
2316,0.009088752839457372,0.06890690373373509
2317,0.018537768650344545,0.06965476573260505
2318,0.010897486441444641,0.07338942770372357
2319,0.01828834838394461,0.07262881651035227
2320,0.013224044470204081,0.07069573827778786
2321,0.02182743133725978,0.0710882867562741
2322,0.015261324872861274,0.07095161664829518
2323,0.012855024836069925,0.07249605207514942
2324,0.010953770889126956,0.07108947883049647
2325,0.01779920760787393,0.06880250384559608
2326,0.013268564889049829,0.07010364418564584
2327,0.011238510770063416,0.07054159280500914
2328,0.010565444105961667,0.06903282037579027
2329,0.01687265466022828,0.07073490528907991
2330,0.013528490103314103,0.07309499831127941
2331,0.011207514305286647,0.07287175888032243
2332,0.01133355619181473,0.07191412518720579
2333,0.009827971464274072,0.07252045528482375
2334,0.01015645222662478,0.0685680494235273
2335,0.01008020266073064,0.07016135281638096
2336,0.010386910362513649,0.0690645715571884
2337,0.015153772145112668,0.07195858183062465
2338,0.0225997638179217,0.09051584265659328
2339,0.03138276600048273,0.07486091389841304
2340,0.015361403751546127,0.0730295705055832
2341,0.01116365839531616,0.07135383331013802
2342,0.02023511759784995,0.07563752512958713
2343,0.016164594616005227,0.07152040418526881
2344,0.013689871789846675,0.06967549339721077
2345,0.014255053906768653,0.07208782753774098
2346,0.026228121727074387,0.08005994926195097
2347,0.022070314349799322,0.07404164318228725
2348,0.012080593335334223,0.07052654362187948
2349,0.011458692094165142,0.07090181496955995
2350,0.014768650472094086,0.0756694602040121
2351,0.026977920496024682,0.06906934032090624
2352,0.011370289340895545,0.07003650724663771
2353,0.013985240910797845,0.0699887361218756
2354,0.013341621291417874,0.07194408309414871
2355,0.009294498924948392,0.06902066700365908
2356,0.009482920269093543,0.07110323745729331
2357,0.018433188018170083,0.07328563189148006
2358,0.022004352421222437,0.07095053539912503
2359,0.013107150982843483,0.07077559079965554
2360,0.011697074512259154,0.07059467371020998
2361,0.011251920822505666,0.07167733987247137
2362,0.00878595620347041,0.07007050805522087
2363,0.009896815707761105,0.07370501006008091
2364,0.009443082449648262,0.07207997094718437
2365,0.010639361850333437,0.07317092596438893
2366,0.011644191169953645,0.07039872054617506
2367,0.009523066649721428,0.07027467398117658
2368,0.011598909013907551,0.06975921501118437
2369,0.016427891610663232,0.0695632833025808
2370,0.01226685486944118,0.07835646268717926
2371,0.03394032358761211,0.07075724526679605
2372,0.012343644430177712,0.07161163848668411
2373,0.012903580932548054,0.0720773431516829
2374,0.010508430333440207,0.07357446683155265
2375,0.010159079610227044,0.06996380625512068
2376,0.009127263604520257,0.07041053645742268
2377,0.008787673451356753,0.06892690691807515
2378,0.010620656055412884,0.0718888703145479
2379,0.009427443105832536,0.06963889840476793
2380,0.01078869404744205,0.07197574109660652
2381,0.010661698331863716,0.07121456965318598
2382,0.010101033243289375,0.06871624201312101
2383,0.010346995548383102,0.06921516017134029
2384,0.01640127678066025,0.07549157238245607
2385,0.012945156664146713,0.07048291464646657
2386,0.009796965622042414,0.07394178120190636
2387,0.012316428799310634,0.07014589851960204
2388,0.0215095505089175,0.0738631850645357
2389,0.012311990962576904,0.06975259590791281
2390,0.010417867168714073,0.07074448957404397
2391,0.010933718985664807,0.07424439635491908
2392,0.013423299405221654,0.06999349913426808
2393,0.010139967802456554,0.07240899196618183
2394,0.016540763756628135,0.07439229773698296
2395,0.011981643853142718,0.07654756053647302
2396,0.012325175611600046,0.07246763473913484
2397,0.014367860321504382,0.07086450016513504
2398,0.01647358112983102,0.07410847879292672
2399,0.011519120176991325,0.06955386672103614
2400,0.009671681862744886,0.07103625597212847
2401,0.012724809386536806,0.06900314208036079
2402,0.013026409846698415,0.07424114659465943
2403,0.01833189529918578,0.07016253189410183
2404,0.010405705298726274,0.07168445426195785
2405,0.01555567028929354,0.07114732945174501
2406,0.013218681882704874,0.0734038123100025
2407,0.016086062909830886,0.06881444964716608
2408,0.014009704906785376,0.07464138750817842
2409,0.017287655196336557,0.07275378907608208
2410,0.01737191198177659,0.07350373273729381
2411,0.01335313472733322,0.07057401827328785
2412,0.016793723743654156,0.07286041409225393
2413,0.023107600360408098,0.08258641432774694
2414,0.01815058688011289,0.07154614754712074
2415,0.01172746218694228,0.07258814823507964
2416,0.012756978695902706,0.07274900300236872
2417,0.015794721563407995,0.07152390754536579
2418,0.011258420820543572,0.07334777322553453
2419,0.010716170726524999,0.07120458279411894
2420,0.011354942195888224,0.06828210782959945
2421,0.011589288422516707,0.07093974852696397
2422,0.011405494901991003,0.07081603940417593
2423,0.01153340994389173,0.07495977512950587
2424,0.010671048471850101,0.0746440295139351
2425,0.012058713622274444,0.0749562976130268
2426,0.020846632536979492,0.07281574545274104
2427,0.009539637656234275,0.06872612251001492
2428,0.009403979008707881,0.07351639935919516
2429,0.00976754083125896,0.06886454098356098
2430,0.009805756705728445,0.07182338880491734
2431,0.012399288341052667,0.07338523110351466
2432,0.01032686975659061,0.07495506550360442
2433,0.010796174646404843,0.07371462396063601
2434,0.011990148063200208,0.07114926983315245
2435,0.02083560709073719,0.07309181792171378
2436,0.01469284820963036,0.07205203211023695
2437,0.015470115932107533,0.07332346018842587
2438,0.013666777305164867,0.06977681935132297
2439,0.01621150408745933,0.0715648249389235
2440,0.01336229309369591,0.07102963505756288
2441,0.014353587058574242,0.07203650930172817
2442,0.007952187662844935,0.0712375548063663
2443,0.04946316252564749,0.08526527228062614
2444,0.02249505709518086,0.07603827781769865
2445,0.013706643543086455,0.07342727607428878
2446,0.022292102692899846,0.0733738452718969
2447,0.012512687549905904,0.07201151773893744
2448,0.012297446156346873,0.07219237141441881
2449,0.014008775823472248,0.06943372248632268
2450,0.022298334960513352,0.07986846370132346
2451,0.018716131771993487,0.07118656951233857
2452,0.010662139591915667,0.07003442888944071
2453,0.02256351265600856,0.07002535533337366
2454,0.013996865947768793,0.07350334786532219
2455,0.01333716137153695,0.06839776972780251
2456,0.021190139170163852,0.07190476955477158
2457,0.011569817795718912,0.06983707563246701
2458,0.008984707380560312,0.06963080139760684
2459,0.009797510486621655,0.06915567600562758
2460,0.010096073191507857,0.07462245227773685
2461,0.011654815627816702,0.06963604968741424
2462,0.010913707330519317,0.07152539870718069
2463,0.009939878816982047,0.0703562942326517
2464,0.009113020281129309,0.07113160717681535
2465,0.008591721399298936,0.07105721456738642
2466,0.008482661523030002,0.07016681045069731
2467,0.010991260958222386,0.07345348118540637
2468,0.01241616369590023,0.06902768983876795
2469,0.02794182813232969,0.07603970076655385
2470,0.020002715604899444,0.0712009327938981
2471,0.016406911171295425,0.07032070779486706
2472,0.012090167509491167,0.07101388458620038
2473,0.025917784018926672,0.07058652757403247
2474,0.011780350816474066,0.06976143309944555
2475,0.008915346365445366,0.07294392161874245
2476,0.014974538233936954,0.0723484562602557
2477,0.017776182140325864,0.08009384649065801
2478,0.02103071233555441,0.07772895430487797
2479,0.012980200215987277,0.0715864696038098
2480,0.0177800469859547,0.07856223799456331
2481,0.01732206525029994,0.07275345689969553
2482,0.0129224077059791,0.07212771096250467
2483,0.012135098072288552,0.07304705983788747
2484,0.012330446220046861,0.07139377023343156
2485,0.009432589239659821,0.07186276250913329
2486,0.011294866535450598,0.07113064719097954
2487,0.013551901935433333,0.07436449624093852
2488,0.010567811641807093,0.06977463280198568
2489,0.009733457643783952,0.07165349500818659
2490,0.010879195047116205,0.07063703067171245
2491,0.016329778749554134,0.07258937121333933
2492,0.011708603325215254,0.07324362775885072
2493,0.010069461624053392,0.0706995490723684
2494,0.011439815429287457,0.07213784817764933
2495,0.02287674562707777,0.07543405455380753
2496,0.013012175092059056,0.07309853533903758
2497,0.010364592612537096,0.07083938543435027
2498,0.012886120905650073,0.07268581126716203
2499,0.010930341732656133,0.06984101179847144
2500,0.009171262059395776,0.06842539170033352
2501,0.013474445994417869,0.0824768234203035
2502,0.018865274040606516,0.07039674860717061
2503,0.012370592482434732,0.06915411035667983
2504,0.009585385523199288,0.06917107572083485
2505,0.009723608238990404,0.07182732151639193
2506,0.008440933073505899,0.06972202376688931
2507,0.007624541129041054,0.06981942888564036
2508,0.008626269243751013,0.07065593936763014
2509,0.012349382088137177,0.06931852200126887
2510,0.010072585641987458,0.07218054655873984
2511,0.010112374168484936,0.07020223773735806
2512,0.010167719475154218,0.072273287165882
2513,0.023965230853906994,0.07360418816855677
2514,0.020800351804606966,0.07030121265049268
2515,0.010255588968882927,0.07117023079989847
2516,0.01658482164681705,0.06836523307968202
2517,0.009529334057974966,0.07051915716482583
2518,0.014959431714655651,0.07378948110162764
2519,0.011446724397635385,0.07018716661329556
2520,0.013362704968914903,0.07628556671447324
2521,0.0106355900639744,0.07043582146851939
2522,0.013572507243031245,0.07135815698102602
2523,0.012978731397667835,0.07215929079922219
2524,0.029095601763424454,0.08505462341589437
2525,0.018789745706679493,0.07284757733942572
2526,0.015490231524604055,0.07283266512373635
2527,0.010362180592171076,0.07049142686944258
2528,0.008561291888087614,0.07131679133887876
2529,0.022497040218145217,0.07267502646771888
2530,0.00926851247054843,0.07355823526555733
2531,0.010589469171663438,0.07254624895209956
2532,0.01198196462516127,0.07465667637966032
2533,0.01150702687161376,0.07047746517230992
2534,0.022056626535508324,0.0886082637280151
2535,0.01988347661812851,0.0733160899769991
2536,0.009730684654174086,0.07204821031718027
2537,0.010365200097611332,0.07229119533658925
2538,0.010651265221376403,0.07134853505102315
2539,0.008948927354009173,0.06995338278082677
2540,0.010886337354101917,0.07092900831896559
2541,0.008742734906628588,0.0705762547359132
2542,0.009009349780291507,0.07032422586939388
2543,0.009356440574829948,0.07110681696643208
2544,0.012723755526435225,0.07244544616319183
2545,0.01079645351474655,0.07451946181910378
2546,0.0112404304068991,0.069704728765894
2547,0.011630943652277455,0.07105625456287748
2548,0.014611421112076242,0.07267729390907407
2549,0.011677813126492463,0.07083075146253844
2550,0.011379480411570088,0.07144534612135182
2551,0.010010263844623835,0.0721797606251891
2552,0.021084067916795377,0.0704503332948625
2553,0.01997982090204767,0.07490422668164237
2554,0.009783919465649278,0.06915402257427536
2555,0.009444984551927887,0.07088504955732733
2556,0.013227481053423919,0.07291503657673236
2557,0.013573080388869984,0.06950979369848892
2558,0.020343334405306366,0.07526429552108721
2559,0.010562829649934201,0.07218172841875774
2560,0.008781456222121245,0.07186058768652435
2561,0.011141651736274596,0.07020679450498189
2562,0.011104432425131806,0.06935508115996693
2563,0.009784219477057083,0.07124269805979311
2564,0.014333925605532611,0.07049962021130368
2565,0.009350693215350373,0.07182706255736507
2566,0.010104920922378574,0.07207512071258143
2567,0.013864582614698754,0.07100590484632287
2568,0.01826103450292517,0.07805822526377842
2569,0.013598995931376484,0.07122117374325755
2570,0.010821542232574715,0.07453033531593499
2571,0.011793146889399865,0.07203161615626257
2572,0.008136248572212776,0.07333062983171683
2573,0.01364782617827381,0.07477541271606483
2574,0.010133632832443265,0.07329738974795305
2575,0.01570212435514482,0.0727670940764267
2576,0.009340261641983235,0.07400715995327871
2577,0.00806883657292746,0.07478946184081242
2578,0.008211041800677776,0.06957891148358658
2579,0.011337823605275826,0.07018413975424037
2580,0.01222768716286389,0.07059312721989806
2581,0.011292442012297977,0.07239823680100285
2582,0.011103508763342256,0.07049714105395147
2583,0.009166297949500218,0.06797907008488376
2584,0.008134515751678742,0.07060863654640384
2585,0.010477598668966548,0.0741394032399756
2586,0.011132530435966475,0.07008375890347593
2587,0.009658181201958544,0.07123306625170217
2588,0.008664906115437562,0.07303898979473233
2589,0.03584584331017303,0.0769932318040004
2590,0.021932789290960306,0.06989077024890068
2591,0.015071228111518961,0.07979374352777213
2592,0.01612505376876148,0.07815491314743993
2593,0.013343524885565323,0.07514533338914241
2594,0.019796716490159027,0.07437076016252202
2595,0.014212940171431038,0.07223374224769741
2596,0.020510186076304383,0.07571852220255032
2597,0.011358250650726142,0.07146811227601274
2598,0.011406252236575543,0.07684798239914696
2599,0.01565559911410263,0.07191604719424904
2600,0.010018909458059316,0.07341385137915313
2601,0.012706198919342602,0.07686348153012139
2602,0.008624342319827095,0.07089177614316008
2603,0.015528214771335588,0.0729741015305794
2604,0.008981423322578489,0.07231802314071727
2605,0.008016729394563687,0.07200464793016438
2606,0.008255201809365174,0.07310174984441963
2607,0.007918237563993397,0.07298805183710012
2608,0.006915521172975952,0.06866727631193653
2609,0.010758379953081331,0.07531108240361202
2610,0.021169196627450215,0.0735254703010234
2611,0.03669982891658257,0.08617902690904182
2612,0.016774741970703333,0.07215028935879991
2613,0.012079677576648778,0.07049418610513658
2614,0.009436626579951157,0.07110764246835445
2615,0.01511276783976342,0.07242905938610397
2616,0.010902729527703646,0.07004150783731825
2617,0.009972734487729387,0.07102482691220473
2618,0.02077457558387032,0.0708575866799008
2619,0.008821354218434578,0.07029279577254054
2620,0.008476878052174484,0.07422596804405514
2621,0.023101402779451358,0.07809331210185412
2622,0.013787334326502858,0.06908947636459704
2623,0.011726830753156198,0.07150878744167194
2624,0.01329251856405907,0.07303179746358317
2625,0.009196599501660999,0.06997664315733396
2626,0.009423582426339481,0.07493810695514344
2627,0.008596770528143383,0.07504335882370933
2628,0.0074549442373192795,0.0689384694162168
2629,0.009762763883626574,0.07099409780481405
2630,0.009661339624817002,0.07181692987979206
2631,0.007763963912359693,0.07360439939905229
2632,0.0072631578261856,0.07106885467107434
2633,0.019116927598103833,0.07303939569265322
2634,0.010537204846482852,0.07415038074616502
2635,0.011232932690869678,0.07382028290353025
2636,0.009197231785023473,0.07128053007269264
2637,0.010931835217886023,0.0743520148005103
2638,0.014585552976516347,0.0764913937651125
2639,0.009267107545628817,0.07538732761204392
2640,0.008835609523480215,0.06989429917251855
2641,0.013127150008203841,0.12185810523149662
2642,0.042422763220849084,0.08039477727093493
2643,0.016160386267080204,0.07178237595429696
2644,0.014265705735005182,0.0697053489940507
2645,0.010506762809128878,0.07104845464528355
2646,0.01956086883578321,0.06976116448640823
2647,0.009142908863256157,0.07077099076637947
2648,0.012202515263916183,0.07344891063700941
2649,0.008833574507747511,0.07108905129041289
2650,0.009003880530081946,0.0709128493914628
2651,0.009220595508054786,0.06910011148019542
2652,0.01075400502733349,0.07167851245194151
2653,0.010099033743353285,0.0686336767516638
2654,0.009653038149670374,0.0710399612821732
2655,0.008619097429313069,0.06992100967201673
2656,0.017216423339557873,0.0694906685435981
2657,0.0096334812514554,0.07152477452031951
2658,0.007497181733457085,0.06921319176155821
2659,0.009058461644245914,0.06988646457891416
2660,0.011956291635255082,0.07329264548338744
2661,0.011675014782428368,0.06939427926202764
2662,0.009167866629539612,0.07224437064096742
2663,0.019642925257779963,0.07142459802833714
2664,0.013433217143984424,0.07232678336159029
2665,0.010447482957992247,0.07238524595747017
2666,0.019767116527525608,0.06991544582491231
2667,0.007652971811802784,0.06876622525074129
2668,0.009386287826962979,0.07244328646582171
2669,0.0075155072480580275,0.0711224571355901
2670,0.010659748454779667,0.0722530035484106
2671,0.011283035406136307,0.07218389562272787
2672,0.008276721560410852,0.06841278634498592
2673,0.009394958337949922,0.07702150055788513
2674,0.009706106287979034,0.07042338129571804
2675,0.018033413163920556,0.07958336598368217
2676,0.022228535145030686,0.07176164121257332
2677,0.02359237565095522,0.08262583953246735
2678,0.014715691024093045,0.07313123278151777
2679,0.020539573022984786,0.08484864434726853
2680,0.022959910362351652,0.08276385539456417
2681,0.024963164777965008,0.07548396029792036
2682,0.023017024913318106,0.07764268655301933
2683,0.012984441602047895,0.07452351592462463
2684,0.012350983266663215,0.07182801718401131
2685,0.015032064087899127,0.0765582965616893
2686,0.014094785445582904,0.075069399219109
2687,0.00974962171050355,0.07312831781188348
2688,0.00753383287943923,0.07545266274297446
2689,0.007901426149257765,0.0700593699974225
2690,0.007604537559468824,0.07029279911503158
2691,0.008287695113884806,0.07006206876950755
2692,0.008037053403330727,0.07737640651843901
2693,0.00745824085063882,0.07279797691973229
2694,0.014915395431734365,0.06986774423890245
2695,0.00737181036122914,0.06993861965144188
2696,0.009259586585948366,0.0709595301919115
2697,0.011662500422903363,0.0711198869280349
2698,0.009841018534472744,0.07277507023106243
2699,0.008326923235269923,0.06995571247841183
2700,0.008084239286361816,0.07310561565005391
2701,0.0076930765120960705,0.07521376340535649
2702,0.018674548475953477,0.0731455710410773
2703,0.011456727238552978,0.07089770237978239
2704,0.007975467955138897,0.07105743380865656
2705,0.009319722129843638,0.07147692638755143
2706,0.009426270810110628,0.0741163070189923
2707,0.012272162526425523,0.07620382519966379
2708,0.007689931608012478,0.07051553313893483
2709,0.007935525947265024,0.07216702237314448
2710,0.010811293307913696,0.08001971704171117
2711,0.011389034740381573,0.07134357608275904
2712,0.0080294763394938,0.0720042977342032
2713,0.007380166444285163,0.0735581472404021
2714,0.007643750471684813,0.07318851727067976
2715,0.007647596366796934,0.07171829713317088
2716,0.013127626588445473,0.09617345315173156
2717,0.02457885764142189,0.07223533407637947
2718,0.012924253435507651,0.06876799678966813
2719,0.009201304134577046,0.07244997210147087
2720,0.012081365039729773,0.07697789296321104
2721,0.01760751262692542,0.07449162671141756
2722,0.009467725037687625,0.07238618271392688
2723,0.0300084546377713,0.0742311536481506
2724,0.01497328275563575,0.07112256450611248
2725,0.00996909988898095,0.07087381348424687
2726,0.009170960232054926,0.07531952990550445
2727,0.011293066929745544,0.07023984064957253
2728,0.007811673457054042,0.07317654073313065
2729,0.011517415585165674,0.0723415404035334
2730,0.012105471959635381,0.07056457956407901
2731,0.008287608182659157,0.07321713287803464
2732,0.00867232383698879,0.07339214348703399
2733,0.013666137883608992,0.0691034284824118
2734,0.008722627141329,0.07079013201751207
2735,0.008789880808477864,0.0702425104969725
2736,0.008755838261993141,0.06921589794687759
2737,0.009345571347001392,0.07207522192096949
2738,0.007321036052904719,0.07148728747490354
2739,0.01048597473312508,0.07148184037223496
2740,0.008001700624660078,0.07184511157952454
2741,0.010424246632006475,0.07284053678351238
2742,0.009470555855422558,0.0714613347311964
2743,0.00842531839952013,0.07644297253517877
2744,0.020205324101130417,0.08419195708251537
2745,0.018065041973369434,0.07460233593420278
2746,0.008702679880278705,0.06933923896616861
2747,0.011520757935474099,0.07139893966659269
2748,0.017430307947940028,0.0699502723221492
2749,0.008973697328875804,0.07077163011582573
2750,0.00728650542332274,0.07013091144331715
2751,0.007929462232980234,0.0723717299693808
2752,0.010826392532808,0.07058720680929366
2753,0.006452307197028847,0.07064892290006007
2754,0.024789301661021283,0.10563544014043975
2755,0.039328934373713584,0.07560873203409046
2756,0.019917047306673374,0.07033485902431316
2757,0.021235807220740564,0.07186149475269747
2758,0.01609245810342433,0.0697904207129825
2759,0.009353479472657543,0.0697946141014123
2760,0.009147566309648341,0.07380500971748118
2761,0.009057958484817075,0.0714549975922532
2762,0.010033813807354264,0.07257583173444696
2763,0.00949288946999745,0.07096783463892184
2764,0.007993309960049521,0.07184061630253206
2765,0.010115874382349017,0.07057484743514456
2766,0.00880034455918593,0.06867236251893796
2767,0.009221505599978108,0.07421152508423143
2768,0.01647707675131137,0.07012199152979934
2769,0.010207805216172271,0.0706945305554789
2770,0.008963552037937141,0.07042609474488667
2771,0.010859201992146647,0.07170379329892926
2772,0.014993825866067111,0.07092739245795965
2773,0.01410457022418049,0.07079813494942241
2774,0.010013593236702643,0.07389424474242337
2775,0.010539242232854837,0.07331634200829312
2776,0.014508333401666913,0.07386786371170727
2777,0.010574477558319098,0.07286574284459714
2778,0.008901240476363318,0.07570824801996537
2779,0.007416149002841461,0.07441255248578868
2780,0.007488555222352657,0.07105225993128947
2781,0.006714176392433786,0.0709391054242177
2782,0.008257805317243253,0.07671817423855153
2783,0.007679856361873845,0.07047277651633833
2784,0.018833741863903394,0.07489722655306484
2785,0.01212387506304116,0.07870190151801384
2786,0.011853693330479453,0.07330745402583502
2787,0.008014464418062223,0.07091142735759118
2788,0.007880591743605263,0.07340432176912638
2789,0.007486678248265507,0.07206499531753081
2790,0.010259472181127176,0.07306525955224097
2791,0.02145531810936883,0.08723751802865724
2792,0.027350493044034814,0.09104707687719722
2793,0.01497917576783503,0.07217359533510112
2794,0.04138882518935727,0.08121544148838311
2795,0.012879445862760738,0.07045906063234597
2796,0.012467068827311073,0.07162879517577346
2797,0.009508747908178728,0.07004563874544058
2798,0.011615870711700203,0.07215292960928198
2799,0.01656208427033174,0.07369932009462725
2800,0.013589716242001535,0.07158190174434419
2801,0.019390226426449688,0.07257252136119326
2802,0.009315144956742521,0.07244229845161128
2803,0.008582069141480804,0.07103459611721803
2804,0.011957488853344255,0.06906447357925258
2805,0.007485556175354226,0.07195288740229189
2806,0.012904481553592279,0.0729164971892995
2807,0.008242564467088462,0.07085957859915898
2808,0.007001975565845129,0.07188196698749873
2809,0.007989216925792372,0.07286936438696127
2810,0.010565482643447513,0.07502987754897665
2811,0.019868366103502556,0.07187099569946304
2812,0.009263686105889212,0.07062577613090214
2813,0.011102628024137319,0.07355457066294543
2814,0.007544758522351707,0.07024990115548137
2815,0.014325055763779388,0.07069050778347746
2816,0.01086300237653164,0.06908104081351057
2817,0.007993479580457869,0.07540455589393028
2818,0.007114494175629743,0.07036990816133064
2819,0.006442472703614766,0.07213923267852095
2820,0.008409535281687135,0.07513351112902912
2821,0.01004594271173438,0.06960963192664292
2822,0.008251860580147248,0.07231024105596662
2823,0.007261578870943067,0.07125616082944966
2824,0.006220595592919001,0.07239995403845507
2825,0.008544032015256747,0.07219910823312917
2826,0.00691247997706213,0.07094650306647882
2827,0.007255712816007085,0.07625055776204083
2828,0.043904770889719454,0.08497119812588942
2829,0.017264512907655263,0.07299327758843438
2830,0.013710169766833976,0.07237276560008377
2831,0.009760051267951446,0.0722347877938347
2832,0.011003107861630316,0.07077334873508989
2833,0.009915585004867618,0.06994788483121342
2834,0.00888070981178818,0.0698593119556145
2835,0.009416868113168168,0.07025652668231114
2836,0.009849750038329804,0.06970304827717014
2837,0.009582876223416819,0.07111960888506476
2838,0.014855433135734269,0.07209867395852741
2839,0.011781910310286246,0.07209170583570212
2840,0.007588171341739665,0.07139857699697777
2841,0.015691665161786408,0.07456435870033756
2842,0.010128803485508155,0.07246576910628412
2843,0.008860130102423291,0.07014766232785127
2844,0.01250111973818193,0.0703057081142165
2845,0.009167993007677382,0.0698795280136859
2846,0.01154451369421796,0.07015995085612874
2847,0.016919077779852486,0.07151055552606893
2848,0.008810137124107362,0.07276259532623124
2849,0.010315627534070919,0.07145544094848155
2850,0.007782274273262129,0.07239700738051183
2851,0.009262702673043017,0.07062950633223493
2852,0.012848946111142448,0.07339906373194285
2853,0.008510365801918843,0.07162973312731076
2854,0.014048040605100532,0.07366733295950376
2855,0.00944935095417649,0.07057443397460426
2856,0.008279245158476422,0.07010056517252647
2857,0.007502438561833203,0.07250196673442845
2858,0.008381069741477506,0.07090146105764504
2859,0.008931219707707347,0.07594313082240876
2860,0.008158730620337317,0.06990165399728264
2861,0.006859315365120815,0.0698079602199987
2862,0.006384113882332573,0.06948300968286089
2863,0.008576058169540754,0.06904667023952145
2864,0.0071518625655331205,0.06926672847796801
2865,0.006354057005253331,0.07226179510280303
2866,0.01047624029849764,0.07117404859690439
2867,0.015390101612945522,0.07121630716966208
2868,0.010061934418088777,0.06981682530919411
2869,0.009947195447701085,0.07256889623358734
2870,0.007490917443236494,0.07216286502386395
2871,0.01375568441924023,0.07287750070107013
2872,0.009644190408581383,0.07275033512509856
2873,0.015863269982059548,0.0790123318258981
2874,0.007808754658530872,0.07221610543497822
2875,0.0071459345353130825,0.07704510183113261
2876,0.012812751981788856,0.07403115433335006
2877,0.008800417745374961,0.07246656521669306
2878,0.008923657733339781,0.07149334649618407
2879,0.022473214900699156,0.11041536833857533
2880,0.03131014408199204,0.07951713883712477
2881,0.021329136384318242,0.07646861203705757
2882,0.011583384815428324,0.07085858690634109
2883,0.009345276452028733,0.07360397546288364
2884,0.027334937717777247,0.07275125459023286
2885,0.009473013272654955,0.07192235667828031
2886,0.008449917240214292,0.07127430775485243
2887,0.013087764148801846,0.07309885173662563
2888,0.011061142175385385,0.07342905497043055
2889,0.01006247654125141,0.0824013985600089
2890,0.01780343640794201,0.07726166128440011
2891,0.018373774082858268,0.07205044261569667
2892,0.0075444966426183434,0.07396218417805239
2893,0.008069202102440465,0.07285675680951069
2894,0.012206472132390008,0.07146759387245752
2895,0.009739163531673646,0.07070238961088926
2896,0.008148486036982469,0.07188756082365687
2897,0.01794259443143412,0.07295991743641689
2898,0.01169767082000274,0.07234457458245724
2899,0.009233228497347302,0.07103441046891655
2900,0.009879316661658706,0.07173251450285875
2901,0.008649617935703091,0.07236092606732122
2902,0.007280253654865542,0.07113154452844969
2903,0.007744837051613671,0.07007031788802087
2904,0.006745875477323711,0.0744428189849495
2905,0.007855654612393775,0.06981337208646282
2906,0.00809035103674686,0.07313892915658186
2907,0.007581251977029078,0.07135839444727528
2908,0.017152229703519036,0.08282643145785894
2909,0.013784391612842166,0.07123351115780067
2910,0.008062913038747437,0.07051949651169598
2911,0.008648266671313014,0.07443820227656447
2912,0.01623747970027189,0.07482933570493135
2913,0.006275857775399117,0.07280866609405455
2914,0.011740169318562204,0.07628995815016572
2915,0.010852837044640582,0.07311514367286424
2916,0.010299225158253714,0.07154686106625655
2917,0.011362798260904404,0.07700211371768985
2918,0.01580781815427598,0.07208974513792454
2919,0.009636493825987216,0.07164272665977478
2920,0.01057408120027717,0.0696026888071445
2921,0.006747617225708632,0.07304851255171879
2922,0.00756099473591602,0.07146656826922768
2923,0.0074219461180106226,0.07091745758489858
2924,0.0088508037067833,0.07624840770000801
2925,0.011690891849980645,0.0711312674938288
2926,0.006738601621754211,0.06988019737085902
2927,0.007197286770168143,0.07160855898806326
2928,0.007135979758231057,0.07065137817447346
2929,0.006766459615579967,0.06973145355033994
2930,0.008113370284286318,0.07077926970588833
2931,0.006895851089873097,0.07010293128272346
2932,0.00682527962838501,0.06980161650811222
2933,0.011093645305504152,0.07155326748252812
2934,0.00834353660528189,0.07251192130764625
2935,0.009544621087423873,0.07243860600735609
2936,0.006676051729186482,0.07066425044360317
2937,0.00647944489021006,0.07089871466906746
2938,0.006958546422036557,0.07162939338830479
2939,0.006928041885347108,0.0740532270051483
2940,0.00931614712406195,0.07454570022441988
2941,0.007666432478269533,0.07323592637938664
2942,0.010865625715157642,0.07284069223735566
2943,0.023720989120557763,0.08042357393300026
2944,0.024054253622772737,0.07326779490276088
2945,0.01767042652210425,0.07197399084505282
2946,0.00885753684201304,0.07190532782546859
2947,0.0077385746225784756,0.07058210820333104
2948,0.008713356610445954,0.07076829326406756
2949,0.006664344824873916,0.07344174050821696
2950,0.008629858400380724,0.07106303460989381
2951,0.009965146284515395,0.07301424279398189
2952,0.01344354209989356,0.07394709546389736
2953,0.007272794123061679,0.07187421881316002
2954,0.006269254964020185,0.07101283670592129
2955,0.008562150050748759,0.07406368117807503
2956,0.018329418956252473,0.0722498200217584
2957,0.0076303403827487305,0.0696987979730269
2958,0.007717888589165988,0.07121872011207997
2959,0.010169957352796319,0.07291608141329055
2960,0.008432352400113328,0.07238409460935377
2961,0.00885586038839107,0.0724055150659162
2962,0.0058496785072790795,0.07287737163236566
2963,0.009756724303442295,0.07482092287904936
2964,0.008438280462447939,0.06988278416015749
2965,0.006714633374028258,0.07057495900712217
2966,0.007656117469119054,0.07144005915948323
2967,0.008677955159222631,0.07187428851997045
2968,0.0064738878358424085,0.07140678628569558
2969,0.005817321047397056,0.07139684028344645
2970,0.0054893304993833495,0.07199226594284962
2971,0.00641186332014801,0.06800905364871324
2972,0.006327922587344265,0.07420746421903596
2973,0.008545824976165,0.07209292332406032
2974,0.007231468410701214,0.07126861573535398
2975,0.008998387510710188,0.07439646128574409
2976,0.007354309780926073,0.07155321000662065
2977,0.007317216345765935,0.07098570901125595
2978,0.006540956939088887,0.07116048176187023
2979,0.006028587497817498,0.07190136716031191
2980,0.012823137755397718,0.07379356993917834
2981,0.010194667531790498,0.07101258706478845
2982,0.011040026736577103,0.07825426691979692
2983,0.02103118718160918,0.07670470205763527
2984,0.010275153365850356,0.07041508831401218
2985,0.007974865090183704,0.07109191741112779
2986,0.03957812651571435,0.08089489796033181
2987,0.01558217295331641,0.07311048151407026
2988,0.01111042466551813,0.07135390658351712
2989,0.01770960029833556,0.07601700245138995
2990,0.018527946869921534,0.07208082522440673
2991,0.010137505445419154,0.0716608604019447
2992,0.022983944066873166,0.07292616154466357
2993,0.018508912732702065,0.07402196832766808
2994,0.007585718586959155,0.07465192694263649
2995,0.007362347367718862,0.07344072515653786
2996,0.03280117688554581,0.09426389793330864
2997,0.01996380449812801,0.07487416013440393
2998,0.010713400707513001,0.0734411109434931
2999,0.007938324872310913,0.07189768599462987
3000,0.007059754135209752,0.07124744590960051
3001,0.0068151611896074115,0.0735961712504688
3002,0.009237029049603917,0.07341957940045454
3003,0.008353379689343857,0.07132384386427122
3004,0.008353960761642755,0.07299760223032538
3005,0.00931426938214459,0.06941719403616468
3006,0.007934870998313808,0.07352189766359807
3007,0.006802307038938737,0.0700010141745247
3008,0.0066881022813108084,0.07044408203366406
3009,0.012008791681390758,0.07164427432649416
3010,0.011766034082092088,0.07888248142667283
3011,0.025726588845813535,0.07019125983903282
3012,0.008221749864448574,0.07250954403091493
3013,0.00756315308474121,0.07054363669160016
3014,0.016295302558550172,0.06993211790881958
3015,0.0068005311761203235,0.07228676308142512
3016,0.006881430667757894,0.0702328954013368
3017,0.007487940514419333,0.07342224082627093
3018,0.008388194947453876,0.07449236357197128
3019,0.007909870535707492,0.07452316843626793
3020,0.006670088828380765,0.07086736533352009
3021,0.006637097892517861,0.07239542894046706
3022,0.006392466126237543,0.0737372200030432
3023,0.00593202115623368,0.07220223749565301
3024,0.0076150744335965305,0.07134152689299787
3025,0.006484025266009812,0.06939817074322163
3026,0.005718383487010357,0.07277693969190568
3027,0.005808327303247579,0.0718016963554803
3028,0.00643277002299981,0.06970669291820143
3029,0.005820200279308337,0.07164539320202998
3030,0.006988090001700627,0.0732303199762091
3031,0.008273238945331973,0.07096677968152483
3032,0.011780087433194853,0.08030269313650322
3033,0.012427939726828034,0.07312877425797899
3034,0.0061586769531279525,0.071528749339712
3035,0.0072666638046152724,0.07391004643419333
3036,0.0069349220191890545,0.07548135065270546
3037,0.006896734590931186,0.0706539772320212
3038,0.006132704318212024,0.07279906515265468
3039,0.03309444926655778,0.08641798727046278
3040,0.02239348351967092,0.07299992918295968
3041,0.009509822911346407,0.0718039975205161
3042,0.007142361396555804,0.0709473867165415
3043,0.006670085708888066,0.07096772670820542
3044,0.006041660075744491,0.07196428152478129
3045,0.005820091010938431,0.07221993473463488
3046,0.006941024948285197,0.07580148189662393
3047,0.009092347912467012,0.07170519550193223
3048,0.006272451633873591,0.07230970504364573
3049,0.006255459615546148,0.07187576188628834
3050,0.009076345271101006,0.07255122732175023
3051,0.0065236715687479714,0.06929283816936918
3052,0.006811357993737657,0.07328784951291288
3053,0.008862807088441048,0.07239513721008946
3054,0.007886768750799673,0.07245532710824096
3055,0.008017098553023275,0.07229443816911607
3056,0.006491066779952998,0.07482188682358965
3057,0.008683810287905524,0.0703763671238022
3058,0.01158060292862239,0.07101305323958695
3059,0.005750084139675276,0.06965553613010804
3060,0.005843951956582107,0.07243956739367698
3061,0.006038036309824935,0.07543158656298965
3062,0.0061343512249684255,0.07238762129219552
3063,0.005615927311110085,0.07134266205150681
3064,0.005668085821696957,0.0721224325529316
3065,0.005916091187223559,0.0727867959323981
3066,0.00672483824333614,0.07158890000560827
3067,0.010491242408927612,0.07167536483372662
3068,0.009027550782319333,0.07485299400593105
3069,0.006437438662779929,0.07298089694558528
3070,0.005678878648959824,0.07099551345247374
3071,0.007250811987874743,0.07001564743226035
3072,0.005834460067256211,0.06973754913361747
3073,0.005484151226237743,0.07092562614751041
3074,0.006209335583305938,0.06954180621040196
3075,0.006964882397819836,0.0755590663144463
3076,0.007053602194898181,0.07004463816421073
3077,0.006603737310637781,0.07228360024460576
3078,0.005650134322154671,0.07011948895633668
3079,0.006319155569150343,0.07100100314856173
3080,0.007175104764106225,0.07330530926697236
3081,0.0066779423373690035,0.07014433105936027
3082,0.006786386210903479,0.07039677362917061
3083,0.007808495381537556,0.0735781935783556
3084,0.005720047033494075,0.0706582988301913
3085,0.0059854498214809496,0.0737605495821862
3086,0.010187227384050064,0.07167882853208628
3087,0.011541553764227415,0.0743274712622315
3088,0.006604014170359014,0.07090966233558822
3089,0.0055645741485818336,0.0714815219579484
3090,0.005746687978482732,0.07297323123180777
3091,0.009294026683093426,0.06997343195709668
3092,0.005765817604001413,0.07123683641354243
3093,0.00572039937413645,0.06891755052004243
3094,0.00927434867207066,0.071283387361015
3095,0.005961988280384238,0.07208264049581417
3096,0.006711656379522201,0.0720812262112933
3097,0.008160723916322086,0.07303038766061452
3098,0.005911266858920128,0.0696352911100053
3099,0.005983716892925176,0.07406200278074221
3100,0.005454849536446008,0.0694671604866372
3101,0.006489933410011302,0.07177538155837167
3102,0.008267531946570055,0.07083333496536527
3103,0.00758159548616428,0.07088461038388107
3104,0.006398711533090071,0.07065157732345108
3105,0.007520188051232116,0.06938288474740241
3106,0.008691041979962101,0.07168455205316233
3107,0.006410521933908186,0.0719203167690669
3108,0.005470735790225499,0.07127962156868818
3109,0.005510445455013304,0.07362060411308045
3110,0.010749861180525401,0.07333481985898245
3111,0.00740076717993589,0.073606761718603
3112,0.008558265972870831,0.0704958382293694
3113,0.005325069556123691,0.07111772709995284
3114,0.005466698981284348,0.07360882670583582
3115,0.006000500013263528,0.07110970392636488
3116,0.006179823979536848,0.07304295533357706
3117,0.00755218204642211,0.07026078847043198
3118,0.005964579673770079,0.0740696797357466
3119,0.005592093146099566,0.07223547896122873
3120,0.005688486629542325,0.07343437059556034
3121,0.005541626492450978,0.07528549892113622
3122,0.006481896078675331,0.07121490080255016
3123,0.024943243595406554,0.07459342563734915
3124,0.00785010364373743,0.072777773802143
3125,0.007110733479016159,0.07429961768681542
3126,0.011498203123029216,0.07212063449815401
3127,0.006572560740045059,0.07196328469685145
3128,0.00687885208516659,0.07046615907497573
3129,0.005405677803631486,0.07055411228261198
3130,0.005022278627771943,0.07130158688863716
3131,0.005728246092352561,0.07054618699359416
3132,0.004890656025735749,0.0703865039841573
3133,0.0047269525637026865,0.0698111986830121
3134,0.004709507744514082,0.07280491311149788
3135,0.005227838442909027,0.07105193944428499
3136,0.010911403247228236,0.07825627013630138
3137,0.008961735223201001,0.07295763612092289
3138,0.008981240177556265,0.07841173464194276
3139,0.011060799169865054,0.07508654412545059
3140,0.00744756391318661,0.07135326127734101
3141,0.005145417701534717,0.07142626731318041
3142,0.005467506635023228,0.07118822397071317
3143,0.006392053119709779,0.07100625041134674
3144,0.008946475169992186,0.07376160861032649
3145,0.007187981405193249,0.07080858342704319
3146,0.008355502855196175,0.07054853592450756
3147,0.007779035728926942,0.07041769258136439
3148,0.007628396893544911,0.07222132386644382
3149,0.00898233952356917,0.07146107472647402
3150,0.0056299285373437365,0.07117463329008647
3151,0.007536270795827936,0.07535555723466371
3152,0.005784494233051998,0.07292087852282632
3153,0.004998942088265684,0.06994394403427168
3154,0.0058105352471894975,0.07005009919703754
3155,0.004899754400619052,0.07354790846207984
3156,0.004777579657371422,0.0719465205730651
3157,0.009274392464668213,0.0706295170319409
3158,0.006915704109253461,0.06923611562951167
3159,0.005285435143075766,0.07219094700905912
3160,0.0052577162447581096,0.07151168788360772
3161,0.006259973766720127,0.0748808426142934
3162,0.0051984325340338824,0.07183947371211566
3163,0.004833077341843642,0.0704499556867401
3164,0.010616631009163434,0.07419255015470629
3165,0.005252052289740326,0.07158390764977998
3166,0.008544006206819256,0.07288227036109843
3167,0.006906317897304472,0.07376612717271748
3168,0.005823533644835497,0.07340183721523835
3169,0.006196055140895156,0.07225238522491359
3170,0.008723850583885345,0.07184429059650067
3171,0.01816623738228247,0.07188438510237481
3172,0.02613509322595447,0.07287831949933729
3173,0.010570097367241278,0.07514306404312751
3174,0.010158898574548268,0.07234793619479153
3175,0.008677613655788398,0.07250621012951199
3176,0.008388803454355387,0.07256443723849486
3177,0.006698245620559376,0.07603288934867185
3178,0.006681688731320226,0.07360911569126267
3179,0.008357159831330507,0.07382775943978388
3180,0.006684812356580668,0.07459513688072525
3181,0.007253085644069043,0.07041478394192263
3182,0.006614266392602629,0.07087438224924537
3183,0.009327527354573569,0.075364055732886
3184,0.009779447075096323,0.06913952204517852
3185,0.005888450095213973,0.0729532377761707
3186,0.0058801733161728586,0.06918995932005999
3187,0.006808420259295306,0.07225655084639265
3188,0.0064928813320715975,0.07024506468297843
3189,0.005296330725289531,0.07350017246148341
3190,0.005183141109267933,0.07045832231528777
3191,0.004852233482320387,0.07161974328054223
3192,0.006338211396843382,0.0715877331214441
3193,0.00550676012108085,0.0714103011484433
3194,0.005684359974248282,0.07119496650340264
3195,0.005182313481725309,0.06882863975407784
3196,0.005318430980060214,0.06996601808788185
3197,0.005335966852817649,0.07192180161936242
3198,0.005897975034813242,0.07104463979863283
3199,0.011391620179433902,0.07328976688901882
3200,0.006875093105222831,0.0707836266523017
3201,0.005612420821766775,0.07216570264937584
3202,0.007043529809875922,0.07503389921926316
3203,0.005788100777532567,0.07558141344397289
3204,0.00538894032247855,0.06905362080960047
3205,0.006229534079568887,0.07014909233515125
3206,0.004858851737888722,0.07108062520660553
3207,0.004962830567078484,0.06966297548815123
3208,0.005304946165625298,0.0721226321874107
3209,0.004890685042710887,0.06890579047881272
3210,0.005950239335178021,0.07611152867700223
3211,0.012123606709302126,0.07584988917772632
3212,0.0062677657471088034,0.07303771188011146
3213,0.005464924513990042,0.07393610921868107
3214,0.005352965834897981,0.0754966910060187
3215,0.0054370298029907446,0.07092311203405074
3216,0.005520927229294769,0.07002814414731243
3217,0.00797560536025273,0.07316691110979644
3218,0.006187951438958088,0.07176489002050314
3219,0.005568613020884206,0.06961065011663843
3220,0.004796560274927547,0.0726256836439135
3221,0.005955805161202963,0.06978150106088858
3222,0.004726872961898115,0.07423782492415947
3223,0.004772107905144788,0.07300410537343276
3224,0.007864263110143077,0.07412068288129076
3225,0.005199266867682945,0.07198516531546313
3226,0.007050053642764921,0.07299406163599856
3227,0.006783951281169926,0.0724786932120347
3228,0.005650613366459791,0.0724677927885438
3229,0.005905597104302674,0.07175954558272708
3230,0.005455424350782715,0.07164489307947326
3231,0.004737114694354863,0.0717666506356464
3232,0.00487010869661749,0.07269358201732014
3233,0.004543125216314879,0.07199903372161669
3234,0.00604575579010861,0.07098660492956788
3235,0.004712070094649227,0.07206858440598748
3236,0.011386860868540304,0.08335485326168232
3237,0.013656665322875901,0.07610253268913518
3238,0.012381795344167742,0.07731318290819202
3239,0.00813326652404096,0.07247283106160941
3240,0.005885749122530782,0.07228521737538483
3241,0.006164705363280347,0.07283001710523042
3242,0.005484156088675825,0.07264654894819236
3243,0.006136543534223142,0.0723761494334479
3244,0.0046686223010331115,0.07088535996083926
3245,0.03744174152916315,0.10879121459366982
3246,0.037250276765899974,0.07920374534557338
3247,0.017668445399001847,0.0750329701561378
3248,0.02463284673951683,0.07631080153218486
3249,0.008688219998113601,0.07123515301180962
3250,0.010577522248882205,0.07194277746859648
3251,0.009034692963766267,0.07066275257813304
3252,0.007143790912478695,0.07105697756796553
3253,0.0083597672513473,0.07140569902377619
3254,0.008709703991043623,0.07055311612691496
3255,0.0149004379021687,0.07075066599332001
3256,0.024485893957725605,0.07199151326615111
3257,0.006852660395298445,0.07222846465974224
3258,0.014396637951120221,0.07142757140753563
3259,0.007579459118303554,0.06902638955373214
3260,0.007271881337893607,0.07467531132742875
3261,0.010310303038832817,0.07064129610109449
3262,0.007972033425791884,0.07210021004790351
3263,0.0070633505234570714,0.0710042659613423
3264,0.00694869432399826,0.07360271384990902
3265,0.013556368405227098,0.0725118822247761
3266,0.011727957576104559,0.07026117629275884
3267,0.009176285717005734,0.0727499537263299
3268,0.006310401082938087,0.0703220711390775
3269,0.008103599287219182,0.07023660608924422
3270,0.012161455752158707,0.06949506541317269
3271,0.00655695201455379,0.07094375122534602
3272,0.010479105708005379,0.07146212888092625
3273,0.007337591930534865,0.07322942136896583
3274,0.00781074450657846,0.07134177367714115
3275,0.008020040170409276,0.07188189797159425
3276,0.006829329725460012,0.07141624096043427
3277,0.008361209166414313,0.07067084487966427
3278,0.006642972190680455,0.07044974380268489
3279,0.007191939457526962,0.07278888272985182
3280,0.007101568450339629,0.07013910760482152
3281,0.005839339784437026,0.07048711281521876
3282,0.006320840582765382,0.06972649357372657
3283,0.01314141606798156,0.07083988987040102
3284,0.006426140877672217,0.07128559204196572
3285,0.0057562027173262776,0.07218567974734724
3286,0.011213817235175812,0.07334382352150771
3287,0.012379008600762739,0.07212206642878682
3288,0.006858284934058926,0.0721115011880571
3289,0.006136707618517282,0.07250066409657772
3290,0.007520258276311675,0.07057272515873562
3291,0.013835059052631025,0.07245706561439318
3292,0.010211422718290624,0.07372727799684481
3293,0.011028182688446535,0.07386381293000434
3294,0.006104423092286975,0.06973642361044585
3295,0.0073009811657069245,0.07179385953977294
3296,0.017909879378717523,0.0744523146285449
3297,0.007499512134639541,0.07430517120767656
3298,0.01710687658302836,0.07239872233984165
3299,0.013567231286048516,0.07372957938595821
3300,0.006674515083432198,0.0703333648374505
3301,0.004945017311278275,0.07252062231601032
3302,0.006094845213276278,0.07142568753103266
3303,0.006026414519345219,0.07097550444211577
3304,0.006039909895094912,0.07146121948061132
3305,0.005380408464694472,0.0742601560321368
3306,0.008359974930442425,0.07289102568961027
3307,0.005902416595377519,0.07275141221015974
3308,0.007768004561911649,0.07245463300916485
3309,0.006301050477290415,0.07087212593707823
3310,0.006501866489952448,0.07162377686428845
3311,0.007445718502614145,0.07038253166696481
3312,0.006128813335701216,0.07214480449905372
3313,0.006876508385632012,0.07003893729364663
3314,0.006500198632817377,0.07199162059932723
3315,0.00544703980983705,0.07412928505275483
3316,0.006567589886089477,0.07294874572963045
3317,0.007534371437884424,0.07112820394206465
3318,0.008774816074633393,0.0707675356016422
3319,0.009146236751789116,0.07073959497207388
3320,0.005504067153684491,0.07200647644082406
3321,0.0072792469228976945,0.07137325372462883
3322,0.0065161943739297625,0.07296490855981831
3323,0.014466634021669065,0.07411520336206097
3324,0.006214088005623941,0.07067278227337022
3325,0.008587524331347041,0.07347114214248825
3326,0.005643786731844645,0.07138575947747793
3327,0.005943104845170971,0.07138328347588542
3328,0.006161269048655108,0.07091813915430155
3329,0.006663211168820581,0.07250407959957768
3330,0.005924886910005423,0.07400600894127872
3331,0.004866594441386879,0.07212710244240318
3332,0.005479208895860701,0.07226627290174178
3333,0.0045807508307985,0.07356001959558119
3334,0.008727316220574152,0.0734001951931712
3335,0.010759057491714118,0.07352921224775769
3336,0.008793490039634293,0.07575134626755439
3337,0.013731128641266995,0.07220769298255891
3338,0.005598738185220564,0.07207254438023818
3339,0.006332756252229494,0.07255219612130545
3340,0.0060774019764602,0.07436029204076394
3341,0.012968094715831048,0.07131195303640868
3342,0.006897151591343846,0.06966628539457656
3343,0.005809585048545584,0.07079316910944487
3344,0.007228272746617798,0.07404219454392455
3345,0.010753985903106139,0.07399359885089678
3346,0.00655390718823363,0.07012320530220381
3347,0.005272791499774144,0.07002331615241249
3348,0.00791782520267657,0.07193845594511893
3349,0.005812612601605515,0.07494552978746276
3350,0.006908578189457752,0.07175220707828239
3351,0.021617133409765822,0.07303669425030998
3352,0.007416959679729326,0.07067688179195375
3353,0.0057219343192781965,0.07532689320787153
3354,0.009930417420441828,0.06985295330522054
3355,0.005880549576332016,0.07342810000766788
3356,0.009978792542550819,0.07311037440497176
3357,0.006073427018724078,0.07607614103340565
3358,0.006133207546249265,0.07189856213809255
3359,0.005992228163809145,0.07032438987553269
3360,0.010100741367086441,0.07240120317777596
3361,0.01739012419033013,0.07674247474598705
3362,0.04036163162661944,0.10103227183185425
3363,0.02672425291404642,0.08184122256841277
3364,0.011295059736712973,0.07592322768872245
3365,0.01075134131485205,0.07151765845025093
3366,0.006916198943709505,0.07336853941281636
3367,0.0074313856496367615,0.07254802616765924
3368,0.006921137325454001,0.07180568923179369
3369,0.006257516232707471,0.06972534108654897
3370,0.015747063945056317,0.07044367161684466
3371,0.0059110760355958,0.06996698139753557
3372,0.0050961972582139374,0.07300203041474622
3373,0.005888668995432346,0.0718637252772661
3374,0.004882570585311861,0.07007607884873125
3375,0.0060939788424225995,0.07321495902642869
3376,0.013434996097100473,0.07137127360679153
3377,0.0054058759330208395,0.07076745805211533
3378,0.006929311978697871,0.0757678927186139
3379,0.007394771301844464,0.07259014176022738
3380,0.006675347716468722,0.07027475106387508
3381,0.013108645768713522,0.07029148153867339
3382,0.005387051921442945,0.07015715244419891
3383,0.007342567706048535,0.07136969283260498
3384,0.00546440280401688,0.07276704655329984
3385,0.006453516570483349,0.07286239497568972
3386,0.006434668051108111,0.07214932547027904
3387,0.005286981842880572,0.07229730244119066
3388,0.0053037635523674066,0.0745094754268651
3389,0.01992034038009128,0.07269777155908427
3390,0.006574699915011288,0.07240053621076402
3391,0.006925382355058735,0.07142538855547893
3392,0.005028814766380854,0.0704148595867898
3393,0.006615700925697447,0.07446258643964179
3394,0.005338224559747921,0.07189802786237315
3395,0.012172239958118869,0.07611415807839324
3396,0.01164126745352177,0.07559655397607569
3397,0.007464534200167394,0.07178760107074465
3398,0.007757934122740475,0.0723751558919897
3399,0.005762546026909893,0.06987064301892928
3400,0.004468140325167429,0.07239941625218642
3401,0.00959747862567115,0.07339780422903243
3402,0.005920447711321907,0.07231008324930842
3403,0.0069358537650921126,0.07309119870190632
3404,0.005043341804494304,0.07244960371787686
3405,0.0049281853614637754,0.07081979150909529
3406,0.005384190005124736,0.07145102411732637
3407,0.005022782374021589,0.07178542736852378
3408,0.0045040540738749465,0.07398057527335963
3409,0.007632398746504819,0.0739692771494538
3410,0.005107152135604788,0.07377131432668309
3411,0.0041989459886819964,0.07184327207038875
3412,0.00411689884341716,0.07200724041476883
3413,0.004750497243586099,0.07184089621281564
3414,0.005622916217005832,0.07179798378158632
3415,0.005354133309054898,0.06873676305949539
3416,0.018618335799959293,0.07530906372575234
3417,0.005737571304862542,0.07304413192777108
3418,0.0048749134861236455,0.07309855186476145
3419,0.009251898826102853,0.07657021052556529
3420,0.014757984630226342,0.07076720318250489
3421,0.013449319635392356,0.07936934671156987
3422,0.029181778769601475,0.07112126373557519
3423,0.007491940638301515,0.07157778047155916
3424,0.005149760801742163,0.07350669748950422
3425,0.0052780417789672985,0.07193981353800398
3426,0.005079750764274205,0.07113936089707497
3427,0.004577643617543868,0.0695993845213326
3428,0.004370197823101824,0.07190830344544318
3429,0.006643532579735528,0.07289598301463857
3430,0.014573554438319886,0.07342913304280518
3431,0.006579601567904217,0.07340867701628453
3432,0.005891813992940146,0.07221278550107975
3433,0.00546913057986098,0.06968829999292704
3434,0.005270660761451833,0.07072618146214568
3435,0.00561095188520732,0.07036784675933962
3436,0.004114237324214981,0.07239529533419095
3437,0.005623633719303391,0.07787923038678062
3438,0.016460303748522805,0.07283087761927966
3439,0.01828510066651999,0.07285525584430025
3440,0.020801443892726704,0.07751422941236567
3441,0.007910090438776348,0.07169491390611295
3442,0.005046600636480184,0.07311584385938215
3443,0.004345350988577105,0.07662375080854372
3444,0.004434128715233369,0.07102902892762258
3445,0.004503796585079364,0.07137362462909598
3446,0.0041861303959357145,0.0703248192829297
3447,0.004352114973502193,0.0738773726319012
3448,0.004481701536518653,0.073177678449859
3449,0.005753067538848725,0.07691515054096255
3450,0.004649385450799077,0.07176439981338076
3451,0.004033638098712158,0.07049583367312462
3452,0.0038928717679890066,0.07156499239959214
3453,0.004467658355516793,0.07098537162506491
3454,0.004143480531912192,0.06977846335274235
3455,0.003983877907247285,0.0734138176928188
3456,0.00444911468663139,0.07487507306394123
3457,0.00454038294429269,0.07374448407637446
3458,0.005163982017170113,0.07088780438616163
3459,0.0042779336232388375,0.07527854962083033
3460,0.003981373345823871,0.07553398476582124
3461,0.003997182288151643,0.07411939210088032
3462,0.006849634744297001,0.07456425187133607
3463,0.012427241626110945,0.08157507767130558
3464,0.012197998588828831,0.07232461311389927
3465,0.010681471223928337,0.07698717112081092
3466,0.009303644797283,0.07121167880924124
3467,0.01827280307159435,0.07780545184337406
3468,0.0064715679988942365,0.0714137812978343
3469,0.005147712200085945,0.07474720995303683
3470,0.006025994758539158,0.0731765248236202
3471,0.004314074556994308,0.07106991059947432
3472,0.0060598836295003055,0.09045680414390445
3473,0.014904331738497116,0.07284912465135555
3474,0.02839157388758697,0.08407831238699437
3475,0.011815308672040234,0.07285067291561524
3476,0.007145497685175704,0.07174586986464665
3477,0.006690495524870751,0.07178369771343723
3478,0.005215219839484807,0.07257845882036931
3479,0.004249680676383658,0.07014366028302893
3480,0.004401151255812484,0.07057221751090578
3481,0.006290362493885348,0.07187757965989579
3482,0.006406729175274181,0.07144249536862649
3483,0.006469935739301962,0.07569511750138792
3484,0.010613338646645362,0.07152492177665681
3485,0.0068922093996433625,0.07346397664463311
3486,0.004062883132560687,0.07246680850896023
3487,0.004462249375599492,0.06979387768901381
3488,0.005431653140550684,0.07236207037566598
3489,0.004344978562459864,0.07214045952211944
3490,0.005102823208141663,0.0712061556322234
3491,0.0040960788396902405,0.07283499067588557
3492,0.003984224170936873,0.07409656516516716
3493,0.013351457015403946,0.07740777835511324
3494,0.009901108877108575,0.07260758792024508
3495,0.004279856406572657,0.0738668762203446
3496,0.004314696641060813,0.07247594915759892
3497,0.003920266686480341,0.07007394835614321
3498,0.0065136303406991185,0.08236651692100636
3499,0.010803106065757783,0.07267894002055764
3500,0.0053784898905591535,0.0727269507403063
3501,0.004579188432077348,0.07335232045118671
3502,0.006560788119100851,0.07105751692277745
3503,0.005195163701278475,0.07545652567294606
3504,0.004619475703709832,0.07194650600802031
3505,0.004076915578537133,0.07280871277689037
3506,0.004201134874085461,0.07407778212077037
3507,0.003915473755279725,0.0722327462040392
3508,0.00432454605680251,0.07060670669664416
3509,0.004258143209026058,0.07017614912792555
3510,0.004302646366289604,0.07270623005945283
3511,0.003917355021041436,0.07266439966166527
3512,0.005792800683037708,0.0735738281356661
3513,0.0055722372415169,0.07205540167732645
3514,0.0038131877420861334,0.0716811045817564
3515,0.003951082347679101,0.07034808031299658
3516,0.00400230422218952,0.07039255779563335
3517,0.003756868951518941,0.07306896191193048
3518,0.003837817624433194,0.071254709460084
3519,0.004080503326504955,0.07600616637551993
3520,0.0038346840130007564,0.07167205162215651
3521,0.004210185342786547,0.07383182775555995
3522,0.006993856351110255,0.0719239235970012
3523,0.005290998558318214,0.07074968668079018
3524,0.005312759659857399,0.07410545536972825
3525,0.006316330067836753,0.07210702719843776
3526,0.007331522418110161,0.07206389679571142
3527,0.004843150420248695,0.07360249522485231
3528,0.0045734731280493044,0.0709601905112876
3529,0.00735975217605506,0.07669179608349812
3530,0.00512364201414104,0.07064313462055416
3531,0.004092137513209286,0.07121492746778599
3532,0.004235010702151303,0.07497761450838625
3533,0.004266649043788918,0.07048841935575456
3534,0.003810794405831859,0.07335986635813438
3535,0.0037672668235627553,0.0728090800774426
3536,0.003967215226770475,0.0724855969872391
3537,0.0042052899434765496,0.07272827526307046
3538,0.0045319513963728115,0.07278675892224587
3539,0.006759557473038244,0.07170052568715318
3540,0.005716387859799645,0.07061936381392013
3541,0.005258054336748994,0.07115597206921805
3542,0.0042818885465914554,0.07103244248861657
3543,0.00433182894605501,0.07473996083688617
3544,0.004322352242542191,0.07163055988033314
3545,0.003863511744997578,0.07479252397341836
3546,0.005499410443007946,0.07395775578822707
3547,0.006796784519413515,0.07292416699249345
3548,0.006222563865813529,0.07155097360001471
3549,0.004276768958377053,0.07102962148219422
3550,0.0039004355517207267,0.07335499113887772
3551,0.003884855075374386,0.07172113518816486
3552,0.0039006217739028055,0.0694735042545431
3553,0.0037137652750252556,0.07494300809271055
3554,0.003808071252927885,0.0725294787408714
3555,0.004410883911000711,0.07227795696198791
3556,0.004252733226258272,0.07426781235332776
3557,0.0038857231088870185,0.07081526235903714
3558,0.0038276157111256474,0.07145255770450248
3559,0.0038275329343577537,0.07167879841232061
3560,0.003782680212902518,0.07143404226479375
3561,0.0040465117035124185,0.0747919822097721
3562,0.003693460602149788,0.07528877291912422
3563,0.008439886909223463,0.07375568263512805
3564,0.005227643157119008,0.0721786747637548
3565,0.00414451593854304,0.07151610508822558
3566,0.004168360943681207,0.07253910767329964
3567,0.0046333060410095606,0.07407224803864208
3568,0.005043579827480275,0.07224114190665702
3569,0.004053089064093406,0.07064907807380633
3570,0.003975910893685205,0.07253573209346088
3571,0.003919538892922357,0.07247213819496016
3572,0.003572787505612478,0.07360098387737919
3573,0.0037274616157349934,0.07175060492335704
3574,0.003970063094423389,0.07064300883832134
3575,0.004450741184577579,0.07399310954008485
3576,0.004112368913040406,0.07456449930903905
3577,0.0037685619779573433,0.07372419061816127
3578,0.004098329073413739,0.07004241180375106
3579,0.004498012362450922,0.07497225447854303
3580,0.004076463595137794,0.07202531697980144
3581,0.0038318020323741026,0.07236429018185551
3582,0.004495432766790861,0.07464543496606343
3583,0.004212912506362581,0.07149967355163474
3584,0.003784479439071727,0.07333768373892122
3585,0.004265631105295356,0.07055846416860595
3586,0.0038772042370678675,0.07010446599028762
3587,0.0038906745897273193,0.07058882268897274
3588,0.003929402429587134,0.07222435520705126
3589,0.00391877363187766,0.07591441055213598
3590,0.0037331199463234988,0.07151882791130763
3591,0.004895006926864572,0.07331350557786181
3592,0.005939533030409891,0.07299612811708212
3593,0.0039697640464527294,0.07463824190666203
3594,0.003885551599557964,0.06976135906046793
3595,0.0036993730728599157,0.07532513436667602
3596,0.004005820465604059,0.07443414021628841
3597,0.004253789146071691,0.07297757854288384
3598,0.003856573307151004,0.07088922201317355
3599,0.003548159100535708,0.07312764768911185
3600,0.0035422341898083687,0.0718284804084546
3601,0.003605639620400895,0.07049502977601867
3602,0.0037602490809713974,0.07139320682762261
3603,0.005065219211143946,0.07262279677734639
3604,0.00417057651191436,0.07153452381977163
3605,0.004382225297986994,0.07230754637329799
3606,0.004170315518981097,0.07253135890142064
3607,0.003945229604233021,0.07285352499413311
3608,0.003887462974190245,0.07174824598364364
3609,0.003907616028334467,0.07270409041702897
3610,0.003942510013856858,0.07208200555322762
3611,0.004279703944104032,0.07345907877486452
3612,0.004336056102440929,0.07212980883312703
3613,0.005481206835320564,0.07387684294977284
3614,0.004292471710954527,0.07091196919592999
3615,0.0038392704847300873,0.07374812141621023
3616,0.004064828871974143,0.07219108847672479
3617,0.004041970749808984,0.07123852730320211
3618,0.003744437794279903,0.07262376387764637
3619,0.004257838202342624,0.07184107627784997
3620,0.003774969278014379,0.07320323717175868
3621,0.004010676428950085,0.06977145095591557
3622,0.004962805137446962,0.07159697199076936
3623,0.00459003534173844,0.07230973719878304
3624,0.0038785091586714627,0.07130878917256692
3625,0.00413347261616242,0.07347338022967628
3626,0.00399201416314162,0.07231510818975612
3627,0.0037265493969511837,0.0724887068110301
3628,0.0037695890420983576,0.07182444712347853
3629,0.003962099317134268,0.07284371786398397
3630,0.003764164045768378,0.07299642356341346
3631,0.004016892816637844,0.0709420796250341
3632,0.003770886770037928,0.07076346125444374
3633,0.003659687902731675,0.07239015516183131
3634,0.003726022264724568,0.0722132439265275
3635,0.003588275419735002,0.0729196761410338
3636,0.0037023418204899772,0.07388389343979365
3637,0.003619125012168223,0.07231604089414266
3638,0.0036320021444622157,0.07103214134697926
3639,0.003646695999527893,0.07394313588178247
3640,0.005372545385563915,0.07189696382983286
3641,0.004946529881322178,0.07614375113096453
3642,0.004712337378389129,0.07424672911489817
3643,0.004261966539272414,0.07278192958288025
3644,0.003996009649387722,0.07143885657228623
3645,0.004018341021781618,0.07263613921732533
3646,0.0038417319235826922,0.0726474244194222
3647,0.003570715073484425,0.07432539469765541
3648,0.0037053016884410084,0.07279543914741143
3649,0.00371271592410147,0.07212501792307187
3650,0.004373100390628587,0.07351670653225485
3651,0.006806007197395341,0.07246385441910952
3652,0.004501401756957267,0.07145067007469952
3653,0.004754422347829166,0.07027216685146916
3654,0.004192254049148772,0.07231377664589345
3655,0.003751896230538951,0.0704960897564888
3656,0.003930568046937916,0.07562911611302454
3657,0.006220043286517683,0.07448721692003403
3658,0.004985666191526528,0.0711233168653677
3659,0.0054502262774749795,0.07131133021268629
3660,0.004649618011388378,0.07261802028295092
3661,0.004410020928234329,0.07334942286624048
3662,0.0036402711926501095,0.07144571752999361
3663,0.004633037583628045,0.07542816058436133
3664,0.004498062091864949,0.07415962152014997
3665,0.0038944723618838666,0.07728679369864308
3666,0.004711159402767319,0.07287954630558952
3667,0.0037703986759925244,0.07256373890061725
3668,0.0039498968017769275,0.07235772819970186
3669,0.0038032308687984385,0.07312743942764469
3670,0.003631126522422304,0.07354056598025754
3671,0.004188262183090736,0.07310533409653451
3672,0.004017451491212723,0.07254809030987565
3673,0.0038494092199168983,0.07115685911779117
3674,0.003988348023504673,0.07323546554510456
3675,0.005146323491565206,0.0753151586181239
3676,0.004152412537987516,0.07238621481304479
3677,0.0034761856212266093,0.07123675483061855
3678,0.003376207537773915,0.07292907629022025
3679,0.0036842740479518066,0.07203517525566551
3680,0.0036787211130078308,0.07365417306808601
3681,0.003980535539421823,0.07087188438141256
3682,0.004414886923734577,0.0739799332723283
3683,0.003957204027305763,0.07588644734674826
3684,0.0036846281461370965,0.07301164463274461
3685,0.0035102362364974327,0.07434406000794026
3686,0.0036375782011678227,0.07432488979477632
3687,0.0036643078159482503,0.07438866196569045
3688,0.0037313765177625848,0.07412506425216384
3689,0.003633338014294501,0.07211709229793764
3690,0.003869605305397352,0.0745625486387346
3691,0.003570003116059593,0.07017757407480613
3692,0.003564499882794333,0.07116733342035671
3693,0.00418899636014969,0.07690137198993138
3694,0.0035988904366439037,0.07474746034109503
3695,0.0034250668177036657,0.07245494778219022
3696,0.003533595968563355,0.07169997596875169
3697,0.003685868291190145,0.07475814757341132
3698,0.003625388987082112,0.07109089910909347
3699,0.004004071377579788,0.07300688753973571
3700,0.003469001058033641,0.07239320745369546
3701,0.003498519455494365,0.07477412789238426
3702,0.0035066699892352554,0.073720380141024
3703,0.003774182897259636,0.07486525077120702
3704,0.0038716521969526354,0.07278890211256524
3705,0.004400892879486925,0.07568518399146565
3706,0.0034324916832873067,0.07123486669664096
3707,0.0033866647239716077,0.070702565978643
3708,0.004198621730772679,0.07267024937578312
3709,0.0034830345199983507,0.07542962095417773
3710,0.0034510810906213467,0.07133013387222338
3711,0.003500869309348653,0.07256943536432166
3712,0.0035148272057265325,0.07159926070082456
3713,0.005512436859157859,0.07567698674691949
3714,0.0048730192409658975,0.07381659613590791
3715,0.010945323183198333,0.07910924290953424
3716,0.008070222178012787,0.07351713312000858
3717,0.004153924904395841,0.07173590666444081
3718,0.00396545565479835,0.0743900030141785
3719,0.0036394127183316458,0.07286496845104341
3720,0.004639936495735821,0.07591705825319864
3721,0.005021680076387609,0.0715185810898181
3722,0.004018533520902679,0.07429193761339761
3723,0.004752749454545377,0.07173078798485878
3724,0.004357973351595824,0.07397463626431343
3725,0.005188097389047049,0.07421473914145826
3726,0.004417887415888728,0.07188843836760461
3727,0.0036607954978102055,0.07128174556302547
3728,0.0034419372181486935,0.07345812524993318
3729,0.0034490713899295346,0.07402124506115615
3730,0.003467205609705848,0.07180394837282654
3731,0.003485228751018223,0.07323830326398213
3732,0.0035410637479730907,0.07211151112216457
3733,0.004293118930512274,0.07234253467324384
3734,0.00361765633252534,0.07275139445200898
3735,0.0037020124731509474,0.07087794082580055
3736,0.0036638088781258157,0.07180968102506527
3737,0.0034469667454264754,0.0734869707609179
3738,0.003738808076314885,0.0745329196217066
3739,0.003560675282562648,0.07148825431377966
3740,0.003274615675205114,0.07265404867647883
3741,0.0034624685323140277,0.0736572063506994
3742,0.0032811721007348416,0.07112709328270796
3743,0.0032726694891071616,0.07312047948365223
3744,0.003680230192781709,0.07116771194346268
3745,0.003499672198551342,0.07062518253063499
3746,0.0036044889742794643,0.07387756847573403
3747,0.003706464288481818,0.07211721372933018
3748,0.0033535362224220108,0.07439498472632024
3749,0.003558680794689349,0.07238669482463583
3750,0.0033713774452698315,0.07636820715396925
3751,0.0034032026714525625,0.07382597774267197
3752,0.00336742971083704,0.07241924517883692
3753,0.0034313392504278957,0.07380267116883046
3754,0.0035471742772745394,0.0738494063454463
3755,0.003404726187456224,0.07140056872950461
3756,0.003279047461991493,0.0717869705350178
3757,0.0033022249183182525,0.07316843117762328
3758,0.0038405647311581526,0.07126293245488241
3759,0.0034408616493266297,0.07313276214856551
3760,0.0034284069272908484,0.07041402835221518
3761,0.0035845898456731374,0.07408990649352397
3762,0.0034866220606812113,0.0724199486144802
3763,0.00431378948908054,0.07401158389889806
3764,0.004768638321283189,0.07271864556504372
3765,0.003693549595276904,0.07518651172107921
3766,0.005943940659009831,0.07282787587559014
3767,0.004971063640377364,0.07393936977201238
3768,0.00431953051615051,0.07260810003095403
3769,0.0036698081698502212,0.072303055335107
3770,0.003802101142400858,0.07532134588649099
3771,0.005255898073911199,0.07259026031595722
3772,0.004429859564665904,0.0722835701435132
3773,0.003468938963779695,0.074168669494023
3774,0.003352156665094407,0.07368194562077224
3775,0.0034963428349377218,0.07475278037308451
3776,0.003524387421722883,0.07561130489323073
3777,0.003357743510106421,0.07021458517937433
3778,0.003307965292878519,0.07197511100903489
3779,0.0036917712428493187,0.07281248088468585
3780,0.0034333807591430633,0.07317114671818296
3781,0.0033064672539483606,0.07185120486600656
3782,0.0034028530087275286,0.07211090364775861
3783,0.0033422361316340376,0.07442698007762283
3784,0.003307973647046379,0.07379598103295591
3785,0.004159170618940577,0.0718087874782414
3786,0.00335876332876217,0.07091381789224788
3787,0.0036637073114140655,0.07298411505488225
3788,0.0032812934536720424,0.07241917916930708
3789,0.0037716594488187735,0.07218053931356373
3790,0.004032546485742104,0.07239103685121488
3791,0.00391866454159765,0.07176037310134797
3792,0.004726981450029909,0.0745938149721999
3793,0.003952673007223206,0.07493118680360024
3794,0.003499207522597479,0.07559521731577422
3795,0.003421711757323678,0.07073126953646056
3796,0.0035290881987007153,0.07147541175360668
3797,0.0032767899192834627,0.07197516758863191
3798,0.003322694993280108,0.07198085353936169
3799,0.003743836970059756,0.07067941424243133
3800,0.003195797507782528,0.07111264417942305
3801,0.003427945834301342,0.07211705259885405
3802,0.003314635325894694,0.07127098348878678
3803,0.003300457483385237,0.06989945419001997
3804,0.003328056061541119,0.07357934586012871
3805,0.0034968884498301346,0.07098893800699024
3806,0.003794004684489302,0.07101002285130938
3807,0.003418233506907023,0.0717923098937013
3808,0.003442450091505546,0.07313029617444615
3809,0.0038798274209600257,0.07178962546258343
3810,0.0033922702640435164,0.07253201731613704
3811,0.0037284505912642866,0.07319961669376321
3812,0.0035706342637340386,0.07379479162899175
3813,0.0035421503642077638,0.07314912057983547
3814,0.0035450320725904363,0.07162911200284361
3815,0.0034598587197616558,0.0745842244690821
3816,0.003337342720507968,0.0713052053872804
3817,0.003511493260677332,0.07103402688539118
3818,0.0040292906820143465,0.07610130412760832
3819,0.003405567054230965,0.07242712380369205
3820,0.0033117332495748997,0.07256032532095012
3821,0.00326981938219276,0.0742641441281278
3822,0.003316066354851831,0.07301949267100571
3823,0.00345901340000962,0.07476845835533955
3824,0.003452095695038481,0.07176353289444644
3825,0.003183606371201785,0.07237822254349414
3826,0.003144978745592332,0.07562278732097238
3827,0.0035827306980926975,0.07499056021895326
3828,0.0034377555491338515,0.07367429682485442
3829,0.0033580687818143716,0.07453322255596481
3830,0.0032763834984324944,0.07457502391702849
3831,0.0032515699426325325,0.07173034520749759
3832,0.0033311384516917053,0.07272625798569586
3833,0.0034092935765611715,0.07396802380867769
3834,0.003343174505546736,0.07135021720165596
3835,0.003446740000494128,0.07317053442610834
3836,0.0032712598309376302,0.07439152296996654
3837,0.0034144407672498105,0.07289124663013563
3838,0.0037609031015195444,0.07274179502313298
3839,0.0033230776358454204,0.07351775745625484
3840,0.00352913613334812,0.07266710635115926
3841,0.0033816271556430383,0.0703580787494069
3842,0.003324333718484472,0.07553989546639579
3843,0.0033913529463415982,0.07259185136036765
3844,0.003295016480860852,0.07307117322184388
3845,0.0033461787645941523,0.07219303952049193
3846,0.003266121049157598,0.07325540311205059
3847,0.0038553527490670873,0.07258926358139306
3848,0.0034103207392355305,0.07154711905428043
3849,0.003474046019282554,0.07346800959349276
3850,0.0031973994066967952,0.07252001504700883
3851,0.0032241298060945956,0.07314466983826835
3852,0.003214263402474431,0.07400403668483098
3853,0.0032798010866131435,0.07099454078757972
3854,0.003303360161853248,0.07260953100925699
3855,0.003266931855963502,0.07468611214842115
3856,0.0031385756240789793,0.07300360138553724
3857,0.0034132210368459873,0.07414823370917997
3858,0.0034573249778707387,0.07314418317904149
3859,0.003259340351517531,0.07691602713258046
3860,0.005181198853555611,0.07250652930939705
3861,0.004090687648326065,0.07188182507167783
3862,0.003545922110423586,0.07234706664294527
3863,0.004447023356537741,0.07441947192775276
3864,0.008569081867154582,0.07377554720879198
3865,0.0038141093142389036,0.07333964150501672
3866,0.003250825271407452,0.07231215494019645
3867,0.003275355407355067,0.07173507683035127
3868,0.003213164098794371,0.07606038656599241
3869,0.003813397749487696,0.07603079915270769
3870,0.003395876131928453,0.07122030568526204
3871,0.0033498641773532832,0.07412861720810558
3872,0.003315311540531281,0.07353466209537703
3873,0.0032876196096951965,0.07372992149645224
3874,0.0031585191204256398,0.07374524926407296
3875,0.003208992887451824,0.0721089564880034
3876,0.0031750378823696074,0.07408188078038973
3877,0.0031521328021319682,0.07418084327589002
3878,0.00326729767231802,0.07428478847320814
3879,0.003180740474136459,0.074018913682989
3880,0.003572645813203344,0.07432873909335985
3881,0.0032481596867924667,0.07450100260420252
3882,0.003218235249476373,0.07412529430517875
3883,0.003218655378140252,0.07307295579659312
3884,0.0032823138095169884,0.07181414642504283
3885,0.003538878349920145,0.07454254883423186
3886,0.003243142621428195,0.07300270050017159
3887,0.0032682568900474,0.07317652573860378
3888,0.003285016329538626,0.07541354551425852
3889,0.0034763823674997564,0.07410085778263278
3890,0.003219681655474264,0.07315464711801749
3891,0.0033088142251549144,0.07488583205711274
3892,0.0031061408826701786,0.07134885122453359
3893,0.0030900398159814197,0.07324814684408948
3894,0.0031801949190939293,0.07662310595052284
3895,0.0031211170978073417,0.07372660486769855
3896,0.0030740609656739106,0.07416565172878423
3897,0.003198199379943942,0.07260382095151079
3898,0.004024108901742531,0.0751284502801441
3899,0.0031279963163839985,0.07360634780990749
3900,0.003067814915070199,0.07351301192191609
3901,0.0031044670967472756,0.0749151727049273
3902,0.003164767340222683,0.07343456206987974
3903,0.003301175491487298,0.07204564511402507
3904,0.0035509498319865954,0.07496369609557896
3905,0.0032694241598388617,0.0740734020009973
3906,0.003207331989690381,0.07171753835035745
3907,0.003197783021822712,0.0746383226119486
3908,0.0031841232362539045,0.07324962616713722
3909,0.003222109373296877,0.07302313484718327
3910,0.0032135961463435505,0.07168822233240706
3911,0.003171859603217543,0.072053179518322
3912,0.0031853875183269708,0.0710851621433607
3913,0.0030697186807386555,0.0725310496369699
3914,0.0030609491802343286,0.07273017904513462
3915,0.003442751934173806,0.0710592416294834
3916,0.00698551373865724,0.07796428242422883
3917,0.004092525603938673,0.0738996318669845
3918,0.0035993945492916158,0.07210421076693331
3919,0.003441545881657952,0.07282812687986177
3920,0.0032939680189267967,0.07561853382372319
3921,0.003114804419685961,0.07314455503583851
3922,0.003101430597589541,0.07404544014007525
3923,0.003152651965200644,0.07486560365609955
3924,0.003070479743533,0.07302013265533853
3925,0.0031399970018774924,0.07283099817303487
3926,0.0031547623381404013,0.07389569809114126
3927,0.0031765944055839206,0.07372931032476568
3928,0.0031970898689392684,0.07199045575053471
3929,0.0030680055588448774,0.07645043405823242
3930,0.003444055058821148,0.07245753089288123
3931,0.003454433507388195,0.07249526668311958
3932,0.003106524867113668,0.07173030621799312
3933,0.0030611553455653327,0.07412374585418773
3934,0.0031301950324957367,0.07162615912674662
3935,0.0031453288039104974,0.07277635979771913
3936,0.0030922374664732843,0.0756669691332002
3937,0.0030440356842239263,0.07714849801962836
3938,0.0031767941290238248,0.07598821899123061
3939,0.003265554630591718,0.07273064818896148
3940,0.003142421360807873,0.07437781405105327
3941,0.003305967306706552,0.07519632594701939
3942,0.0031744008080969595,0.07211471771013767
3943,0.0030436855682455075,0.07460098058209383
3944,0.003026326591306626,0.07283669936104227
3945,0.003024079022362688,0.07081260830910881
3946,0.0030104859212419267,0.07121036507954873
3947,0.0029932821992796417,0.07366923522904403
3948,0.0031280282127224258,0.0741421438212084
3949,0.003199848633253696,0.07218926706185616
3950,0.003038397547132029,0.07322783964244943
3951,0.003043495817839819,0.07383712472622855
3952,0.0030128043133993182,0.07104822588071488
3953,0.0029942616170745193,0.0761347512404124
3954,0.003250600042428856,0.0769574883438292
3955,0.003103030551747539,0.07253400329733851
3956,0.003041807857712842,0.07097432904300235
3957,0.0030534373031386106,0.07310541943275839
3958,0.003060455593867315,0.07300989796643269
3959,0.0033274298091492027,0.07411233645707443
3960,0.003199168581655687,0.07283312465089903
3961,0.003165304927567026,0.07288176325478948
3962,0.0030380777378207465,0.07332480360840198
3963,0.0031937541210948018,0.07612320508126329
3964,0.003059693113652563,0.07176688890484043
3965,0.0030902736560444472,0.07396182128435985
3966,0.003236912891595715,0.07335464019599117
3967,0.0035728171305748455,0.07214985558188948
3968,0.003139418914773995,0.07323448653134487
3969,0.003164447687834875,0.07239957992220881
3970,0.00305068450775523,0.07206013414047117
3971,0.0030158055613407147,0.07241055445936986
3972,0.0031215104764928826,0.07450765261151139
3973,0.0030469427667674976,0.07268433334459935
3974,0.00318214667561029,0.07686327855315125
3975,0.0031745821284276192,0.07330556223192311
3976,0.0031999965069879747,0.07270754597390205
3977,0.003097989203022986,0.07366814891945449
3978,0.003008976398432937,0.07281275993600525
3979,0.0030082170603370592,0.07648702781824838
3980,0.0030062509785321627,0.07148367343913942
3981,0.0029797920655038755,0.07398530108886853
3982,0.0030993852081203535,0.07482680663429107
3983,0.003040088346479081,0.07371127857525546
3984,0.003223525643418762,0.07322983253271059
3985,0.0031131762189376038,0.07192149702319525
3986,0.0031035276623238403,0.07283978111911238
3987,0.003037379702427614,0.07296362033762728
3988,0.0030530848960774633,0.07685752943120804
3989,0.003176802905060374,0.07286966780672097
3990,0.0030518811441327337,0.07136364505255133
3991,0.00313699397924108,0.07479674634255264
3992,0.0031320226194809972,0.07599446160676784
3993,0.003485112456855916,0.07212865096808675
3994,0.0034544673145436287,0.07486961494412339
3995,0.0032035516119535814,0.07432354818609424
3996,0.0030624583643805645,0.07237101137115244
3997,0.0031028844534381522,0.07469284685706734
3998,0.0033553444384816205,0.07495046087673732
3999,0.0035132305341886595,0.07605113193654177
4000,0.0033652011201451286,0.07485691433711757
4001,0.003081771596203497,0.07184705677860063
4002,0.0030981737165638834,0.07273228150934803
4003,0.0030910761918884273,0.07374231136382971
4004,0.00302114032886245,0.07497737879741162
4005,0.0029931846468893336,0.07324762784299396
4006,0.003488605577778947,0.07250760781361644
4007,0.0030822962738550194,0.0759038322215391
4008,0.003019552245782834,0.07138054812313023
4009,0.00343616589681949,0.07331397072563793
4010,0.0035833617494234284,0.07362467726519831
4011,0.0033199421960720355,0.07397531355756864
4012,0.0029579272740418356,0.07363641753157876
4013,0.0029924779547944804,0.07204912595432204
4014,0.0030098790937865324,0.07316489588646662
4015,0.0034752074018891514,0.07376212572543543
4016,0.0029722070956433363,0.07243372021910541
4017,0.003024795801352511,0.0725067574764254
4018,0.002946445995760749,0.07353171799565318
4019,0.0030967869889283067,0.0759327942902283
4020,0.0029569135330687495,0.073268807061334
4021,0.002952163496717437,0.0776054628548168
4022,0.003037755009732837,0.0750293246374692
4023,0.0030889219865728413,0.07485101767874003
4024,0.002995594309753852,0.07285820914987932
4025,0.0029966776838765527,0.07273643529205992
4026,0.002940402366220951,0.07268450093597996
4027,0.003004877406192891,0.07209537251103193
4028,0.0029461107305820368,0.07472827606706094
4029,0.0030115592639402815,0.07557535401188341
4030,0.002938359092664102,0.07640415588790611
4031,0.0032324425341141026,0.07279381135427265
4032,0.002941081900336432,0.07409258405292841
4033,0.0029308753654500906,0.07318517914914846
4034,0.0030438301239606447,0.07533959174215943
4035,0.002951724390531408,0.0728928482995595
4036,0.0029597213341442863,0.07589300531417803
4037,0.0029677857446329535,0.07184098519030072
4038,0.0029462563541066775,0.07295662024639603
4039,0.0029423369261141292,0.07390707107564262
4040,0.002987477597765928,0.0733318933866974
4041,0.002988582517116748,0.0756318043347887
4042,0.0033153671724575813,0.07506786990808066
4043,0.0031509336024277542,0.07537039858580831
4044,0.0031245203278550066,0.07337297396477602
4045,0.003270895316683013,0.07521586150005646
4046,0.003215281626349753,0.07391122848094257
4047,0.0030652697068174898,0.0722052831772276
4048,0.0035050490836037737,0.07470452697728212
4049,0.00332536268979311,0.07657524747283835
4050,0.0033316480668793,0.07368365376440804
4051,0.0032198010939450752,0.07286866134345382
4052,0.0029821464788974453,0.07546925731470112
4053,0.0032344888968737708,0.0712588452979138
4054,0.002955037821668162,0.07227652697336107
4055,0.0028930437681046212,0.07260251859375708
4056,0.00289796600132877,0.0745135510438367
4057,0.002947579143819951,0.07199113138188097
4058,0.0029119527183449753,0.07397437568072389
4059,0.0029531143982325413,0.07618926364676397
4060,0.002953609393261443,0.07990050440966934
4061,0.0030480995475019685,0.07186978553097349
4062,0.0030137094031131846,0.07454678657135569
4063,0.0029360372441759493,0.07229069597963103
4064,0.0029838729940273078,0.07258471198622744
4065,0.002964198612681003,0.07412574219897874
4066,0.0028970577304476292,0.0716478133522777
4067,0.0028982985557456935,0.07154741127015952
4068,0.003204796765420037,0.07380066565553048
4069,0.002956185596454947,0.07233091318667084
4070,0.002911154067634275,0.07425462969935927
4071,0.0033228384180514136,0.07285907939263155
4072,0.0028868725583202507,0.07207379516279488
4073,0.0028796571125874887,0.07478558933152292
4074,0.0028984968161479014,0.0742497225490429
4075,0.002893780867589585,0.07393856404493925
4076,0.0029576342621508715,0.0718458069483738
4077,0.00294059210786812,0.07728200773696851
4078,0.002886011458635564,0.07250971957705074
4079,0.0029637533025436546,0.07443335562720335
4080,0.003069529512044638,0.07080355508808504
4081,0.002904396613645236,0.07240535018214009
4082,0.002859323000138316,0.07635104947520378
4083,0.0028697053455166684,0.07296484199009444
4084,0.0031276488542369913,0.07269495128091415
4085,0.002991472994237204,0.07223819332538094
4086,0.002905767013210815,0.0740775835319868
4087,0.002890657843747483,0.07481167627904649
4088,0.002847119464778391,0.07141005165669553
4089,0.002928019096917213,0.07254305328791004
4090,0.002899530651719312,0.07381824783065863
4091,0.002965409904251278,0.07293711077972762
4092,0.0028792022520144904,0.07312732468123424
4093,0.002865650065587746,0.07483523912298351
4094,0.002884488969568315,0.07337435508581032
4095,0.002925326106164803,0.07460009650254906
4096,0.002926207652613287,0.0732976162717456
4097,0.0028852249224170998,0.07398124341677903
4098,0.0029572471866798717,0.07359816397267177
4099,0.0029439778726980045,0.07372752816082541
4100,0.002917547924823615,0.07132463702432494
4101,0.0029013916772723104,0.07228137298783563
4102,0.0029566372506799276,0.07302682587228025
4103,0.002879411372615953,0.07329865384445454
4104,0.0029103671263342834,0.07396307766885686
4105,0.0029405001726083247,0.07493536555229273
4106,0.002898586956276135,0.07239413625539694
4107,0.0029221984337384705,0.07424455038960416
4108,0.002897431667409487,0.07265525776192658
4109,0.0030191924954329537,0.07690369914797016
4110,0.002838482443085612,0.07289856108358331
4111,0.0029931223789247505,0.07420494857437927
4112,0.004201157081311679,0.07279874621552035
4113,0.003723981650108267,0.07298947056582697
4114,0.002951003087036382,0.07632985806330703
4115,0.0033189761189621257,0.07646828598545906
4116,0.004095388067664351,0.07473697580565188
4117,0.00354038468754754,0.07298899492374937
4118,0.004439371005926854,0.07343239531406484
4119,0.003034010939708791,0.0761483852240376
4120,0.002887911757390047,0.07246738489259753
4121,0.002890231331582634,0.07269376596636641
4122,0.0028903960253237556,0.07578085831606896
4123,0.00283072890310919,0.07265188757862363
4124,0.0028086460712234427,0.07294201891972009
4125,0.0028292648260683103,0.07313462942465206
4126,0.0028411847207882096,0.07445013091752403
4127,0.002940738677312868,0.07264758172190577
4128,0.002952222921082686,0.07485025148269228
4129,0.0028856967664893053,0.07507979128519096
4130,0.0028444138307381294,0.0750404850096631
4131,0.0028233562310030656,0.07609778282262926
4132,0.0028320262193983438,0.07359472116954942
4133,0.002821747344249982,0.07644746917531006
4134,0.002784496852047858,0.07279554270861442
4135,0.0028708442114293575,0.07538705378920213
4136,0.002863022638192885,0.07145783704773226
4137,0.0028512588545948642,0.07318406591289922
4138,0.002837150772233555,0.07459764572836104
4139,0.0028284680642783173,0.07337560342218642
4140,0.002808944128021645,0.0721932711793964
4141,0.0029098951647519413,0.07436666469600864
4142,0.0028668485208178016,0.07137201455676168
4143,0.002893428235726437,0.07298195229511811
4144,0.0029120669272497623,0.07340265627492938
4145,0.0028332850602411645,0.0717317807233722
4146,0.0028047528939736206,0.07498080550429218
4147,0.002905562684979278,0.07412987372331452
4148,0.002985147500942026,0.07351347785396385
4149,0.002844206557454407,0.07834467118171821
4150,0.0028342550151855875,0.07581010981834024
4151,0.0028280954396346335,0.07306824996133794
4152,0.002815618315495574,0.07381353958656914
4153,0.002954370615168892,0.07604016055514042
4154,0.0028214300749093576,0.07345323998453025
4155,0.002807898679018301,0.07262379455760606
4156,0.0028543407841932996,0.07130447252277743
4157,0.002848465941542742,0.07383632743941214
4158,0.0028070439321797656,0.07250984528459105
4159,0.0028275193582321034,0.07443784188507195
4160,0.0028645228857297135,0.07548628336654271
4161,0.002810264921522346,0.07297937088368232
4162,0.0028312489099152458,0.07246546527571547
4163,0.0028114370617805325,0.07284270632162429
4164,0.0030342540586933632,0.07353617941825312
4165,0.0029908482373624946,0.07473583730465189
4166,0.0028192437017412397,0.07668566502126536
4167,0.0028326152334848076,0.07704792082085646
4168,0.0028398587933353217,0.07653052791168816
4169,0.0028776792680908895,0.07288274383709245
4170,0.002840362651256091,0.07478859055236467
4171,0.0029597617904757816,0.0734722122998166
4172,0.0028984820065862237,0.07474737689085771
4173,0.002826144654584062,0.07195623114443662
4174,0.003014985813546143,0.07724493805477793
4175,0.0029724948392848144,0.0726357735039895
4176,0.0028919527331968554,0.07378903929526943
4177,0.0028042381295064304,0.0730485210479949
4178,0.0031240153999351036,0.07388035893290862
4179,0.003037523862184682,0.07423818968516543
4180,0.003045590257207895,0.07173173396584384
4181,0.002811147845248023,0.07324182460630747
4182,0.0032267915668859376,0.07152873038648065
4183,0.00302978148859076,0.07390917225140975
4184,0.002912954933836262,0.07427388565955605
4185,0.0033360591543645695,0.07334847645577333
4186,0.002865669152591389,0.07310702550904195
4187,0.002825904913468514,0.07278591286120259
4188,0.002809524293083896,0.07379698422842455
4189,0.0027648521022328107,0.07453397508327823
4190,0.0028539097533622597,0.07517368204536892
4191,0.002902068420339574,0.07595204171680268
4192,0.0028344275923241455,0.0755474640238554
4193,0.0028795328846662584,0.07269387531624104
4194,0.002830465674563822,0.07459549355626405
4195,0.002851497832989338,0.07464652979060223
4196,0.0034673737324073584,0.07512002126465465
4197,0.002870387597692704,0.07363850770886977
4198,0.0028344738227096284,0.07685883068724682
4199,0.002835674985781966,0.07399139661612666
4200,0.002786091971138148,0.07201881645093287
4201,0.002761562831472127,0.07425566867255327
4202,0.0027675591810638533,0.07197441345542893
4203,0.00275541165388163,0.07661751381361992
4204,0.002725313808827378,0.0720361324592043
4205,0.0027799996420402417,0.07447027088257305
4206,0.0027804155049401813,0.0756867092317507
4207,0.0027575903020355397,0.07410067232106264
4208,0.002910289933122578,0.07542803721096282
4209,0.002832784655366712,0.07551185549575284
4210,0.0027685429241076157,0.07350235766635503
4211,0.0027758888476951556,0.07279798999092632
4212,0.002766192800928853,0.07430358109692284
4213,0.0028179217966384368,0.07523977754632931
4214,0.0028004922172737813,0.07436512259388328
4215,0.0027347236257163243,0.07214202640349404
4216,0.002753988406139201,0.07592621049785375
4217,0.002737697923328249,0.07318169354720223
4218,0.002769495970000247,0.07672619477922756
4219,0.0027416030048658386,0.07547877906333833
4220,0.002771899057406243,0.07161657310518107
4221,0.002733376779269462,0.07316750758572628
4222,0.002792418774561869,0.07242530418144431
4223,0.0027921854746075447,0.07340913260341587
4224,0.0027702662978484806,0.07596477298509507
4225,0.002764436387132888,0.0747098481483328
4226,0.002781549193473025,0.07158213721256806
4227,0.00276497557546161,0.07299278458034185
4228,0.0027515445102362377,0.07541112071440034
4229,0.002797968702414146,0.0733759585105088
4230,0.0027514007395034114,0.07275939251023128
4231,0.002738075586310281,0.07519615658169103
4232,0.002749868401480973,0.07399247431740127
4233,0.002731419926024623,0.07613553043296163
4234,0.0027385935038444953,0.07406888806954362
4235,0.002747998721780822,0.0749611754651954
4236,0.0027262411097817847,0.07527378978287068
4237,0.0027609555952858213,0.07593073081551936
4238,0.002834968222159203,0.07421084786566876
4239,0.002725470852731584,0.07366182150921427
4240,0.00285307727724921,0.07621419017102785
4241,0.002742513024531375,0.07332842429180193
4242,0.0027650601338583473,0.07356610319070649
4243,0.00273679964372824,0.07415460938947242
4244,0.0027397680198510987,0.07220388439140822
4245,0.0028771723804522456,0.07192084211902809
4246,0.0027858742781357144,0.07590734374179577
4247,0.0028097141719478705,0.0758438993964279
4248,0.002718021547959002,0.07403115035597245
4249,0.0028799256480658035,0.07196857645771557
4250,0.0027570357651312523,0.07439625899967992
4251,0.0027403434801286197,0.07420018259295844
4252,0.0027725008574714387,0.07433954194972389
4253,0.0027425215056977674,0.07434756435771335
4254,0.002752176749076239,0.07432551239442109
4255,0.0027070377185520332,0.07320930463329592
4256,0.0027823680588467555,0.07459592727715508
4257,0.0027531784430706763,0.07591582898209269
4258,0.002761852945023009,0.07271839810866759
4259,0.002734029659385381,0.07524565648390237
4260,0.0027401861048604254,0.07406256637328251
4261,0.0028319934581561147,0.07434636470219844
4262,0.002716484220864888,0.07715457003741037
4263,0.0027958802356264994,0.07688562764335695
4264,0.0027925989927788234,0.07817713544706355
4265,0.0027203207308584155,0.07446078556522093
4266,0.0027284397412278344,0.07236163284545555
4267,0.002698490286660512,0.07547174158849214
4268,0.002739267236900554,0.0734730077379927
4269,0.0027126438162496844,0.07450397176327263
4270,0.0028024003921269343,0.07660245458434399
4271,0.002697400577573637,0.07486069047436081
4272,0.002723714935251725,0.07709285687832605
4273,0.0027156541486005052,0.07279760396122036
4274,0.0028007340290493164,0.07283443938894081
4275,0.002740616551060288,0.07688068434185252
4276,0.0027048498827111573,0.0762949020305373
4277,0.0027217941313433143,0.07255964998837401
4278,0.002715870286965725,0.073150058008525
4279,0.0027134264432489403,0.07483376605543576
4280,0.0026793274809504193,0.07543373546728813
4281,0.0027290484692819627,0.07220885355520368
4282,0.0027002310124882804,0.07356594075311097
4283,0.0027415124574664477,0.07142304214543867
4284,0.002715723096395968,0.07412431316268175
4285,0.002725019817441982,0.07337967117776847
4286,0.0026908275020983198,0.07439762178369633
4287,0.0027914497290437218,0.07436946183816533
4288,0.0027301505698492535,0.07342442550829478
4289,0.002685610002029372,0.07210393664532137
4290,0.0027078247058342523,0.07350866980197136
4291,0.002783238956395268,0.07457596877762548
4292,0.0027762809578551206,0.07488338686619188
4293,0.0027630245677986677,0.07514497073820062
4294,0.0026933628084797843,0.07468996224994946
4295,0.002699945163606523,0.07397263715589854
4296,0.002686024889814139,0.07436774941838176
4297,0.0026905926464119677,0.07487346246875916
4298,0.0027373795471297207,0.07316129113125024
4299,0.0026889922211186077,0.07601734078991085
4300,0.0027155491667960226,0.07267796253799495
4301,0.0026997701041575604,0.07191496073527444
4302,0.0027195717975187776,0.0735668009870632
4303,0.0027272826816804917,0.07443985559587789
4304,0.002787389303484587,0.07319484266422148
4305,0.002737175051756437,0.07251634144394618
4306,0.0027007859818444684,0.07495766467319097
4307,0.002676609895545347,0.07333937115537792
4308,0.002717156498911893,0.07440667263323203
4309,0.0027303798146090445,0.07586303269280527
4310,0.002674796968132117,0.07318376193294548
4311,0.002678603150657025,0.07578494257870175
4312,0.002710747583637884,0.07614337537148244
4313,0.0027041492288856295,0.07242547724405327
4314,0.0027066256637833896,0.07608215152321005
4315,0.0028275237871234695,0.0729978840639418
4316,0.0026941605446550725,0.07472301816058936
4317,0.002664863519504853,0.07428418757174547
4318,0.002696166541952885,0.07335883033529558
4319,0.0027281888702236187,0.07398471404287152
4320,0.0026808320132279797,0.07310181337042261
4321,0.002694926253114141,0.07347537980491954
4322,0.00268930232234089,0.07255782125363673
4323,0.002701452547512061,0.07470606424306568
4324,0.0027111909858777324,0.07960823757158485
4325,0.0026962593253293194,0.07422837200469541
4326,0.002701835504654199,0.07651341170595403
4327,0.002678825354297006,0.07573550567964564
4328,0.002669826431672868,0.07487244351316515
4329,0.0026720279315340574,0.07304649646942478
4330,0.002853039266734288,0.07739804782216113
4331,0.002692234321412715,0.07379691689310217
4332,0.002690935901550103,0.07278865019331002
4333,0.002663210183995131,0.07444346813779128
4334,0.0026512307692961447,0.07614457853754661
4335,0.0027503909624902807,0.072523743773164
4336,0.002681822948840952,0.07222348447879753
4337,0.0026254860274084963,0.07722632032363935
4338,0.002670024601205436,0.07562913295619171
4339,0.002745068274426703,0.07480711221022714
4340,0.0026938891590085334,0.07556598448663726
4341,0.0026852950186623393,0.07258999749159156
4342,0.0026717147480427843,0.07206235671028458
4343,0.002690381000802318,0.0728881575148506
4344,0.002670654838723729,0.0738987859553263
4345,0.002648062369024212,0.0746248934352607
4346,0.0027600385615059106,0.07527532099855873
4347,0.002665007742396249,0.0759883990936112
4348,0.002684163114312908,0.07172837465030507
4349,0.002716594312535628,0.07509645941039375
4350,0.002658881019322102,0.07680478372744151
4351,0.002650946202077742,0.07249764199917179
4352,0.0026605538388883524,0.07556208499466865
4353,0.002656083019029898,0.07684072614985898
4354,0.0026392199589540966,0.07488048761933669
4355,0.0026659886783345086,0.0736689426210291
4356,0.002695599044629352,0.07579484918063745
4357,0.0027257225922889842,0.07326018311699531
4358,0.0027051823816574574,0.07468349548210775
4359,0.0026365427627318707,0.07339764057768318
4360,0.002683997484140075,0.07268647815948143
4361,0.0026286737891176837,0.0757184886842742
4362,0.002633999857969792,0.07528115504591686
4363,0.0026288906018889064,0.07599777995344989
4364,0.002635773080824451,0.07321558930073167
4365,0.002741987026533036,0.07681302287450112
4366,0.0026421366751392525,0.07459404453971333
4367,0.0026652707541682595,0.07421552184455675
4368,0.0026867080853557137,0.07689416458956282
4369,0.002675696208249766,0.07591078951394648
4370,0.0026538781018863463,0.07287126998031947
4371,0.0026412386385881604,0.07404041932639024
4372,0.0027128928800793746,0.07530768099882848
4373,0.00268797988661778,0.07336684547943578
4374,0.002638305521345344,0.07799910120946124
4375,0.0026420161944046196,0.07422171299693578
4376,0.0026875876545684185,0.07377206155082636
4377,0.002650985140265856,0.07303467930707716
4378,0.002689553363406359,0.0716674870304894
4379,0.0026416747395071817,0.07357876998066604
4380,0.0026386574919402693,0.07448187350928036
4381,0.002635839032476365,0.07625049931513038
4382,0.002668132115050356,0.07350843558484749
4383,0.0026398008371058116,0.0769321022177101
4384,0.0026447146876969123,0.07293070143177396
4385,0.0026470853072710827,0.07438627012391437
4386,0.00272860436928006,0.07285528758862861
4387,0.0026541171050966255,0.07361313398171188
4388,0.0026829260413105773,0.07269381735483207
4389,0.0026727923966482934,0.07554134808686144
4390,0.0026438121040144404,0.07423444760771922
4391,0.002652070203323069,0.0742455973175534
4392,0.0026593582542630665,0.07415409391759929
4393,0.0026764521027877225,0.07288096636010889
4394,0.002682919258567093,0.07883208962087344
4395,0.0026275996326068913,0.07212301134540323
4396,0.0026132796247282466,0.07306102622197684
4397,0.0026456463919970028,0.07452478513756491
4398,0.002687624487792343,0.07416689345487078
4399,0.002668224187162019,0.07231513242748447
4400,0.0026571707534355617,0.07458815497712683
4401,0.002663739286888636,0.07231043985015467
4402,0.0026378960693167483,0.07228067718950429
4403,0.0026276565651733395,0.07481978751513593
4404,0.0026422320645401796,0.07367838810858571
4405,0.0026133373163663856,0.07593634138280586
4406,0.0026536358988969396,0.07312195251385371
4407,0.002591265497589046,0.07614258168858096
4408,0.0026181757743514163,0.07579443620559864
4409,0.002607134432126082,0.07535234472730704
4410,0.0026250356811224292,0.07328740849082631
4411,0.0026262969444257713,0.07474900543092187
4412,0.0025911069209439254,0.07332737465624821
4413,0.0026146236655293586,0.07243575706592478
4414,0.0026132909527784185,0.07452558248040073
4415,0.002604192537386963,0.07240515846506994
4416,0.002670022879791414,0.07520265160198498
4417,0.0026563598021140853,0.07585993015153665
4418,0.0026342602848837323,0.0749470760723702
4419,0.0026551065214714007,0.0732890176855233
4420,0.002666476651220393,0.07445242664867774
4421,0.002628217195817576,0.07565466292146453
4422,0.0026621962569035053,0.07513455112924552
4423,0.0026741375975883027,0.07316206334004725
4424,0.0027414339121582926,0.07242021726486378
4425,0.00265283734744946,0.07759552510609304
4426,0.0026209435460732835,0.07291076845841898
4427,0.002648484172390009,0.07489214122370072
4428,0.002610865287733816,0.07758153629556933
4429,0.0026016291858610876,0.07296678931790784
4430,0.002635519832612065,0.07640704693725534
4431,0.0026341862224778132,0.07643509060517888
4432,0.0026021307526991285,0.07396684417076278
4433,0.0026150943928903267,0.0745143527935322
4434,0.002606229080751445,0.07263765782864769
4435,0.0025856016447539892,0.07354203908515156
4436,0.002639041239173855,0.0748568247060728
4437,0.002672770943019691,0.07332056775726471
4438,0.002577314591239612,0.07278227705256383
4439,0.0026222814325546863,0.07488276865473367
4440,0.002621428927167269,0.07234887638710495
4441,0.0026102971528630505,0.07436437462281464
4442,0.0025953384500207104,0.07396157502306434
4443,0.0026548555928069314,0.07331626188187372
4444,0.002662062539856262,0.07323546617999113
4445,0.0026377896689970433,0.07486484858923986
4446,0.002630309976905958,0.07316540246992781
4447,0.002624667343044169,0.07478326885846623
4448,0.0025902004068758234,0.07601216050765867
4449,0.0026272356278061585,0.07631155962409232
4450,0.0026020711144800284,0.07440681383947383
4451,0.0026045155070640357,0.07536159465112782
4452,0.002598155897875611,0.07330435645162013
4453,0.002701348859413898,0.07384988997962541
4454,0.0025781349415473385,0.0727454150343001
4455,0.0026238559311705417,0.07537859340284701
4456,0.002613660241520984,0.07524131208583526
4457,0.0026089426737313736,0.0729215971397278
4458,0.00257520589154202,0.07388992779386372
4459,0.0025836565571203595,0.07508429629088643
4460,0.0026269644005428474,0.07464095959463216
4461,0.0025887899414627435,0.07132142419952497
4462,0.0026077976695562605,0.07535670212187563
4463,0.0026399318470406493,0.07364846080690995
4464,0.0026358474676605303,0.0746767021024735
4465,0.0025706093529893267,0.07373739058212529
4466,0.0026680660210725003,0.0748370889583626
4467,0.002632123863377074,0.07677273545647624
4468,0.0026206550594174,0.07454563358000346
4469,0.0025760304229479974,0.07230670908862785
4470,0.0025865491873768615,0.07582404787528485
4471,0.002650263195939152,0.07690395170211195
4472,0.002614004808977293,0.07472760355412811
4473,0.002582073137952383,0.07474555360867564
4474,0.0026066653258211,0.07347754674746577
4475,0.002597909343361761,0.0735869128303719
4476,0.002635595982465134,0.07617628284937755
4477,0.002599549226150454,0.07357800919982724
4478,0.002595735028485379,0.07420536425702255
4479,0.002610423371522778,0.07420955624496728
4480,0.002584221571403611,0.0744646914060552
4481,0.002602548882960806,0.07668627649172206
4482,0.002668318962006827,0.07361543615509693
4483,0.0025879680427217558,0.07409953538860593
4484,0.0025897273811333606,0.07711059280804225
4485,0.00261401106766936,0.07390388174164564
4486,0.0025920518805334185,0.07316441576283678
4487,0.00259374268863899,0.07350553792520872
4488,0.0025857964411617304,0.07424055923121914
4489,0.002626001721008631,0.07191751344610277
4490,0.0026122939996976046,0.07413587849913982
4491,0.002579569918772083,0.077562044773783
4492,0.0026302302378845813,0.07443752688796897
4493,0.0026248617493328536,0.07489510326830666
4494,0.0025706192877050196,0.07573678544290681
4495,0.00258828698639936,0.07296756501858097
4496,0.0025797360777405315,0.07368394431837819
4497,0.0025982946247960145,0.07386852223846249
4498,0.0026143884251980244,0.07610310552487697
4499,0.0026218451247156413,0.07328287465381145
4500,0.0026113979881892103,0.07427828693599031
4501,0.0025852982839423473,0.07490359954442595
4502,0.002589222959747836,0.07385550530856116
4503,0.0025664914616888687,0.07458235512027764
4504,0.002576977582385641,0.07344742578671391
4505,0.002656643205909146,0.07640921175106426
4506,0.0025944300645489395,0.07649729141316618
4507,0.0025715420313097747,0.07440704697355591
4508,0.0025740661986791134,0.07514769008807969
4509,0.0025737382818982707,0.07668470636122209
4510,0.002603952626940038,0.07522676013092648
4511,0.002563450984703523,0.07548510555859496
4512,0.0026620942602944226,0.07386966774188786
4513,0.00256553406938093,0.07540083872644525
4514,0.002600388740098869,0.0742515356730399
4515,0.0026020352315554705,0.07555294001386278
4516,0.0026065513847810346,0.07365486201337704
4517,0.002571915913530885,0.07643067470768042
4518,0.0025643357550170632,0.0742414400429654
4519,0.0025424659587909995,0.0752380868060547
4520,0.0025653050246073348,0.07416986502277523
4521,0.002619339099889592,0.0741673706841648
4522,0.0025575927000340997,0.07402845619615157
4523,0.0025684116685581993,0.07214793359351936
4524,0.0025639978137457025,0.07773926129615993
4525,0.0025798467485683746,0.07428600661512605
4526,0.0025610950166727402,0.07343922615200654
4527,0.0025491252217476833,0.07410173674573875
4528,0.0025356790323838078,0.07191560415546398
4529,0.0025520353135725826,0.07460266071602814
4530,0.002578604575188182,0.07422855950163719
4531,0.002605608262291009,0.07564614266904075
4532,0.0025450851320110985,0.07209628736390207
4533,0.0025422212508650127,0.07361439393277754
4534,0.0025698926415130916,0.07703221839546859
4535,0.0025897082707736652,0.0751585767494706
4536,0.0025893286626704247,0.07457477345427774
4537,0.0025493494442264115,0.07407360507133312
4538,0.0025646604566913695,0.07447975928099233
4539,0.0025568466588305923,0.07299836028488656
4540,0.002535718326751715,0.07545854519109678
4541,0.0025596890502191825,0.07406744243283021
4542,0.0025364955395261604,0.0745906699682238
4543,0.0025864018055794286,0.07258183955399315
4544,0.002545893227325338,0.07260887388298685
4545,0.002544240759273985,0.07241584855437577
4546,0.002576284854290394,0.0783025824224441
4547,0.0025666729068284312,0.07749382191732115
4548,0.002542202233929526,0.07384279022987623
4549,0.002619905462984848,0.08050131207719483
4550,0.002613035039421533,0.07516413185754814
4551,0.002592788511437589,0.0717151660033336
4552,0.002545093962788395,0.07323533068772844
4553,0.00254538719291247,0.07274880573937767
4554,0.002548964064623752,0.07494033620993894
4555,0.002571072910042322,0.0766535395742359
4556,0.0025546074593819235,0.07572463866239204
4557,0.002557649561802515,0.0736251364188983
4558,0.002551072301214625,0.0746322971649636
4559,0.0026228535835715857,0.07368171564244985
4560,0.0025664547145903857,0.0752753667290647
4561,0.00254384224189206,0.07492635830452568
4562,0.002517816265402683,0.07531139403955082
4563,0.0025390224373639564,0.07538331042330965
4564,0.0025967058060007596,0.07406138225381535
4565,0.002556249866813865,0.07495453770746265
4566,0.002535704448147674,0.07333223756990935
4567,0.0025243610756757865,0.07448025277458635
4568,0.002636744258312222,0.07558102304475349
4569,0.0025188761283745724,0.07444419967650172
4570,0.0025189996537895503,0.0737542406770221
4571,0.0025348791941638372,0.07391674840883504
4572,0.0025190828706730495,0.07689677078024786
4573,0.0025530848783502195,0.07566340747557786
4574,0.0025491335627777635,0.07491074541681692
4575,0.002574205555483045,0.07548240340667262
4576,0.002548414632476586,0.07761052848402421
4577,0.002541445518280365,0.0759656518735085
4578,0.002544993051505855,0.0723134568871412
4579,0.002560802031057335,0.07586936495806042
4580,0.0025327051081037773,0.07408481970765537
4581,0.0025702264009563247,0.0719768204037707
4582,0.0025605672436144473,0.07373194473055669
4583,0.0025358389260913,0.07332022680450502
4584,0.002567234870957263,0.07275570335244774
4585,0.0025039191458514397,0.0720099278335882
4586,0.0025409459217442753,0.07329765244160678
4587,0.002581499592141251,0.07634209223409046
4588,0.0025327002799698972,0.07547510213645778
4589,0.0025427839408561493,0.0743340239638374
4590,0.002543077862538327,0.07232250127577244
4591,0.002555313740556236,0.07462469057032936
4592,0.0025376508809439252,0.08012463787295167
4593,0.0025297275271418513,0.07498626311993539
4594,0.0025392170958250153,0.07396657871348518
4595,0.002582638366454424,0.07320644672876014
4596,0.002526459244713421,0.07448875638924744
4597,0.0025323478805724543,0.07285554141254354
4598,0.0025674123280509417,0.07352114267143092
4599,0.0025343370075019364,0.07290159946396238
4600,0.0025457326500883857,0.07531233232720454
4601,0.0025358711972213745,0.07664526872019421
4602,0.0025842881930822677,0.07424986504373096
4603,0.0025404824792819103,0.07385687244341786
4604,0.002535463709655717,0.0753817867142216
4605,0.0025331401441328017,0.07375275952400719
4606,0.0025069716263877747,0.07474931116615023
4607,0.0025197070618933736,0.076352870553956
4608,0.002541410066712893,0.0736254366268789
4609,0.0025347639747448614,0.07271824947051835
4610,0.0025309901702769543,0.07295107027343042
4611,0.0025346409799501908,0.0758127100336223
4612,0.002528926942258092,0.07546866195915934
4613,0.00254318945921467,0.07792876223872479
4614,0.0025203083535994997,0.07585074259598452
4615,0.0025351579924373885,0.0753706936773501
4616,0.002526803569120813,0.07392803480601251
4617,0.0025424440756300027,0.07341495143216953
4618,0.002543561807235113,0.07332199373116768
4619,0.002526713315496764,0.0743744788798772
4620,0.002533527967727343,0.07475463653865613
4621,0.002552504036692336,0.0741560492935336
4622,0.0024966901484993653,0.07262479629657023
4623,0.0025442431069221524,0.07605201842492088
4624,0.002527086494481746,0.0736575336533979
4625,0.0025637118951607274,0.07407814695646889
4626,0.0025149180428314733,0.07419993526729426
4627,0.002527202840100355,0.07604223127502546
4628,0.0024925369424833024,0.0759620218722145
4629,0.002553794637386655,0.07491069529812437
4630,0.0025351135345572915,0.07766407539596534
4631,0.002535981524642265,0.07455983298613612
4632,0.0025668515353740942,0.07456862200098228
4633,0.002517226925791244,0.0748125750730211
4634,0.0025294073258868206,0.07672075880574702
4635,0.0025236529683501556,0.07512088594281285
4636,0.0025016345699729403,0.07622555798307099
4637,0.002519753340450714,0.07552359609824971
4638,0.002523924208751246,0.07464905783422011
4639,0.002506367214094135,0.0735279912301771
4640,0.0025371855203657873,0.07304619482361284
4641,0.002526712679774223,0.07491184901772883
4642,0.002498726918125601,0.0749686936425386
4643,0.002529659586576132,0.07504606500902869
4644,0.002499268544242253,0.07312597941261784
4645,0.0025053292762511484,0.07610409296022023
4646,0.0025393289373749663,0.07307063108473494
4647,0.0025293405195493776,0.07425037976867872
4648,0.0025064237364699196,0.07383063093836147
4649,0.0025374978812861032,0.07449220963065188
4650,0.0025221899671474222,0.07603190103569127
4651,0.002514261701275656,0.0759658053293264
4652,0.002529309628251064,0.0748402662855342
4653,0.002530555829090478,0.07599743446311855
4654,0.002520646290856539,0.07369047026138258
4655,0.002541199996177002,0.07409708285914328
4656,0.002528415535953258,0.07316659245275914
4657,0.0025076621327385726,0.07548435568286661
4658,0.0025071414942242974,0.07248648629526148
4659,0.0025360938730915323,0.0733398838262809
4660,0.0025278131417684887,0.0744429242454077
4661,0.00249753416396187,0.0745419933084856
4662,0.0025138713194635407,0.07441912828606173
4663,0.0024984827831527655,0.07682996530804717
4664,0.002523849670100829,0.07626828510211524
4665,0.0024969294064365864,0.07503096313031395
4666,0.0025578485765322154,0.07481551706268076
4667,0.0025172719880091872,0.07488839406716197
4668,0.0025072190604029593,0.07454423910767811
4669,0.002534028168966217,0.07495782063120887
4670,0.0025088651482377865,0.07479055675871689
4671,0.0025100172146991315,0.07631498319388631
4672,0.002580676323056898,0.07154635793732521
4673,0.002475352774645701,0.07462421257543683
4674,0.0025382630116828836,0.07368144241714836
4675,0.0025746159891957025,0.07479669430052727
4676,0.0024951574798428152,0.07347930280636426
4677,0.002499356144399829,0.07472000043269686
4678,0.002520697095013898,0.07329575719316501
4679,0.002549673299973708,0.07362493628024458
4680,0.0025090313798289596,0.07519677152535073
4681,0.002514942618142405,0.07523399386041445
4682,0.0025298847783310195,0.0759038443590764
4683,0.0024894979347396045,0.07457814557958665
4684,0.0024962152455142205,0.07408299829278674
4685,0.0025124308185324913,0.07438435517531589
4686,0.0025103366291471594,0.0717719051249344
4687,0.002500307867391076,0.07433005091839266
4688,0.0025229922519138426,0.07478192400065879
4689,0.0025143058230475664,0.07367946666882451
4690,0.0025636872833559644,0.07205885441455626
4691,0.0024993093852187305,0.07208520795841862
4692,0.002527651104778285,0.07397166294113436
4693,0.0025554347227161114,0.07466217856807518
4694,0.002519470727112039,0.07341265217179344
4695,0.0025626226922432923,0.07416475007782006
4696,0.0025335740915508388,0.07888252467365194
4697,0.0025128471894265625,0.07637254822821844
4698,0.002510040203988155,0.07445611403251351
4699,0.0024930912910794203,0.07680458797697436
4700,0.002502616778816035,0.0738367423004375
4701,0.002477255830874077,0.07490993985780199
4702,0.002498290208854412,0.0752908135192436
4703,0.0024916947976945897,0.07524420821427702
4704,0.00251185467691514,0.07325905102088039
4705,0.0024786228270249496,0.07354237297946647
4706,0.002507872898846888,0.07434415666008354
4707,0.0024691024119308843,0.07381964295654368
4708,0.0025280820520384513,0.07501516707783056
4709,0.0024986751640338136,0.07363740345439815
4710,0.0025319887765283262,0.07500544935464859
4711,0.002511517729370805,0.07313094114450584
4712,0.0025183996966628352,0.07227817771578193
4713,0.0025035728974892616,0.07515322960409007
4714,0.0025120440353770803,0.07275768707419995
4715,0.0025062206855224777,0.07560643400614124
4716,0.002547903236025086,0.07503715422667358
4717,0.0024889917288057296,0.07437573804667122
4718,0.0024931045930809267,0.07638061192250789
4719,0.002517735119909048,0.07565003868780638
4720,0.0025077884451874463,0.07497986488249667
4721,0.0024925945049332787,0.07637341755598709
4722,0.002460286008094826,0.07638513485441231
4723,0.002495502030511962,0.07742476362482946
4724,0.0025053263107624175,0.07413794669815174
4725,0.0025046407478660064,0.07540374282831536
4726,0.0025567388232085025,0.07385495441375221
4727,0.0025000192143233217,0.07247238036683926
4728,0.0025578597597018774,0.07390309091573372
4729,0.002486131860521333,0.075247944559071
4730,0.0025015288400449163,0.07553690027697642
4731,0.0025056896302089984,0.07407785081923157
4732,0.002486288043900997,0.07454989381825416
4733,0.0024869422359701516,0.07727316694152087
4734,0.0025052841122154158,0.07711223748169448
4735,0.0024683195893246924,0.07584063876840405
4736,0.002474753028818269,0.07626690747295704
4737,0.002472354944351605,0.07367665109628424
4738,0.0024874853108919058,0.07455085378541683
4739,0.0024994426822219757,0.07534244581870268
4740,0.002488685276966577,0.07496063287993122
4741,0.002476513847054733,0.07569272437116556
4742,0.002481423548297215,0.07506374223041057
4743,0.00250741836927294,0.0740425451506947
4744,0.0024639485571037126,0.07522023392649821
4745,0.002505399394038843,0.07470002561284785
4746,0.0024886539258459892,0.07332955205574967
4747,0.0025423348006912067,0.07335609246166726
4748,0.0024907334742711442,0.0745951729198745
4749,0.0025209112481146957,0.0757549228636842
4750,0.002482221696852797,0.07415275538998439
4751,0.0025246478558801186,0.07558583684807134
4752,0.002479361625662698,0.07385637345992234
4753,0.0024640255142003298,0.07678765747556113
4754,0.0024961784152098022,0.07234258281258413
4755,0.0025112153152091468,0.07746959425378264
4756,0.0024722240723634493,0.0732297181971091
4757,0.0025081929398939992,0.07611317460175444
4758,0.002559529353213441,0.07574415918355598
4759,0.0024800659668249396,0.0745995728518431
4760,0.00250799790080228,0.07327659579372048
4761,0.002472968812196933,0.07557456626703865
4762,0.002523244270284114,0.0727248471930511
4763,0.0024872050930083173,0.07352268503498015
4764,0.0024697626028560267,0.07548816617867701
4765,0.0025307820740573363,0.07557704217526548
4766,0.002479534079087168,0.0752419397832457
4767,0.002492919244561169,0.07381321756836765
4768,0.002498764688146175,0.07456819569332558
4769,0.002486096816954895,0.07475364958881435
4770,0.002503172377690813,0.07375552062701463
4771,0.0024944361540865513,0.07677377373876429
4772,0.0025053751526464677,0.07315882926522042
4773,0.0024661641351902,0.07538449921106037
4774,0.0024814711785860664,0.0750675788499359
4775,0.0025045504081165153,0.07604737292256272
4776,0.002462884545513081,0.07289253981938039
4777,0.002491913619451225,0.07398247145545811
4778,0.0024603691359333765,0.0736434891409145
4779,0.0025023649910867773,0.074465618863291
4780,0.0024731849337749907,0.07732783541792915
4781,0.002510986230292337,0.07582442919936097
4782,0.00246336617066195,0.07544229805170742
4783,0.0024809677250169472,0.07629555338680893
4784,0.002503721229221123,0.07448168810372963
4785,0.0024965018250024803,0.07417312807830653
4786,0.002504082428741044,0.0734439825167632
4787,0.0024846574462378005,0.07640722866419862
4788,0.0024772518121733748,0.07543575317414482
4789,0.0025080623160638965,0.07370197237060781
4790,0.0024663593925150305,0.07543732407024331
4791,0.0024884156284264076,0.07655223539299834
4792,0.002482971123224095,0.07409821588891491
4793,0.0025194524342141648,0.0741391379507562
4794,0.0024961449116830446,0.0747442531369085
4795,0.002478218945414762,0.07907273073244214
4796,0.002458267663839072,0.07613358078967958
4797,0.002532763610999786,0.07480848054016444
4798,0.0024988388140513604,0.07343704139529016
4799,0.0024855734472422858,0.07641025359992097
4800,0.0024759009802351973,0.07547868474533684
4801,0.0024974400894336845,0.07592618667093434
4802,0.002452695470735384,0.07697872526215431
4803,0.0024702466840397417,0.07366322029503365
4804,0.0024795473997005287,0.07512488100388295
4805,0.0025086054654330668,0.07582349742863112
4806,0.0025155151450457665,0.07588903604070645
4807,0.002499493298801042,0.07484036021139986
4808,0.0024902024620203854,0.07303840340229503
4809,0.002474963833974984,0.07289711477463706
4810,0.002474228928134219,0.07692503049633556
4811,0.0024689817494569716,0.07546274416279375
4812,0.0024585207065911875,0.07486661331247267
4813,0.002502831421664049,0.07428578479696336
4814,0.0024690147884172567,0.0736475060682249
4815,0.002453242670919828,0.07418098494896017
4816,0.0024922413643461224,0.07368321460963491
4817,0.0024747328838584564,0.07767998197473082
4818,0.0024967894730301204,0.07766508747984592
4819,0.002471831027231527,0.07567241924224342
4820,0.0024861441385059333,0.07334119776137789
4821,0.00249656559286353,0.07360267536457918
4822,0.0025040521439702065,0.07435192836257151
4823,0.0024646755094788852,0.07307951501512289
4824,0.002476493391532416,0.07334492172588382
4825,0.0024606496994135476,0.07406578401575112
4826,0.0024752878367924206,0.07333698710029884
4827,0.002498246305315612,0.0777332383887212
4828,0.002464415963890971,0.07805185524144567
4829,0.002517826140633431,0.07539403847509757
4830,0.002478730231289953,0.07388013097128474
4831,0.0024691697773538226,0.07554398574177783
4832,0.002473716424824816,0.07548421191840542
4833,0.0024853591372180133,0.07476039333525755
4834,0.0024946841533911826,0.07413133024646525
4835,0.0024848097130994906,0.07658535800407405
4836,0.0024900350407303126,0.07300070208266266
4837,0.002451824696536021,0.07443586473626301
4838,0.002465948044996837,0.07431373913261227
4839,0.0024659258333913584,0.07330498088123207
4840,0.0024819569870228163,0.07363621795311906
4841,0.0025061841500882164,0.07370983999698683
4842,0.002450750198807906,0.07288730545973121
4843,0.002487985865391067,0.07312557788421038
4844,0.002479391881603409,0.07278002271974894
4845,0.0024713995792759952,0.07371360724581812
4846,0.002468900667462603,0.07379892573022005
4847,0.0024533449740770934,0.07363606399312653
4848,0.0025151573474807985,0.07321286470370185
4849,0.002499463162195159,0.0757624818978453
4850,0.00246979668043075,0.07469898094434786
4851,0.0024777838936933905,0.07312726840040737
4852,0.002489342692170911,0.07365578164656957
4853,0.002479816006341815,0.07241719613846083
4854,0.002451441860918341,0.07447540087807447
4855,0.0024650892582911777,0.07383406711252112
4856,0.0025104049631163804,0.07669320571840856
4857,0.002480350802273002,0.07407073980958241
4858,0.002464323525016304,0.07884293990699869
4859,0.002462378417676005,0.07431103922146604
4860,0.002495128157414309,0.07461717250502498
4861,0.00249472911087183,0.07662188291624375
4862,0.002456914411630003,0.07528483100179442
4863,0.0024605648968730786,0.0746643765080244
4864,0.0024663535732086924,0.07556231846486715
4865,0.002467005731841567,0.07321588739864808
4866,0.0025012623912838744,0.07360582021917018
4867,0.0024487007358972696,0.07578323310927342
4868,0.0024831884417998193,0.07589273726133476
4869,0.0024548917548982046,0.07485579652595042
4870,0.0024642867724437465,0.07273455974377487
4871,0.0024640884193472073,0.07514471037868868
4872,0.0024697134566134234,0.07272775928702271
4873,0.002504545491667564,0.07355336955092605
4874,0.0024872746998823737,0.07381369739322734
4875,0.002467873834692479,0.07403825397106041
4876,0.002480377210669079,0.07351695899303097
4877,0.0024594214444156725,0.07416303289638725
4878,0.002481526120778956,0.07345462304757054
4879,0.0024863060287909355,0.0767545258266884
4880,0.002478664892004528,0.07612758040204085
4881,0.0024839729058985425,0.07865097597801596
4882,0.002484503404316157,0.07681866690404433
4883,0.0024837050743862334,0.07368888999137066
4884,0.0024516842580549303,0.07500766770433363
4885,0.00247844967693324,0.07428158976529774
4886,0.002485439939669634,0.07407223125149433
4887,0.0025029878911553504,0.07483676382174767
4888,0.0024686249456190297,0.0738755914949833
4889,0.0024612727487418906,0.07225271097774195
4890,0.0024729928601720024,0.07740212829414765
4891,0.0024607557789524752,0.07454258491072738
4892,0.0024488231723363216,0.07602016659532872
4893,0.002465914516289336,0.07370852624862116
4894,0.0024449900544444127,0.07358032263311229
4895,0.0025034603183989802,0.07358737045287489
4896,0.002482409055452782,0.07425460305279658
4897,0.002475280654806422,0.07411315889660279
4898,0.0024957364617750563,0.07484186761884164
4899,0.0024568536348033663,0.07354283836999334
4900,0.0024443617919722694,0.07311382867339858
4901,0.0024868457973715747,0.07350909732338182
4902,0.0024376892408817354,0.07601626508666161
4903,0.0024770264540066164,0.0753104514010568
4904,0.0024675446785811252,0.07393637542288405
4905,0.002466274139275745,0.07481841425549117
4906,0.0024831256870075265,0.07585026577749945
4907,0.002478699602747225,0.07550410153274249
4908,0.0024640617620632008,0.07618300711974166
4909,0.00248060625434786,0.07190615741680738
4910,0.0024538833383751044,0.07325792452670578
4911,0.002452786795088443,0.07549276929302025
4912,0.0024484081703258624,0.07622319368416802
4913,0.0024513283756862287,0.07564257341145274
4914,0.0024838539389280315,0.07401101894321896
4915,0.002461277895831856,0.07471597902383421
4916,0.0024686759209324575,0.07467710857926156
4917,0.0024754538355529496,0.07407873740097634
4918,0.002462868242258889,0.07390722398993962
4919,0.0024797976072468914,0.07240760813754304
4920,0.002446664918395092,0.07403899133578877
4921,0.0024477851571264126,0.07360085858064785
4922,0.0024895345256444896,0.07370885448497638
4923,0.002477941441942345,0.07636516087485436
4924,0.0024642512789083684,0.07295427695476919
4925,0.002466189133464636,0.07347491469448969
4926,0.0024720360689174654,0.0723096944746517
4927,0.002455464246037612,0.07467815027873319
4928,0.0025165461297190768,0.07467728955927946
4929,0.002488228936933658,0.07344831190163031
4930,0.0024853987147780516,0.073904927157071
4931,0.0024624817021523943,0.0720524280367041
4932,0.0024979986782480606,0.07344294623250053
4933,0.002492230776025911,0.07660084815327088
4934,0.00245295536629914,0.07376927460420102
4935,0.002466434018750643,0.07526959293991103
4936,0.002481905269059922,0.07520191879350141
4937,0.0024851107273577804,0.07216716835970867
4938,0.0024953515343309664,0.07431065556324813
4939,0.0024852304665377613,0.07512781810118142
4940,0.0024757658519714977,0.07537525048232019
4941,0.0024582650724121117,0.07439256679817549
4942,0.0024410562252561593,0.07485522477325042
4943,0.0024618362076580524,0.07682436488027262
4944,0.0024651740969605395,0.07311543551528066
4945,0.0024626119555701096,0.07354333843653064
4946,0.0024786152187910014,0.07647404733830526
4947,0.002464304713541087,0.07424205431439225
4948,0.0024534455649437947,0.07471377002938948
4949,0.0024966427393631314,0.07696907304432757
4950,0.0024773242100956483,0.07553392532923467
4951,0.0024904675086884287,0.07307346094222296
4952,0.002475501406356856,0.07332026133113038
4953,0.0024496221865255817,0.07544274743935817
4954,0.0024724415339949925,0.07362842134066991
4955,0.0024512852950833246,0.0739468768201675
4956,0.0024658787724062756,0.07497113728358931
4957,0.002473406957865322,0.07567445145812549
4958,0.0024813882719001332,0.07473130219786388
4959,0.002470097744685589,0.07358469481680327
4960,0.0024589528118006206,0.07351440183799667
4961,0.0024749223649396697,0.07440248200842611
4962,0.002446268826758133,0.07376584440544434
4963,0.0024746711060060276,0.07367593079880067
4964,0.0024522758234251396,0.07692230055878933
4965,0.0024415978104997205,0.0774302537877458
4966,0.0024650879554614005,0.07676667326076288
4967,0.0024454207298255357,0.07388281977191605
4968,0.0024576488828292366,0.07734580464978565
4969,0.0024852242567474287,0.073029523075822
4970,0.0024387247267041974,0.07403753873399624
4971,0.002497470091012391,0.07364258743393093
4972,0.0024478448362186037,0.07652323086160168
4973,0.002453760224610544,0.07379164696113209
4974,0.0024620007211196477,0.0752323653763697
4975,0.0024688213948323903,0.07365418292750094
4976,0.0024593903334244947,0.072831817662208
4977,0.002470266818416343,0.07417092270644984
4978,0.0024633249505145657,0.07256612019207244
4979,0.0024665117798063634,0.07570449070524153
4980,0.002466789643837834,0.07472969810093257
4981,0.0024314377786077814,0.07269393340836193
4982,0.002466873465789056,0.07371813809513149
4983,0.0024865975984456863,0.07524517751800686
4984,0.0024445880814616024,0.07512576493404265
4985,0.00248234724366109,0.07251869702249542
4986,0.0024393993907178926,0.0752670139559827
4987,0.0025026148315051974,0.07587753247497674
4988,0.0024606212112340247,0.07463499377096507
4989,0.0024623967186025225,0.07507889945629545
4990,0.0024440049764563017,0.07410371699428797
4991,0.002458900615403598,0.07441546816500207
4992,0.0024762648613218417,0.07514484069849316
4993,0.002462544943407458,0.0738899260385891
4994,0.0024550144055560464,0.07642054182470293
4995,0.002455144603503138,0.07368523125212294
4996,0.00247999397471407,0.07851693041641312
4997,0.0024833613539517485,0.07529040890976899
4998,0.0024548375447715712,0.0757929217957315
4999,0.00246981824719023,0.0744141246516603
5000,0.0024791113925706535,0.07532955756537
