epoch,train_loss,val_loss
1,1.113446708663504,0.4965841806024537
2,0.409321092045793,0.36269327333397733
3,0.33788259696437273,0.31264847464728773
4,0.29906428607653673,0.28227798427854267
5,0.28366702281195544,0.27295288734866263
6,0.27150141249256077,0.2739717742255457
7,0.26140622771272093,0.25517158068361734
8,0.2489148258789206,0.2501051263851032
9,0.2443577824715163,0.2466686792615661
10,0.2554751772865606,0.2566341822756861
11,0.24786767648492114,0.22531056138955263
12,0.23341771259576924,0.2351246060135968
13,0.22561326426772116,0.21823818283272267
14,0.20815577229549145,0.22030425385424965
15,0.20508816838264465,0.20489453940762015
16,0.20007081483972483,0.22155580290576868
17,0.21313069587964623,0.2046344394522502
18,0.20798588130728204,0.20170577042234272
19,0.1946809055476353,0.19415342736811864
20,0.19728071160824695,0.1935460002798783
21,0.18790386626526107,0.19861948568569987
22,0.18460898928134045,0.18216933082219652
23,0.17563315567364887,0.1740871704087819
24,0.18145237676215395,0.17716857858170243
25,0.16867365844571106,0.1784805590123461
26,0.16345991404452667,0.17002811859873004
27,0.16159049372501133,0.1670906991139988
28,0.16159175864207706,0.1681134095018669
29,0.16403466369664782,0.16858121969347312
30,0.1656093214839977,0.15814890213926933
31,0.15830543053374396,0.15861102001260696
32,0.14933441859614513,0.1670967308725032
33,0.15687240024905968,0.20278372404569373
34,0.15231573684462185,0.16969016556602373
35,0.1522759981570199,0.15078836836312948
36,0.1465213121758733,0.15117715691265307
37,0.15268631830671364,0.15083380465519458
38,0.1488972985445519,0.15627870915975786
39,0.14586564053001821,0.15730863230718406
40,0.14708751430705796,0.15026374019327618
41,0.1413610092244552,0.1505234149240312
42,0.1428896109325385,0.1497330515082916
43,0.14740111704530387,0.14552635664031618
44,0.14558724419076616,0.15131068946723653
45,0.13551104180865153,0.1503114295110368
46,0.1461117247055317,0.14173092765915662
47,0.13726202073889465,0.14741336668194985
48,0.13855365418528315,0.1378309123572849
49,0.13175567727664422,0.1480537764261241
50,0.1286700504794016,0.15271486580969398
51,0.13431793432624362,0.13793974293204478
52,0.12571718307871804,0.13754667950453317
53,0.1336685226161652,0.13958324391142765
54,0.12970539469703984,0.13219133303278968
55,0.1335255802144825,0.1410617532586693
56,0.12887230193166524,0.13055270210020525
57,0.12807614750996651,0.13697891333198786
58,0.12695281908243053,0.12979203156361305
59,0.11971613881543139,0.13282946237645352
60,0.12437208629794255,0.127982020266074
61,0.1313322880144777,0.1294047116934506
62,0.12277207581974496,0.12626923282717104
63,0.1344730234631924,0.12967888142605474
64,0.12071889538469734,0.1240616268233249
65,0.12874520236048206,0.1244903857770719
66,0.1322143913763444,0.1251464978719415
67,0.12063469665364412,0.13473797968605108
68,0.11617927213541018,0.12672974501636095
69,0.1264379384889498,0.12382460801971885
70,0.11700090901418166,0.1269369446917584
71,0.12306624844810432,0.1219215624613272
72,0.1195835894832043,0.12267266813301503
73,0.11299189404353827,0.12265829080925848
74,0.115446083878275,0.12336210561052599
75,0.11907333843293234,0.13347679942398144
76,0.11025926297921745,0.11867216643982363
77,0.11615215713701278,0.12303276557970166
78,0.10960770638945708,0.11716109019398391
79,0.10875418490283542,0.12649582404839366
80,0.11196847437504318,0.12307730565468471
81,0.11124640327168857,0.11891382196941472
82,0.11117046658054788,0.11924941492334643
83,0.11089623889952992,0.12186826646029202
84,0.10820313776641804,0.11902384586949695
85,0.10737825378915733,0.11870730752335455
86,0.10954608840628477,0.1211233746101683
87,0.1103805218557579,0.12251965630622137
88,0.10636855103659405,0.1203960724977921
89,0.1080547664606459,0.12801037437485574
90,0.10485253403646445,0.11657090472024784
91,0.10786320135978322,0.11294033923618178
92,0.11140539030016029,0.11532789890778095
93,0.10486302695304249,0.11619022824710473
94,0.1091493198116745,0.11939573732384465
95,0.10497004807369088,0.1101204181150685
96,0.10540588232790789,0.12033276517588393
97,0.11363161053963963,0.12396517435186788
98,0.1130089827559211,0.11857371411302634
99,0.10199679709900883,0.11850162632856752
100,0.11420317914418666,0.11572832504011933
101,0.10277581259281283,0.11570612524162259
102,0.10201715407046405,0.10950267296237755
103,0.11014616851429207,0.11241504114896134
104,0.11674560221104786,0.10874838088837482
105,0.10140619646512603,0.11062565038825635
106,0.1008534379607084,0.11403571677984749
107,0.10687917590047873,0.10857900409471422
108,0.10716489954708512,0.11257445995222058
109,0.10988999538847645,0.11095992864149257
110,0.09722997437356781,0.1141603425667997
111,0.10843152340303021,0.11385454750972285
112,0.10516994374112276,0.10695363893021916
113,0.10005698502530873,0.1131382909671107
114,0.10087792568352529,0.11742889912878361
115,0.11127952820268171,0.12311229606469472
116,0.10041014095739137,0.10919208464243059
117,0.09646304977070949,0.11185251544218015
118,0.09538293438365093,0.11914707798706858
119,0.10465131314664051,0.10909077372019153
120,0.09945976500600856,0.10943508122050971
121,0.09478607668678589,0.11116650510103182
122,0.09575094448455075,0.10867233122500561
123,0.0987709270655922,0.10761078404155291
124,0.10435466785976505,0.10819817334413528
125,0.10037845211996928,0.11207401647902372
126,0.1046879040223304,0.10662411672429632
127,0.09309700656927491,0.1052482343257818
128,0.09969580000657646,0.10880084944548164
129,0.10367710386230654,0.10662956575029775
130,0.0939952670406772,0.10625911279952616
131,0.11155393908857178,0.11818042675728786
132,0.09711273203729462,0.10904864625150996
133,0.10707741029864194,0.10648914370545767
134,0.09112053803609083,0.10784172051980681
135,0.08991000266471252,0.1071743736776493
136,0.09788647926993505,0.11363920459248368
137,0.08947601428599941,0.10692389990975683
138,0.0987234042496143,0.10574196564747874
139,0.09812160450556436,0.1091083686864167
140,0.09563161848480799,0.10349381287444505
141,0.09194381777956194,0.10558366951040157
142,0.0925941510727413,0.11280921596408189
143,0.1108886024281149,0.10588700356041279
144,0.08866166741496717,0.10678002324170038
145,0.09276613382897034,0.10275683070259883
146,0.08987774802693005,0.11270964479909505
147,0.09649277186505847,0.11172284626572353
148,0.0902918614563897,0.10134957030527574
149,0.0920056983548272,0.1105414336934723
150,0.08871451706908713,0.10400004768954184
151,0.09394160235376567,0.11784322718555168
152,0.08893051832260383,0.10239088539043464
153,0.0866435597122276,0.11210845789888449
154,0.09514915480695922,0.10412551811837911
155,0.08641863672710885,0.10323346572412286
156,0.08618560711324776,0.10944287807570961
157,0.08692999434041379,0.10467326743785002
158,0.0849278004238598,0.10306196265800256
159,0.09561014105346884,0.10375927666897762
160,0.08770117362184585,0.10176792378563032
161,0.08359006981490921,0.10789838416459865
162,0.08760588314839665,0.10175302794627976
163,0.09469472168474735,0.09839313264404025
164,0.09044753531210101,0.10088722305115602
165,0.08718148420410096,0.09979806954325889
166,0.0873326807513506,0.1096796759387903
167,0.08594221236376927,0.10128255298636611
168,0.09313987062362294,0.10298796871999152
169,0.08679402652298769,0.10619834623764034
170,0.08381691745549534,0.10242174573261338
171,0.08245113151013664,0.0968960016816481
172,0.0845663039288177,0.10178991862780468
173,0.08093103724400452,0.10172640037417113
174,0.09340914908714802,0.10210071519054566
175,0.08486275776613468,0.10102881791821697
176,0.08629527846847582,0.10108105063363723
177,0.08701591494969066,0.11443703001677841
178,0.08939828022987491,0.11235766964299339
179,0.10400214814653964,0.100373016320225
180,0.08390518380650158,0.10052195258606646
181,0.08075072511236496,0.10513646260165331
182,0.08758278793675772,0.10952175552384895
183,0.08247389623363938,0.0981434051479612
184,0.08744658798353051,0.10507665079712569
185,0.0827321944799169,0.10264201721825396
186,0.07975807557098544,0.09902777308061309
187,0.08826327940513348,0.09916520241956066
188,0.09008446655770454,0.09557515403307171
189,0.09394763566576948,0.10140392953590642
190,0.08061369338005688,0.09946194785952867
191,0.07850086030354694,0.09827970931852671
192,0.0875219909655263,0.0982353519228168
193,0.08239235075009654,0.10417003126670245
194,0.08052204901988977,0.10388022328827315
195,0.0865164275359958,0.11071718123771791
196,0.09012768027550748,0.09640067741088103
197,0.08421453181946166,0.0990744819094364
198,0.07763320698072917,0.09688810371142581
199,0.07906326917832174,0.0977542190660809
200,0.0762679682676695,0.09949045798234772
201,0.09686766768043692,0.09586046903130405
202,0.07690796611077359,0.09663659662829903
203,0.07860286445079552,0.09693527886443269
204,0.07985779442196729,0.09630394781143743
205,0.07533620171786103,0.0974867526712573
206,0.0807210009159713,0.09863789392667904
207,0.07897611046472687,0.1051311275938101
208,0.07773443545013387,0.09887876298119848
209,0.07968299994741487,0.09888840194109987
210,0.07743323540612822,0.09987649909759823
211,0.08589520793536613,0.09518453006382872
212,0.08755208500500383,0.10150626200930517
213,0.07790916270596854,0.09476095647142645
214,0.08680169686067814,0.09649293955630228
215,0.08463468830039883,0.09558077214430448
216,0.07626515461079379,0.09773631345359306
217,0.07610218040061222,0.09945318866567802
218,0.07621314906775017,0.09627616553004821
219,0.08132569340048913,0.09789957363802687
220,0.08388410354482717,0.09593468637469418
221,0.08154462058342363,0.10836801097207799
222,0.08186125117689838,0.0982763199579148
223,0.07375788261243915,0.09706642538458482
224,0.07873361298469914,0.09485839253156107
225,0.08386880787655851,0.10565417196442907
226,0.07864259594473345,0.0929843519527213
227,0.07492611585272517,0.10057831071970756
228,0.07852380229948457,0.1037171535324632
229,0.07681328186701084,0.09499028358692513
230,0.07422343358911317,0.09639059016504384
231,0.07665612838204752,0.0987613744342835
232,0.07417334314891164,0.09300756221053594
233,0.07568359835114224,0.09820142151195005
234,0.07377371906673647,0.10224712429040655
235,0.07276622072843175,0.09130996928776715
236,0.08597093199300916,0.09211693142066922
237,0.07697077324397886,0.10052774364786937
238,0.08231320963197368,0.09122659221179504
239,0.07777422393283874,0.09758407799970537
240,0.07983851565929789,0.09296629000875287
241,0.0696393978025846,0.09243462064809967
242,0.07431777101885936,0.09289976853625219
243,0.08237759075288115,0.09074813751200386
244,0.07823958035359936,0.08925793474927582
245,0.0712618484252299,0.09746716660739187
246,0.07130982089192142,0.09140228763932273
247,0.07620218326118673,0.09175282817586024
248,0.06898262052793862,0.0922576212569287
249,0.07915271685508352,0.09291049673742519
250,0.07367929386494676,0.09813692446863442
251,0.07346834368466583,0.09411830740763728
252,0.06898519555603075,0.09879125654697418
253,0.07661290286943831,0.10299010391820941
254,0.07439499799173828,0.0926104692700214
255,0.06959866505805228,0.0919738792461859
256,0.07958809748805802,0.09528785053276478
257,0.07813072436982561,0.08981955451027193
258,0.06887195414650403,0.09022546759374757
259,0.07845967344729504,0.09304551475851756
260,0.07380695875769125,0.08823981784041364
261,0.0756317318700324,0.09546415720667158
262,0.07226330408575393,0.0881165835941047
263,0.06661972602052749,0.08966208025252909
264,0.07247448953154692,0.08689931430912257
265,0.07157624732457732,0.09181712177537736
266,0.0648284257158964,0.08389982982611
267,0.06142216633573221,0.09178259219964943
268,0.06360728329859183,0.08496736131963276
269,0.06496279046733551,0.08691527548813283
270,0.06978449017556858,0.08508122492030748
271,0.07239943573420698,0.08255252824690108
272,0.05962809478881591,0.09017442389015566
273,0.0652847099920799,0.08597188211398615
274,0.06511730546581335,0.08656673648751768
275,0.06979975069297892,0.08694666065742497
276,0.07745644662727756,0.08953190766704411
277,0.0629645466664368,0.08339453727604453
278,0.061122015947738785,0.08411194223509098
279,0.07969393838068535,0.08706071903756388
280,0.06269448729331217,0.08346517449408247
281,0.06175222441694206,0.08679341648082088
282,0.061734410452431644,0.08306496112343661
283,0.062168019353689444,0.08053589309740783
284,0.06035827061739461,0.08484278355998204
285,0.05661063252431472,0.07933018806584198
286,0.0690745439228593,0.09579919422404808
287,0.06622200393844921,0.08407717950660783
288,0.07107912319300691,0.08677953350962254
289,0.06637279985933842,0.07932541889131517
290,0.06444535607641394,0.08933187352684804
291,0.06921939376659901,0.08239880368524327
292,0.06605731034914154,0.088495994813012
293,0.060739425247459206,0.0884835673939614
294,0.06805104978359232,0.08625113999559766
295,0.07038161597655485,0.0826533523045088
296,0.05975491144814088,0.08126973652077797
297,0.06171532813751585,0.0827346307069138
298,0.061475036659958224,0.0896913892120347
299,0.06146531137506416,0.07696852610822309
300,0.057016884668680566,0.08065627252024815
301,0.05849427078211195,0.08202626246184036
302,0.05924851149554163,0.08421215088221065
303,0.06532844541401699,0.0795017494108145
304,0.05801639160532563,0.08191649750211186
305,0.05893806070322901,0.0835757557872244
306,0.05755610563164595,0.08524871527924574
307,0.06640493027795819,0.07952290228136201
308,0.06438988945841041,0.09068639477467477
309,0.058510093222778045,0.08924903976439234
310,0.06707544033897334,0.08600700601823348
311,0.05540919695107915,0.07810159440252715
312,0.0582512020013736,0.07974012711442503
313,0.05624062746623093,0.08483916592030298
314,0.05759260829152732,0.08291094668004148
315,0.0735694634199703,0.08236524384272725
316,0.056968419762988075,0.0827771211253073
317,0.05799015854313082,0.08024669791522779
318,0.06260478368093228,0.08390181786135624
319,0.057786484718976724,0.08400111473667293
320,0.052318341527893254,0.08308454205219011
321,0.05478286871622349,0.08048202140364133
322,0.0643530496889521,0.08201496581311214
323,0.05332803354835062,0.08437614835668028
324,0.05462383072484623,0.08498324974811167
325,0.050985725450571805,0.07938230769676075
326,0.05493238640709731,0.07624533850895732
327,0.05650235948424354,0.0767063530428069
328,0.06403349540824053,0.0861531622465093
329,0.05530475555308934,0.0797452823186578
330,0.055717482567300615,0.07607306700601314
331,0.05341666671783199,0.08007584114495973
332,0.057954321542410266,0.08506376131958232
333,0.055016310307486306,0.0855079477928336
334,0.05866294785119523,0.07917848178990801
335,0.06451549136946941,0.07835529647524793
336,0.05624257926143075,0.0792290163331462
337,0.053412754964492166,0.08151209363737202
338,0.06560999613990978,0.07805841670075156
339,0.06183363232166042,0.07776668481061931
340,0.05318769303421989,0.08119309861633114
341,0.05393808582639993,0.08201019393098086
342,0.05208908629875198,0.076634216316063
343,0.06316641993750599,0.07424967612763096
344,0.054209699801703606,0.07686834487326462
345,0.05181049771583566,0.08152856967204197
346,0.05574769657513939,0.07492106082968246
347,0.05015156945931874,0.07677333747832697
348,0.05288169680157425,0.08847965931235101
349,0.056568367739549624,0.07930075829115726
350,0.05950844846081958,0.08679524448730593
351,0.050437158434929144,0.07704180508926697
352,0.051918425495067734,0.07976804417849782
353,0.05016035133488126,0.08025480310122173
354,0.05042083634992005,0.0805310026595467
355,0.05674300172299053,0.07660247008304548
356,0.058857486831450534,0.07482792196193136
357,0.05245686488278607,0.0745528478707586
358,0.0505903685891703,0.07669124081917573
359,0.07722399219123173,0.07533584424950425
360,0.05042670258440568,0.07581583173352674
361,0.05573050453558237,0.07577466806000038
362,0.05026174995312496,0.07664805191351955
363,0.06349705930413871,0.08036609158330693
364,0.05518074364030623,0.0750462417502451
365,0.049820223525400074,0.08201509265971363
366,0.05891799481825021,0.07944345494783611
367,0.05446067403383016,0.08678572824724336
368,0.05312833826416712,0.07877933818445469
369,0.04913738260168267,0.07382366029466304
370,0.06769697056341695,0.08112463272902601
371,0.05917931825716667,0.08443848697239892
372,0.06256195699626749,0.07322626202402258
373,0.0537997819833621,0.07667813031819828
374,0.052785394719121595,0.07373588476189993
375,0.052261699551605506,0.07451566755024712
376,0.04858593819049832,0.08128032024791067
377,0.06044115356190077,0.07448771069372508
378,0.04994022723602651,0.07714529492353138
379,0.04993223092959592,0.08066484787709133
380,0.0518284550748275,0.07328691819033827
381,0.04810947542980921,0.07473264096822954
382,0.046695054219714524,0.07536080451612186
383,0.061016039613365755,0.07599566212124693
384,0.04862491599631534,0.07765872996851317
385,0.04967379394836934,0.07453915966035131
386,0.06096060346333211,0.07585633798201281
387,0.04834682302882305,0.08472608405172377
388,0.051115367316340206,0.08236001026734971
389,0.047678803400279586,0.07776954706599538
390,0.04638591353842831,0.07919352100158394
391,0.05978241447230865,0.08430308040072744
392,0.0472973738578046,0.07773734210875996
393,0.04597055642255422,0.07488499753606648
394,0.06763567029262038,0.07862896393788488
395,0.04902545400080636,0.07498087584598918
396,0.049736973283619715,0.07945845776557325
397,0.04732282244860192,0.07281880076965294
398,0.05630398436586685,0.0746028463456565
399,0.05171359212467663,0.0737285059795045
400,0.04772803633470894,0.07957211394507185
401,0.05010505570653464,0.07644754754645484
402,0.048406674792306925,0.07755383617597117
403,0.04738193354496388,0.07138614541381821
404,0.04977715524573311,0.07714082039239113
405,0.04650379551522037,0.07343367175350811
406,0.05373976566481366,0.07717321497530567
407,0.06212638759968049,0.07658266671991587
408,0.046780857313015616,0.07496104723678197
409,0.05099489832980132,0.07470767450213134
410,0.05418100315481891,0.07731603752625615
411,0.04692206898453093,0.07898502778215218
412,0.04835929948147562,0.0754710132055414
413,0.05025914544969517,0.07587795403965733
414,0.04868588547534704,0.07737863205728077
415,0.04771530364280958,0.07118312314264756
416,0.06754911265870246,0.07488798303412914
417,0.04871919511767764,0.08442971341890798
418,0.046165799342539615,0.07815209316803996
419,0.05159128344030963,0.07650025493294972
420,0.05183839551567284,0.08174457688603484
421,0.05356407807818774,0.07788287801551341
422,0.05685380580002985,0.07320262191065571
423,0.05041407311457825,0.07926139670580551
424,0.04669624910365825,0.07476264578208588
425,0.046826966211993865,0.07894306506653477
426,0.05618048001512838,0.07211027619309891
427,0.046648873862895096,0.07573247443240388
428,0.05617280741190088,0.07708137219113514
429,0.046650640993469564,0.07360330857056424
430,0.046564913889083744,0.07307930748190797
431,0.05429686375873216,0.0771872041779652
432,0.05293092921049244,0.07423160908589686
433,0.044413171615159626,0.07324444119792833
434,0.04223074698616345,0.07240845068803706
435,0.04882797974871244,0.07749089438066746
436,0.050594196856302155,0.0766524121650777
437,0.04650088542120584,0.0738803875401504
438,0.04902603709632326,0.07346508965680473
439,0.043446018439381846,0.07338322910076395
440,0.049738023605279416,0.07222514295189601
441,0.0451207457221227,0.07201819360853735
442,0.04561214612615893,0.0731052872082942
443,0.045693688059581856,0.07999893552378605
444,0.05214492922946577,0.07245181995749772
445,0.04485387672731495,0.07685998199801695
446,0.044837153759028844,0.07412085807263702
447,0.04696998132106652,0.08101938078576759
448,0.051504009125935245,0.07453500460786629
449,0.04470022065932848,0.07410712355285659
450,0.06545480548588085,0.0759723851816696
451,0.04442378601824228,0.07136013416718122
452,0.045060403610004525,0.07415522683533211
453,0.04527046991553053,0.07135161193540521
454,0.0431153281098436,0.07331015130406932
455,0.05105934136760272,0.07559981727435774
456,0.05014586632014442,0.07211800171692569
457,0.04283135512779499,0.07420979292694489
458,0.055359043624707525,0.07943789427516454
459,0.060510575070650226,0.07186423116982132
460,0.04952997293872145,0.07472909465992361
461,0.04401347257173547,0.07887813740206841
462,0.0439070341962632,0.0803586073350488
463,0.046382948581047564,0.07312582352929246
464,0.04539319650973646,0.07871988090805541
465,0.04572325717179006,0.07584645535638158
466,0.04691213129969973,0.07433639920519707
467,0.04461280636045626,0.07494963294730748
468,0.04653112030935512,0.07360981277804028
469,0.05774917343754006,0.07453620400195732
470,0.04525073540621791,0.07255311082479052
471,0.044835299545414396,0.07908457347698379
472,0.04486796403519786,0.074492128047728
473,0.04880654855067827,0.07398608838555806
474,0.04715530663074745,0.07464900963886041
475,0.05243493621252174,0.07359687154902551
476,0.05119425323456059,0.08297145501115269
477,0.05296272033574439,0.07841435700356213
478,0.04409870651308272,0.07444423480066739
479,0.04216807316930316,0.07111142885714844
480,0.0455053103007493,0.07100592589094526
481,0.05037771345212542,0.0763846594737586
482,0.04069042022465538,0.07370853631344057
483,0.04107033895754889,0.07241184193463553
484,0.042826005260585616,0.07061216997024708
485,0.05025106263244787,0.07828618851221893
486,0.05278806152482018,0.0755465119367554
487,0.04443093311029916,0.07388388092879365
488,0.042337963620323375,0.07536165156684126
489,0.04087840065033085,0.07363430061435938
490,0.04238950697045341,0.07318528918992906
491,0.041088320910463515,0.07263310470228505
492,0.04382433909280547,0.07649090070100058
493,0.04434424322273664,0.07615987754854045
494,0.04614639815912351,0.08175664581825261
495,0.045562154014936435,0.07319486006758266
496,0.04055144074942251,0.0690137740588726
497,0.045722945263393246,0.07444528262492708
498,0.049240322170493,0.07507604489425071
499,0.04300737962547141,0.07695430576950685
500,0.045408760095277924,0.0727073353782931
501,0.04755560049442662,0.07381070582639604
502,0.040898054534551864,0.07240703485364604
503,0.04472410340200771,0.07381052682573036
504,0.04275504981976318,0.07794390254674997
505,0.043927389252522146,0.07646034243411588
506,0.04576571739999852,0.07403050030682021
507,0.04168144537597241,0.07490585934846922
508,0.05084826443402745,0.07858162265000188
509,0.04050686027048897,0.07017465417546437
510,0.0384503324927768,0.07030506953036875
511,0.055455913270902484,0.0717745314265851
512,0.04600728481867844,0.07208856992554247
513,0.046929642312859295,0.07403395530349928
514,0.04002472388099727,0.07478953604784824
515,0.051718822572391986,0.07483937957307749
516,0.03937356589729883,0.07268789300419633
517,0.044575009191391235,0.07570648992569524
518,0.04729495410074635,0.07596255312288615
519,0.04559214187780144,0.07161509079443183
520,0.04312679196086049,0.07401334923834431
521,0.04241048397502182,0.07274078273384792
522,0.03992415592074394,0.0729737338192182
523,0.041898755876341585,0.07244404009485006
524,0.04856688069138781,0.07901672832201
525,0.04262252463769389,0.07417294328896921
526,0.0467185692330326,0.07419823011135995
527,0.040546780901736225,0.07458672321455222
528,0.0432032527267746,0.07225692156412847
529,0.04332737234599164,0.07777517018162816
530,0.04618164808212029,0.07132689270160551
531,0.040108800728492974,0.07041606004524947
532,0.04011013338978761,0.07491279699673928
533,0.043830819708239696,0.07072877902584267
534,0.04111484536276342,0.07394988930090926
535,0.0490260904415461,0.0786029868070643
536,0.04748984045556347,0.07311024963108818
537,0.04129559876029394,0.07440216790763358
538,0.04499314363380211,0.07451921141237244
539,0.04180809769043728,0.0725792207962887
540,0.04339229504703354,0.07072847698789492
541,0.040582863841684635,0.06997390950383399
542,0.03984652129133293,0.07497216921701168
543,0.041705454439859034,0.0804421191376851
544,0.04085915644294042,0.07207054573865164
545,0.04653005366181505,0.07304457160539198
546,0.039037830123333346,0.07625391591984526
547,0.04061798562170196,0.0740079555968593
548,0.03966964737491735,0.07170830265546502
549,0.04372912722414937,0.07418446795534071
550,0.04006786814957951,0.07192649985465191
551,0.03875727386310183,0.07074398203825294
552,0.04081484138218213,0.0720304679265596
553,0.04245211078922577,0.07420288465151512
554,0.03990865536150887,0.07413849652859203
555,0.04964648737195517,0.07357661866753322
556,0.04148606039280054,0.07527165363232295
557,0.039288094167985885,0.07161297873222738
558,0.05930464467191397,0.07834443266977344
559,0.050664257223142724,0.07354044426876799
560,0.04767106752550714,0.07688388639225398
561,0.04374386463606245,0.07929634564278419
562,0.04002143252278944,0.0755908358141892
563,0.042750825177072356,0.07473754767039067
564,0.03941078361439107,0.0709884022934395
565,0.04282584417389478,0.0728161295777873
566,0.040809814038695214,0.07474752943169204
567,0.041504583003285536,0.07267163566927563
568,0.04354723269662887,0.07128750870849256
569,0.04794146326081506,0.07345204919875416
570,0.04226939628910869,0.07448389101073258
571,0.03856665642237215,0.07177112925620306
572,0.04945020239835249,0.07444789350256883
573,0.04322670317228685,0.07082043035436693
574,0.0384289837883184,0.07418408201900042
575,0.04074994563986328,0.07435127231934316
576,0.041989665023024925,0.07095547728147124
577,0.042969989856021906,0.07923689973832372
578,0.03662290978814741,0.0726308178595433
579,0.04554190247270007,0.0717403257923915
580,0.04132458603821204,0.07311473831646424
581,0.038249708256657966,0.0721440777593388
582,0.039027191745263284,0.0705889445685205
583,0.0412803956170254,0.0756675145007614
584,0.037458370086447944,0.07654969821821776
585,0.03820315596054901,0.07369127470000944
586,0.0381049651851101,0.07783732529645576
587,0.03756118843734825,0.07190877884477004
588,0.03656686276057297,0.06922626730642821
589,0.036172161620332155,0.0721999188525635
590,0.038705213596828304,0.07329907712706349
591,0.03923852683328162,0.07377327084167858
592,0.03977599871990075,0.07209427088947225
593,0.037669870033159525,0.07379901308314245
594,0.04216846871572229,0.07403837338575445
595,0.04000235640890546,0.07259281743364525
596,0.04198569384021071,0.0748326353411328
597,0.040714872025864254,0.07511955617289794
598,0.044626124541867866,0.07101616980437946
599,0.03945811747990806,0.07276212844185363
600,0.038817994763671794,0.07457492179365684
601,0.04887384066480828,0.07548569421048153
602,0.04756201192923474,0.0726319217218791
603,0.0406804499581316,0.07447939364234905
604,0.03926162386669261,0.07313968807010722
605,0.03844515486477311,0.07210507367114376
606,0.047195224062215574,0.07141946554930885
607,0.040153827483190636,0.0733323366495601
608,0.03920508853413842,0.07618079088012078
609,0.03894888798831772,0.07400906106508465
610,0.04024678754815861,0.07661095935673941
611,0.046472800691206254,0.07347531919192551
612,0.041010691898183016,0.07218648381251141
613,0.046703502652600266,0.07246732784617216
614,0.038269275046160976,0.07338388176415499
615,0.040340350234302984,0.07179375786455651
616,0.0460815962088706,0.07351724596175932
617,0.03660907495918692,0.07423026708507896
618,0.03860645529852018,0.07515030927526622
619,0.03610445713174754,0.07642583638653719
620,0.05357673427901671,0.07487264529505469
621,0.03517283347426537,0.07375011710744155
622,0.03594521121311711,0.07402004131622482
623,0.03813894265871436,0.07376983097023833
624,0.03691364154453188,0.0710966530860516
625,0.04748480628043133,0.07542567580639568
626,0.058997795709808794,0.07619444318209077
627,0.038271157859261135,0.07294912182522896
628,0.0467925669864801,0.07674290878432137
629,0.04013008927943938,0.07735582095638552
630,0.03577149470211197,0.07595043242874003
631,0.0370808000031123,0.07238299928064036
632,0.036264576520011714,0.07268993358564257
633,0.041170338197935336,0.07570930013904595
634,0.03872152346662219,0.07429087402901255
635,0.03547653330484154,0.07140027050087626
636,0.03847559975302518,0.07021592365096983
637,0.0390109726954777,0.07461167941042654
638,0.03721056323860506,0.07287058585269708
639,0.036007475446571006,0.07632311004071606
640,0.03696526152586862,0.07650951380120184
641,0.04647368113262153,0.07403426163626793
642,0.038383613197500804,0.07216236424774754
643,0.03910193360501135,0.07339055492615043
644,0.03941134787325201,0.07280620926977101
645,0.03882912511362178,0.07700993581896737
646,0.04039834804108898,0.07363024718107138
647,0.03787388487902928,0.0747585797444322
648,0.045500369024314105,0.07440552614013055
649,0.035160299402232455,0.07378254457374563
650,0.04393113524796073,0.07371999584791954
651,0.03781160901426148,0.07376232026214886
652,0.036800846749432035,0.07493538467358228
653,0.036007290665165385,0.07377394966613081
654,0.03493730058210397,0.07415718564712315
655,0.03617212124355721,0.07105500979307003
656,0.03641535331229431,0.07272255909920934
657,0.03525468387106743,0.07378037669754267
658,0.03704271029949562,0.07216709303228479
659,0.038223306575445544,0.07821196035708401
660,0.03659492764960636,0.07292316155624867
661,0.035215014971348935,0.07383048237490475
662,0.045989796390821194,0.0769381062279369
663,0.04488618822540609,0.07508070656754319
664,0.038147193954842964,0.0705457792096867
665,0.044748567079769035,0.07317399831119935
666,0.042207045124429146,0.07573623232599488
667,0.03729563659541659,0.07413876166842635
668,0.03752189996100518,0.0730963901320197
669,0.03860693361878769,0.0729044743610504
670,0.0337983110575093,0.07286855578422546
671,0.04256104076497234,0.07838933371511617
672,0.04728790608506218,0.0772634043467971
673,0.03591207906510389,0.07190117602210894
674,0.03611508577034391,0.07445899860228512
675,0.037407660862682005,0.07315749503242641
676,0.035589446900500026,0.0741438499481457
677,0.03461142012785221,0.07407390150734058
678,0.03436844985126328,0.07341077292622779
679,0.0343241568386181,0.07649056030843492
680,0.03965787896682103,0.0763662443648006
681,0.04553963698236546,0.07193464300312792
682,0.0527469995183444,0.0738613880367805
683,0.034436146655706774,0.07290970672267422
684,0.044120497680429756,0.07725525292612258
685,0.04963596739739086,0.07571900075763688
686,0.034376198828780916,0.07584972194113528
687,0.037042622889470904,0.07304768719918148
688,0.034626499770156645,0.0709705048597845
689,0.036824105505986277,0.07470590408359255
690,0.041352320053734376,0.07553120569925859
691,0.037108465141637195,0.07367046872027834
692,0.034415323316443674,0.07375848812417578
693,0.044422065307821224,0.07204130004372514
694,0.0354485034965983,0.07426232521545917
695,0.03842652551713035,0.07194534715330392
696,0.03489849430897206,0.07580207889540154
697,0.03638032645127243,0.07292202320463377
698,0.03829929895325327,0.0761854743823073
699,0.037509278858483396,0.07231991463585903
700,0.034326446841129316,0.0743652880191803
701,0.03382169366536843,0.07270438229679164
702,0.03515073479529832,0.07430915358968845
703,0.034667278321746,0.07376796264845625
704,0.03428113953937371,0.07662456157736312
705,0.03547172027648803,0.0737982025570738
706,0.03865344197632377,0.08430257028804387
707,0.03560182594673761,0.07206092690838907
708,0.03795512217946561,0.07419255202201973
709,0.03770348275529927,0.07379963006217378
710,0.038454413892800535,0.07746368368392002
711,0.03630500148432943,0.07185091270614687
712,0.03476170047557092,0.07829749528178595
713,0.03684043538607774,0.07648017022170518
714,0.03511354907599736,0.0723246477712366
715,0.03408333647494032,0.07857501258452733
716,0.036323771639770845,0.07393271593671095
717,0.03569792019536129,0.07379409782868579
718,0.04063534403809559,0.07329104030341432
719,0.03495820280643279,0.0723483985976169
720,0.03605581749359082,0.07401795597527559
721,0.03898519367493432,0.07897523077284184
722,0.044395292323771686,0.07299598039391644
723,0.03677140249867798,0.07579851779797322
724,0.04339872352008162,0.0736158868685402
725,0.04394302645633961,0.07444984730995986
726,0.036017993657753385,0.07431574057516896
727,0.03556895010803934,0.07441464617362895
728,0.0338346685069762,0.07289197904648338
729,0.046812888970569386,0.07785007445361082
730,0.03583963415629251,0.07437118985001605
731,0.0349225374084655,0.07507989755399842
732,0.03552588829799879,0.07467802808174215
733,0.036591693694735396,0.07517345208571967
734,0.04134839525603949,0.07786827280482553
735,0.03780373128650704,0.0735711915077721
736,0.035507097092915475,0.07348369666956421
737,0.035212006840306016,0.07334598273337635
738,0.0402193951207362,0.07492254820085109
739,0.03250551683869108,0.07517405293116294
740,0.03561135358688039,0.07548902071732327
741,0.03290952841362983,0.07399956220971014
742,0.031416929230607786,0.07271936382715564
743,0.035193554321333156,0.07500629085944709
744,0.043545450746639396,0.07240774486223259
745,0.042074098353942734,0.07374637364818339
746,0.0318407647568604,0.0726371863320059
747,0.035414274525025796,0.07281013260733214
748,0.03534673688039884,0.07484715659740873
749,0.034367456997169595,0.07562162166923508
750,0.0324583931134132,0.07515461754081841
751,0.0338344091672135,0.07306360311451413
752,0.03494300995734418,0.07665911455052837
753,0.03576166979197798,0.076762056571051
754,0.03397344222122973,0.07527099191246175
755,0.033718203419241415,0.07577880787520778
756,0.03944958254788363,0.07636763614819463
757,0.03357720475492059,0.0790687987492198
758,0.0319621004222609,0.07375345758178778
759,0.034794110781440166,0.07374117857680883
760,0.03256992852099263,0.07462855452732335
761,0.03134701902566472,0.07400980419981151
762,0.042883474730118686,0.07146326316179787
763,0.047893858745367175,0.0744504267559912
764,0.04347206319340718,0.07548200992638604
765,0.04589046367960851,0.07331956138736323
766,0.0347666251808872,0.07325202004428495
767,0.03339223101221282,0.07430309779886016
768,0.03207172132841659,0.07415107462116352
769,0.03907570232371552,0.07398601585910433
770,0.050717195606904346,0.07426879439213521
771,0.03142819620178411,0.07533436935198934
772,0.046573112891011854,0.07620669425206077
773,0.03373643867437929,0.07389816695959646
774,0.031889108759949575,0.07969817726459719
775,0.04149499416444743,0.07667250040554463
776,0.0329492860955411,0.07545964832518035
777,0.03357322350564795,0.07456001745803016
778,0.03518825303471201,0.07310087915351217
779,0.0332523672943672,0.07315653883723687
780,0.03202546078443153,0.07402318639489344
781,0.03120736977476685,0.07373528729629397
782,0.032839756651685155,0.0749409811053061
783,0.03679238860042865,0.07904143834995446
784,0.031032544779693444,0.07569878908775206
785,0.035800496314807,0.07547509561953389
786,0.03531404335904271,0.0768265587121323
787,0.04950502151652563,0.07555686355682842
788,0.03379060817316035,0.07340483655009353
789,0.03325042742827095,0.07431718494210925
790,0.033118583448815124,0.07915633565799933
791,0.0364112931545999,0.07550832194119766
792,0.03127121142926261,0.07570885351501909
793,0.03664242317403746,0.07432555368072108
794,0.03418664304907419,0.07424662699152652
795,0.042936191067893675,0.07379344288717236
796,0.03207787613276404,0.0746296336664293
797,0.033474540682421956,0.07289295798555054
798,0.03976977207233726,0.07452787268430666
799,0.03418623111838457,0.07575449872211107
800,0.04069077677814564,0.07366324406593366
801,0.03177862002464671,0.07084046840144877
802,0.036528660159639806,0.07943293202042878
803,0.03309038451356013,0.07388329044693992
804,0.033577467977626944,0.07685746465410505
805,0.04823486322426123,0.07417176402451699
806,0.0328500691077272,0.07617936583987453
807,0.03847588404289047,0.07411225844071921
808,0.0343580046802946,0.07681564943757571
809,0.0386074317391483,0.07396169339206285
810,0.041853381122307715,0.0747219723717013
811,0.033067769811818595,0.07267320342828755
812,0.04022251646440231,0.07802609135781911
813,0.03174635339353152,0.07612597202896175
814,0.03183642266826196,0.07524405227493224
815,0.031570160335227616,0.07458858867934473
816,0.042886666830944414,0.07410973028506253
817,0.03260571068170302,0.07745275482124553
818,0.03246941473510198,0.07434566996823576
819,0.03237782939567835,0.07760384548128697
820,0.033596127536323,0.07607358712749672
821,0.03345821294524826,0.07567889598153886
822,0.034898355568184,0.07838206732631627
823,0.03193321439282834,0.07325488803231328
824,0.03284855822223855,0.07619640410394597
825,0.030978838986130342,0.07355387127937231
826,0.031122385824922483,0.07499680486986213
827,0.038934301748451396,0.07278334242956978
828,0.03148267167068574,0.07681670527261003
829,0.032423277446842494,0.07230459781069505
830,0.043455617648307056,0.07399105357197591
831,0.03104614591383635,0.07307959017448855
832,0.04088137467569879,0.07713245142970168
833,0.030431612210821208,0.07384821363633737
834,0.029883387238721488,0.07894924546318843
835,0.03194362173283175,0.07624270260931555
836,0.038278803959208595,0.0754353781055687
837,0.03484064622031858,0.08057784778357747
838,0.040562662421535924,0.07366455047575753
839,0.03207122766906191,0.07361548351016559
840,0.028377037530408756,0.07521614275480572
841,0.031738756709151134,0.07481592197092553
842,0.034732945695472736,0.07672941785557826
843,0.039798189053854974,0.07443217834210336
844,0.032709639531131075,0.07374877357542664
845,0.031027634490900277,0.07388373662281156
846,0.02990976998401473,0.0746658181673602
847,0.03463029970639739,0.07704735702291168
848,0.04198424822904847,0.07437998726777266
849,0.038527962357553194,0.07517555473666442
850,0.031411653501346566,0.07600029731603493
851,0.031859878777616826,0.07891265835080828
852,0.03019952560923877,0.07690633508495819
853,0.040008727180827,0.07248614207470327
854,0.033453422344543716,0.07415545250016048
855,0.031496397718833904,0.07583235045498177
856,0.030490917442687625,0.07686575184713927
857,0.038914979368354835,0.07808995301039297
858,0.0335296478683018,0.076154979977542
859,0.031226688558031398,0.07715404089680292
860,0.031500467668553134,0.07422251788371786
861,0.036111941502712734,0.07508105418661185
862,0.03182851886347544,0.0748123899662405
863,0.03967412704817928,0.07266202673577425
864,0.030843775316512324,0.07421209366249859
865,0.037639896183925735,0.08041046574749146
866,0.03999838076508531,0.0754950027679441
867,0.03158308002735754,0.07575777499822148
868,0.038209000847603085,0.07597656224978
869,0.04023569883037137,0.07698655671867213
870,0.03662810171005494,0.07308436991800939
871,0.036570311234942796,0.07493515755224944
872,0.028329725327630027,0.07616950933795824
873,0.0323771045114086,0.07757766266589176
874,0.03656515025396519,0.0749375787481927
875,0.030071395388030706,0.07730239924781006
876,0.03270400793738313,0.07275699740065668
877,0.030850326951861757,0.07700835892879276
878,0.03517256439502897,0.07657700276613832
879,0.03444288806481795,0.0746667441494184
880,0.03269990972684095,0.0729815810358614
881,0.030111458164210604,0.07256641843937393
882,0.03185574862183448,0.07901591228736672
883,0.029940087289832603,0.07491803055344369
884,0.03145421335479496,0.07521663839581019
885,0.03065282811168406,0.07684583825649773
886,0.035145418969534784,0.07808435433789303
887,0.03264248853426742,0.07442987013729592
888,0.03350298720350647,0.07338200916622516
889,0.03231846048353608,0.07652544486044642
890,0.031346840240925454,0.07583978071920854
891,0.04594028845055723,0.07362570270036994
892,0.02974956007937092,0.07596217544007122
893,0.03711494517900914,0.07668589768851909
894,0.03829933467049584,0.07471198007875218
895,0.0295027748077267,0.07394628008281377
896,0.030048895247724364,0.07606210064768493
897,0.038190138651799634,0.07834002125382722
898,0.03117567035121417,0.07572224454249356
899,0.031784861660956586,0.07620510731573989
900,0.03037303057280267,0.07474573509286818
901,0.037804940417642506,0.07397554708378655
902,0.027874526874305312,0.0735632347358498
903,0.03783667538910637,0.07599259593657084
904,0.03250700661614771,0.07683042985828299
905,0.031661050913849596,0.07291382157190103
906,0.03112786267898673,0.07814384294781171
907,0.032141736396194255,0.07638191676378847
908,0.0332483385213677,0.07499528278533678
909,0.03807116913547897,0.07535360732995777
910,0.030466947412602953,0.07555500748462247
911,0.030926177225609933,0.07893947588471242
912,0.03131213030985157,0.07974400770918169
913,0.03123424045718202,0.08086174444521878
914,0.029141075249329258,0.0732814535909428
915,0.04049536136203799,0.08296551288369305
916,0.03610508579492195,0.07480830813111518
917,0.02922825234997609,0.07807885866640206
918,0.03538620322475613,0.07442066956656918
919,0.02817245876434081,0.07593949856166553
920,0.031399092890999535,0.07399343928896394
921,0.030320286920124836,0.07688862656740318
922,0.03850704190966477,0.07297826371620174
923,0.029681079510050508,0.07795204181121405
924,0.031128600683518713,0.07820872641296912
925,0.0318202039863342,0.07739695019665219
926,0.030456881976006173,0.07500869482008736
927,0.044188890296697245,0.07717001469885197
928,0.03746588326126431,0.07722209689013641
929,0.029044089803828343,0.07729386252568181
930,0.031707522158619,0.07505937172730166
931,0.02974287017619348,0.0760423769628195
932,0.030480472557830585,0.07543768330400151
933,0.03059610340242102,0.07599685290702303
934,0.029217905151806656,0.07716454292897294
935,0.03640169527696965,0.07833213316169299
936,0.030361122950958233,0.07539801813083186
937,0.030189446906404436,0.07460691411991167
938,0.03796316828683813,0.07619375658961466
939,0.028159419302376087,0.0765605339206251
940,0.03014131361577765,0.07758912688732744
941,0.03841872897501276,0.07598263271769187
942,0.029829842356678835,0.08097663785057857
943,0.02866523325162995,0.07580401961292539
944,0.0278658013860914,0.07452810312945742
945,0.030721005782204734,0.07783224465404835
946,0.02966998439854402,0.07648464662015886
947,0.03303473533297594,0.07810775241009275
948,0.029382176954170752,0.07542760106256433
949,0.031042299294686618,0.07654799700231481
950,0.037381658797680774,0.07524567286024117
951,0.029060925430031404,0.07477414169183053
952,0.030598385241992047,0.07643316678684157
953,0.029606383609173812,0.07368070016005882
954,0.02964790553718712,0.0749713291873908
955,0.026786181351701292,0.07817527657388744
956,0.029325206807834975,0.0743999902280351
957,0.02900701231647248,0.07694666111902486
958,0.027264982082393478,0.07710811604085124
959,0.02700217545826607,0.07301582545415501
960,0.028796095967432923,0.07590691681792562
961,0.03409320689434168,0.07577390059417949
962,0.035063058254673936,0.08023329293892198
963,0.028397327656843073,0.07854110084679491
964,0.02829104451153159,0.07616195491606131
965,0.028106197101709238,0.07601827808788844
966,0.028507623412766053,0.07569716529066402
967,0.03355320454297768,0.07824555786331196
968,0.03413390677106978,0.07783979483714379
969,0.028221609666476428,0.07584850531174127
970,0.0341176627595036,0.07865821357284274
971,0.02808285498740531,0.07517698184962858
972,0.029903263612694127,0.07428682847578723
973,0.03057822237684622,0.07485203327316987
974,0.027097937210133084,0.07732757039013363
975,0.030086343132870324,0.0755685028762447
976,0.02642095069106096,0.07460331205362664
977,0.027248828406197523,0.08030904007884196
978,0.03621572470963935,0.07933158194062703
979,0.03045178310460992,0.07571358061897426
980,0.045939251751314886,0.07653936943538804
981,0.029120350320791376,0.07804041639679954
982,0.03292654954527613,0.0772868945522416
983,0.028055341254487682,0.07855219252052761
984,0.02826419257234817,0.07650001104314226
985,0.031579567364717724,0.07816741865753829
986,0.029761130906945113,0.07996132827940441
987,0.030433742913379566,0.07772780080935113
988,0.027758424120683654,0.07506224970545686
989,0.03700106249403991,0.07579932991125829
990,0.029395521317716677,0.07592549363622689
991,0.02959441070716396,0.07739986376580141
992,0.028340165786515208,0.07998272914784893
993,0.034561401881207494,0.07892526320198126
994,0.035000926385805896,0.07431663305762418
995,0.02952287682451798,0.07793040491435163
996,0.027919364071284716,0.07838330139641773
997,0.02763294910305533,0.07439005727830686
998,0.03511971148857876,0.07826100465349087
999,0.04129065572047682,0.07977602382500966
1000,0.0313163694157776,0.07649396025671397
1001,0.025612951533687898,0.07509025780105949
1002,0.028173860956602334,0.07484919378034453
1003,0.03566288427803023,0.07696511527350672
1004,0.034660070936040815,0.07794935665184394
1005,0.028281074297558925,0.07792748895504122
1006,0.033347072424279485,0.07799658621836425
1007,0.031574723185229824,0.07694558485558159
1008,0.026593737508576118,0.0779828294962271
1009,0.02885026008264398,0.07795459200116925
1010,0.027676306215339695,0.07506958059126273
1011,0.0298476972409924,0.08016309127174225
1012,0.036589233654326404,0.07749925725591511
1013,0.02627496501915507,0.07754458929587127
1014,0.030357724884787697,0.07416006739725146
1015,0.029364740224934672,0.0780811939659274
1016,0.02885800949808759,0.07673328754522447
1017,0.027204309774089757,0.08081057949696567
1018,0.030678141768729798,0.07699334246099443
1019,0.028750341029423157,0.0785367151064084
1020,0.027735770099028525,0.08114444766949891
1021,0.02929459457347012,0.07756718658937846
1022,0.027308209492681916,0.07600850483080498
1023,0.02740600484432098,0.07909379770657174
1024,0.02905582715421448,0.07579375071483746
1025,0.026615187128696323,0.07708641800814703
1026,0.03290815753599506,0.07955435222775716
1027,0.02793804587078132,0.0779283752193427
1028,0.034471588816528786,0.07694259020768311
1029,0.02550240233540535,0.07615687574883152
1030,0.03168715291939746,0.07720938776818134
1031,0.02961193349177374,0.07790196679513854
1032,0.030206397385993348,0.07688210208090325
1033,0.027729060711064683,0.07644411000915638
1034,0.029779261310926425,0.07555397588731651
1035,0.028938821140314718,0.07733155049402314
1036,0.03198890862139789,0.07672865776564543
1037,0.03302683973200269,0.08435525756357308
1038,0.029005661525042453,0.07596297578928166
1039,0.03139709409174501,0.08183408610728152
1040,0.027824149662657966,0.07679364867601778
1041,0.036425306050101046,0.07721889024614391
1042,0.029778337859341343,0.07627546010459575
1043,0.03381971629529164,0.08351026490368042
1044,0.027129582149855395,0.07579606685572698
1045,0.03607957013722124,0.08272969289531086
1046,0.036269590895050746,0.0798032659673153
1047,0.03298100189168625,0.07827718877105187
1048,0.030266834691540574,0.07885177782678365
1049,0.0351827545646216,0.08127670806078684
1050,0.030135188607913574,0.07595299447613552
1051,0.028666991530260696,0.07479762974986456
1052,0.02985047717172898,0.09307845338320075
1053,0.03623957868934052,0.07738875560369109
1054,0.027302950480514933,0.07861429049556416
1055,0.027931606338642608,0.07653160817118217
1056,0.03305261075893726,0.0794860434748774
1057,0.029844877511543168,0.07642070388883576
1058,0.030096833830623417,0.07746750812856178
1059,0.027615443461787736,0.07808135113769904
1060,0.026557912425281112,0.07541088985844065
1061,0.02969036261232856,0.07939771185617399
1062,0.03368804250554792,0.07673797315747517
1063,0.027676203104209002,0.07643038040041027
1064,0.028200023360900744,0.08111044764518738
1065,0.029379576578923153,0.07703909968821925
1066,0.02839452670565967,0.0796778238096034
1067,0.0283438390161737,0.07806284447436344
1068,0.028181063227332125,0.08284661715341392
1069,0.03372404139290409,0.0760212029916302
1070,0.028169529962128605,0.07915474562193815
1071,0.029902724502462206,0.07725078282051516
1072,0.026490515921276565,0.08407339724457652
1073,0.0341811946368423,0.07944045723754362
1074,0.02899869238274598,0.07837520024382082
1075,0.026928946574373305,0.08091050380826893
1076,0.02910461137217227,0.07881906834013182
1077,0.02755775554893906,0.07973566429134
1078,0.02679578047304131,0.077739661797545
1079,0.03281702633748607,0.07965996136940212
1080,0.03388902376811706,0.07712209605632868
1081,0.027791622640757727,0.0818503195592634
1082,0.02826417203070041,0.07774097141914797
1083,0.03536194776619864,0.07943502309403025
1084,0.026611509578168206,0.07864940889123687
1085,0.03242200517845938,0.07679612996210729
1086,0.025643557508630812,0.07734282178463493
1087,0.03498548967617806,0.07859763936291363
1088,0.03387835534248606,0.07755719521141291
1089,0.02817185889917855,0.07787222624347921
1090,0.02664321205552469,0.07760171117937953
1091,0.027290990371782578,0.07598581075444258
1092,0.026141699730509126,0.07790681947592207
1093,0.025837908501862357,0.07981511233444501
1094,0.02806232202225905,0.0757360598422531
1095,0.02775324710577633,0.07660001802041118
1096,0.025290025339745056,0.07985880519065044
1097,0.02934280774179484,0.07648490514970363
1098,0.02783551246955477,0.08287486923218969
1099,0.02540493559757931,0.0782337950211121
1100,0.033428644405263344,0.07934056556687917
1101,0.03317456153516299,0.08160638127634699
1102,0.02580754143597564,0.07611229334185297
1103,0.026638681670434795,0.0752783801061169
1104,0.025148733551132268,0.07775388045567916
1105,0.03382468582671077,0.07633123078143089
1106,0.025352179268404235,0.07797132613590188
1107,0.02758059954872139,0.0796775972484646
1108,0.024779265839898475,0.0786782021361186
1109,0.02631096953531978,0.0789853894247447
1110,0.028657280936323363,0.0782298742044241
1111,0.026441343262978482,0.07728550964056101
1112,0.03272886042918158,0.08344639901230509
1113,0.029750491320199354,0.07760890845890929
1114,0.027062512291916484,0.07607381290436388
1115,0.02805477463082647,0.07936068788581624
1116,0.0335156752619904,0.07813759247088492
1117,0.027201043284238318,0.07882832864621528
1118,0.02802593617767189,0.0773407230550484
1119,0.025884371087375478,0.0757720436256631
1120,0.034669696292066274,0.08211780968764074
1121,0.031298715247536156,0.08081842861826856
1122,0.033912649296434325,0.08316153032065633
1123,0.032397715748524215,0.07993603333420024
1124,0.026575004851276226,0.08033933563339979
1125,0.025015876158417952,0.07960684597492218
1126,0.02784276691770479,0.07852693691961747
1127,0.029684034827220776,0.08222587651253344
1128,0.032398824104134194,0.08047150977348026
1129,0.02661778687916953,0.07819020262636935
1130,0.027550003278218094,0.07760084553021834
1131,0.028089072654566796,0.08195080130097263
1132,0.026736655357209118,0.08386307506632984
1133,0.02625194795102722,0.07930911352909298
1134,0.027824894773268775,0.08149269017808718
1135,0.02918260247916637,0.08584684999963096
1136,0.03039801680719404,0.07928444230392165
1137,0.02470938993915682,0.07921317701501057
1138,0.02432203126434809,0.0795188061986352
1139,0.03279089319832086,0.07712544859351969
1140,0.025810705912430832,0.07885197357725081
1141,0.02670838502250308,0.07681338292987723
1142,0.034724566104550346,0.08024921428813671
1143,0.025742337317862855,0.0794790360824506
1144,0.02796794335156399,0.07999060202137868
1145,0.03350215701263713,0.07655527930062517
1146,0.02691435940610391,0.07783258825839313
1147,0.027069450534156124,0.08042280562688832
1148,0.024838709701611703,0.07901413339122496
1149,0.03235392779882612,0.07733206520029776
1150,0.026990900727041463,0.07852738455199358
1151,0.02802353260635769,0.07962788404303983
1152,0.025301424383556582,0.07640532932634043
1153,0.028673076908743492,0.07999392587663536
1154,0.026439973202805535,0.07774519586100016
1155,0.02591380996623757,0.07758657434455733
1156,0.02590600132568503,0.07685746611060953
1157,0.03078762791046528,0.08131715617980574
1158,0.026840312114470057,0.0793450406395403
1159,0.026328621981052396,0.08037658707987994
1160,0.02578524455755108,0.07658404769156511
1161,0.02853049392166743,0.07755340772090401
1162,0.025721516460180283,0.07851860657296982
1163,0.023967713152633564,0.07696451373715747
1164,0.024160329509398032,0.08070652508048486
1165,0.03670497629265987,0.08496166298861492
1166,0.026698411445258925,0.07985662278674897
1167,0.032049897001314685,0.07878841967660383
1168,0.025064097991837977,0.07997290452097293
1169,0.03076022271896044,0.07820949791218702
1170,0.026778893206607212,0.07696892593737532
1171,0.02606348023636027,0.0805216512285677
1172,0.023641659606680226,0.07665014969077624
1173,0.03176800068175905,0.07868609816433493
1174,0.028314437016517764,0.07666782594115513
1175,0.02717152267087216,0.0772525015891644
1176,0.024205528579208543,0.07750390178727028
1177,0.02687003211261337,0.08010895191726827
1178,0.02753113572803971,0.07938257813976522
1179,0.025779729218552105,0.07641410949012092
1180,0.031121778275619107,0.08505031104225264
1181,0.02414930281360695,0.08029378241016752
1182,0.027633572902331906,0.07866436836862922
1183,0.02904011599929729,0.08167573044025211
1184,0.02428335553402998,0.07689972384307618
1185,0.02740338196551725,0.08375907119802364
1186,0.03514032841289305,0.08037160561048895
1187,0.024404528798961714,0.07933305106814344
1188,0.02509886339937445,0.07518076734211211
1189,0.02426357277695288,0.07802908359688326
1190,0.024771122974241416,0.07871365082219131
1191,0.025936909224312507,0.07744623171655755
1192,0.027869260615923187,0.07945793732664638
1193,0.028704913391448487,0.07881680773314378
1194,0.032815063138693853,0.08296590944504678
1195,0.031083019683867414,0.07998209370108775
1196,0.032681586431064946,0.08129328474365081
1197,0.030463997163695977,0.07914201185144577
1198,0.026513207347649018,0.07600394864204832
1199,0.024573636431025114,0.07914136630251892
1200,0.03809665340264576,0.08068418446788214
1201,0.02675881406706889,0.0814157852664926
1202,0.031227400088478404,0.08152690061127632
1203,0.031169468396836687,0.08107879726136837
1204,0.03711074354786858,0.07862183694403273
1205,0.029949786661186934,0.07666486447541636
1206,0.02408722978447298,0.07644456003169368
1207,0.030040828838103616,0.07826729686487288
1208,0.024652329042880887,0.07778157023036092
1209,0.02874928134782561,0.07610164395997997
1210,0.02801313836326046,0.08049663552141428
1211,0.023778987306879606,0.07825208462793427
1212,0.023739079071856965,0.0764409275842191
1213,0.025392357417642137,0.08029636016166897
1214,0.02783514659699975,0.07957547733135391
1215,0.025293792682615193,0.08054571729480174
1216,0.026813714306649743,0.0819107781638179
1217,0.02242528991102238,0.07881180359456773
1218,0.02589046893799006,0.07748190052153771
1219,0.028805464167486538,0.08052845474771389
1220,0.023563555631564703,0.07846582496076598
1221,0.024097447987167064,0.07978902432255279
1222,0.023287051255146164,0.08535371782412206
1223,0.023413052548855822,0.07761519008262414
1224,0.026945191181518814,0.07983977440978053
1225,0.022578684461294296,0.07772666731275114
1226,0.026759548083554987,0.07738984996140152
1227,0.025904103307795003,0.0783775685761208
1228,0.023413070643957132,0.07909410499167024
1229,0.024042511995309573,0.0800992822774072
1230,0.023936958679911857,0.07973228897292513
1231,0.025830131140902497,0.08388989381398772
1232,0.02465552872858451,0.07743687860499647
1233,0.023535281086930288,0.07942743128851841
1234,0.02386926125069397,0.07940869802669774
1235,0.029803737589277818,0.0802675249582544
1236,0.02303248309883578,0.07928789492911265
1237,0.024465646232743995,0.07859917089604494
1238,0.024692666532944735,0.08138150374468107
1239,0.023875614108523607,0.08207118996701444
1240,0.02312124047580184,0.07822683701912563
1241,0.025460188040585727,0.07943935768870183
1242,0.02693101169897658,0.07745268455424105
1243,0.02751164656237562,0.07916076752102763
1244,0.02587472930036742,0.08028739330389147
1245,0.024308572602122554,0.07929180090065886
1246,0.022461076462670555,0.07991767110755868
1247,0.022742134953927844,0.07807793238557371
1248,0.027025702219678316,0.08105427909987911
1249,0.024924327137655224,0.07994622686751802
1250,0.02268674245635544,0.08473424902909382
1251,0.024797420458266727,0.08209043141818584
1252,0.028836887230553596,0.07869805444153329
1253,0.02635934302542464,0.08165481539074342
1254,0.024552236588490792,0.080101703548043
1255,0.033611939530994825,0.08181622469410263
1256,0.023887351540655924,0.079087231541636
1257,0.02240468048400079,0.07707767463044117
1258,0.029178893316221834,0.07924720357384599
1259,0.02485027519816702,0.07739385727204774
1260,0.023006588372410652,0.08073656882782627
1261,0.02436205023625241,0.07792762315885764
1262,0.028954693814009707,0.07965820960532453
1263,0.022619168358770283,0.07819567779475883
1264,0.024331931713793345,0.08291987085103392
1265,0.02346048484845408,0.08343381061216344
1266,0.026787005832015907,0.0809615404160698
1267,0.02357034507239687,0.07980553774083766
1268,0.02327736013431721,0.08069111597269102
1269,0.023736362044807512,0.08136508994756785
1270,0.0257882192894396,0.07956190371797198
1271,0.0221195413693085,0.08001796766779476
1272,0.023045050295589484,0.07951435480350838
1273,0.02446829322083243,0.0827832354003923
1274,0.030037824362282844,0.07936946056166985
1275,0.024902927330154985,0.08355763433197685
1276,0.026252920135014856,0.07952352648689634
1277,0.021842107842428182,0.07779365749959659
1278,0.023465577180155767,0.07960528165176697
1279,0.02733266127053473,0.07744698906153963
1280,0.029140304931699296,0.0807368952155412
1281,0.023067472940515203,0.08024234154768158
1282,0.024300843488927172,0.07890575593874269
1283,0.028668299025409273,0.08229584508297737
1284,0.027806170220518935,0.08067074251877036
1285,0.02482879672748355,0.08083045381800573
1286,0.03401915390383114,0.08100122863188722
1287,0.031167119788151922,0.08041350522958546
1288,0.026894384165963035,0.08353449968168311
1289,0.024377011790357787,0.07854306335586653
1290,0.02086616461646968,0.0788569376432806
1291,0.024901703525579834,0.08227982075142681
1292,0.02692683880745804,0.08185680395454392
1293,0.03199027663207727,0.08253802684016694
1294,0.024523189460689373,0.0827785225253655
1295,0.029845860159042115,0.08083550040061611
1296,0.02407774150511688,0.07897410728504185
1297,0.031063388665221327,0.07986858236909211
1298,0.02465029582264468,0.08035067616399368
1299,0.026913586069704225,0.07819950093228117
1300,0.023000043364340982,0.08319207458269029
1301,0.02208895526452685,0.07913216504088619
1302,0.02772264820187817,0.07968546267141376
1303,0.021896351432445282,0.07928291504693809
1304,0.027888886589662036,0.08120583707378023
1305,0.024203342125753997,0.08193069420064003
1306,0.022854325977565728,0.08154538454940743
1307,0.02175509818131834,0.08176599702515398
1308,0.023776309535514597,0.08272247432840797
1309,0.026112125228891926,0.08629588915366576
1310,0.0260272027988886,0.08004141098499895
1311,0.023645821836161016,0.07842242497399934
1312,0.026834885855453516,0.08011032372040856
1313,0.02524429591822213,0.07983585006387013
1314,0.027470122059357577,0.07905281381798268
1315,0.02268679480894606,0.0791430348404368
1316,0.02549667290899447,0.0806070005236413
1317,0.024015326444118,0.07936522267516095
1318,0.023104137679719625,0.08075512271551859
1319,0.02293248870483013,0.08263514325358814
1320,0.028709593815816607,0.08072525083570552
1321,0.024141270229388553,0.08210987304535725
1322,0.02454708404488698,0.08215011097957615
1323,0.02750884527252946,0.08177532246312999
1324,0.027188762940676608,0.08398368717509702
1325,0.022566368850094023,0.0791194730421953
1326,0.022252485798350697,0.08072264488777123
1327,0.023462623124212306,0.07809092012936608
1328,0.022280238562943793,0.07833282909073626
1329,0.023954181858925238,0.077560143792689
1330,0.02668995301598292,0.08005574939394355
1331,0.021824348817191155,0.08136348771794996
1332,0.021330403788803513,0.07944804136839725
1333,0.02205890331849409,0.08043648892626129
1334,0.02284469953548385,0.07944561292727788
1335,0.02497704958303782,0.07733329053137236
1336,0.029468905437609244,0.07819421546426333
1337,0.02597966276366135,0.07882414110247653
1338,0.025742839040894493,0.08103505479064502
1339,0.024079101545543505,0.0803568083466145
1340,0.023249656248101994,0.08347850128597484
1341,0.02570313181389462,0.08011950849366367
1342,0.030107906257564373,0.09189929088628979
1343,0.023246981991822818,0.08089756381168102
1344,0.023413732402657268,0.08378552438173079
1345,0.0256400389661049,0.09354936708707857
1346,0.0223968457839332,0.0802663441812783
1347,0.021172977505152502,0.07781213215717994
1348,0.023766354035854715,0.07945251614228825
1349,0.02106545467315049,0.0827489936523569
1350,0.022887155273491312,0.08348926268798068
1351,0.024456403986039953,0.08225233281465401
1352,0.02251290166195844,0.07906629012566163
1353,0.02772978206857058,0.07776566574298649
1354,0.02376206971261195,0.08852107740733259
1355,0.026194339086736632,0.08167555149560585
1356,0.028223341535251342,0.07971268825064924
1357,0.028430780267407155,0.08282626590184998
1358,0.022111974551479646,0.0799205540527676
1359,0.021767399702980226,0.08143599777666848
1360,0.02267767953741887,0.07787473141250753
1361,0.0226559600030834,0.08342460942522326
1362,0.023438079370226607,0.08255875252542041
1363,0.02551556443416026,0.0805600248930747
1364,0.021542809483212737,0.08054210785262865
1365,0.02286108401034693,0.082260784424636
1366,0.023545895694378403,0.08114388764352727
1367,0.020732505515591478,0.08169378138574443
1368,0.022447962541611965,0.08409228648308824
1369,0.02296685167007312,0.07786158328516442
1370,0.021056544870652002,0.07862114196731931
1371,0.02615972181496015,0.08050197463734705
1372,0.02286710712159502,0.08279476548197276
1373,0.024572076480310165,0.08094470148770731
1374,0.023611435182042256,0.08091646416070766
1375,0.022115706906983845,0.08052532406603184
1376,0.023031934541080813,0.08383262114491977
1377,0.024531711570241234,0.0892353082323134
1378,0.02265386354049732,0.08341063273356374
1379,0.024456250682753457,0.08309737002864517
1380,0.021782696141998598,0.08000339659159644
1381,0.02245800773435065,0.08567286323858682
1382,0.02984893977128226,0.08492258325555271
1383,0.03590017981056509,0.08062191182434708
1384,0.022378436269291143,0.08186419304450951
1385,0.02562531906539183,0.0801586561222423
1386,0.02243029727340679,0.08184202075153962
1387,0.022931049271343644,0.0854464599998075
1388,0.023235559288330588,0.08099858961383202
1389,0.021661922744355605,0.08053554404050783
1390,0.021772776984355667,0.08057645263901927
1391,0.027009723830652834,0.08166273961539257
1392,0.024462957192083884,0.08445888494414494
1393,0.02163455355036595,0.08156646846006986
1394,0.02920936113427799,0.08531561813184194
1395,0.02270800181223681,0.08094712300109386
1396,0.025765582428643696,0.08900659479070128
1397,0.02349377797221689,0.08327618379491314
1398,0.022951331701958816,0.0808895308160244
1399,0.02257589024249289,0.08572528694282498
1400,0.021271822769720353,0.08228586662682076
1401,0.025103796454479327,0.08560239480701007
1402,0.020505815691848908,0.08538837478797238
1403,0.025512170513688957,0.0776842332312039
1404,0.021186638664349118,0.07953433726066933
1405,0.02039340301927728,0.07854821377977692
1406,0.021833481062729157,0.08190006344464787
1407,0.021166875211049024,0.08328858662144582
1408,0.025605424631351962,0.08182902910506218
1409,0.027981821722044466,0.08190390448970604
1410,0.021868256017051894,0.08084682231409508
1411,0.022949692574227493,0.08156674349666539
1412,0.02163316580966162,0.07884853835542101
1413,0.02391205546460742,0.08302243358285206
1414,0.02580640922215852,0.08119878460440719
1415,0.02096892478744438,0.077754596757112
1416,0.025885792069580863,0.08004245718469596
1417,0.021019774141683475,0.07855840684626635
1418,0.02608463624171142,0.08232441951607104
1419,0.028825652169583358,0.08159840680229336
1420,0.021965479682605468,0.08004230406499446
1421,0.020255937719816885,0.0823958693702418
1422,0.025923648440398767,0.08319062603296791
1423,0.021104460757307496,0.08215481595586714
1424,0.023532886852197885,0.08740411284274625
1425,0.022037763084317076,0.08304290389432047
1426,0.02698285480651736,0.07948706945156991
1427,0.020604019616745108,0.08230314949027877
1428,0.02142391399973799,0.0842275564047627
1429,0.021455852273956737,0.08427130231134276
1430,0.029674467715350063,0.08298556827811669
1431,0.020606258814004148,0.08179914702971776
1432,0.020043477071536746,0.08055577681103446
1433,0.021304842242299577,0.08208208620772325
1434,0.02157038460167411,0.08306979953794551
1435,0.02055529513189038,0.08118461673719841
1436,0.02492216074121036,0.08244176931623229
1437,0.02014269225509563,0.08033570251369238
1438,0.0214773276441243,0.08003174268960356
1439,0.021254217444822705,0.07955233573465419
1440,0.02926132446125757,0.08504196299347364
1441,0.026018246587914733,0.07922470175607461
1442,0.021998543012011387,0.08129322917240306
1443,0.021185484852022887,0.07959513270989396
1444,0.024616932432199347,0.08496411992493727
1445,0.023195274968319177,0.07918982545758847
1446,0.025180115174724016,0.07927375809665312
1447,0.021422730630327916,0.08131556261452218
1448,0.021862085762676026,0.08212197469290636
1449,0.020661902021278034,0.08080888524614181
1450,0.021107695103392332,0.08077963068147649
1451,0.02420352846617609,0.0814021489487256
1452,0.019261139091746562,0.08034678330098775
1453,0.022235803265229663,0.07995932963781786
1454,0.027009526904100162,0.08188759707343907
1455,0.021403251974887235,0.0833094216939202
1456,0.020790524085907727,0.0809179993537733
1457,0.02130070086977325,0.08607466679467891
1458,0.021948032904428,0.08207482004300096
1459,0.021330287014382388,0.08119241475013264
1460,0.02129863761949315,0.08097728466927856
1461,0.02173115124453011,0.08242060161921613
1462,0.02344344910175823,0.08131864721090871
1463,0.022553769311047273,0.08046196875416844
1464,0.021243169314014876,0.0829880830638092
1465,0.02271807948156584,0.08503901984607964
1466,0.022015327418392353,0.07967511489800642
1467,0.022078188288034317,0.08293425119983822
1468,0.021982167447482156,0.08062339872868736
1469,0.020718376832462405,0.08107670725213555
1470,0.025483532735733404,0.08383947405450624
1471,0.024508564093596884,0.08687223058968857
1472,0.0208856058963881,0.08052723950013183
1473,0.024018858649934346,0.0830561522217024
1474,0.02377670831090791,0.0836481315861071
1475,0.021975465031299844,0.0825208608518567
1476,0.023247314447706394,0.08599845150060821
1477,0.02030026202081326,0.08151498767442274
1478,0.020231847426500815,0.07999857134164724
1479,0.02138120110575869,0.08129996783975371
1480,0.019409587916255373,0.08385174338680162
1481,0.019888119182336295,0.0840492420327992
1482,0.021758048196664798,0.0815599100071386
1483,0.020697644651870368,0.07958284703860606
1484,0.02086183781440729,0.08317707988776658
1485,0.021983694483680784,0.08191289300831936
1486,0.02076429634305377,0.08159912304770678
1487,0.021738701205128413,0.08096835855628016
1488,0.02125942919601841,0.08096414115419961
1489,0.020076966701443294,0.0801771585467764
1490,0.021627826388446514,0.08218747933855033
1491,0.021594016418608378,0.08121347851248313
1492,0.026458458718040895,0.08253380015753863
1493,0.020238130998602107,0.08092773687047768
1494,0.01973759290706775,0.08358884190108842
1495,0.022980824568335164,0.08291404882917427
1496,0.019547984225903186,0.08285181478300788
1497,0.021875476213551615,0.08148223070199029
1498,0.019517420700584834,0.0844044363625665
1499,0.025184350899861523,0.08228579514606256
1500,0.025777033077652178,0.07951669667597701
1501,0.02197422558400885,0.08159029562222331
1502,0.019403855576177003,0.08102028391190938
1503,0.02019657236655304,0.08213835476633899
1504,0.021286895580379567,0.08197830884453647
1505,0.019863050191613572,0.08010585464182354
1506,0.02774061814978205,0.08291909638278765
1507,0.01998825249813941,0.08462389924547128
1508,0.021995238866365067,0.08114831902105409
1509,0.030650302423251834,0.08630506754070894
1510,0.019764823745644203,0.08075711364510066
1511,0.023728714327453444,0.08194066922093991
1512,0.026142881085459715,0.08502820879220963
1513,0.02045788834904989,0.08148181378692015
1514,0.020547122936870985,0.08352227191578475
1515,0.020643800135036246,0.0845983901941089
1516,0.019629262814000483,0.08076375719150505
1517,0.0260397705328315,0.08164678099460172
1518,0.01982611223915154,0.08510016558463113
1519,0.020740222985794924,0.08253593651349084
1520,0.021964473708249558,0.08286008643999435
1521,0.020327861663129262,0.08147089694974416
1522,0.019698110505424696,0.08525557479912177
1523,0.019780986974465436,0.09197188981045458
1524,0.021700401419662757,0.08314682223967143
1525,0.02507778331870943,0.08278393271124751
1526,0.01913260132494765,0.0821496985647314
1527,0.018707500811561147,0.07978258160570809
1528,0.023229266403003546,0.08315194261850868
1529,0.019881015713545596,0.08323242836503457
1530,0.019438629351019112,0.08115488285184803
1531,0.024049054095550765,0.08562706657370231
1532,0.018807106794421574,0.08368770785648423
1533,0.020642518121340433,0.08210889147337816
1534,0.02084506132572796,0.08348335856034941
1535,0.02064426894939058,0.08446276359689564
1536,0.021562892540728785,0.08309529697461833
1537,0.021371217286885718,0.08150069660187365
1538,0.029052450470509573,0.08216549573760283
1539,0.02206747978925705,0.08479753864887066
1540,0.02172883283522062,0.089564461606487
1541,0.020135076465464686,0.08319284014385146
1542,0.020995398831544998,0.08129055159432548
1543,0.017997015466136992,0.08324411946505234
1544,0.02105644899989744,0.08296561495104529
1545,0.01971576163154037,0.0812024176680952
1546,0.020636455728132337,0.08205997097985189
1547,0.01961513456295837,0.0832197181040183
1548,0.020770103942170787,0.083229189043057
1549,0.01882560552334337,0.08154576034623578
1550,0.020259928670609634,0.08082705620386846
1551,0.021317391507444338,0.08435957981530287
1552,0.02071506285391818,0.08781134981409948
1553,0.0255701771840967,0.08144618301911462
1554,0.018563211787503715,0.08234878648119164
1555,0.020433923667501134,0.0869239278156357
1556,0.019712277597581332,0.08285642262165409
1557,0.020981963572083595,0.08799655192104497
1558,0.024175125836952353,0.09376289112899537
1559,0.023788222050451932,0.08130114975579102
1560,0.023071491191613263,0.08223295443338857
1561,0.020460547978601487,0.08235539555699006
1562,0.022422994986223202,0.09133600678883101
1563,0.018974817822158898,0.08368487590760515
1564,0.02139948243070919,0.08213056289686595
1565,0.02175354741537085,0.08200254844020781
1566,0.018602974082235258,0.08498938349927578
1567,0.02065353117719713,0.08612496734487084
1568,0.018142152180585742,0.08630598315917759
1569,0.020898957739709685,0.08395853633047047
1570,0.01905541086341707,0.08331258003051419
1571,0.01977937794100715,0.08338900153200728
1572,0.021505897777114168,0.08328210037752501
1573,0.023371825380058123,0.08173274809032455
1574,0.01888399641832401,0.08318155447492623
1575,0.019272383314128207,0.08304365662703837
1576,0.022850605060688006,0.0882932318183115
1577,0.0211170091874734,0.08451050577829954
1578,0.02196551180301602,0.08586718313825459
1579,0.020082301930247057,0.08211423822662287
1580,0.020372521284045098,0.07977916599066932
1581,0.019478190538464668,0.08189139404990022
1582,0.01905989502688,0.08140994854887626
1583,0.01996650437599626,0.0827660042615164
1584,0.02559166103835016,0.08501285673084116
1585,0.023719601128775872,0.08221722080519325
1586,0.02003207680153249,0.0859510957970655
1587,0.01943019559157306,0.08498846479973997
1588,0.019247875762023147,0.08210341589417972
1589,0.020137211547282798,0.08354813177932176
1590,0.019399082807818175,0.08354419988946508
1591,0.018278970356832104,0.08333931919327356
1592,0.01965327316830898,0.08569083271319405
1593,0.020384810240150993,0.08558386838749836
1594,0.01887187728407241,0.08488657110765166
1595,0.019412154533249272,0.08299148028581065
1596,0.020222142081836175,0.08176551540767339
1597,0.019100491815833464,0.08460271313674468
1598,0.01904813305337601,0.08204588045676549
1599,0.020118481640158028,0.08357638195343782
1600,0.023008782825313018,0.08276598437462833
1601,0.017538670111786236,0.08362730385217451
1602,0.020521453940849692,0.09049650177098158
1603,0.021757989631364338,0.08043231620899119
1604,0.01998423340038446,0.08941343058843661
1605,0.02004950900553349,0.08439276936956516
1606,0.02029571072621779,0.08543973272306878
1607,0.02430965671998954,0.09049575404266368
1608,0.022467511090038337,0.08372256044008977
1609,0.020472481554858736,0.08657102103818927
1610,0.02285775953325732,0.08493311721878243
1611,0.020968218442040925,0.08070124545715805
1612,0.02258611259088621,0.08484547370507903
1613,0.01832037886785676,0.08605073846148369
1614,0.018877467420828006,0.08482999892387175
1615,0.025201598614407558,0.08472811718258941
1616,0.021318282248878554,0.08469200386364657
1617,0.02301640013600685,0.0818091264382042
1618,0.02117088178412107,0.08410902788167011
1619,0.019972532012479432,0.08583471573011618
1620,0.021313193052726852,0.08397293832143746
1621,0.01883256043012613,0.08230715450412947
1622,0.01774012692109171,0.0827358635445884
1623,0.018869577547926515,0.0847651666791218
1624,0.01802805592495726,0.08412578502170424
1625,0.01953675295445239,0.08992172768316173
1626,0.018708495551656032,0.08331107872918733
1627,0.019657366958718316,0.08262432166807036
1628,0.01808073849863954,0.09098387020348307
1629,0.018747444068983803,0.08266094685497141
1630,0.019532299620978136,0.0822484976142869
1631,0.017684988963613316,0.08349384035084181
1632,0.020891745717828175,0.08508010193668213
1633,0.022548409254760204,0.08523665362955037
1634,0.01810819203717208,0.08383385840812721
1635,0.023302462880374124,0.08307204528111861
1636,0.018998110520895745,0.08297419213785563
1637,0.01941945200032762,0.0836390658354102
1638,0.01984272606460652,0.08555254168378978
1639,0.022010459468282503,0.08307300199915592
1640,0.019790124054706208,0.08343897476082757
1641,0.018881237233600648,0.08844309776349175
1642,0.021524677864716717,0.08132536429211609
1643,0.02196916213790451,0.085610623851904
1644,0.019321778432982842,0.08698492594306033
1645,0.022549989098992466,0.0841742528784544
1646,0.020516077628750413,0.0858046083634061
1647,0.01850170439523776,0.08470307546375987
1648,0.019771433414943914,0.08412228655396846
1649,0.023022467930301976,0.0851092607455146
1650,0.01961036580016247,0.08677472691413454
1651,0.019253794711118207,0.08779664884757876
1652,0.02222350373467121,0.08972365130906117
1653,0.01856103172776841,0.0849657084671477
1654,0.023653768274501014,0.08470004055658378
1655,0.018731307623715235,0.0849157829855319
1656,0.01786081024028104,0.08326411715949089
1657,0.019170528476281225,0.08313333706225369
1658,0.01849638190716038,0.08256129104466665
1659,0.020038360496253054,0.08500235383970696
1660,0.027820064829294583,0.08348192939334047
1661,0.01856336300626257,0.08255625391066224
1662,0.02473923222666904,0.08830589522843373
1663,0.019142408157497365,0.08387050348191631
1664,0.019232028523068816,0.08479273898111549
1665,0.019230748360340125,0.08744288712067712
1666,0.019389397905538074,0.08184713577118732
1667,0.017134863889095926,0.08737349377613618
1668,0.019305506969297007,0.08671263689385321
1669,0.019558538125133067,0.0842441960907819
1670,0.017916938313356015,0.08355541142604704
1671,0.018537855692511443,0.08322550305970629
1672,0.018338355408006327,0.08416334825350825
1673,0.01869423842775784,0.08386024003638361
1674,0.01889153571104555,0.08175539525977352
1675,0.018174588236502344,0.08159485076528444
1676,0.0197755066695445,0.08600991335055583
1677,0.01887339931623689,0.09260702415143039
1678,0.020088347796128836,0.08432884090451669
1679,0.020051027078847154,0.08184864650244701
1680,0.0229311498074696,0.08878825091404424
1681,0.019325423798871266,0.08543245105964498
1682,0.019596488947825372,0.08484110338870146
1683,0.02431408259842463,0.08465909575086489
1684,0.019030984677958263,0.08280705528002336
1685,0.01760887754876692,0.08519040908953898
1686,0.017769767000663992,0.08458239381624046
1687,0.017373700897708583,0.08457330259538832
1688,0.019481118943623987,0.08752242262874331
1689,0.020203629882311374,0.08709666474645299
1690,0.018954968214221882,0.08525691519405011
1691,0.018151720816438847,0.08209099280729629
1692,0.017466916758158365,0.08387062448382676
1693,0.019905821755995572,0.0835967535213719
1694,0.018731438715396256,0.08542784140970473
1695,0.01935697186936779,0.08564721587531847
1696,0.018439908100286246,0.08295576134346482
1697,0.017670256789294903,0.08685227687048135
1698,0.01907116807646886,0.08337046575725526
1699,0.0221696647006703,0.08514954228150218
1700,0.018584245588151638,0.08534290691963713
1701,0.017551312742748976,0.08324161605129864
1702,0.023037010809657716,0.08658444793675478
1703,0.024861567551532883,0.08628295139785398
1704,0.01939842956823802,0.08457803507720617
1705,0.01827260360215151,0.0960327973752691
1706,0.01988204836051292,0.08900049930078942
1707,0.0186885465462006,0.08466413970056333
1708,0.023403421931879647,0.08359725674366891
1709,0.01948428649140002,0.09034530394582223
1710,0.019060081799389055,0.08487542910982195
1711,0.01868313103096799,0.08717670454118485
1712,0.024207784476044783,0.0823934559236493
1713,0.01940143187486546,0.0839468057367736
1714,0.01828203433219542,0.08752846949381338
1715,0.020599280627076527,0.08531690353438967
1716,0.02003062951457351,0.08833157937777669
1717,0.019770691924521168,0.0891784832142947
1718,0.017200254639581452,0.08442884887146172
1719,0.026670250638758875,0.09091369930962871
1720,0.01927582562833931,0.08325547041525518
1721,0.018051403221385234,0.08766333189300426
1722,0.017445029790124925,0.08654275962284633
1723,0.01763322337480922,0.08349525368303284
1724,0.01813475898580865,0.08327881383119072
1725,0.01797622305612579,0.08688389056159142
1726,0.022697343820922054,0.08450848650289956
1727,0.022253852311323243,0.08436310351044313
1728,0.018073815005746754,0.08545902203348346
1729,0.019184723537310162,0.0850744913507225
1730,0.01792597591725169,0.08444093281687949
1731,0.01874878470637021,0.082976925567278
1732,0.016661997326886207,0.08452488270992026
1733,0.019270672886209053,0.0837291802342673
1734,0.016719686060116208,0.08441234592880521
1735,0.016765468327626352,0.0860980984598473
1736,0.017873956100740777,0.08686029935316335
1737,0.01676491570007932,0.08402914348476213
1738,0.016830348701662966,0.08244460102236062
1739,0.017264757171086383,0.08494906385142104
1740,0.017290286608857796,0.08497195552689091
1741,0.018726986754090062,0.08601714063781246
1742,0.017591635804611688,0.08764599439195522
1743,0.02040049909587751,0.08520954214316562
1744,0.018606445801715867,0.08476232001581288
1745,0.019918364592387012,0.08603888565212264
1746,0.017139452401560302,0.08628443723782561
1747,0.018474975989133027,0.08256479731777258
1748,0.01715947740177002,0.08818936217249486
1749,0.01714150312131849,0.0847083056593001
1750,0.0187570343821727,0.08346865339237347
1751,0.02177936419681135,0.08472322609116857
1752,0.018384638826324837,0.08492946032817501
1753,0.017574894536858815,0.08343838312123951
1754,0.017972644307536766,0.08191381669358204
1755,0.0186775049842824,0.08277960834945354
1756,0.01840968055761533,0.08782502263784409
1757,0.022521701784436604,0.08738131225482564
1758,0.018832605875164363,0.08637496029822749
1759,0.01843385478382387,0.08570410701490584
1760,0.021050387333646465,0.08591177983018092
1761,0.017376349824349335,0.08437668823433998
1762,0.017572999800494097,0.08337527741316267
1763,0.018871779287917112,0.08671915579708596
1764,0.021423131104874014,0.08823779408346143
1765,0.01968375818225844,0.08780708638274282
1766,0.017361999048521527,0.08853527558103838
1767,0.018775694822559724,0.08531741034192848
1768,0.022956081756557042,0.08612531337672308
1769,0.016609952741282113,0.084880437001698
1770,0.01700816896735314,0.08836953717290907
1771,0.01750434903562256,0.08481128958233616
1772,0.018614664332222974,0.08947217742676723
1773,0.01735116126815727,0.08583242153015949
1774,0.01788024159971636,0.08373652912097468
1775,0.017629996041379006,0.08597697517402787
1776,0.02216573613681203,0.08547688460439667
1777,0.01635911897829147,0.08503788427676175
1778,0.017572820852262472,0.08833159926466476
1779,0.01897317557639463,0.0864193981004538
1780,0.018124804356161702,0.08675833804565564
1781,0.016313926839389398,0.08563798135683351
1782,0.017273519520989405,0.08390849163956511
1783,0.01978580512363335,0.08681446128994003
1784,0.017326093357651957,0.08530500561073609
1785,0.018521966255010108,0.08431830160077054
1786,0.020067014678915654,0.08474665637452501
1787,0.01907864754266313,0.08633362724069964
1788,0.016869397109905752,0.09526106026163675
1789,0.01654665399237673,0.08631462936189241
1790,0.019656025649845414,0.09113475717697526
1791,0.01975089384587394,0.08770698023245747
1792,0.020144653853998287,0.08533433981631931
1793,0.01641284021896348,0.08424835252507887
1794,0.019389100653063915,0.08649138639445293
1795,0.01806560385867159,0.0878276882651157
1796,0.018446899133042483,0.08657521095341608
1797,0.017281113069819807,0.08662293255702595
1798,0.016721558319200355,0.08333342653094676
1799,0.017315456077316337,0.083558504145247
1800,0.02038304723483922,0.08802188723756556
1801,0.016599347003294757,0.08615670758381225
1802,0.021284862599542896,0.08715697254677464
1803,0.019668289358059067,0.08618033798714927
1804,0.017789376044184624,0.08855243499640535
1805,0.01874149696708753,0.08570229684126407
1806,0.018265681609885072,0.09158648752180257
1807,0.01857302464007584,0.08323892523396882
1808,0.017019783534973767,0.08491350314521551
1809,0.016835238515957023,0.08530483411667042
1810,0.020470221675815626,0.08682180416389815
1811,0.01741042247094611,0.08565997799162876
1812,0.016197312599906352,0.08660564549211272
1813,0.017017657077377867,0.08476345203723525
1814,0.017391384815721302,0.08938987885501451
1815,0.018530228753285163,0.08858832382692729
1816,0.016980073966529678,0.08980725322824373
1817,0.019756801178252622,0.08532809279392238
1818,0.01814253712335724,0.08728591955843426
1819,0.01846336299804591,0.0862242253053756
1820,0.017198383025708242,0.09554491111807954
1821,0.01965739296568225,0.09375452636776113
1822,0.017419805884548115,0.0865892583042159
1823,0.01721259736715813,0.08879710395906802
1824,0.018373607030155892,0.08643101086667307
1825,0.016193520835364312,0.08769001802406215
1826,0.016319187527353115,0.0860480000089882
1827,0.019780319435142423,0.08795780031229918
1828,0.015800282545971645,0.0882251422133362
1829,0.016492830519345487,0.08350578979367301
1830,0.017190940593453972,0.08486833557822651
1831,0.02066251197625477,0.0898196033965376
1832,0.016857792813109007,0.08725833433463161
1833,0.01716724348175675,0.08992937016756014
1834,0.01675541461284818,0.08933149210940626
1835,0.01785229674327336,0.08761345779985413
1836,0.016935793852264232,0.08656093130882521
1837,0.016353738894189788,0.08425143454457286
1838,0.016697712201730212,0.0867561653891303
1839,0.01670749894223617,0.08830170230683229
1840,0.01823784040176196,0.0845589406209482
1841,0.019254553543409585,0.08898607060724034
1842,0.01737994468861426,0.08685571627509325
1843,0.020290078011379345,0.08791598309774447
1844,0.016370889289906033,0.08570141100644468
1845,0.016201197470430296,0.0857949195649092
1846,0.01744305525196944,0.08681687751882955
1847,0.01955180845243804,0.0918733765158737
1848,0.01811829104809365,0.08831745126567091
1849,0.016976899283479747,0.09154797655373886
1850,0.018753723436995735,0.08517026789206311
1851,0.01615779430001133,0.08964374752943977
1852,0.01698243869089034,0.08673282369112312
1853,0.016998364581349876,0.0890863241259018
1854,0.0161796464441712,0.08751784909264486
1855,0.017182120492792802,0.08892873616744403
1856,0.01595494013898612,0.08814135987432976
1857,0.018051468373092364,0.08887344382161784
1858,0.018094127802149067,0.08721297056902022
1859,0.015831202858340776,0.08813175885823735
1860,0.01652228845674603,0.08712557060900786
1861,0.017502476464151213,0.08625745730367221
1862,0.01644797630164317,0.08462972692529061
1863,0.016676051460416712,0.08683594663564424
1864,0.016665081648290343,0.08657153572579075
1865,0.019309092727621147,0.08524129590145628
1866,0.0165926823655266,0.091650985928257
1867,0.016853777499034488,0.08792513558515032
1868,0.018172525920464328,0.08791429680167583
1869,0.016679608628013664,0.08366310267818901
1870,0.018587037252384853,0.08438883811459505
1871,0.015841904359060955,0.09340899887688477
1872,0.01910386747187208,0.08798440861373318
1873,0.01606294340789785,0.08655782858082525
1874,0.016961411085435217,0.08896644053079729
1875,0.01873745001140153,0.0870156783358495
1876,0.01591450603953256,0.0869668779852695
1877,0.01706938236531419,0.08710756854978122
1878,0.020497527066910156,0.09045022498246721
1879,0.01770705429013807,0.08939480693791445
1880,0.018673620049529313,0.08520308377823435
1881,0.018535554598795023,0.08521273799408648
1882,0.018904865371956722,0.0937428967023553
1883,0.019156423654278804,0.08849380150400009
1884,0.021269239134923044,0.08604176814917634
1885,0.016608637687531198,0.08624011031667092
1886,0.01685592262395497,0.08936224831151485
1887,0.01665980076901965,0.08858194260071393
1888,0.01660538657180101,0.08994620031954949
1889,0.018901117589780157,0.08734991944822154
1890,0.016437535469061154,0.08562194027548146
1891,0.01643089889358951,0.08527824713995583
1892,0.016455262584092103,0.08754850403034597
1893,0.015138026265585124,0.08747811805933042
1894,0.01635344406782553,0.08767567279942352
1895,0.015880198956563556,0.08609858510040101
1896,0.01755945305091834,0.08645006975061015
1897,0.018019581070537666,0.08913676845922805
1898,0.01816638554139851,0.08660315070534709
1899,0.01847377571286079,0.08698264785801857
1900,0.016827821238170785,0.09074474529440242
1901,0.016565139498853573,0.08615546951766002
1902,0.01879787043052314,0.0925322089129522
1903,0.017938595101657705,0.08542057485284663
1904,0.01779845344387345,0.0850969044150864
1905,0.015867698073480572,0.08696314623406656
1906,0.016370324844196673,0.08691704211602534
1907,0.01897587971090336,0.08709239601192617
1908,0.01749991896185662,0.0859891987944904
1909,0.017296494408087296,0.08487404853030853
1910,0.015486770528470835,0.08490483270477232
1911,0.016085001952408997,0.08902721245187267
1912,0.015865489618625012,0.08646272701727119
1913,0.01573306583685561,0.08775025411954798
1914,0.01654642019829593,0.0851938330514688
1915,0.018086216479633297,0.08544398638837618
1916,0.016923392556467586,0.08700862704288392
1917,0.02048195630814121,0.08645413535878174
1918,0.02016138892655836,0.08804086801178175
1919,0.015360941380542647,0.085990766646868
1920,0.0163916373759695,0.08470851726325831
1921,0.017841674915885664,0.0873685732371825
1922,0.019217765022968424,0.08595554252390873
1923,0.016222060062458337,0.09002716163346045
1924,0.017694156348331595,0.08692720407307297
1925,0.016888210935325457,0.08563432870502759
1926,0.016602609248183738,0.09004838921521839
1927,0.016018939347569844,0.0871624372021895
1928,0.015762417153878647,0.08609600271796224
1929,0.015831345753586593,0.08385299385191504
1930,0.016216553108282038,0.08850101764339552
1931,0.018433004109696907,0.08521428801362078
1932,0.016825608050795183,0.09030452010252123
1933,0.016865291308646665,0.08552902247896768
1934,0.017088064036352508,0.08705239922256398
1935,0.018712445690667368,0.0898407698051075
1936,0.018824754577702302,0.08733044813076656
1937,0.015209480393152439,0.08611670254092467
1938,0.015446596758492689,0.08581591720569104
1939,0.015905773173725716,0.0867320405398694
1940,0.015432689076166916,0.08873413693635984
1941,0.015749936015418145,0.08762420064076445
1942,0.020625998847023073,0.08913704301032208
1943,0.016354097751170676,0.0892373264246716
1944,0.016051292390238527,0.08947187514606873
1945,0.015657248308292376,0.09067050464694064
1946,0.016036065377084813,0.08848834048984643
1947,0.016201878238037277,0.08445222197768085
1948,0.016230824777161628,0.08473512367870574
1949,0.019448039475186116,0.0853427214207207
1950,0.016541485595852605,0.09163802679170642
1951,0.01725974445140754,0.08707834494517262
1952,0.015910474741159936,0.09212886297463774
1953,0.017349623085282814,0.08865847274250255
1954,0.01745254422032908,0.08935617227900895
1955,0.0163946666880321,0.08801891466131187
1956,0.014933061607906063,0.08937224064181025
1957,0.016668742513838795,0.08730018579571468
1958,0.01726573781580387,0.08678102282279715
1959,0.01947983616501747,0.08617938293102093
1960,0.016797767689328957,0.08662943906129751
1961,0.017176142709802684,0.08575038716458437
1962,0.01672341918345062,0.09246228050842022
1963,0.015947195952378656,0.08750799862215095
1964,0.02073015041976326,0.08759466394371257
1965,0.016833473791055917,0.08660297568205903
1966,0.016105711028026562,0.09182031585235045
1967,0.016064502462324305,0.08862691546293129
1968,0.019527259939656736,0.09220809489488602
1969,0.01583152818770898,0.08622707392936363
1970,0.01867166238612142,0.09013390438374422
1971,0.015634741050229176,0.08655623936638199
1972,0.01730763888552925,0.08793735825328301
1973,0.015585706694793177,0.08677901096063151
1974,0.016678612340580334,0.08781263669182483
1975,0.016191865945217376,0.08874420569579404
1976,0.015401650050824339,0.08762826624893605
1977,0.01635374045320626,0.08751518464178071
1978,0.018341293634385525,0.09146468027641899
1979,0.018297206061573985,0.08995728297415831
1980,0.014357922108242504,0.08728188386462386
1981,0.016043041972881388,0.0875694506934711
1982,0.017925150937701466,0.08827867568062063
1983,0.01683197805780602,0.08817329349225028
1984,0.018218753871078776,0.09158271231821605
1985,0.01874216941993999,0.09131964359591181
1986,0.016181927936320954,0.08509416009922673
1987,0.016451370449835977,0.08727398654796127
1988,0.018556761248825486,0.08702789002417921
1989,0.016353185361595735,0.0850187260890963
1990,0.015415145802460494,0.0880059020635777
1991,0.016509250203456997,0.0869601090487681
1992,0.01560391131262981,0.08813031688145827
1993,0.014903607500898053,0.08720054600695919
1994,0.01543433525742595,0.08851462712786849
1995,0.015461951812443128,0.08655777065676257
1996,0.01659067225610388,0.08616405854323753
1997,0.015204038310410648,0.08707125496147271
1998,0.017742966666677528,0.09007398255710912
1999,0.0174577308404128,0.08686676776424088
2000,0.01775580793210425,0.0872511241893123
2001,0.014837449798973563,0.09377457909192656
2002,0.0163292517552742,0.0905148082209709
2003,0.015708548043121738,0.08942509225959468
2004,0.01596236269815962,0.08703866748508056
2005,0.017477912174356767,0.0854276829308137
2006,0.018682692573642284,0.08713375922656597
2007,0.015287513643222917,0.08813946324407607
2008,0.01656326437865305,0.08588596261608272
2009,0.015741357731641648,0.0921821513570341
2010,0.016189412765648673,0.08662835376005723
2011,0.018281866732085574,0.08588238723370664
2012,0.015795239489700727,0.08483718001379405
2013,0.0190332185325204,0.08702645736529414
2014,0.016244497923851946,0.0886875928045813
2015,0.01542110417365187,0.08969642561778687
2016,0.015218126628442805,0.0874320510448071
2017,0.014993062015144056,0.0876933258204233
2018,0.017342814842828763,0.08909423520466439
2019,0.015098145459326083,0.08958501753427629
2020,0.016067372453997503,0.08759852728449312
2021,0.01568680607821781,0.08923380534377015
2022,0.019005570683313013,0.08804637794954735
2023,0.015292135779643693,0.0885297553170295
2024,0.016898877165487568,0.0880212316238193
2025,0.01473550116322164,0.09174863598251104
2026,0.01545910831529145,0.0884372630625739
2027,0.014933673189047923,0.0891071055317881
2028,0.016565393761594466,0.09086468896098006
2029,0.01614992673797854,0.08936162296691932
2030,0.01699271773901946,0.08729979974733558
2031,0.015516032701282292,0.08554412607561078
2032,0.016817926443809625,0.09046435223560884
2033,0.01611149688265914,0.09239855694367473
2034,0.01599703148170885,0.08799839255056884
2035,0.015682750203439434,0.08812748709866278
2036,0.015859935126124318,0.0866630262039359
2037,0.0165981317236786,0.09328847834116832
2038,0.017666038660023094,0.09045265456264778
2039,0.01676867231084355,0.08975704660391748
2040,0.016938412343049686,0.08936589293387301
2041,0.015946024844895896,0.08772103075769014
2042,0.015536583498774277,0.08783640624735888
2043,0.015653280021628618,0.08952934171696354
2044,0.01640716384874429,0.08541915987741977
2045,0.015973791684429847,0.08602434975610938
2046,0.01633827758771966,0.09013227442452185
2047,0.014916216499145875,0.09104831266522706
2048,0.01701265024050463,0.08851882116985799
2049,0.016065748139842177,0.09138346554940208
2050,0.015245670563655214,0.09110913121311885
2051,0.01590655376801857,0.08657556880536235
2052,0.015478729711244098,0.08880959217784398
2053,0.01588266760075821,0.08755096322611759
2054,0.015721371444088163,0.09039999262656186
2055,0.01621966929609966,0.08768076389878615
2056,0.017266957880491186,0.09052812638587522
2057,0.015738750221120153,0.08765864540311627
2058,0.015486023975623812,0.09039296538459328
2059,0.016938644791237988,0.09208674032362481
2060,0.015352699450190911,0.08832236082482159
2061,0.016384593018426978,0.08663447615795565
2062,0.014417058712332786,0.08718038460515197
2063,0.017327700026309976,0.08897915951216728
2064,0.014755353865835548,0.0900058609463816
2065,0.01575119036678984,0.08653005627088976
2066,0.014900902616076147,0.08627687099583466
2067,0.017479477155381423,0.08780335648018017
2068,0.01691587014433265,0.08935651493102387
2069,0.01535248566348818,0.08984299665106867
2070,0.015571815017202057,0.08869780107100207
2071,0.015744748361829118,0.09031654843934496
2072,0.016630495378753423,0.0885979235359003
2073,0.017211167486296926,0.08987968116251747
2074,0.016358772616798415,0.09084005483932663
2075,0.01465628711290681,0.08833698058188111
2076,0.014947674625486043,0.08704486926247303
2077,0.015365827361524666,0.0893836104145325
2078,0.015586706961513874,0.0863016443817239
2079,0.017140193167945433,0.08978394114582759
2080,0.015309123573445228,0.08919918044169146
2081,0.01556732963338541,0.08718002031097435
2082,0.014204564886780742,0.08781493867847853
2083,0.018716731120403098,0.09034751366851922
2084,0.015775394938348977,0.0879567958470574
2085,0.015430230875047022,0.08778216572184312
2086,0.014315442532464442,0.08924590717805059
2087,0.014616326896070873,0.08825258606283885
2088,0.017176243660498563,0.08983857442337767
2089,0.015469735353998256,0.08886906515834923
2090,0.01496775207171059,0.08659328927372333
2091,0.01523615863629643,0.08762940000695991
2092,0.016714317192758513,0.08816055893748626
2093,0.014756871460350143,0.0898511552048805
2094,0.01505841549520956,0.09348844163549275
2095,0.01818834380670027,0.0910919143031713
2096,0.01826916735467492,0.09085158831941753
2097,0.01588389316579578,0.08856791612647828
2098,0.015275624653668987,0.08750629901213754
2099,0.01654627137937142,0.09396420327717797
2100,0.01670744498391697,0.09013384451767556
2101,0.016025154054351735,0.0893912953803115
2102,0.015409673456114287,0.08858538081024524
2103,0.018401185762966316,0.08879209223919943
2104,0.01650989154312865,0.08791650049295043
2105,0.015405412915171501,0.088664811860798
2106,0.017435529137900255,0.09060686714667127
2107,0.01477961552834436,0.09018724503224357
2108,0.01482347068508217,0.09053405234240051
2109,0.016102403875288544,0.08939911215974573
2110,0.01565155500785497,0.09595195194682979
2111,0.018014695057441073,0.08829702052257414
2112,0.014741084602629316,0.08685640475355592
2113,0.014651411122476046,0.09129189481412557
2114,0.016185639245102773,0.0892769021908741
2115,0.016074160035104028,0.0891525643809995
2116,0.016702299914249805,0.08766987234503404
2117,0.016049129520557516,0.08868282878383957
2118,0.015034719148423043,0.08919588950717061
2119,0.01488628003711237,0.09238944266150172
2120,0.01550455931515716,0.09177986114171513
2121,0.0159222018674343,0.09293384681966968
2122,0.014658380720215532,0.08892769325421866
2123,0.014270406245578045,0.0907607552849858
2124,0.01572590336483848,0.09331666762219336
2125,0.015265965959798766,0.09093531637562248
2126,0.01492018215241477,0.09049115494304433
2127,0.014491681429939958,0.08790997417648334
2128,0.015515578443587388,0.09073416304244732
2129,0.015555761982234293,0.08834338001440044
2130,0.015026333155022893,0.09066534651102577
2131,0.014980433759831336,0.08998290440044307
2132,0.014874401881847075,0.08637407324965436
2133,0.01496874600602168,0.09025447309614722
2134,0.015386722018492633,0.08762655252203308
2135,0.014646197053192178,0.09031844210057031
2136,0.015236885345257748,0.08672479452345903
2137,0.015443101116575791,0.09170873662956376
2138,0.01520146795936793,0.08624136007220524
2139,0.01634306851832844,0.08697948313521263
2140,0.01451818755941705,0.0893663026411133
2141,0.014067907131577734,0.09224567510056914
2142,0.017169130542738872,0.0865470914912403
2143,0.015846172770993275,0.08782813677512913
2144,0.015648920672907726,0.08760257231487069
2145,0.014633689890250703,0.08617201075891505
2146,0.01576806695950816,0.091054226895024
2147,0.014391157816990416,0.09051691346748132
2148,0.015597558393490538,0.09138585944522294
2149,0.01437686693191902,0.08856034368500673
2150,0.015478249487458351,0.08927940532453078
2151,0.014997170537383205,0.08883661491082127
2152,0.016335393883124414,0.09021309914445519
2153,0.015570908627212983,0.08865396131324887
2154,0.01611471667208455,0.09271229999630075
2155,0.014948142143579486,0.08940116162960392
2156,0.015146133428597152,0.09311706240389281
2157,0.015260692811381293,0.08967564962710951
2158,0.01457464056772685,0.08870816927281837
2159,0.015281587964665366,0.09138032413066778
2160,0.015572793921893667,0.09258279661860383
2161,0.016417720524424858,0.09294842839016951
2162,0.01692614845966564,0.09036679696618465
2163,0.016240799201062667,0.08982258357275698
2164,0.014872403678171874,0.09075117955231726
2165,0.014846407729536762,0.08983281697321654
2166,0.016266181796415473,0.0859726200762548
2167,0.014671067231361022,0.08838301316314473
2168,0.015457897756517307,0.0875153667048404
2169,0.014312213006484845,0.08940424392919492
2170,0.014377723459656523,0.08935557447728656
2171,0.014915935058718938,0.09186306564057979
2172,0.015549731093420878,0.08936831762169238
2173,0.01494523715578183,0.08865742316296824
2174,0.01399566055068215,0.08903088568147262
2175,0.015553417898784611,0.09185905422184401
2176,0.014700911612159405,0.08938182020247132
2177,0.014649221478000891,0.08704114477511934
2178,0.014425029913926947,0.09098374204976219
2179,0.015339756971312728,0.08994597984585248
2180,0.01451638572466878,0.08965632937531125
2181,0.019688748923892326,0.08797354036405272
2182,0.014867849446552861,0.09055505782589876
2183,0.016607355536618577,0.0901410727385889
2184,0.015409174042412294,0.08920484874630931
2185,0.016754236930636778,0.09018608210678387
2186,0.014936179153294211,0.08710382116916485
2187,0.01558966582004553,0.09023685092316534
2188,0.015441181873873484,0.0907256075164728
2189,0.014684844835074531,0.0933905780166014
2190,0.01599468540131672,0.09302869153426106
2191,0.014977155282486195,0.09081983459847313
2192,0.016990761923659184,0.08744222006029952
2193,0.014126139573262402,0.08866032778768611
2194,0.015616299756758826,0.09430501863995291
2195,0.017435850277776627,0.0919246849671641
2196,0.01569738761349625,0.09289127915051945
2197,0.01494847081286313,0.09297046759971102
2198,0.014646259259117247,0.0903354930623731
2199,0.0141158303666311,0.08923388319206715
2200,0.014656881652889206,0.08971008294282999
2201,0.017819248968998093,0.09083095792316853
2202,0.015827695821589997,0.09175490705590499
2203,0.01425860736367284,0.09150152322941256
2204,0.015817428854378788,0.0867158597461263
2205,0.015840917133775813,0.09082340211945966
2206,0.015994092972137525,0.08838429173132531
2207,0.014649420334347364,0.08968982518764965
2208,0.016020487847980287,0.09264764006723437
2209,0.015509639165968543,0.08974048958386395
2210,0.01429217620562984,0.09043784038091363
2211,0.014568996507686133,0.0893408251286748
2212,0.01576171060702924,0.09139744345481533
2213,0.014311080602899802,0.08914473609891452
2214,0.015338430373833097,0.09057367725629256
2215,0.015325911725553039,0.09005514623826011
2216,0.016852115786000852,0.09005872754001976
2217,0.014590114360926294,0.0947588826518011
2218,0.01424001372743363,0.09321203700880658
2219,0.013834585137898833,0.09204953290839542
2220,0.015380074947395107,0.08977705555825603
2221,0.01413429648466525,0.09223034903220366
2222,0.014785032690178638,0.09417569850172315
2223,0.014898707342792455,0.09364776600871169
2224,0.015230916282833558,0.09000421716903984
2225,0.014699657716230725,0.0920488468574402
2226,0.014450582456672826,0.09154580090951203
2227,0.016636809086000844,0.0954600209393597
2228,0.014476450069641059,0.09073120706661005
2229,0.01687992868658891,0.09242102078029088
2230,0.014254412917437785,0.09184639764608894
2231,0.01424050043544332,0.09388058274088049
2232,0.014712673585663395,0.09395425139289153
2233,0.014329060947166341,0.09023905765816084
2234,0.014001987457018474,0.09199761147412441
2235,0.014489369753012463,0.0873054474741594
2236,0.014928797084756406,0.09030951120724953
2237,0.014725235968150875,0.08997101917452083
2238,0.015743813673063507,0.0942535869833222
2239,0.014689911694081972,0.09059760915605646
2240,0.014040447716078602,0.0881269049637001
2241,0.014444343263989893,0.09069070787656874
2242,0.014681999948237757,0.08993491804913471
2243,0.014750466658660798,0.09302210359645069
2244,0.016922432027149912,0.0926386731160912
2245,0.015533982276869791,0.09327842825486846
2246,0.01746826220689149,0.09116267937615999
2247,0.014865700972958418,0.0902986292701616
2248,0.01466528657345002,0.08881569319500361
2249,0.01640686940483539,0.08939223699178313
2250,0.014800803601554943,0.09058430245645661
2251,0.01479316342820568,0.09220262138840549
2252,0.0142847712277245,0.08855428716592621
2253,0.01521456062933868,0.08991917924848117
2254,0.014990143512950796,0.09103485701003469
2255,0.01591930472435062,0.08906470592084684
2256,0.014903477419366283,0.08942641521381554
2257,0.014955553433457886,0.09260011690302301
2258,0.014899878257587786,0.09086993280658148
2259,0.0163914087902883,0.0895225808099099
2260,0.016292462102064517,0.09088967494050362
2261,0.014188998755429606,0.09437133381166554
2262,0.01599576390205319,0.09425452000515204
2263,0.014457753477005002,0.08972583018374025
2264,0.014911530662012697,0.08895364775320043
2265,0.014859669473968143,0.09128357210478986
2266,0.014193154795556606,0.08869845638597819
2267,0.014287977891048667,0.08980845891518102
2268,0.014190062562289843,0.09179408375855376
2269,0.01441565142845192,0.08817657270004277
2270,0.014869440738170125,0.08869681023714836
2271,0.014375067374385823,0.08691563238774923
2272,0.014211366682964433,0.0902176205451626
2273,0.0164075283257752,0.08946438791010912
2274,0.014621546532853644,0.09300408006311957
2275,0.015165054008691663,0.09743233081093408
2276,0.01454674362914409,0.08979510388950955
2277,0.014935100515340936,0.09330441083824426
2278,0.014117175923385964,0.0926891664850682
2279,0.014202321549661482,0.08952389991746511
2280,0.014935690273171681,0.08975198123613395
2281,0.01379048463459299,0.09138658771613486
2282,0.016390661455013535,0.09087069336334266
2283,0.015514862349951716,0.08889025485231764
2284,0.0158855486310855,0.09192515668788351
2285,0.014597522795527333,0.09030044340250785
2286,0.014173843591330941,0.08929715090825743
2287,0.015350525296617264,0.08999954363830705
2288,0.014524994739170733,0.09086871655065015
2289,0.014507333701330479,0.08906793338538412
2290,0.014227404554015416,0.08838571191655663
2291,0.014426298095000949,0.09170725204069215
2292,0.017932249256482694,0.09247780693951704
2293,0.017577880686937268,0.09178125421355542
2294,0.014187165900924736,0.08870402701143035
2295,0.014466101697830011,0.08646890625619051
2296,0.01727171410108715,0.08974040971886843
2297,0.01499979170827563,0.09253036260679551
2298,0.017512146596647914,0.0919891852035857
2299,0.016505312501543367,0.0901101345107669
2300,0.014135214672380107,0.09242914008317436
2301,0.014213271091654196,0.09133420133949223
2302,0.0159057379703163,0.08990140341427691
2303,0.014677204950756414,0.0915287284922779
2304,0.015244270412128735,0.09034255776264913
2305,0.013827119215295232,0.09260536797512743
2306,0.015184395164134548,0.09114219711388562
2307,0.014741351314145943,0.09232359629749953
2308,0.01405686423836457,0.09121656335684888
2309,0.015968333906421092,0.0925482048239923
2310,0.014513887587619425,0.09077661239861845
2311,0.014106994413049617,0.08774252054760032
2312,0.016107797470866325,0.08987164891378623
2313,0.013988480783508488,0.0912490212416888
2314,0.015654776087702254,0.09276619529290904
2315,0.015043681107905217,0.0885072842725835
2316,0.013889930050434738,0.08925299880498633
2317,0.018617913100669937,0.09096892807343251
2318,0.014484294693111252,0.0927285312448528
2319,0.016413727953306,0.09487980195230111
2320,0.01475076716638471,0.09395757872135119
2321,0.01588423315400614,0.09221953609234707
2322,0.015111643385994585,0.0883110091463665
2323,0.015320481274125157,0.0933751170348404
2324,0.014290834099731663,0.08962586199057132
2325,0.01586375421724723,0.09038189985324864
2326,0.015808677397154528,0.09008725954775225
2327,0.014448879064764348,0.09129521215245837
2328,0.014138487199770993,0.08903147405326217
2329,0.01611071540083631,0.0910935428058892
2330,0.016897651311418852,0.0932053856383589
2331,0.014456283216449347,0.09041080616395873
2332,0.014352278459852204,0.09238968378768529
2333,0.013733616379034183,0.09368861675785299
2334,0.015167290041205652,0.08970804316432852
2335,0.014422785517026825,0.09249134529802136
2336,0.013674444828451053,0.08945403055738387
2337,0.01525302512752225,0.09101294050165884
2338,0.017414359860472545,0.0922735570591494
2339,0.015150398445143409,0.08911604564963725
2340,0.013892046818188552,0.09416483682498597
2341,0.013955300069504585,0.09311852240024653
2342,0.015409383680496283,0.09601658842243944
2343,0.015059276577377207,0.09201525751137196
2344,0.01361048557039432,0.0909776650462533
2345,0.014834797862321605,0.09072120857418031
2346,0.018983937470026337,0.09078896568532575
2347,0.014587013538471397,0.09072057142816391
2348,0.013805137614377988,0.09009812144856703
2349,0.0142826113709742,0.09328210303433855
2350,0.014100468732113002,0.09076839151388422
2351,0.018269493939430923,0.09066880346838395
2352,0.014784814159277838,0.08842943020557102
2353,0.015121710402044382,0.08903953031564416
2354,0.014471831658510579,0.09033809331500142
2355,0.0137770318288975,0.09126196245203042
2356,0.013957867425133628,0.09013837471342924
2357,0.015272388147149341,0.09045774121780444
2358,0.01829229987176795,0.08747283283406332
2359,0.014168332252055873,0.08908609405421374
2360,0.015932098699610996,0.08936150672665813
2361,0.016015262646618122,0.09137665147993498
2362,0.014185149467850927,0.0893201895599676
2363,0.01424805433153639,0.09367295431164571
2364,0.015650908503576318,0.09328390719523107
2365,0.014480491279738264,0.09511786736641313
2366,0.014870150242479617,0.08999518585160263
2367,0.01386962431339915,0.09240725180857762
2368,0.014437483927252524,0.09005928435421229
2369,0.016082501199481816,0.09245390411382332
2370,0.014731097788342674,0.08879240441665913
2371,0.01877075136525317,0.09167538280773879
2372,0.0144761932202174,0.0905002483673263
2373,0.013920510132274471,0.09363414455475963
2374,0.015046499754217539,0.08975476538178914
2375,0.01497641744144658,0.08940067349519945
2376,0.013832346486587509,0.09102793902457508
2377,0.014149899985699632,0.08915731456494869
2378,0.013958391645882385,0.09023114590716541
2379,0.014685655447733252,0.09056406460683745
2380,0.014327579668393143,0.09362504472559258
2381,0.01490057366651988,0.09241247322774471
2382,0.01419767661189491,0.08726089361840322
2383,0.014748246166679926,0.08902338836202048
2384,0.016281893873896718,0.08902814782651744
2385,0.014466231341435805,0.092685647663616
2386,0.014352529236702336,0.09190141758823156
2387,0.015381785664345404,0.08934497454187326
2388,0.016494763921654335,0.09281345721997115
2389,0.014379290849274041,0.0920469828118059
2390,0.01418078348601126,0.09096227731919826
2391,0.014265524915369887,0.09331988220226795
2392,0.015031395281510294,0.09118278404898512
2393,0.01407183627057879,0.08807709336953055
2394,0.016368624541126076,0.09187079872702596
2395,0.013855619388150758,0.09402099397397579
2396,0.014436415560123128,0.09215938398861945
2397,0.015134903593543554,0.08804350441559813
2398,0.015799354668414704,0.09416491398237702
2399,0.014288973796026647,0.09084810684423399
2400,0.013947659846523712,0.09131374818863426
2401,0.015564699309840098,0.08791005336924602
2402,0.014633614190366575,0.09323116950223918
2403,0.015168219302608676,0.09110619419051293
2404,0.013903864586381329,0.09364247942030579
2405,0.015658297619802825,0.08893917043480956
2406,0.014578285466494232,0.09346158860396024
2407,0.015369992837496686,0.09031580156999125
2408,0.015311511665535944,0.09183854645206815
2409,0.013900198491996732,0.09127833593384664
2410,0.01677746859709017,0.09342265035723683
2411,0.0145612602796534,0.09039066756204854
2412,0.014178041546812813,0.09007217949793153
2413,0.015281225253935892,0.09050762350846053
2414,0.013955897809266109,0.09504121426203496
2415,0.013980968525417173,0.09324628148311959
2416,0.01390856367223502,0.09609016124392512
2417,0.01776699615543165,0.09277646129666116
2418,0.01638948147515051,0.09229499983010735
2419,0.014230996539646929,0.08877287762132205
2420,0.01401819414269401,0.08968438376161389
2421,0.014753626440549531,0.09188917544401977
2422,0.014243828357550604,0.09113036639484248
2423,0.015498917984855025,0.09245345797529794
2424,0.014328857924684088,0.09260279674054984
2425,0.016574064660875774,0.09155959617299843
2426,0.015263164380921465,0.09431540086529308
2427,0.013843967988036082,0.09210628717390816
2428,0.014668936414941911,0.09493834166822576
2429,0.014584715151137505,0.08949927866160122
2430,0.01557050912486255,0.09069920626275223
2431,0.015788496553687654,0.09528770055014986
2432,0.013829818716547145,0.09282219850628597
2433,0.013737697192237108,0.09473963752202223
2434,0.014400388946213693,0.09124173625444709
2435,0.015968793176908663,0.0957207122168744
2436,0.015122106672501115,0.0900875257893015
2437,0.014671721606629209,0.09128721162938234
2438,0.01527957224687065,0.09152692946649733
2439,0.0158724263573188,0.09079049940321379
2440,0.015989030238392772,0.09098643815158901
2441,0.01497950768944892,0.09469923341558092
2442,0.014033121923948157,0.09200154259838257
2443,0.015407689236875239,0.09297446871087664
2444,0.013861448594535405,0.09323675934234657
2445,0.0138832060299043,0.09384889898817043
2446,0.016138258798859523,0.09445420114841677
2447,0.013792840708455883,0.09133099372449674
2448,0.015000470347562366,0.0929948366748958
2449,0.014046705812566146,0.09089342383364388
2450,0.016065193348940823,0.09044320640483297
2451,0.01510569243618874,0.09106476151181343
2452,0.013809860097156797,0.09286635074026901
2453,0.018068405770372633,0.09066051661146614
2454,0.016186175473781775,0.09091983565635849
2455,0.014607673134292742,0.0903833206546934
2456,0.016755597227979976,0.0919182512694433
2457,0.015280600336488325,0.09050688922479935
2458,0.015006269696154003,0.09181282568470876
2459,0.013916112529259865,0.08916350254289489
2460,0.014249544053522398,0.095818291313218
2461,0.014940934322867834,0.0908390820063744
2462,0.013951262987589575,0.09090591808384224
2463,0.013875803034343876,0.09071280385243863
2464,0.01648418787504812,0.09177016563956301
2465,0.014059570457400947,0.09286078201947655
2466,0.015199310949136471,0.0887098205941064
2467,0.015001579935204085,0.08877897023557123
2468,0.013587730262300065,0.08824558892196283
2469,0.017504716262828592,0.09294669923925758
2470,0.014366686116425222,0.0908745757880665
2471,0.01624692197550427,0.08914060590037129
2472,0.014239308827185892,0.08956002008944824
2473,0.0162122533554474,0.08985718576830432
2474,0.015977302998257656,0.08705732211433258
2475,0.014308744755377963,0.09295632912401568
2476,0.014578898948234824,0.09465381463891581
2477,0.015978828527990926,0.09225953487973464
2478,0.015937167447539147,0.09763051612410031
2479,0.015745489574898748,0.08935818382373131
2480,0.01576983992033711,0.09112073770516499
2481,0.015048916839927342,0.09311394537227195
2482,0.014938823134290949,0.0932145172678737
2483,0.01576608866978682,0.09162910383446772
2484,0.014410068759793958,0.09112784471876341
2485,0.01458995631928074,0.09222256892680525
2486,0.016365559535176964,0.09177414826432564
2487,0.017203046791372256,0.09175826433607212
2488,0.014781914911229968,0.08934912994914784
2489,0.013475174834618934,0.09111646038099638
2490,0.014444830421603586,0.09655682527854628
2491,0.014228540744200395,0.09183129201407421
2492,0.013656134188735746,0.09314108380398954
2493,0.013998680853147679,0.09012490445584581
2494,0.014495063278251868,0.09156271283115659
2495,0.016045564169583835,0.0946287232682221
2496,0.01373347279770434,0.09270367388587847
2497,0.014901081771592736,0.09125776544101256
2498,0.014624707319052615,0.09068634269530312
2499,0.013501167767403828,0.09028778187837218
2500,0.014005823160133392,0.08903277809159797
