epoch,train_loss,val_loss
1,0.8401807531444132,0.4910607205281333
2,0.4340866745127847,0.37711744362255983
3,0.37876129467881403,0.35568762197306963
4,0.3601226127484054,0.3581808345195509
5,0.3444809748749497,0.3418448038707965
6,0.34378613901097144,0.35112429185444805
7,0.3284247882012939,0.35892327276460484
8,0.3204096771022672,0.38024563057769256
9,0.3097374665458886,0.3589751238532903
10,0.29798860399174876,0.3535399370233351
11,0.2932326488830056,0.3569699726444428
12,0.2453932251689287,0.3024310191588581
13,0.24180089291532603,0.3053603735436796
14,0.22323178963474716,0.29042207052084296
15,0.23757451408527364,0.23881949727377144
16,0.20648814438770594,0.2543250131960171
17,0.21360304466444227,0.26201561788255545
18,0.20787715644980168,0.2713351805813379
19,0.19895578544290055,0.2640201916698628
20,0.22193115285402715,0.35952186553092924
21,0.23966773033167527,0.23853808689410289
22,0.1964487329243944,0.24786405246787407
23,0.1971433904818288,0.23082730631853698
24,0.2050926386036912,0.242912638389878
25,0.18450465158983073,0.26376849637178273
26,0.19976871978167088,0.24724577251211854
27,0.1848443768505468,0.23423459516646267
28,0.17723446577909813,0.23973389292888672
29,0.17672518053330094,0.2275777299583018
30,0.18436756908933738,0.24566452013773538
31,0.18548658445449936,0.2357240805964486
32,0.17514692847606592,0.2467363131422299
33,0.1654564163444403,0.2925088775217241
34,0.18265137998557854,0.24526367334533583
35,0.18103228356058074,0.29857840801174607
36,0.18531541845172636,0.21902136810187783
37,0.1671540278159477,0.2443715628237159
38,0.16483853470096327,0.2868660585745209
39,0.17820898686173003,0.2703515263419644
40,0.1747291675802556,0.23513830247786066
41,0.1556484410352889,0.24431913876377792
42,0.17469374580776612,0.22697159659046848
43,0.16511490875905413,0.2288052688946497
44,0.16074522836756033,0.23225324008836323
45,0.1574762660328172,0.2202305322900777
46,0.15863965179894357,0.26638456874294125
47,0.16075210557806188,0.32172803792138754
48,0.1734149568288869,0.30337237669961087
49,0.1664282239808425,0.2516603712160428
50,0.161871096717296,0.23615145086566547
51,0.16039462918708275,0.2632886923826107
52,0.16814732707349767,0.22849057418922877
53,0.15484876647454895,0.24151017175900447
54,0.15898009107341196,0.23151181179566097
55,0.16911861548145074,0.22545517056452347
56,0.16883108641625005,0.21203536787139124
57,0.14946028611994822,0.24376840373843328
58,0.1680292783179747,0.23074746117585654
59,0.16804328537796936,0.2478759050422286
60,0.16095142228630224,0.26564612428324
61,0.1543972235619163,0.24286615628165434
62,0.1611080826836118,0.23297312490591335
63,0.14599678748383615,0.2513716586347171
64,0.152919878649742,0.25625687721367274
65,0.14756997332181387,0.2518992967277118
66,0.18553146524541975,0.24086314153043964
67,0.1558077143438381,0.2844867522912145
68,0.1587896659785657,0.22753610268527866
69,0.14786437245203812,0.24669946928512776
70,0.15326218563616717,0.26068683911703555
71,0.15097286156324144,0.24650833518968862
72,0.146665793808243,0.24366366601351153
73,0.1456569463162409,0.23333137227576808
74,0.14575926470077114,0.24011001847040264
75,0.1436334134541509,0.24727136380084758
76,0.14710050120532875,0.2135165075038905
77,0.1445618506391655,0.24937430857372736
78,0.14189102766570041,0.22117267757490677
79,0.14800033202189755,0.29095305280967176
80,0.16857887460912582,0.21911773063687925
81,0.1522571128285491,0.3077652521019781
82,0.16147973053595147,0.23075899944740713
83,0.15621756061211728,0.23946491940071496
84,0.14803370761740306,0.22045783807113975
85,0.14856120342045562,0.23693278423436998
86,0.1462601763260769,0.23212946468653958
87,0.14510201053537977,0.23214339075109697
88,0.14579609942610006,0.21715414679629494
89,0.1374220254635917,0.23568993890701093
90,0.1419828080254241,0.22837927964693577
91,0.13711946470983685,0.2357499058547093
92,0.1440550423568363,0.25673094097564175
93,0.1368214758770485,0.23005556700478128
94,0.13749103430706158,0.25381093177333847
95,0.14041240092989682,0.22544036967788064
96,0.14075711884805495,0.2521994892649826
97,0.15308602620496925,0.2379442004868561
98,0.14921457392738122,0.24987247457288234
99,0.14382253962465533,0.23178297590640767
100,0.140489068365214,0.21964223297845603
101,0.14026765856556153,0.24122168270436023
102,0.1399639261349108,0.2245524605623052
103,0.13307609909128537,0.2346505488900891
104,0.12935176172900742,0.21591177408357687
105,0.13740953632012978,0.24152087915431383
106,0.13413671203159608,0.24907616057412726
107,0.13155244880515474,0.2357373587704477
108,0.14574414952520842,0.23864942679396625
109,0.13988713748588005,0.21920429847823705
110,0.1322094218089675,0.22525868484158373
111,0.1413623817377551,0.2311833524750473
112,0.1417686893946252,0.2275719177471379
113,0.14179375420160953,0.23514139188388222
114,0.13170829071479892,0.21758245866651868
115,0.13649034877557248,0.23385972690205362
116,0.13146205175147008,0.25460947031114917
117,0.13449764191410435,0.2565257047478251
118,0.13969120900642534,0.2244191278597618
119,0.1410322809192829,0.22216198700135437
120,0.13269921123064654,0.25901674887439124
121,0.13092029739732877,0.3185367762461341
122,0.1618178535735533,0.25972217794876096
123,0.1435470325503788,0.21895985760051856
124,0.13386848733426543,0.2313733179230045
125,0.13583049059291546,0.2598786914735288
126,0.13901824134828233,0.21641544868676418
127,0.12843524005325346,0.2216177548715453
128,0.13597926889986486,0.22305962741632332
129,0.12864957851311148,0.22525303463838064
130,0.1297161680496871,0.22950837520784725
131,0.13438388011379426,0.23016776702276454
132,0.13539630768633112,0.2207092083236313
133,0.13161368635687917,0.236047330390126
134,0.13026582115172436,0.21236551161863115
135,0.12839390986906932,0.22535112451894396
136,0.12950125381748664,0.2505025175419689
137,0.12889047150505897,0.23494791645937224
138,0.12782739792758627,0.2231710950333528
139,0.13317514137944014,0.22203374647782054
140,0.13185728796093274,0.22052109415007584
141,0.13862001251809622,0.22614771172770412
142,0.13393480524325257,0.21641208492342898
143,0.13709070217987085,0.22830682402370756
144,0.13513396443671088,0.23775364520166667
145,0.12912014454909895,0.2538753003548022
146,0.14432703651385256,0.22366425656625954
147,0.13952014889009992,0.24438203274574638
148,0.12774440946321333,0.21897412076764977
149,0.12805561514849378,0.2771355458210118
150,0.13287772441693937,0.22668043831351353
151,0.12882930993903866,0.22610270355074813
152,0.12313597925585146,0.24986234087559936
153,0.13226281730440947,0.24632773461727997
154,0.1373100945260501,0.22838805213297445
155,0.1266801968707775,0.2364332057999484
156,0.12815449106368448,0.2313351039349031
157,0.12628140959205736,0.24376033074922188
158,0.12967964188801592,0.23438798791091547
159,0.12651904083227877,0.23765145318179048
160,0.12420166296202081,0.23144395627956468
161,0.12401594970346297,0.2544228081861425
162,0.12900372684356812,0.25421684676898065
163,0.12532765896661727,0.2595628486552748
164,0.12654041894313675,0.23272139786559534
165,0.12194806261567134,0.25692754720709765
166,0.13082496344303574,0.2444533692476787
167,0.13233482550589792,0.24237188156728184
168,0.12752427123092966,0.2104645710569452
169,0.12289251167885511,0.23715176620753084
170,0.12561364396128982,0.23155403346044787
171,0.14752873601767685,0.22455817927045074
172,0.12732765633424148,0.2177481708348907
173,0.12070878090128193,0.24317801884632897
174,0.12340760040935495,0.23409620979863144
175,0.12002047254929893,0.2648296708275107
176,0.12105900495122107,0.2280350647158253
177,0.1329985136571493,0.22678765934978923
178,0.12832821467009758,0.2542396606375623
179,0.12744760242118836,0.23208453716160143
180,0.11981558734027868,0.23593572347882708
181,0.12345942622674792,0.2246127604122759
182,0.11537098262262199,0.22422859148786392
183,0.12669238538768873,0.2246336507701443
184,0.12172285390924735,0.23371014068693696
185,0.1239884499635745,0.2324988910830859
186,0.12144865502899968,0.23769837935763835
187,0.11976110439258585,0.24890013132499353
188,0.12343736532607132,0.24868508045695084
189,0.11892813886136976,0.27488744201137927
190,0.13319074257941413,0.2204474327486974
191,0.11824435849522065,0.24069985295185212
192,0.11819707801237264,0.2537024022104492
193,0.1205114868082487,0.2302428943006591
194,0.12231412956971051,0.23567320812900583
195,0.12136726690417779,0.24932301399935708
196,0.1200925648392033,0.22318619881134807
197,0.12932588463898964,0.2545957896435568
198,0.128797936896207,0.24585356302229855
199,0.12907708191178374,0.23731238234104143
200,0.12095106278566835,0.2365402713539376
201,0.13396721827848035,0.21682548156393036
202,0.1209190634052193,0.23897463694721743
203,0.11770701855617044,0.24187724110259562
204,0.11917627715360904,0.2222208539737478
205,0.11740192242375216,0.2863180056449164
206,0.13210989077700383,0.2390059700777302
207,0.12258225745930214,0.2568323331697083
208,0.12261700960860118,0.23536142047348196
209,0.11660504918831602,0.25612424334331424
210,0.1170438654243454,0.24077581079793345
211,0.11968982598084878,0.2119339888906366
212,0.12263330423253961,0.2234997757808751
213,0.12076023141916087,0.23088343881210238
214,0.11495365533078696,0.25796941888651626
215,0.12604393555764515,0.2177311496830013
216,0.11845032753356355,0.22765273987071805
217,0.12174090508854658,0.23659935940289203
218,0.11853020215097083,0.23347339119453586
219,0.11339332035847763,0.2335817555432742
220,0.11619667156461988,0.25133955917706047
221,0.11971936785647774,0.24991875733691563
222,0.11961749629770961,0.2385446225254452
223,0.12014615896824411,0.21805672165638004
224,0.12009641841285666,0.2516334135057263
225,0.11733853629833534,0.21471194720295567
226,0.1160993495704561,0.22385079408643394
227,0.12120883263225479,0.2538019448108186
228,0.11937575169044616,0.24625801527908778
229,0.11322247239853946,0.251524595610063
230,0.11568807698592982,0.24471441764459875
231,0.11503286483361841,0.2306435450948253
232,0.11649444653374949,0.23388201639391837
233,0.11665198409580667,0.22120424471597822
234,0.11302120738502351,0.25437060184204113
235,0.11800647369540376,0.24847170312789887
236,0.1187556596514389,0.24652600076313705
237,0.11939960847456532,0.22537078518987813
238,0.12014262334589333,0.22550418470015426
239,0.12102064427646064,0.23258301094537304
240,0.11309920611545543,0.2541694925812651
241,0.11695514843356593,0.2395678696440172
242,0.11984560937579178,0.2404872365827668
243,0.11642255507987659,0.22402585026261906
244,0.11463556317675772,0.22214025161814158
245,0.11902791195183446,0.2296303868501888
246,0.11817345196272272,0.24992793138900563
247,0.12219629345909196,0.2267051308922322
248,0.12328521030244129,0.22262675257520437
249,0.11258285761677786,0.254655728501853
250,0.1134153466042153,0.257865840684277
251,0.11671524011190526,0.2416583757680358
252,0.11169219066388654,0.26478524889975064
253,0.11673119848570715,0.22376977429445843
254,0.11280497531690366,0.2405907106978459
255,0.11175280409140886,0.23008112543524922
256,0.10921178215004418,0.24243206466940123
257,0.11676854352995326,0.2589445434782335
258,0.11566383479631515,0.22427098026278974
259,0.11331324645005898,0.22169679334738115
260,0.11144812971239053,0.22706815487250903
261,0.11592742148286615,0.2281840250129085
262,0.11198304809767326,0.23619098696591975
263,0.11782437923119617,0.23986056812543957
264,0.11523596298211602,0.23776728470300443
265,0.11408367461818726,0.23228132930208903
266,0.10948101093118848,0.20689853493688268
267,0.12713348410242717,0.24084425536913945
268,0.12035399192203956,0.2266844769059218
269,0.12390309337528396,0.23510998606843556
270,0.11180753288715499,0.2109252815410622
271,0.10767080778763452,0.24263845595458686
272,0.11135584863542344,0.2225437634067881
273,0.11042392282584573,0.21593845393864
274,0.11145299688235147,0.2652858356477442
275,0.11691783512218994,0.22231853230695825
276,0.10709620646440933,0.23984272392559491
277,0.10766645235542653,0.26981570919194636
278,0.10990827223505403,0.2520145934133831
279,0.11204888083632579,0.24587498676082453
280,0.11752212495704198,0.22621636669871342
281,0.10818831472239974,0.24312129525946993
282,0.1067284582119939,0.23387778955644023
283,0.12613671421698502,0.23814162388714746
284,0.11163568825510296,0.27610729450293475
285,0.10569110078179143,0.22610653464665667
286,0.10598853710488287,0.2483905423932167
287,0.10954270439093317,0.25145504725828144
288,0.1077560463601183,0.22901495452423273
289,0.10685166613896462,0.25514687299739763
290,0.10660429801819853,0.23392158237064206
291,0.11135486894695433,0.23085790512823848
292,0.10880320022158067,0.23189664827822887
293,0.11213524402461164,0.23226284578060896
294,0.10723256621595377,0.2607037612412234
295,0.11447646228992422,0.25305815840630186
296,0.10994890977860271,0.23771373688964886
297,0.10825975243860847,0.21105021472538074
298,0.10589392549459002,0.2235300137715501
299,0.11553502219057821,0.24319004803516184
300,0.11009693211809546,0.2370445016041564
301,0.10987127980505307,0.24453907651075027
302,0.11467709015491646,0.22765525995146893
303,0.10907102980812279,0.2267242507080265
304,0.10014579322983606,0.2840586752243632
305,0.10394649453758263,0.22530233187192694
306,0.11059440621543536,0.23787330359622028
307,0.10595344348415695,0.2588779614257043
308,0.1035912155251495,0.22250890926173877
309,0.10825449906570823,0.2326328547565065
310,0.10768903540541104,0.22208083820608687
311,0.12006897647243059,0.2525277040024785
312,0.1026437872207344,0.2603806253481336
313,0.10392199997314236,0.24964434172960934
314,0.1045605072105687,0.3464796848036139
315,0.1168918609167795,0.24789827369602607
316,0.10431300451604386,0.22285323766058313
317,0.10112233199422266,0.2704152499970776
318,0.10677119282885525,0.23293035097959322
319,0.10350878598820676,0.2310825435304458
320,0.09783994662301827,0.2292745707636828
321,0.10711602866407093,0.2402377043424247
322,0.1039748151948191,0.24394240485222782
323,0.10678974489547217,0.23131181748414803
324,0.10190374715969888,0.27931994096769974
325,0.10525319456420944,0.23386271185007657
326,0.10496247813038807,0.23953188808277265
327,0.09993989853323272,0.2323137894958073
328,0.10079017692311051,0.2484386466394327
329,0.10204893505629571,0.23807913722201085
330,0.10601984679300806,0.2652968063223125
331,0.10175059175701626,0.2256340627820581
332,0.10876023013037897,0.23010903885942263
333,0.10793694051227037,0.22442219369173974
334,0.10428918039904493,0.23591857610721456
335,0.11001944425221447,0.28361205247621524
336,0.11300596935969866,0.21728811096155481
337,0.0976991571139931,0.30898166314896447
338,0.10470300923277741,0.2809310042408611
339,0.09818565134393348,0.23569695830913007
340,0.09914545201958475,0.23181167982986076
341,0.10498726395479134,0.22454149318083239
342,0.09719565467170765,0.27182317030203135
343,0.10359076305396889,0.24108562761183447
344,0.10063834996049545,0.28354653395159546
345,0.10454345141715018,0.25443380028907087
346,0.09748062586761769,0.28900036148845715
347,0.09913949834321305,0.2822173297364726
348,0.0920199747384384,0.2486134969682918
349,0.10346121857080251,0.22994489729429823
350,0.09470694582771007,0.35339364180889393
351,0.11973216307430527,0.22996826305643644
352,0.10108768155089261,0.2393418580186834
353,0.10397755110018435,0.28424946364744647
354,0.10263479940356729,0.24669783622029468
355,0.09824330154948173,0.24923232399025674
356,0.09369034050082403,0.23545681956358175
357,0.09116005952484792,0.26528364295689516
358,0.09502878908462903,0.22794518969255143
359,0.09421892525393061,0.23345411402358066
360,0.09134936634120322,0.23147180445224014
361,0.08979068848720713,0.24896873767596994
362,0.09435538693630464,0.23557339593560808
363,0.0937620475874865,0.2783022845549337
364,0.10995372739514318,0.22539026909237456
365,0.11072381914974704,0.23389581182788338
366,0.09052199028585414,0.2358266131279045
367,0.09026970614169513,0.22720914179033477
368,0.09428991219869948,0.22849551876498703
369,0.09788322065911712,0.2415804940450345
370,0.09035380331224688,0.24672143433156984
371,0.09702814459538778,0.23360239113086487
372,0.10005961360369661,0.22430151091167552
373,0.10311580802324324,0.2512907853748727
374,0.10969275804477888,0.23656655691947376
375,0.10824077629686218,0.2687920063547776
376,0.10277660820620102,0.25841635726809
377,0.1078816924497695,0.21620383334386734
378,0.11202137391467078,0.24674266247556906
379,0.11446389193680671,0.22467958413961286
380,0.1091245408480235,0.23093108816460886
381,0.10130062840225858,0.26968162628363557
382,0.1041893642291819,0.2477065635333507
383,0.1024014009895262,0.2251745572527674
384,0.10829735100431956,0.2235036685097545
385,0.10491454664094028,0.22923713623507494
386,0.10710979454656955,0.26318682452978615
387,0.10431554140209731,0.2221081319200793
388,0.10355603114501183,0.27267267857847444
389,0.10329254501343227,0.2606478316320231
390,0.10733780035236874,0.24418429225923083
391,0.11165704068560255,0.24042987796543272
392,0.10411440271209695,0.24467970000499809
393,0.10068780019692256,0.25388788418614816
394,0.10407371797519521,0.25892143959740704
395,0.10882612029580592,0.23440936792006292
396,0.10227954984533409,0.23426076791826134
397,0.10473596342701959,0.2502049849117643
398,0.11052572480348916,0.2721696069923495
399,0.1091806519410612,0.24281499477905633
400,0.10788543266304143,0.22955516169352275
401,0.10736899704980296,0.259173663946186
402,0.10404182390980976,0.21718219505941777
403,0.10271886137769193,0.24799352162231877
404,0.10225601428504527,0.2615539788518875
405,0.10731012061675849,0.2545175820172439
406,0.09545229559387644,0.2695892618340361
407,0.09557857732935623,0.2781410994331086
408,0.11694482714439697,0.24032369637828305
409,0.09455749434337642,0.2905623751957785
410,0.0979589484801651,0.2603646791005148
411,0.09126031899792349,0.231922275855323
412,0.08985733125028227,0.31726221608990474
413,0.10954670033760772,0.29380549464397
414,0.10021596428970644,0.2739703430236425
415,0.0907612490850161,0.23535746164265545
416,0.0945121544550799,0.23271497392702553
417,0.08795410968466105,0.31914807604771156
418,0.10063896255052092,0.23089266405125097
419,0.09144832314876808,0.2628154997990192
420,0.09978786155261705,0.3123958925142332
421,0.08997376718643486,0.24507555630567304
422,0.09151154506806759,0.24103912145692027
423,0.09242435586732098,0.2347680895310968
424,0.08749731427547525,0.23149150576528352
425,0.0931691163254331,0.24430747115406573
426,0.09032403752166829,0.23974992889186308
427,0.09352154908273075,0.25171744719992356
428,0.08966596548320671,0.23830352565916227
429,0.08895669987764888,0.23228636272083714
430,0.08547030465298236,0.2431946860082372
431,0.08597452500629864,0.22473301737181478
432,0.09731938413461902,0.23467871918045005
433,0.08888830018785476,0.24827253636199953
434,0.09509434419600621,0.2406517213552946
435,0.09108250448976325,0.27503992927594284
436,0.1131981972596597,0.24045056460238867
437,0.09141657211749,0.24704612736948642
438,0.08647144262482696,0.24336001427999085
439,0.08345310951661021,0.24751013126529092
440,0.09133400253437074,0.24375872033956617
441,0.0906353600781843,0.24122373356979904
442,0.08315789827715486,0.28624187701609294
443,0.09159530636521722,0.24297335631739786
444,0.08612209605171571,0.29112763066274794
445,0.09281844767500973,0.2412984348171044
446,0.08083588567544804,0.227724509424093
447,0.08702063552914902,0.24098690817618348
448,0.08627772779044005,0.2423758485784215
449,0.08475832548420321,0.2547753188353321
450,0.09375529991418259,0.2426625959157723
451,0.09395003999240288,0.2207926300251846
452,0.08931174036361944,0.25497548084891347
453,0.09408430295088105,0.2307707658551059
454,0.10254050854035691,0.24793042588831327
455,0.0933681909634971,0.2757759979538346
456,0.0903775373502195,0.2235532751645976
457,0.0980052930650029,0.22850378679512254
458,0.09532697767550478,0.24947350822708647
459,0.0871388659282589,0.23668555142229247
460,0.08617855086653807,0.27502550025619404
461,0.09253585686347178,0.2515820865743141
462,0.09130301657539493,0.2329356368681234
463,0.11292334303905287,0.24332546007539368
464,0.0937351025672182,0.22930220470225984
465,0.09392537530680456,0.24739542839591375
466,0.085871510932236,0.23359125470350417
467,0.08924796129446326,0.2513878658478047
468,0.08737381370455956,0.24411733287807655
469,0.08686776221686607,0.2559502016095745
470,0.08462422336567434,0.2315372574967064
471,0.0816769756680379,0.22385196732017207
472,0.0894542948305122,0.23215862638888565
473,0.08419750854604045,0.232354389560578
474,0.08695819393112142,0.26111654857332833
475,0.08650257060623154,0.24506196742475508
476,0.09198957464794034,0.23222261252697513
477,0.10135374863284287,0.23479728492766994
478,0.10300151683049578,0.2533223464287345
479,0.09128113906074654,0.2929124408157033
480,0.09243571497596137,0.254247152507301
481,0.08311124833252036,0.23451571788474368
482,0.08612575701313288,0.2567791236898718
483,0.08674336974230865,0.2605873211451181
484,0.08308724487379793,0.24967751687317455
485,0.09263875683902213,0.23944924990934824
486,0.09616252122838631,0.2530670013007645
487,0.09304923240623744,0.2900435025973164
488,0.08993976743714657,0.2541979717373758
489,0.08873189354148084,0.24523318557099316
490,0.0800973237702372,0.2465625545421936
491,0.08597198132471623,0.2315598561685187
492,0.08387502053206664,0.25641049215150424
493,0.09159489818336443,0.23276435361321632
494,0.08218809012918912,0.2530946957052236
495,0.09092195081038516,0.2257035198005939
496,0.08317015449094949,0.22702512137094774
497,0.08952066806952298,0.22995204836734842
498,0.08318245871010141,0.24236344873708957
499,0.08158140567940352,0.2505392334285531
500,0.07928739891835153,0.24438020152288145
501,0.08733505574701032,0.2469943004446228
502,0.08296795838741133,0.2520992873123065
503,0.07737125076158848,0.2788439081404064
504,0.08545687180531221,0.24658047979045652
505,0.0934114459401272,0.23718818760863047
506,0.08561390159842891,0.24819527589457419
507,0.0854270342634435,0.2590775178113282
508,0.08533091967835937,0.2483959849328147
509,0.08654187122346371,0.2594702813959999
510,0.09187134494764729,0.2405297449869161
511,0.08919385098160437,0.24308221545403774
512,0.09272270793309668,0.2630016283735304
513,0.08603462134101014,0.26337333748074604
514,0.08501342917123705,0.22314193615239847
515,0.08517343587096408,0.22509942647219802
516,0.09594606671044462,0.2241027535440605
517,0.09014424875540542,0.24803425516730343
518,0.08125792963038292,0.24404330140832486
519,0.0811192465311526,0.24529873205953748
520,0.08550590222260836,0.37613610811293235
521,0.09250006892264724,0.24804963938806215
522,0.09220656280382944,0.24587490164617407
523,0.10829019143237334,0.2558641990733467
524,0.10215866081949207,0.24116243800163126
525,0.0834856460592143,0.24741605408585246
526,0.08116192450733489,0.24598128669668545
527,0.08089086365226764,0.23675238611611477
528,0.07567868533481667,0.2754644673430959
529,0.07964540434551078,0.2722896665956818
530,0.08833250227679301,0.2796593812686265
531,0.08232513522668428,0.26455331203591803
532,0.08541176685705226,0.23790026304990264
533,0.09099057502003517,0.2289718988949469
534,0.08186450274638918,0.24585504805457306
535,0.08243696255853614,0.28432984340857076
536,0.08674615701805649,0.2571719445513542
537,0.09202299932102545,0.24003719472805127
538,0.09234998740436041,0.3761121998634508
539,0.11047356392796116,0.24217324101955925
540,0.0829206352939767,0.25616872556826176
541,0.07822727541757457,0.24652595222836873
542,0.08230553951707115,0.245513882308168
543,0.07838995325837542,0.2729577515724769
544,0.08199475638733908,0.23742936705540627
545,0.0792789724562624,0.2730052143471233
546,0.07883539885995801,0.2287475735663683
547,0.09188045776468605,0.24507794399765953
548,0.08744908040549254,0.2546393341202162
549,0.08401431181417325,0.23861148469742507
550,0.08470336120341335,0.24098061683392255
551,0.0814014538594572,0.25257520142312506
552,0.08203767159142732,0.2641675094273405
553,0.08112555420854216,0.28221007226804057
554,0.10304616979913442,0.22588661069761304
555,0.10055539825557461,0.33034518606465413
556,0.087392570556069,0.26330032117761026
557,0.09938093288456255,0.2807977117402024
558,0.0910204048153116,0.2433846393911988
559,0.09864075957507612,0.2595797347135322
560,0.08498323375109572,0.262954787261067
561,0.0935829525656951,0.3044015029253479
562,0.09504968005427054,0.2267297269095649
563,0.09343859826823767,0.2713304953425335
564,0.08842876916844902,0.22955709340618344
565,0.1012003381692663,0.24247518388601136
566,0.0798137534921079,0.239480839651689
567,0.08125906597841802,0.23981322778786832
568,0.07684568289500072,0.25431710791482365
569,0.07915935919783187,0.2580824588344875
570,0.0759541236753665,0.25653610836849705
571,0.0800131989179136,0.2547801749852179
572,0.07669143185564599,0.24706680523551117
573,0.0770831127536546,0.2868109420172392
574,0.09637847618943675,0.2612525300827903
575,0.08054747315912432,0.24331169142207584
576,0.07927527966646768,0.25172884790122957
577,0.08399023041571799,0.26470834737701743
578,0.07936195177686911,0.28400386955343765
579,0.09012248179864402,0.2641404594561717
580,0.08459039034754888,0.2654876285794932
581,0.08170023218168679,0.23231016147950861
582,0.07682282173236224,0.25289559287540053
583,0.07533901037197423,0.23502162861797876
584,0.07795467118303526,0.24548405336583026
585,0.08211316046010797,0.24004763186513436
586,0.07650427722030312,0.2685496453256501
587,0.07566238110451962,0.25347029072857813
588,0.08520015630116737,0.2232559291782412
589,0.08537787220457377,0.23639694620005322
590,0.07661432125567248,0.2724731019534849
591,0.07652648413252554,0.2732660656647933
592,0.07492445968003372,0.2357456641800814
593,0.08319978370831915,0.2531964216879934
594,0.07890513028433442,0.2554315395404373
595,0.07444514774963089,0.25790191923467737
596,0.08766292792786126,0.4207642520551695
597,0.1237265517423452,0.24161685734803434
598,0.08783768665896381,0.28974502441286976
599,0.094862574116441,0.250076186935062
600,0.08041450067086157,0.27201927336649423
601,0.08373741696673388,0.26916092169379713
602,0.08064281438234384,0.2470079653845647
603,0.08011504523058513,0.25784651998996966
604,0.08210358260877886,0.24772002069658067
605,0.08026345753511625,0.24578466344134986
606,0.076253852274675,0.2868964512130797
607,0.07499718793451093,0.24540041863625955
608,0.08865803628480892,0.2352363060977957
609,0.08674785088661568,0.27838501698497853
610,0.08718834266767413,0.25456605503619184
611,0.08219851867952,0.25970995878478687
612,0.07775052724887695,0.24011711374017689
613,0.08323898012526805,0.2356067564973928
614,0.09210046821508182,0.2680010567661518
615,0.08598427401299139,0.24973382854359935
616,0.0787839738827099,0.25525304769731094
617,0.07383213866057409,0.24968952143894946
618,0.07370506429475386,0.23856540015333552
619,0.07478688981523346,0.2465488425363864
620,0.07502860009394395,0.2564870515615653
621,0.08741581470139775,0.2571129405302841
622,0.0829172335364892,0.24021525911627825
623,0.09862924869030978,0.23688980179994523
624,0.07717870304257479,0.23753648452973955
625,0.07606162735743463,0.25498175224888137
626,0.07996425052285318,0.2486205551766869
627,0.0727854113097203,0.25854208046274296
628,0.07276911365700064,0.2593377162122498
629,0.072569957043946,0.2698623669607242
630,0.07635978432818952,0.23665529573779184
631,0.07677044435467827,0.23779483808522867
632,0.07854978515912839,0.24652828498956325
633,0.0816775435231437,0.2574999062399099
634,0.0750270136751396,0.2593111439708071
635,0.07913921080670178,0.2432474668369836
636,0.07995558917331612,0.24238975429160464
637,0.07392585591716291,0.27740134104671627
638,0.07844757742371665,0.2546512355688792
639,0.07769595728103394,0.29376578081799454
640,0.08215661668151661,0.23643800449547886
641,0.07802798028959375,0.25542059669785605
642,0.13573773689948468,0.23758616599836557
643,0.09499494373776787,0.23578152451516374
644,0.08394912749818192,0.226492793195626
645,0.0847886470575446,0.2385169442151857
646,0.08003051381620752,0.23778701325339877
647,0.07817244206110859,0.2298174816423501
648,0.07899357916964253,0.22455315354768288
649,0.07684900192340512,0.2601201594001647
650,0.0746949770830449,0.24234811737828652
651,0.07872612978193619,0.24134768098350123
652,0.0767036314893113,0.24729823570541143
653,0.07669994133186063,0.24347587202077514
654,0.07719283928971797,0.24239581379274358
655,0.09261946272679342,0.23496421321799885
656,0.07481724303106557,0.24367707212906872
657,0.07306889586532968,0.24676057610725202
658,0.07642195361101439,0.23805087888531737
659,0.07490663263329442,0.24320439911412992
660,0.07806265729974433,0.26032692871451557
661,0.07826943069762278,0.23709422546872258
662,0.09179486414645911,0.24953960128488462
663,0.07782601139571649,0.2374558599100398
664,0.07225097007653461,0.2375473632035063
665,0.07720103981206544,0.2379526614192283
666,0.07485520940446015,0.24548970816557378
667,0.07408164524111674,0.244776538910848
668,0.07051754444805106,0.2457084475029419
669,0.07371976814825716,0.23616206884640434
670,0.08651362369768015,0.2340208903787042
671,0.07398712771040673,0.2312788087933275
672,0.07590417273135003,0.24727938499291213
673,0.074246391194403,0.23397301859541675
674,0.07800750725040373,0.22958262271939114
675,0.07297539428391661,0.2383303417249335
676,0.0755853478857364,0.233125849723917
677,0.08378572497981815,0.2253990278224611
678,0.08663046343490635,0.22525598889965281
679,0.08086766722836582,0.24384217157767407
680,0.07430502929277719,0.2309968433790542
681,0.07410977770332515,0.24159399224440978
682,0.07026957744565653,0.24789034960384043
683,0.07132448194583108,0.24378616915260357
684,0.06918396007311323,0.23130536209659502
685,0.07556598089303111,0.24501776775930764
686,0.07515714685458694,0.23450760843190294
687,0.08127725325347378,0.24806168733501271
688,0.08146656024967454,0.23130287782941764
689,0.08448681345265109,0.23465148688639306
690,0.10318253672845173,0.23732699254996806
691,0.09830636663079123,0.2534660238345313
692,0.09831583455541278,0.3743063518091494
693,0.12206876380504737,0.2233188125159195
694,0.09372299603232317,0.2550264308832236
695,0.09126945655083578,0.2641762973981171
696,0.08597816917895222,0.2753699075023792
697,0.09089238535753384,0.25194703563001436
698,0.07813457810487677,0.2591962817761921
699,0.07530089742067658,0.25149576603758245
700,0.07464540031272705,0.24044851136519477
701,0.0972383247284284,0.2477077913888315
702,0.07899294371024777,0.2547829721098555
703,0.07544639938960535,0.2569607785334594
704,0.07617401940994438,0.23783959799037852
705,0.0734456772087772,0.24961705152459013
706,0.07840248279325507,0.2517221053555172
707,0.07392382686357567,0.2582409422780908
708,0.06929022249136835,0.24520294775737178
709,0.07571317942954901,0.2566622505160255
710,0.07595521437691309,0.25863290044446646
711,0.08958646970241717,0.28060187541894605
712,0.09229344702693647,0.23909138722520468
713,0.08945140906858712,0.2375266961382375
714,0.07736828017921951,0.23536948289191076
715,0.08209182090728824,0.2348430856747638
716,0.07578654530356481,0.24496981472452775
717,0.07692515584308239,0.2248358074094366
718,0.07456421615978985,0.2504593676277166
719,0.08267888509363226,0.24278066283500174
720,0.08090564802018865,0.22759637433625457
721,0.07692392739389364,0.25591906724851904
722,0.0735562205255412,0.23723511189038304
723,0.07511955414793078,0.22974217127708044
724,0.0861902693913225,0.24189970454226867
725,0.0851652396966959,0.24308540523790456
726,0.07433847271108199,0.23688411474271368
727,0.0790930761101592,0.22930977470817915
728,0.0873980107619639,0.23964710180253265
729,0.08436791520091634,0.24462304714933317
730,0.08573038539016668,0.29532420587254565
731,0.09261690281613125,0.24168841917947756
732,0.0908228476614426,0.27378886201953023
733,0.08372744840998428,0.24486432002361733
734,0.08323232465221307,0.25847939693795485
735,0.09092731982436963,0.2529595352055846
736,0.07843684399063819,0.2704699103555382
737,0.07917300955393124,0.2587578547683089
738,0.07850325988367811,0.3147945191039284
739,0.07808531536193139,0.2957139608956484
740,0.08271192292266857,0.2647789414379414
741,0.07242719964560024,0.2530483191404662
742,0.07828091796124527,0.2414607322376142
743,0.0882779186685945,0.2389128468226137
744,0.08257259449435882,0.25203704649041886
745,0.07517099370889237,0.31564250172139474
746,0.07955826338096839,0.24899025997787094
747,0.08023409531375274,0.24726328627562524
748,0.08411365651208867,0.2562972159127306
749,0.07579582559513448,0.2409353588129438
750,0.070978591068993,0.25763048450598347
751,0.06620947171656455,0.2413131596552723
752,0.06590365190027818,0.24896474975341928
753,0.06912712112891185,0.23259477603985942
754,0.06720580671561391,0.25722032884845525
755,0.06752284812223901,0.2513506477905482
756,0.07293725189535889,0.24813830416334393
757,0.06639306245487897,0.23986477512508167
758,0.06946770636806868,0.243728916555362
759,0.06615114368281254,0.2449700006537467
760,0.0683379226060051,0.26087203626921146
761,0.06888858780596989,0.23975085892829887
762,0.07223141758996765,0.22739325357334217
763,0.07031022080758795,0.24457820529845564
764,0.06645390491756634,0.24033031410534605
765,0.06808677384427843,0.2381152046846989
766,0.0729521520529044,0.24987613856929142
767,0.0860879574994412,0.22108584048502194
768,0.08764706142426311,0.2571390135422973
769,0.08656514864978555,0.2585486058275393
770,0.09735049729552864,0.24302328907626886
771,0.08981966139046922,0.2493022301193638
772,0.0775734861229655,0.2738920116388767
773,0.07846529820404484,0.25197326639460305
774,0.07156456525840192,0.2734816339454499
775,0.07050256619109131,0.2481999485792761
776,0.06825297748549988,0.26630929452105007
777,0.0776392236675337,0.2328418990554109
778,0.07067945869514652,0.25595697116938276
779,0.06941683178341723,0.24004183240787189
780,0.07271853225488174,0.24771320063622299
781,0.06839388807314983,0.2697601807851165
782,0.07574137381570806,0.2588961585329758
783,0.07189613139261697,0.2451021329340833
784,0.0665338577647764,0.24788817648387101
785,0.07201735820354885,0.2661984960837663
786,0.07368773364576019,0.24534261994951048
787,0.06905474327488753,0.27237796529820263
788,0.07181012259560264,0.26762567258936903
789,0.08190891752848484,0.25987862758628955
790,0.0837629074893032,0.25500202055667404
791,0.08669535413766759,0.24316322193091228
792,0.07453320010618443,0.229274302716437
793,0.07317427919236905,0.2346889577463116
794,0.07824765583599405,0.2513637386885502
795,0.06451070975739721,0.2436131124339338
796,0.06842369903912399,0.2596409048280206
797,0.07432236506223656,0.24717015464485398
798,0.06941565760664482,0.23185057792776428
799,0.07238164155607443,0.23399843537543508
800,0.08020997798051857,0.24880605994170363
801,0.0690361051308605,0.24763167557940666
802,0.06738111713513427,0.252498927476462
803,0.06567929445239139,0.24612761653177156
804,0.07084655978034674,0.2778220970560864
805,0.07550815500810593,0.25662015845633723
806,0.10145308625136107,0.24245466409927283
807,0.07427270374726387,0.28380530442316504
808,0.0859228624273539,0.24375952219477423
809,0.07729510258855725,0.23742378253720733
810,0.0821445251161188,0.25899402413999995
811,0.0750107825528274,0.2381545369932335
812,0.08902483225311683,0.23721975644625268
813,0.08186986985340011,0.322683670893039
814,0.09013701666176675,0.2793898104227131
815,0.07359586311367451,0.25232191710188906
816,0.0754528357597806,0.24274227715691987
817,0.07735364186475427,0.2578784750007332
818,0.07683356371647548,0.24965161549267953
819,0.06819592291115739,0.23259612893546167
820,0.07050142577306225,0.2722527935130188
821,0.0751603946096477,0.25857215758350216
822,0.06950967132231627,0.2668872806788017
823,0.06529912365089709,0.2611877398835188
824,0.06641172840639056,0.2403997266013343
825,0.06562393102951337,0.26479487462961854
826,0.06823997226314094,0.2580790435000188
827,0.06997709587789383,0.26192182018233096
828,0.06606539665850321,0.24688367449570164
829,0.06317001781976529,0.2672437318342193
830,0.06752520263698004,0.24627119019874677
831,0.06651020954989814,0.23478291571045923
832,0.06490388905837521,0.24839433603927852
833,0.0689122161481479,0.24443855955065394
834,0.06780533306928167,0.24776615745524452
835,0.0761005516123494,0.24758082980990462
836,0.06949843656590794,0.2502140866373235
837,0.06438229954374741,0.25234082438804917
838,0.06377654016975641,0.245754089824588
839,0.06526006129508978,0.24596700364243543
840,0.06355311286393307,0.24933688275061164
841,0.07519348147069943,0.23977324694068347
842,0.06550044503260312,0.2516041537831622
843,0.06890705854387481,0.25399318940365984
844,0.07819187427832523,0.2586856339276844
845,0.08051371801053535,0.24771906842782773
846,0.07874194429269085,0.25362604648257986
847,0.07293366850158346,0.24732230658219267
848,0.07105084242340598,0.26809817319973045
849,0.07282764183612113,0.24363861734760342
850,0.07927487523851615,0.2406706155366178
851,0.08684682263206699,0.2748616935193686
852,0.07318636542297458,0.2512916100673247
853,0.09023263513284192,0.24742275678196568
854,0.08632273348036372,0.23861863387273655
855,0.07976671881937997,0.2480342828019979
856,0.0772205745221118,0.2840637829018897
857,0.07199593160260762,0.2571565399654745
858,0.0718562914930826,0.24607883317697585
859,0.0742845086085995,0.25197072999528647
860,0.07392710570341986,0.2432465335625038
861,0.07445787851184553,0.2612741471407866
862,0.06882007939611459,0.25283233501353153
863,0.07154065796736889,0.24873488406430685
864,0.06790277127779198,0.2516712152421815
865,0.06660498192641247,0.27975122795214435
866,0.0705297154025414,0.2592398919148584
867,0.08128497861047677,0.24982697122514505
868,0.06318790637832394,0.26753922374726274
869,0.06958455645520945,0.24952098018095717
870,0.06725583672416599,0.2692391056339156
871,0.07057927108564559,0.26585801619629795
872,0.061928901767332435,0.2451732116650703
873,0.06149510904962899,0.2360238403637551
874,0.07077332395989365,0.25390163650902703
875,0.07423089066021853,0.2527235895031973
876,0.07552483824280012,0.24262645344616895
877,0.07588547570038189,0.25902757838473556
878,0.08779257720123734,0.24505738018908874
879,0.082265708869189,0.24644343742989727
880,0.07386378297305407,0.28206306689518235
881,0.08258506766725983,0.23998612781512155
882,0.08145845808391691,0.2468892301842233
883,0.07815988207539434,0.26005079722461666
884,0.08109463089912362,0.2378726703971857
885,0.07377196504251196,0.2637965457734351
886,0.07559798003521039,0.26105205571570045
887,0.07735793586470935,0.25636474757380256
888,0.07160833561505203,0.2571626835932894
889,0.0700385576452951,0.24269584752373466
890,0.0728788272559706,0.26120968918499127
891,0.070270855364816,0.26234168861568846
892,0.07551309235878412,0.25297162246052124
893,0.07604528063370217,0.25748854879992206
894,0.07317149988225176,0.2549377675603397
895,0.07466393434585504,0.3493519007423749
896,0.09989350141850033,0.24817707216637672
897,0.09120712800510483,0.22856764438230212
898,0.08716553013951842,0.24631581325476057
899,0.0901867058073316,0.2391456730324333
900,0.11423085705590989,0.25047391068699953
901,0.09220345879648108,0.26361703039246953
902,0.08865458550582705,0.2304371109528872
903,0.09222632100733602,0.23647646739049394
904,0.08170294583812819,0.2737844011656213
905,0.07788189409143424,0.24734093095993273
906,0.07301159639999086,0.25180517984401607
907,0.07018903575012372,0.26446666424125437
908,0.0752416246290221,0.2366206180478739
909,0.076767078844992,0.2555351650092453
910,0.07616708669393994,0.25363300209435213
911,0.07719170790403336,0.2706626338450686
912,0.07244388951022818,0.26238902763179806
913,0.07367610609408523,0.27082610794124223
914,0.06952579184957937,0.24814640898198934
915,0.07249299344833558,0.26872577827395444
916,0.07476844974207095,0.25370088119517675
917,0.0726919165367295,0.24790160506819803
918,0.07149376041761872,0.27013778849101666
919,0.07093107806128038,0.2468991604099211
920,0.06667605289947331,0.26114976539616314
921,0.06557778586336706,0.26846000808387105
922,0.07768475182972158,0.24932038562062778
923,0.06866907571402554,0.25670824218790833
924,0.06772586128616682,0.25954124659619127
925,0.0721048386858198,0.27280062056120874
926,0.0720596470696186,0.2534072389220318
927,0.06933460908892518,0.2647597197269236
928,0.06295864736559442,0.238659789865216
929,0.06100001510573919,0.26605661907159067
930,0.08561909771138032,0.2578576255411811
931,0.07787991832722617,0.2651838826161027
932,0.07082253333272497,0.25013711241125197
933,0.06519934086653506,0.26255497285263785
934,0.0694524556929059,0.241748339412905
935,0.06241371772623008,0.28600193452271117
936,0.0693110591297291,0.24232728788831417
937,0.06929372684385064,0.2939522032360869
938,0.07832097982767133,0.2598857041507431
939,0.06910748717921783,0.3366099398230985
940,0.09549349328538344,0.24375488494123762
941,0.06965188912837755,0.2649876542314419
942,0.09642794794281771,0.2692401576625057
943,0.08125389959560697,0.2322252351208285
944,0.07347435928447345,0.24875745970324287
945,0.06807549215743046,0.2549717023587535
946,0.06809757876541302,0.2452475894901276
947,0.06789067028217109,0.24848446733956248
948,0.06947552468655735,0.25378732293356165
949,0.06946559121792789,0.2351387556490182
950,0.06877361981888068,0.281053260611236
951,0.06777716077034611,0.2548897078126468
952,0.06692602981830575,0.2684237054899694
953,0.07255894711483249,0.2623383121531738
954,0.07698920835013828,0.2646970434155464
955,0.07485755611831363,0.24091855800824463
956,0.07866934732789557,0.237797530073175
957,0.07656135609626062,0.2627441281888274
958,0.07365942943634923,0.24764219508714488
959,0.06352287139714721,0.24900343988764775
960,0.06441698350795409,0.232373097309383
961,0.06221007131610658,0.24789520422077305
962,0.06585201286008745,0.24935954125044002
963,0.07283602944196606,0.26337049549158537
964,0.08432087002763271,0.25195159228293473
965,0.06667728832662508,0.25737808460211514
966,0.06630927014409589,0.2582605073466278
967,0.06409149961066819,0.26261081490881144
968,0.06676786983185568,0.2508189267871513
969,0.06610952917253161,0.25467302726280155
970,0.06202462074859733,0.2618309406193864
971,0.06163501397349676,0.25234498238930697
972,0.06127509436993962,0.26137572606222176
973,0.06743816065178793,0.2509953523352105
974,0.06546649262267737,0.2591729885777286
975,0.0721502926618295,0.24215137191118502
976,0.07337114970840625,0.2512342421334154
977,0.0659368428365098,0.26625247717211026
978,0.06598579746326157,0.23752910516546424
979,0.07103910162182528,0.2649670552758262
980,0.06245598583548601,0.2473626414688869
981,0.06413282418371262,0.23763346012982942
982,0.06539963934052286,0.248056362513353
983,0.07051890974743147,0.25525088246669314
984,0.06446999980582441,0.24810913669266577
985,0.06201768556335317,0.25028050411285707
986,0.06371267170893556,0.24620881579679404
987,0.06221252380722012,0.2602766929205071
988,0.06300298257818367,0.250216353816892
989,0.06499352204276292,0.26177221548419255
990,0.06505189907295927,0.2546998135328718
991,0.06685279747902602,0.24401677176780215
992,0.06331963409874043,0.2576106026433466
993,0.07076541928052128,0.2633691431437073
994,0.08301749970278711,0.25665485042692765
995,0.08430195254992279,0.2494870781573616
996,0.07614004237981778,0.2272157371458757
997,0.07244480169840169,0.24271775177979976
998,0.07050307997151148,0.2389292296099444
999,0.07278388325475951,0.23509865849383837
1000,0.07132567691196331,0.23818177634178722
1001,0.06673515871020783,0.25311047675841364
1002,0.0681350077614403,0.24742556758794976
1003,0.07068244698189678,0.24117239858126446
1004,0.07379364405856012,0.24012148416741944
1005,0.06643576001123433,0.25950277933230287
1006,0.06658748889890902,0.24945927090851272
1007,0.0680514361991514,0.2617216413254119
1008,0.06349163963843295,0.2621180234258672
1009,0.06714375026891607,0.25944061084669406
1010,0.062266853422852736,0.25099741965593286
1011,0.07225918221616356,0.24426586365657266
1012,0.06261115164844001,0.26060105012567086
1013,0.060793549188968544,0.24763625043665474
1014,0.06175843673747611,0.2819587545241145
1015,0.06599021570693035,0.24131658308529344
1016,0.0619261946225824,0.283747817974757
1017,0.0673969529264452,0.24503969435843237
1018,0.06227002447250651,0.24057785369089393
1019,0.06754653193469161,0.2535921722756419
1020,0.061930374137711,0.2511199103533769
1021,0.06094114382421251,0.24488793500120168
1022,0.060362011362198126,0.254258749929144
1023,0.061046510751227516,0.2759449899275281
1024,0.06114376624974019,0.26221030212125135
1025,0.06256580837526797,0.24989029312252156
1026,0.06045203703854166,0.23505223735620417
1027,0.06590508186824627,0.2619349653276197
1028,0.07133717593752154,0.26007536051968905
1029,0.07539855013085814,0.2504568523188931
1030,0.09078111736655976,0.2516603709320645
1031,0.0750556575247564,0.25039324472256386
1032,0.0664939222222106,0.25475276119662893
1033,0.06367274014678256,0.26957684700934037
1034,0.084527526331024,0.24264270378069153
1035,0.07324689198124049,0.24399747627645382
1036,0.06330235941280328,0.24507314839864255
1037,0.06982492461911666,0.24701330577581992
1038,0.06525875775642832,0.2579827105957706
1039,0.0615716560796488,0.25972818137570763
1040,0.0645023429138053,0.2567594355745267
1041,0.06187948201730887,0.27117928869136293
1042,0.06569715791500375,0.26948584994517505
1043,0.06284730288458114,0.25025563514805066
1044,0.059644215204434275,0.25235228562212325
1045,0.061603896819044004,0.2582508412788357
1046,0.061299601888254236,0.263172615560788
1047,0.06269638620996784,0.24739662730080042
1048,0.06376186442262144,0.25351793607954853
1049,0.06071408371643145,0.24972007113468572
1050,0.05965980010387103,0.26856602708308785
1051,0.061115595181704535,0.2605786112143597
1052,0.061354272174899874,0.2564597411499323
1053,0.06175410623849479,0.24638471542383952
1054,0.0601638490692779,0.2742098796442958
1055,0.06288232020178364,0.26864391866918697
1056,0.06058340378011952,0.23878964504809963
1057,0.06542079554621054,0.26631665476044547
1058,0.07205070370604644,0.24945728331651046
1059,0.07761623941443965,0.24391545289100575
1060,0.06504197277940273,0.27240974173066407
1061,0.07233066379597719,0.25891261059611825
1062,0.06538123924930929,0.25955944984445506
1063,0.06872613616095095,0.25594962715828856
1064,0.06132523046448671,0.24895192076768494
1065,0.0604207744515623,0.2727209425918453
1066,0.06185011458035329,0.2666362094995884
1067,0.0603365383890486,0.2657716960334732
1068,0.06162223397451063,0.2557357261710119
1069,0.06185495403367616,0.2827801900938465
1070,0.06293349466718337,0.27467196069477867
1071,0.0639272985594149,0.2562935292145293
1072,0.061142485410212395,0.24073379507326298
1073,0.06090783087208349,0.2561774396294447
1074,0.05806067337091169,0.2573013127808626
1075,0.06847034767315965,0.25469885364868095
1076,0.06210026953072033,0.2432171873291056
1077,0.06040822445156442,0.27245819120609793
1078,0.05997533816859444,0.28030176428683634
1079,0.06550323787672108,0.24297857621571825
1080,0.0656850481707642,0.2548214448599775
1081,0.06271504130325398,0.25307738906163524
1082,0.05995660118403669,0.2815598730365359
1083,0.06356906610124141,0.2737019034120243
1084,0.06059174869743267,0.24828852805490162
1085,0.0674449616654493,0.25872467032942165
1086,0.06368383506173725,0.24495766257371202
1087,0.06650880164084262,0.25577160776391233
1088,0.0600162209576408,0.26988614698510865
1089,0.08039089044900506,0.24442807034129577
1090,0.0749413225396844,0.26729217922746423
1091,0.06994474649176054,0.2455932758045756
1092,0.0665991958538228,0.2685705307795438
1093,0.07389605026599115,0.2533205605253975
1094,0.07649827280887819,0.2593585116835066
1095,0.07529340104671962,0.2520045408339109
1096,0.08726855555058628,0.3532539677727696
1097,0.08390457219401168,0.24308445277112906
1098,0.08318403969499588,0.2331331009432758
1099,0.08934154696979613,0.2543794003393821
1100,0.0872340593637298,0.2486622585964081
1101,0.08754445750879171,0.2383002255605736
1102,0.08422614059687605,0.25803274251443564
1103,0.07768293055939555,0.26490732352482566
1104,0.06808435009216805,0.27449842566081645
1105,0.06873205113775391,0.26952038124202465
1106,0.06778207920044768,0.24175993415106248
1107,0.06845787435402888,0.2598552963159854
1108,0.06678423763983163,0.24829274009507477
1109,0.07172360553237325,0.2568800108742969
1110,0.0685020445528399,0.27216467401984434
1111,0.06696571938582903,0.26314677990054897
1112,0.06792557023050527,0.26204089795107294
1113,0.07212101955644164,0.24476428562051017
1114,0.0705850027110684,0.2516428955352036
1115,0.06838331859715777,0.2466229983475734
1116,0.07094014898359222,0.25887189698380136
1117,0.06502316624268345,0.2471369148786322
1118,0.06938093040738143,0.2550793784988413
1119,0.0646981905457447,0.24668633111438132
1120,0.05806077125904408,0.2563422819315276
1121,0.061879862962131556,0.26561099157274615
1122,0.0634081877652233,0.2593634871220227
1123,0.06889857768527931,0.2942110809208907
1124,0.1031419328929958,0.24740987748037768
1125,0.07168471428221089,0.3158037185219438
1126,0.07329119551736368,0.26414373974087774
1127,0.07053811585188441,0.27527768789819207
1128,0.06557295115844193,0.23818109544410537
1129,0.0711207554938776,0.25637484774296254
1130,0.06656318734225923,0.261815345233194
1131,0.06699039126257446,0.24875510372523213
1132,0.060966526096100496,0.24829015838072643
1133,0.0624892681594119,0.24948781200751563
1134,0.0638669791296087,0.24700364512346065
1135,0.062023387464566114,0.2460010647651521
1136,0.057316738410063975,0.26135084017341903
1137,0.05802148241550961,0.2501180871398677
1138,0.05773813983334763,0.24556954588673036
1139,0.06062942571965961,0.26666304127059415
1140,0.0576512078519683,0.24563940205004706
1141,0.05556495960649667,0.2802881138181476
1142,0.055175334972495244,0.26283950823836866
1143,0.05821040690571157,0.2508375900560055
1144,0.05371606704046113,0.25326588814200574
1145,0.060865660173285895,0.25549678829189365
1146,0.06471065032222978,0.27301296548951387
1147,0.06496273868385245,0.278074408345052
1148,0.06780165313356859,0.24348975651818788
1149,0.07904462811532861,0.25779037779079944
1150,0.07481744474991252,0.2507081207977498
1151,0.08174000003808904,0.2527505478833628
1152,0.07306380598858257,0.27182143009866655
1153,0.07266702953813135,0.2443323641537539
1154,0.06870640968066564,0.2467964999179731
1155,0.06988159009317728,0.25064537852890817
1156,0.0727628386060443,0.2498231866849809
1157,0.06881017229069604,0.27216360764565956
1158,0.07373577369356335,0.25134341992449094
1159,0.06732803986287438,0.26339656383402865
1160,0.06700947857597984,0.2758419272947569
1161,0.07309457872298039,0.2375557178271242
1162,0.07495707073968404,0.24785893116968566
1163,0.0671024633519176,0.2408913470913593
1164,0.06719267987141422,0.23796645361045943
1165,0.07101631724717733,0.24441095889442557
1166,0.06719115982299154,0.25581005021620984
1167,0.06578183800097653,0.24487357886948038
1168,0.06625091752886775,0.2680015641426711
1169,0.0653963379977449,0.24541583550597132
1170,0.06608470700629644,0.25572179829419356
1171,0.06870435490590099,0.28357603245366114
1172,0.06920526795078248,0.26134573868661976
1173,0.06948327632706278,0.2439445459217046
1174,0.0711439971864278,0.24696814406642192
1175,0.06956162467647493,0.2601873000847663
1176,0.07283225914082199,0.25335184780768266
1177,0.06647628600910131,0.28568019400777844
1178,0.06800526761654102,0.2665674585588059
1179,0.07375079127354486,0.24619363996671143
1180,0.0678065330245685,0.25214426480735025
1181,0.06413128615149946,0.2577970150647693
1182,0.0677355174191043,0.2613710088087515
1183,0.0639208105236859,0.2633169461688037
1184,0.06879061731873284,0.24086703761723985
1185,0.08633370979949963,0.26076296971662066
1186,0.07912921014195255,0.23995658382088
1187,0.07735716917435252,0.27913180047643477
1188,0.06533723089327362,0.2576959036657195
1189,0.07317308581793176,0.24997649709720873
1190,0.05964467623737066,0.2840516401242898
1191,0.06957687147604714,0.26612998010087763
1192,0.061128533360786136,0.2638195362936526
1193,0.06140724600931291,0.25175323783657294
1194,0.06542392483887365,0.24559330369527693
1195,0.05954006424693636,0.2491233217626879
1196,0.060482712679768125,0.2536392111939614
1197,0.06982159077520068,0.2509444971073314
1198,0.06006610848338949,0.2554993156622244
1199,0.059688589148486695,0.260324462716278
1200,0.05757347728332055,0.25111533834954236
1201,0.05639336772631802,0.2552364610962904
1202,0.055760705994219034,0.27107505027000484
1203,0.06360921202409003,0.2674392293978884
1204,0.05896839506619551,0.2584754514104076
1205,0.05449335482158476,0.2513806373339461
1206,0.06269126095082087,0.25863267292736
1207,0.058152225618139715,0.26269344156498375
1208,0.057276579757189576,0.24256313304029875
1209,0.06339735610246562,0.2689219980797312
1210,0.06293439974709464,0.26306030495258
1211,0.06203648845589288,0.23845691312606937
1212,0.06308287265089257,0.2845814729786558
1213,0.060608453341345625,0.24598508784989098
1214,0.058715279667329486,0.27374116758497563
1215,0.059705755984406306,0.2497500429909763
1216,0.05862751315348694,0.2567004224773521
1217,0.05707822595304263,0.2511112192203161
1218,0.060850085080221605,0.25801565387001624
1219,0.06528136821320883,0.25219423173961975
1220,0.06817931508641017,0.36473156004099366
1221,0.09000076790924096,0.25107621978365446
1222,0.07501875663886609,0.25387604835907873
1223,0.07433889854521235,0.2459467094654975
1224,0.0655148091664138,0.2856740083509536
1225,0.06022821471557982,0.2700509608019316
1226,0.05666134119943854,0.23874187208865782
1227,0.05868583411546367,0.27355678977038705
1228,0.05780468760748552,0.27384146144054017
1229,0.05964011871318989,0.27556709566298837
1230,0.06289554931600867,0.2640566308531469
1231,0.0679146672998815,0.25416997585387835
1232,0.060479414167283065,0.2514222994593963
1233,0.05857947866925474,0.25974067710156107
1234,0.05630485141895579,0.2650357792363821
1235,0.05472896475920976,0.2626285501318235
1236,0.05853373347864588,0.2546991223028238
1237,0.05595118404278753,0.24949525895319014
1238,0.05904797554313656,0.2400614250577702
1239,0.057018934490979285,0.2615442657645348
1240,0.05812060637820987,0.2619352602352475
1241,0.06118444873544647,0.25285051217594545
1242,0.07089677554863835,0.2546828396435589
1243,0.06828955875043162,0.2585067134811809
1244,0.0704954811602999,0.260686937185057
1245,0.07212719777446923,0.24990836598306032
1246,0.072164984521762,0.263052616152641
1247,0.07151834609524695,0.25555990020077024
1248,0.07088588979421195,0.25568117149120456
1249,0.07141704075192107,0.2494083939559568
1250,0.06798739838215298,0.2407221429405045
1251,0.07064092105218531,0.27493307158940167
1252,0.06868337031352029,0.263532934265427
1253,0.06915765588389937,0.26186341074947095
1254,0.06588984645687983,0.24682199082582715
1255,0.058917545450741855,0.2526485934768748
1256,0.05918513030753089,0.24486201000608826
1257,0.06348689196206306,0.25867226637289376
1258,0.06051984694268196,0.25737516693938134
1259,0.06566491779002503,0.265653016511279
1260,0.059745829306422395,0.24794143754839393
1261,0.05653866721683336,0.2741403689790461
1262,0.05714999397968381,0.2544649924826263
1263,0.05968230015862831,0.2829665642045017
1264,0.057225823370490536,0.251191983286494
1265,0.055604769480898,0.277867584460922
1266,0.057788015001839735,0.2617078625336807
1267,0.05984837562462632,0.26994641847877887
1268,0.058485071678253245,0.2528799824422852
1269,0.05656637496237802,0.2835911308801962
1270,0.0581299717789095,0.26062589720091084
1271,0.057158630618953064,0.26826409057833134
1272,0.062087546058885876,0.26082512934694463
1273,0.06285436974119026,0.255518440949543
1274,0.05706010744632444,0.2652411970717407
1275,0.059425687479593765,0.24020318529173287
1276,0.07991759841330898,0.2869143334316644
1277,0.07858069091906529,0.2663955778532571
1278,0.06405667246893318,0.2837531023359929
1279,0.06308608329312149,0.2593606995063821
1280,0.057302714211496436,0.28913674434079295
1281,0.05736444085541821,0.26960046770583196
1282,0.0534610843102464,0.24636314965878645
1283,0.056277220129073637,0.26467314187564034
1284,0.05311723029607466,0.2588393448776533
1285,0.05728149033833701,0.261018537848212
1286,0.05346769386086715,0.28041459591148904
1287,0.052245609991851405,0.24829454713565538
1288,0.0540796814424202,0.29800336437126473
1289,0.05976478407872042,0.25169237563122915
1290,0.06031460599179016,0.3079558734221769
1291,0.06839898478189517,0.24088720784968554
1292,0.06854437736701864,0.271156423631556
1293,0.07234710942611064,0.2504463959269757
1294,0.06918446643881437,0.2622793272835727
1295,0.06653800223063318,0.2876452541096802
1296,0.07454633754884012,0.25955475076071316
1297,0.06199236077618972,0.2740813756771625
1298,0.06537051522993906,0.24491864203540642
1299,0.06399104421521971,0.24581900880399343
1300,0.06230536547872103,0.2873242868879388
1301,0.0654072924241316,0.2660081331390003
1302,0.06493986851873144,0.27320040376715254
1303,0.06439917362998694,0.24677024367626618
1304,0.0657687630724934,0.25990027456991527
1305,0.05961085478229696,0.2557194096687931
1306,0.06445306751515409,0.25407285348510134
1307,0.05768797089276697,0.2538473437493297
1308,0.053534548258799296,0.26857065695503585
1309,0.055911899807157585,0.24497328141899366
1310,0.05501459306675438,0.2645140302344251
1311,0.053524132098215896,0.2513523156309805
1312,0.054887248410459465,0.24748059163044595
1313,0.05362326121383439,0.2424563939546772
1314,0.06988728328299078,0.24598671915011153
1315,0.05949139132304092,0.23585768991554823
1316,0.05994526470441664,0.2359086652256078
1317,0.05759554607406029,0.26281966405765134
1318,0.06008960284497866,0.24886294673354764
1319,0.06510591579932463,0.29144102647649495
1320,0.06433469749947832,0.24081526709840845
1321,0.061562389016672034,0.2642170608357726
1322,0.05744164392536371,0.243275045545616
1323,0.059320405090508496,0.2584743206719439
1324,0.06336022206168809,0.24514831105859408
1325,0.07451132999409002,0.25283718224083934
1326,0.056848719160972574,0.26058862620607226
1327,0.05595729823801061,0.26010783537346477
1328,0.05575825376055,0.23904522678205187
1329,0.058255982732624,0.2699963676148846
1330,0.05997592512433714,0.24025391560091772
1331,0.058531310016582974,0.25326019868628147
1332,0.057528963859227324,0.2427503353150215
1333,0.0562968660901423,0.2596722713284722
1334,0.058703268182573605,0.25817458266755705
1335,0.05921945653183844,0.26603432435741253
1336,0.05555143257883417,0.26227868438151086
1337,0.05421389965530805,0.2460652203000261
1338,0.05471949332190673,0.2605861433392775
1339,0.052658940729186324,0.2484000312854924
1340,0.06604002291821805,0.2326791395511333
1341,0.06274902665297612,0.25153390883565413
1342,0.059272581368765516,0.36149757418792444
1343,0.06618695152402299,0.25892325915331754
1344,0.0719077459101649,0.2654990865118349
1345,0.0602439090287923,0.2776102540279377
1346,0.0571555308153128,0.28394382907629284
1347,0.05854683916734906,0.28721582908091703
1348,0.05505509008369038,0.2606292065489044
1349,0.063947932416155,0.24592582441863078
1350,0.059627871108801654,0.25302540582733696
1351,0.06323034252123058,0.24892144719130185
1352,0.0570318809071821,0.25255836586300756
1353,0.05475861243075413,0.24630057608631845
1354,0.05768783123871857,0.269179637712424
1355,0.05602588110024098,0.24778979241274454
1356,0.057937481369651676,0.2849738081223271
1357,0.061273019977136335,0.25209464727097625
1358,0.07116996205125763,0.2599795251853932
1359,0.06627082707350851,0.26119389423767775
1360,0.060276387477718865,0.24767901848396487
1361,0.057779218921104006,0.25132743909855904
1362,0.055519441866360444,0.2560704490485595
1363,0.05561312906018948,0.2500786948070387
1364,0.0536267361785278,0.2893454933195129
1365,0.056305394186983986,0.26474918028425665
1366,0.058028747388610434,0.26496668614392893
1367,0.05928458202095789,0.2769052723033575
1368,0.05624937249176259,0.25166761663516396
1369,0.06265372881513202,0.2653825360919122
1370,0.0612736727393299,0.2731607867259926
1371,0.05775464546366498,0.2640313007193562
1372,0.054953554195670995,0.26765635303002544
1373,0.056890538694049406,0.27019465456695285
1374,0.05362461679558495,0.2640363200775732
1375,0.05502275314141184,0.25165463631840734
1376,0.055513031396821524,0.2759010258500626
1377,0.05637404344382712,0.2611484173413317
1378,0.05440721659165191,0.26550348535852364
1379,0.05567409888588859,0.28655149440718625
1380,0.058822228337501586,0.2603727391675631
1381,0.05151701727329652,0.252124856615578
1382,0.05420105162137367,0.28169869283735527
1383,0.062393299087389435,0.2541339765140604
1384,0.059428219482133685,0.25226348145262406
1385,0.05689914668621988,0.25612956515143176
1386,0.05528527432843466,0.26034054596166933
1387,0.051083810192157235,0.26706222907702587
1388,0.06058318527791144,0.2581169698877273
1389,0.05668088239124226,0.2535525428267485
1390,0.05398534092476213,0.25638479748611
1391,0.05289186447295628,0.2613654786646218
1392,0.05234568240694776,0.25977460573516487
1393,0.05365518711856464,0.26921356777998906
1394,0.05279093070725892,0.2460511094619239
1395,0.06621808654958843,0.249704321246901
1396,0.06225245185546145,0.2559993973398403
1397,0.06699179252753505,0.24654981168724954
1398,0.0702036955229874,0.2604637749141612
1399,0.08111420299139503,0.24018745286538443
1400,0.07595432551007993,0.263943758568239
1401,0.06085609514839246,0.2800601721994816
1402,0.05811535957037133,0.24899653124601762
1403,0.06671607797631095,0.2591337264815011
1404,0.061418841380274876,0.2594749719552762
1405,0.06429706902031326,0.2622897640349531
1406,0.05734793482518539,0.2592285365477185
1407,0.06067549561531916,0.24448321820899524
1408,0.07131335219660696,0.24594762498779268
1409,0.0657106259822528,0.2568376552119723
1410,0.06519529335444162,0.2374420340171979
1411,0.07369623056190142,0.24232881697605133
1412,0.06701709363669889,0.2478486484846666
1413,0.0626398969410956,0.23491685291152611
1414,0.05735096900486278,0.2671594710949359
1415,0.05760042233822991,0.24686378381645546
1416,0.06208933571347282,0.2562731922029383
1417,0.0608431980359554,0.254962511036525
1418,0.07668242661069093,0.24075604069879233
1419,0.06578657485227982,0.24279737480974717
1420,0.056110763112217604,0.2619495579715057
1421,0.059288790461504905,0.23868088988030636
1422,0.05549378246646092,0.27010112738284126
1423,0.058063102536269354,0.26888274990264005
1424,0.05377511865155825,0.2550611015387739
1425,0.05510069557421888,0.27056450831401263
1426,0.05653069816697974,0.2505082735391413
1427,0.06782423890259047,0.24804522830419495
1428,0.06682852581606381,0.2517734403411642
1429,0.0568638959381369,0.2722944962504556
1430,0.0656886432176031,0.2586563652011538
1431,0.05689031117244729,0.256374650443668
1432,0.05979588372878298,0.2532664189006249
1433,0.06022889933878339,0.27092882701170173
1434,0.059943749570774175,0.24830779986088244
1435,0.06706251118038864,0.2813992874374252
1436,0.07372099014292026,0.25574472916378455
1437,0.06633679846220873,0.2378478910212838
1438,0.06636970438974213,0.25980520969891124
1439,0.06313852422316062,0.25492230780402414
1440,0.06214310310904389,0.2655526411244297
1441,0.05448640767358381,0.25023457864763676
1442,0.062319419843754865,0.24385856235576428
1443,0.0540321375160568,0.2594462212999165
1444,0.052581106471188806,0.25663487356868725
1445,0.05346607280814489,0.2570071975207008
1446,0.06331588738472203,0.24933545058999565
1447,0.07534621810535971,0.26699649105380463
1448,0.08021914849919118,0.2662285229872115
1449,0.06296184690583406,0.25496087789824257
1450,0.06079296606942492,0.253989147632865
1451,0.059349914041109154,0.25484958444280614
1452,0.05815323654342729,0.27101685279774357
1453,0.05685917213085154,0.2520519495596808
1454,0.052416192064110606,0.2867134342023726
1455,0.0684631596329305,0.27781463132600875
1456,0.061731229361427796,0.27522319100696363
1457,0.059467342906006825,0.2413878734905753
1458,0.05687445539006314,0.256845822203858
1459,0.05145766257367891,0.28396912300189253
1460,0.05165869925532017,0.25633928695038805
1461,0.0517829560035845,0.28174344774646354
1462,0.0571569741357767,0.24704788660737614
1463,0.05634249876230102,0.2618088876911009
1464,0.05526573747633201,0.23680144065579362
1465,0.054855658653027134,0.2588995533317492
1466,0.06425827623522945,0.23747180669412313
1467,0.07086864389296739,0.25754455716830466
1468,0.05724363409497351,0.2553178202735706
1469,0.061212744830960876,0.25388318196945237
1470,0.05826875610002579,0.26013058756444396
1471,0.06304291313952037,0.25878969056150125
1472,0.058395467374003744,0.23612190866201832
1473,0.0641390022195462,0.25218348464618356
1474,0.05725126276767285,0.24994326766439962
1475,0.05263417448315989,0.2667570805899031
1476,0.05846374059582424,0.2734154240511508
1477,0.05578475716504555,0.25117577698221455
1478,0.05668084153403983,0.27446355300003233
1479,0.05596886741937157,0.24494805934948075
1480,0.06422416375634897,0.24473425502207816
1481,0.05379977235019716,0.27222092593659386
1482,0.051582644919860386,0.2519820317380316
1483,0.05121873371730127,0.251425612876542
1484,0.0502174738885935,0.2732630386188588
1485,0.051483224071743286,0.2590126165986422
1486,0.05234937063566689,0.2518298828518447
1487,0.05590256741780398,0.2691978057098836
1488,0.0881703225640808,0.2578389040790724
1489,0.05522635742364751,0.2729356036620246
1490,0.05460958967983405,0.2535610168318259
1491,0.05575873075238371,0.2647782470744356
1492,0.05580429752153286,0.2837415414326628
1493,0.061544353044716824,0.25715066401839504
1494,0.05925541608686122,0.2544927527648601
1495,0.061430080672332216,0.2439688407880597
1496,0.061339031983627196,0.24847684211660545
1497,0.057228890364406516,0.26058322256143857
1498,0.08383187540761426,0.24673635213548842
1499,0.07594225273715693,0.2751605912004421
1500,0.05210292182852413,0.2744571604422159
1501,0.05527288147058352,0.24377486049550334
1502,0.05445299318930602,0.25058149390754875
1503,0.0555888723723779,0.2477240019099564
1504,0.05086353050625424,0.2480866167093835
1505,0.056772489594443844,0.2621554826968091
1506,0.04951378090756432,0.24994944457939527
1507,0.0520239674754445,0.2544445305855645
1508,0.048553582357065125,0.254805867714353
1509,0.04983929088201113,0.26016939521394994
1510,0.05133005914347631,0.2570236659164592
1511,0.04956825052334874,0.2502361374120249
1512,0.049540267840878595,0.25061370273168126
1513,0.05273635509161353,0.2547543527435097
1514,0.05214164134373875,0.241234160440278
1515,0.05367225819066869,0.2576294025011052
1516,0.05050704952069991,0.25276244538865483
1517,0.05223444833668843,0.2559952215509716
1518,0.04962448589498337,0.24914205973383316
1519,0.05176874499900994,0.25065709094836325
1520,0.0507384683178989,0.24994385338495406
1521,0.054443770246326385,0.260200754003964
1522,0.09152384299168832,0.2640090436928599
1523,0.07218530803230686,0.24362257324478537
1524,0.0682154016133832,0.24947182091620054
1525,0.0718772638168266,0.25525363676001106
1526,0.06346970040635794,0.26460951536269917
1527,0.06234846996470819,0.2649543064953736
1528,0.055578070350471784,0.24802130869453437
1529,0.05850984128278948,0.2598686683096491
1530,0.051927137187099584,0.2651857359388047
1531,0.0555377350311994,0.291368657853957
1532,0.06481529727028341,0.2673858110692636
1533,0.06018936007827134,0.24349184619658223
1534,0.05688110521856975,0.27110420776433625
1535,0.056203723738718875,0.2547263005105496
1536,0.05275114893742845,0.24871911114222467
1537,0.06065996845763943,0.25732285899114066
1538,0.05569068694645519,0.26162578000516246
1539,0.05365492409144655,0.24741277100903755
1540,0.05503937398642532,0.24792863232875034
1541,0.05337091650652029,0.257357872048335
1542,0.05299872238102978,0.24886914790350825
1543,0.05757859978089013,0.25369745314961656
1544,0.05792287933870092,0.2670398773905967
1545,0.05933297631427939,0.26478774749544914
1546,0.08117334085490438,0.2445498496320068
1547,0.06592808458935795,0.2445286413173424
1548,0.05951928897366668,0.26508502164124204
1549,0.059481560437616654,0.2778758977721166
1550,0.06306379363798008,0.24695546321513212
1551,0.057020422604287295,0.25172689533190573
1552,0.05786751576925047,0.24526770335968692
1553,0.05965950836851498,0.25793175711954774
1554,0.060069127279283784,0.2724007601865486
1555,0.06167957174482537,0.246697365967538
1556,0.05903350220480882,0.24892683758727494
1557,0.05482891012671742,0.25586909596773794
1558,0.0543685499071183,0.26626822936214767
1559,0.05619095205729794,0.2724060344488025
1560,0.06456931290279479,0.2606940921971629
1561,0.06712853402377784,0.2653749051106941
1562,0.07342134177900922,0.24533466929880224
1563,0.07925080194297615,0.2564025437964726
1564,0.06509589033070176,0.2434039540479825
1565,0.057717503467741536,0.2596425036158122
1566,0.056903668578628934,0.2618428688662029
1567,0.053472461469357815,0.2518441865485468
1568,0.05922869904823881,0.2498318255362002
1569,0.056795642967708275,0.26083712634055023
1570,0.050245232370170215,0.2791603254097461
1571,0.05594020062723514,0.2672309527988232
1572,0.0513628263748566,0.24961219695304498
1573,0.05302836152767053,0.2776269484624616
1574,0.06250156184092151,0.24831956040169004
1575,0.05339917578602016,0.25601059266439996
1576,0.06086731030789009,0.24834319081352155
1577,0.05478335932720955,0.24432592013530108
1578,0.05622996475615037,0.23865880789521263
1579,0.05273060279094082,0.25824903431001195
1580,0.060825752686559605,0.2596799381765194
1581,0.05199254418994616,0.2520769750606717
1582,0.052746974150870186,0.2962816763012323
1583,0.061914789066182106,0.26223023114877125
1584,0.052168448681916904,0.2827477811563209
1585,0.05371670920797084,0.2701807378758955
1586,0.05299815336397511,0.25941044452111167
1587,0.052394286037986966,0.2650859272311567
1588,0.05642623175715636,0.2635205253522476
1589,0.05104719952516602,0.2835645695448127
1590,0.06476533563808101,0.2661780495710035
1591,0.05091250068156658,0.2521011974625572
1592,0.04999996993887322,0.27553810829908226
1593,0.05150667001442006,0.24998716425613737
1594,0.05240457077024739,0.25775415038554367
1595,0.05635860531746314,0.2584339142857573
1596,0.05357239213099014,0.27840425986285866
1597,0.053153427067617116,0.26049730832610307
1598,0.05152234381123924,0.2510087449695497
1599,0.05565914579017164,0.26182697804661587
1600,0.07224843208183618,0.2472594828583193
1601,0.06603123731256148,0.2566396278332008
1602,0.058011073194743086,0.2639260343475907
1603,0.056490064693085776,0.26049661709433675
1604,0.05150665080465511,0.2715152648364452
1605,0.052487190905663214,0.26358532731240736
1606,0.04889155079886918,0.2653014626831581
1607,0.04800126512184357,0.25605102666813
1608,0.05106744918895303,0.2685787787777419
1609,0.04995115810661115,0.2662944507078682
1610,0.0488609949653816,0.26248622114909326
1611,0.05595549783382543,0.2592285313985896
1612,0.0508286512889325,0.25440764233648283
1613,0.049274049297704445,0.260854363526144
1614,0.05031325526783551,0.267409324422586
1615,0.04945749842422192,0.25830378342557114
1616,0.05235853335368039,0.26300016599928855
1617,0.0609764173139135,0.2766299888635403
1618,0.07343827508287007,0.2483587801141672
1619,0.060634323511970636,0.25564163179140886
1620,0.058978191353724625,0.2522770124296728
1621,0.055178114120460885,0.255194363896866
1622,0.06274115886937652,0.2565241651450868
1623,0.055173850218446306,0.2738636876975987
1624,0.051519199746172285,0.24904626858156276
1625,0.053692584453088096,0.2429730008847862
1626,0.08062055393516616,0.3032042256613087
1627,0.0783611060956321,0.2597164618311165
1628,0.06418888538938805,0.26131627539557156
1629,0.06101049570732055,0.2668797773456931
1630,0.0659701645978675,0.2617605169067681
1631,0.06920209554844886,0.26642670869006807
1632,0.060594124548308516,0.2544164586585017
1633,0.0698652605775807,0.2566383792980136
1634,0.058686231988070756,0.2545164142988543
1635,0.05704653416737872,0.259348508059557
1636,0.053561364810080135,0.2779598493194305
1637,0.05526282746280752,0.2602094524615335
1638,0.061128119504241255,0.25029749339351026
1639,0.05546707495291378,0.2707468397921772
1640,0.05389726025378497,0.2651122659044294
1641,0.05286327340236765,0.2633096447963296
1642,0.057113374548174285,0.26431292491722674
1643,0.054604563978124215,0.2649519186948022
1644,0.05431437733934532,0.26228853933101137
1645,0.053009625166907326,0.2550059318065273
1646,0.0543141683818071,0.26817761320272243
1647,0.05219232673153687,0.276247267705974
1648,0.0551966164352598,0.24632125805689573
1649,0.05362222578568529,0.2603708109319507
1650,0.058155716771824385,0.2502500279780981
1651,0.053557839309386845,0.2607681198488985
1652,0.05898852410573689,0.25948913587435135
1653,0.05698164514334676,0.2597563926284092
1654,0.05472412386254655,0.2635733249874513
1655,0.05236443471512603,0.2682596866384179
1656,0.05207261730225919,0.25161893930864543
1657,0.05526180255460727,0.2689678906984798
1658,0.05327058025374237,0.26570740404536614
1659,0.05724284812727685,0.2598936300007777
1660,0.0526741779829141,0.25672331383022395
1661,0.05224677253191548,0.27022736201330777
1662,0.05171739680880965,0.2591862208222537
1663,0.053675074054997655,0.25757403642490945
1664,0.05785318851058939,0.25512286835040543
1665,0.055212550282860526,0.27011584959347335
1666,0.05282840760895955,0.25730628058935434
1667,0.0664385031282941,0.24205620849533951
1668,0.07175771085898067,0.2628988707252114
1669,0.068730725615239,0.2678422330541268
1670,0.05681301671092946,0.26095904673848286
1671,0.05703428281596969,0.271938730953361
1672,0.05390447083551804,0.2657662711251429
1673,0.05396599150467595,0.277824695482636
1674,0.05503956635934032,0.2573584706870732
1675,0.05482415675639628,0.2657943514765425
1676,0.05675388678480515,0.2476773813152188
1677,0.05367503973664146,0.2615422743255567
1678,0.04978704081964529,0.25699918255584264
1679,0.050042622259040485,0.25145862935037094
1680,0.05422143708073629,0.24820805999842763
1681,0.05789470551919933,0.2590782468662797
1682,0.05207884761203383,0.26189341077962724
1683,0.05179721338966441,0.2540296165157468
1684,0.05580112118210852,0.2599957219498489
1685,0.05370349539289319,0.24965322711456603
1686,0.05276754085177805,0.24665250727691446
1687,0.05199681692770367,0.25856299529123444
1688,0.05194807320234165,0.25787896119814213
1689,0.05563295579585699,0.24813035175248696
1690,0.05864470226373469,0.25972684639793536
1691,0.04983178855608956,0.2570285790719422
1692,0.0493861454389387,0.25580253278987
1693,0.05055598874443631,0.25761197964900473
1694,0.054340856646181115,0.2555960894972217
1695,0.04989883038937754,0.258738575608711
1696,0.050117981961858675,0.2518971295040391
1697,0.04965299872548958,0.2693512152457234
1698,0.05109580305596722,0.2505528100055422
1699,0.05539824663504036,0.2735432447465668
1700,0.04975528159485959,0.2525006251993585
1701,0.053501808388152855,0.29194482851726933
1702,0.06623956300343779,0.2585566507105721
1703,0.06580475972454872,0.24962589831155177
1704,0.06676213275424135,0.26543866312550357
1705,0.06892740712971461,0.2619081501693452
1706,0.06232219532103352,0.25430724437360314
1707,0.05697383602426481,0.2643628513602999
1708,0.052396528001077705,0.25850986103040546
1709,0.054896727931050764,0.2777289947551586
1710,0.051848830057428755,0.2538554758018054
1711,0.05446247611090091,0.303223154408206
1712,0.059632951707949536,0.27356854012316906
1713,0.05255260637746755,0.2586759497953057
1714,0.051850013843130496,0.25675974082151026
1715,0.05080170797768709,0.2687312917849654
1716,0.051129772559856505,0.25298111921099886
1717,0.05330868469760349,0.28471454958323894
1718,0.05380672976927732,0.255588989257181
1719,0.059389253109088075,0.2581297200959267
1720,0.04859905503549796,0.26713685639735396
1721,0.051759061649088146,0.2744129922200023
1722,0.05271043830596789,0.2610720946920004
1723,0.05171231223726752,0.2581333564173443
1724,0.04887282792082868,0.2617157050380185
1725,0.04890965287553366,0.26526553194061425
1726,0.04817224359684163,0.268793121699963
1727,0.04927191223221253,0.2571700201975109
1728,0.04775727346081543,0.26304014372140705
1729,0.04955377252177389,0.26317618874920135
1730,0.047033697086290446,0.26937788920640193
1731,0.04701769376848545,0.25852532945781403
1732,0.04926246120232425,0.26527679050676956
1733,0.04923247469023108,0.261080230206027
1734,0.048933812493734456,0.27396722186181066
1735,0.04979071039959147,0.270762482711281
1736,0.05422417816055138,0.26266997879441334
1737,0.05082208034845105,0.26175646969733635
1738,0.05495528100734604,0.2593279674314459
1739,0.05976160759517554,0.25763998089256057
1740,0.058754035522644854,0.2534606666821991
1741,0.059251595319113684,0.2576380503949214
1742,0.06468363838288882,0.27114956116463806
1743,0.06196655972846612,0.2647857725517867
1744,0.06323882764216268,0.30980629821821326
1745,0.06663226656597364,0.24909605726421116
1746,0.07445375566835408,0.24817063430692643
1747,0.07958039161219943,0.25352635951826924
1748,0.07144495007412076,0.2514555617075661
1749,0.0675217782612361,0.26500571851582266
1750,0.06809860345218362,0.2631527229204765
1751,0.0669484499018534,0.2677910797074945
1752,0.0631704042849402,0.2504151411735794
1753,0.05837847227537173,0.24986652845408994
1754,0.06871386434511936,0.26999395375746843
1755,0.06733339175980659,0.25823138806044144
1756,0.06452072172916494,0.2625135317160358
1757,0.06800001251126736,0.2520184752336129
1758,0.06245290361315719,0.25473842510151556
1759,0.06035336544229443,0.2643652844077508
1760,0.06222632084981243,0.27082577677640557
1761,0.06060905565594479,0.25691426440631276
1762,0.059459129528743555,0.2598278670433174
1763,0.0633445221437566,0.2559160159902293
1764,0.06343442566101837,0.2825476173934822
1765,0.0675776057639993,0.2682303185409635
1766,0.07929165306240214,0.26206673633051414
1767,0.06162728365773173,0.26126717900643637
1768,0.06137535546390296,0.24788662671876593
1769,0.05452241244042116,0.27171569259616946
1770,0.05796606823921956,0.2599249205959968
1771,0.05980626438521471,0.24907778739853695
1772,0.055755373631402316,0.2617162585065823
1773,0.050290328108218936,0.25941186717689085
1774,0.047358728558474276,0.267685264510624
1775,0.053452010970458236,0.2549551662605498
1776,0.049556935707200093,0.2593743553081267
1777,0.06108347937088377,0.26006243236096305
1778,0.053863281619323626,0.25059224040264083
1779,0.05904351250800231,0.25056271248903944
1780,0.057505484113891815,0.26049087767835827
1781,0.051850328255855276,0.2535760134567353
1782,0.05882821780404226,0.24399721831563193
1783,0.05301010888903266,0.26843289567442424
1784,0.05102966351281226,0.2627099555795972
1785,0.056635744797973654,0.2517318379359139
1786,0.05598506461492704,0.25849098996443887
1787,0.05017062267431025,0.26344673545601854
1788,0.051477245944852174,0.264241655374971
1789,0.051397157226623254,0.24322773977141599
1790,0.0558513571440962,0.25698517354461153
1791,0.054013732340636084,0.26698176533778456
1792,0.04980402481822304,0.25202823122713003
1793,0.050085353853298265,0.2744396397879974
1794,0.050962580892773765,0.2514221595366537
1795,0.04938091547202391,0.26292759046157305
1796,0.05364320847767964,0.25975922990768363
1797,0.054782777064734105,0.2622984074849285
1798,0.0487414171795978,0.269994704531748
1799,0.05172194554433219,0.251736425310094
1800,0.05645310696044761,0.25603137937986115
1801,0.052376069613758514,0.2597706466627824
1802,0.05554339651741235,0.26797801374293084
1803,0.050718047287303836,0.2532493226856124
1804,0.05146324078328884,0.25669902619883006
1805,0.050236478633687354,0.2565249751401107
1806,0.048936899570872924,0.2668903572911868
1807,0.06015673717138964,0.25116476275634847
1808,0.061614707870448995,0.2607957336274443
1809,0.06271952430492801,0.24162075121269136
1810,0.06486341993398044,0.27363829119602173
1811,0.07542964405049792,0.2638991425984273
1812,0.065454293260114,0.2561737332105646
1813,0.06395693818341794,0.2822312873045156
1814,0.07192571028005054,0.27901533894681435
1815,0.060997248637181596,0.2633540456452309
1816,0.05842948916181021,0.26451538921894613
1817,0.057707996193316596,0.29394226813053576
1818,0.06843874937523826,0.2689629857977606
1819,0.06277580534853326,0.26442490316636463
1820,0.05839805184934835,0.26537220735944794
1821,0.05656782584185805,0.26988275410828577
1822,0.05707875122007284,0.25770811940066185
1823,0.05759063308050702,0.26932801191888944
1824,0.06640866543113576,0.2563246824476555
1825,0.068101906735207,0.26852904187183346
1826,0.059545875523890054,0.26117298805146805
1827,0.06347485253314392,0.26069505594756726
1828,0.056968801442386446,0.25708445933960705
1829,0.05249814273889409,0.26863928784762997
1830,0.05206207256243597,0.2639283516680523
1831,0.0489580485529452,0.26143605361982597
1832,0.05034873983041882,0.2627165039771277
1833,0.04896096761241733,0.2666892989768049
1834,0.06423568965385441,0.2561793541110236
1835,0.05874333258782102,0.271374862311866
1836,0.05649662671139664,0.26501480001486505
1837,0.053105708907859955,0.2530149960370101
1838,0.051865068413994596,0.26187577181592214
1839,0.049868145328477546,0.2787778203111877
1840,0.050934909605094954,0.2603840455842579
1841,0.048404000418439584,0.2651228434315596
1842,0.04591516630073095,0.26681811534165845
1843,0.04680825463913335,0.2660353788571953
1844,0.04757857133421175,0.2565300606491894
1845,0.047844513148907204,0.2690769117061753
1846,0.04700881058853232,0.2721351510463028
1847,0.0508270599451913,0.26235333296067115
1848,0.04812936478792125,0.25613421832462074
1849,0.05208749009748545,0.2596385014877632
1850,0.04874595415440697,0.2734888171797546
1851,0.05000626990073458,0.2691438446541683
1852,0.04949916084564099,0.2630106541226558
1853,0.05018625653835469,0.25821701320024704
1854,0.047301503030650054,0.26905533174541074
1855,0.049418248692434816,0.2689546035254431
1856,0.048437918906600666,0.2665829538258085
1857,0.04761920272131612,0.27696892177263777
1858,0.04821159977201831,0.2790415159875124
1859,0.04703655575864143,0.26468037789562193
1860,0.049318321082351894,0.2613912394737331
1861,0.04765414769341552,0.26063007236517577
1862,0.04892801630732285,0.26663799253445375
1863,0.048637768449731444,0.25973614964922104
1864,0.05233675885594603,0.2639000695921672
1865,0.06639822404186792,0.25024119043076753
1866,0.06420348277982123,0.24924488135888725
1867,0.0719060482662231,0.2624238027766776
1868,0.06096705730418095,0.2595443405117962
1869,0.05948282353681889,0.28203656040146324
1870,0.06718162490704946,0.26772703880306337
1871,0.07185275171062827,0.2549135476562489
1872,0.060056204047755336,0.2723827266076394
1873,0.05351758305285851,0.2618837059340668
1874,0.053630381887324316,0.26100919208493356
1875,0.05356763721201603,0.2581208100217108
1876,0.05314350652035896,0.2638349564553035
1877,0.051842958430279786,0.26165909123748526
1878,0.05276575340755693,0.2665812110715226
1879,0.05343480276617289,0.26809292111932226
1880,0.05011783576688196,0.2635049764409924
1881,0.05397646861494564,0.2687123206853642
1882,0.05481699424157212,0.2628707273087401
1883,0.05104379582731591,0.2593480846637969
1884,0.050722175757828454,0.2587144576160129
1885,0.054110078945290636,0.27461441172736933
1886,0.05308095783683608,0.2636586423878147
1887,0.05353512000210185,0.2675880330011907
1888,0.05259850326264019,0.260626689479803
1889,0.05622850691875919,0.2536309976328624
1890,0.05104432667059189,0.2562640020183543
1891,0.052293839869229135,0.2551685712857624
1892,0.05462264505805239,0.2608096616086292
1893,0.05143369305032253,0.26124445116336753
1894,0.04990202987610301,0.25667012518398213
1895,0.05331139643869672,0.258665655989913
1896,0.05386093860494636,0.2493313133507566
1897,0.06853480643965591,0.26813618639823966
1898,0.06699297179084729,0.2546361530856205
1899,0.0640365238251962,0.27184333303909036
1900,0.05307325842550395,0.25938397213216724
1901,0.05154125084215151,0.2518555634447312
1902,0.053516337278822414,0.2620397863610033
1903,0.05457621212609595,0.25944975416452054
1904,0.05397067777231519,0.2642587298995701
1905,0.05038701330429414,0.2573665757380175
1906,0.05216667933252104,0.2615417834911488
1907,0.05721398812217601,0.2685966929592614
1908,0.049580803961597746,0.26199226746052395
1909,0.04938530072475306,0.2647320566480373
1910,0.04800204970668272,0.2608439888300456
1911,0.04908334163867116,0.2617923124367323
1912,0.054994571604928946,0.27048780348633195
1913,0.05285184655717031,0.25804176384085076
1914,0.05028798546609656,0.2670579397601781
1915,0.05909854624089558,0.2648325954404909
1916,0.047949172576420195,0.26406512275184246
1917,0.046565832924463604,0.2626802680383495
1918,0.0484639362937007,0.2639449134356087
1919,0.047485113618200986,0.26162565949906874
1920,0.048078380463250886,0.2575505240117
1921,0.04572066623275545,0.25354692498782894
1922,0.05094470567530636,0.2536712316087029
1923,0.04871614796965118,0.2573643543743963
1924,0.04519699887334393,0.2613156947187782
1925,0.04852490823772223,0.25612138630198517
1926,0.04885918012100152,0.250028057752023
1927,0.048398532072867484,0.26065690171381295
1928,0.05540154436062635,0.2580402880966826
1929,0.05892989268358167,0.2523455395582839
1930,0.058265603342268414,0.2675621848389033
1931,0.055100431431318236,0.24475150553575087
1932,0.053499717509149676,0.2586555118506389
1933,0.06363366071372381,0.24765338512705937
1934,0.05531776178112657,0.28840240871786776
1935,0.05254401489616507,0.2652861750685268
1936,0.05665056509130273,0.26719724391818045
1937,0.06159217301477558,0.3015763529272388
1938,0.05307517862498256,0.25098582031910965
1939,0.06942774604022488,0.24696564585614192
1940,0.04821086574300368,0.27303834513321795
1941,0.04596574682697627,0.26173576399628834
1942,0.046737257324421536,0.2754768646078027
1943,0.047778438375211674,0.25310237905062133
1944,0.045238441584980305,0.26081822977424846
1945,0.046352701354920096,0.2686671394312945
1946,0.04993274078192277,0.25384121519494923
1947,0.04838707307086436,0.25912700173112563
1948,0.045855399570707105,0.26079297979776817
1949,0.04743206782422127,0.2534879588099181
1950,0.0466678813376371,0.25757171449407673
1951,0.046466796071515916,0.25970873581707926
1952,0.04709443455565339,0.2711726527431635
1953,0.046881825355423346,0.25738994769950696
1954,0.04748892077612992,0.2624776120280907
1955,0.046282406735776924,0.2672149201502665
1956,0.0574519179693506,0.2620660438338944
1957,0.05533622395506892,0.2619986940963451
1958,0.0580813494742268,0.26678517963642967
1959,0.05263826172320043,0.2702500240304621
1960,0.051039661782867056,0.25687579310123726
1961,0.06001199783369591,0.2573211658003726
1962,0.05763139041875621,0.25889599895560067
1963,0.05421231728092195,0.2617327038667125
1964,0.052063623307528485,0.2605854327886267
1965,0.06255116885913911,0.26784846504807286
1966,0.06151971694975741,0.2685952259664961
1967,0.061245441412560414,0.2590554546737511
1968,0.05474130531609398,0.2708641477245401
1969,0.05293081778258567,0.2642144619759042
1970,0.05729033918517169,0.25934218432715345
1971,0.05253785450782501,0.2658120558691093
1972,0.052298263367113886,0.27986844504030367
1973,0.050737840490574705,0.26502793532924573
1974,0.051034712179451644,0.2849765723538394
1975,0.05489291725504792,0.2582297498455234
1976,0.05421505092088798,0.2560505529155344
1977,0.050032228321866844,0.26726135746917357
1978,0.05890894280608772,0.24938659952775483
1979,0.053225520236820506,0.27007593176127
1980,0.050193966982965285,0.2634754594991219
1981,0.054570039816513066,0.2686289754826524
1982,0.05048872949088907,0.27135415621284786
1983,0.05087124361715047,0.2598296497021764
1984,0.05872561199256885,0.2636761749589028
1985,0.04959877186757929,0.26201644007692854
1986,0.04904784078740194,0.263234080510889
1987,0.051190350296454065,0.275227720061223
1988,0.05382263359999225,0.2590112173094591
1989,0.050832600886835846,0.26211566941999415
1990,0.0492641715919582,0.26657051006310256
1991,0.06594163810762733,0.25148146417818645
1992,0.0549494422735662,0.26237166121421157
1993,0.050592363977505765,0.262112775769836
1994,0.0528016593687235,0.26055964710557333
1995,0.04940945054205804,0.25829692503067353
1996,0.0532061790401182,0.26344543977496626
1997,0.04840554185361669,0.25962882285577826
1998,0.049668996588124514,0.26448325216692137
1999,0.05092493331019887,0.2739529530007592
2000,0.048515501144368096,0.26425853102937674
2001,0.05231897810560542,0.26298696644766983
2002,0.052266351241210575,0.2637865041386007
2003,0.05494427288835519,0.265036259326229
2004,0.04987763713457278,0.2549229432145043
2005,0.051441541419533596,0.2551860458944866
2006,0.04841791315983018,0.262220356373237
2007,0.05026694185922313,0.2716703878361847
2008,0.05129232394904006,0.25642605011284336
2009,0.04976113541424906,0.2621970251517569
2010,0.04712103331272954,0.2709154835013471
2011,0.04676818576206165,0.25281774539623675
2012,0.058083931828510314,0.258599834142379
2013,0.05106321754753146,0.262475278223179
2014,0.04798477555643131,0.2510320634965661
2015,0.0460050913907676,0.2748183724129247
2016,0.046462956672788304,0.26452562502338345
2017,0.04869272660696526,0.2693097045324709
2018,0.04877879963792234,0.25816994570970414
2019,0.05236482369098016,0.2605247147038529
2020,0.05054206119508777,0.25934249511866503
2021,0.05042528628146075,0.25718476976308396
2022,0.04860225241519002,0.2614881766522678
2023,0.049369436421233696,0.25800365625124494
2024,0.0488666138847263,0.25187366961618446
2025,0.04811623575384628,0.2567619484555682
2026,0.05034180045875292,0.257228088953682
2027,0.04856683535606483,0.2557130374899865
2028,0.04582832478100749,0.2553298337363421
2029,0.0494772755926778,0.26672751184795934
2030,0.046861189919052984,0.2527381153817665
2031,0.051281795561145455,0.2622989654324298
2032,0.06269099334667057,0.2610745489852927
2033,0.05464222032926426,0.25618025025232866
2034,0.0593434704825488,0.2747811503811218
2035,0.05371968800143314,0.265131811988228
2036,0.052499560345710086,0.26597542181619926
2037,0.05219151121854603,0.27064709560134637
2038,0.04816254840378837,0.24552236560212043
2039,0.05511971231360306,0.33421867935254507
2040,0.08734059199968788,0.2596232604922999
2041,0.06259993177447824,0.2751549459068403
2042,0.055341929442836287,0.2676217453678416
2043,0.05245312673123834,0.27316157795608353
2044,0.05439316627776204,0.2681637028264358
2045,0.053135040582387806,0.2520986754771943
2046,0.05666230810714738,0.25642198383792425
2047,0.05489994958930133,0.2603575505388182
2048,0.04967359104266463,0.2713274029384219
2049,0.050389322943236295,0.25170974211198077
2050,0.05501603069759845,0.27125554718611744
2051,0.0473724145460646,0.2775230128002278
2052,0.05201250828208148,0.2613335344428378
2053,0.05300868163631577,0.26816014211713807
2054,0.05174919333982308,0.25964657336261165
2055,0.04568706324599265,0.26143924695274984
2056,0.047813626196322116,0.26547293801786936
2057,0.0456005368018259,0.2634537294599145
2058,0.046041172498339465,0.2623946397412937
2059,0.04622977499477881,0.2640913917981935
2060,0.047852307626811315,0.26306217692991807
2061,0.04941392324731539,0.2600467217432318
2062,0.04985366629698713,0.27821281967933426
2063,0.047951302520685746,0.26890021931210634
2064,0.04979365140019187,0.24820577200960534
2065,0.04964908831345722,0.2740047443101882
2066,0.04752585042967188,0.24801610648711325
2067,0.0530487416937778,0.26597602172641227
2068,0.047033673059350856,0.26832985574326434
2069,0.04852270133262835,0.2556906565269178
2070,0.046851156543976785,0.2572829560688839
2071,0.04546124855477835,0.26630503822059587
2072,0.04807301968603146,0.26256977224418265
2073,0.047558710390317185,0.2643385690743649
2074,0.04920432046961464,0.26583642652894013
2075,0.06536985557044771,0.2692656788561559
2076,0.04994479463329098,0.2595155134898104
2077,0.04862857508612202,0.2600032449572799
2078,0.05949162813917168,0.2570229188114688
2079,0.053919082203616485,0.25542682898466923
2080,0.05822610534161274,0.2623398870674138
2081,0.04638570036256834,0.2718734406165365
2082,0.04817649365618626,0.25577259355105963
2083,0.04627548717031797,0.26062287974868237
2084,0.046621111355790196,0.2676567210181542
2085,0.047892215849006485,0.26073634031874793
2086,0.04598810985816783,0.2628597004329451
2087,0.04609231199017737,0.2638560799667828
2088,0.04822663303663586,0.2421517183808765
2089,0.05246825787059629,0.2680583479735654
2090,0.04721288934906117,0.25999657791216324
2091,0.048170473009534115,0.26617320621387563
2092,0.04570094523459158,0.2686941150089825
2093,0.04756219841229702,0.2693434722769341
2094,0.04601642305122891,0.2659278326627282
2095,0.04725765087866956,0.25456994733013094
2096,0.0475880736698917,0.2731226809003339
2097,0.04978256982049635,0.2658682253497582
2098,0.04864493347478314,0.2665416893874894
2099,0.05444850100669295,0.2609727291963466
2100,0.04736878460023854,0.26212536003893877
2101,0.050279132227235464,0.26310839412315223
2102,0.059702806865142385,0.25712769246783834
2103,0.053283022779403756,0.27866990605454817
2104,0.04774100120645882,0.25411699660811526
2105,0.04645720959215361,0.2821604107823147
2106,0.05684534895205921,0.26023550783129706
2107,0.055517142092468795,0.2598285254149041
2108,0.05540014108086564,0.26071376794142814
2109,0.06681416344231886,0.24757418546576623
2110,0.056745556642027586,0.2627886777768351
2111,0.05416513078105168,0.263326107645958
2112,0.05022068794772824,0.2602538027758609
2113,0.04775358877392619,0.25840149139899865
2114,0.051429757811840456,0.2642595301544867
2115,0.04817923853841349,0.2617772100564387
2116,0.045549193697601284,0.2634720631851149
2117,0.04771642906985807,0.266768236727174
2118,0.05592493228464549,0.27424985760769244
2119,0.0508888859936891,0.2688173433738796
2120,0.04790787763386807,0.27313101776413157
2121,0.04696294281633109,0.2689489591428846
2122,0.04571666255829839,0.2639331377138089
2123,0.04520486222478839,0.265791078504278
2124,0.0435716746963016,0.2636540686108987
2125,0.046778314973206545,0.26720842074098455
2126,0.047180662699231185,0.25190958867825325
2127,0.05787491587507787,0.252731443661266
2128,0.05680471624230263,0.27949799442917633
2129,0.05655523618401343,0.26470847263331376
2130,0.05402846334891597,0.2598803571067468
2131,0.058490076798932304,0.2597064593514587
2132,0.06227540848012545,0.27732807823365435
2133,0.05685399376467922,0.27503561483016686
2134,0.05712548969668288,0.2754865849715635
2135,0.05659776077651109,0.2638388037969873
2136,0.05970232134249553,0.27141271749546214
2137,0.048218548227713424,0.28711831427984796
2138,0.04687279196549302,0.2674301725683573
2139,0.055874354288996654,0.27036980793394033
2140,0.053322226118142926,0.25887622737215604
2141,0.0617652558245746,0.27534563041149024
2142,0.07576684084667427,0.24843769879085773
2143,0.0629985627096135,0.2630020514088396
2144,0.052130097866147786,0.27377064767620274
2145,0.04829576883466007,0.28854641840783185
2146,0.05275431625666611,0.2732921287620486
2147,0.04648088843034744,0.2772536703332911
2148,0.04729372686398011,0.2812276204490451
2149,0.04744240325434794,0.27005978102170136
2150,0.04550226622938982,0.27921808973942164
2151,0.04514341909334488,0.2685126692968952
2152,0.04845877911775099,0.2695844529326119
2153,0.045437588397552825,0.26372042222063996
2154,0.04843355641432966,0.27030518611389887
2155,0.0449247736532939,0.26753433861125325
2156,0.04478780230790271,0.2768676301270618
2157,0.04451600910899998,0.27037893992073503
2158,0.04384686293328226,0.2724153703584598
2159,0.04473983125526998,0.2861181960302689
2160,0.04470374687337328,0.26637121368274413
2161,0.05001474693903628,0.26826302555883164
2162,0.04456111958284704,0.28387312879788046
2163,0.055650990705696644,0.25852392162548316
2164,0.04497218720634002,0.2754376760647618
2165,0.044594198827066,0.26086806013714836
2166,0.055729911995914864,0.27856712838500874
2167,0.05199621824318537,0.274134248133204
2168,0.04810190880238856,0.2753730985200788
2169,0.04525292888442101,0.27970268757353417
2170,0.04593582019304004,0.2671955483930151
2171,0.046617260236455,0.26063519147171826
2172,0.04595275354398383,0.2656328586199262
2173,0.04714391061467986,0.2641684024472097
2174,0.04636494006267922,0.2863078228966589
2175,0.045813793286253165,0.26285087907271426
2176,0.045604833456844254,0.2635636517004731
2177,0.04625756903270808,0.2692836784745017
2178,0.0460311241633695,0.2696150572273778
2179,0.04602189249185158,0.26830962026523797
2180,0.04660151845928016,0.2599275637758747
2181,0.047497016222484464,0.26096356058008346
2182,0.047450997519441956,0.26915643162571623
2183,0.051196527294666755,0.2594263071403409
2184,0.04729229889803406,0.262735503183954
2185,0.04528035095628592,0.26735427781464083
2186,0.04635495714941879,0.27082550007963
2187,0.04495420769112201,0.26347070670230327
2188,0.044859868556901446,0.26078448492314005
2189,0.04572341217350102,0.27198976383851187
2190,0.04625866117669157,0.2608511788174657
2191,0.045829187400648536,0.2720024741353941
2192,0.044680287701486465,0.26263785430735653
2193,0.0453299375832135,0.26299954856324026
2194,0.04572414008433928,0.26282669266860703
2195,0.044093733546979534,0.2663902288386219
2196,0.044833319614188565,0.26486965795252837
2197,0.04579404869242967,0.26771224162697577
2198,0.047600353112229,0.2551852371725848
2199,0.045900549000366074,0.2696028781976659
2200,0.0501805358702367,0.26267614352932334
2201,0.047548114854341905,0.24880436747648857
2202,0.045792586730554356,0.2657628855290563
2203,0.0444491996682006,0.2697182701051803
2204,0.04546385306399235,0.26402758476315874
2205,0.04696638803570393,0.2536627298291383
2206,0.0456835625189036,0.25648417174670657
2207,0.047664983349722974,0.2596322285375037
2208,0.06181679266373868,0.25761506779022464
2209,0.0556874594477038,0.2786264678485746
2210,0.05565236308869149,0.262965988825824
2211,0.04781953611943999,0.26867543605779415
2212,0.04972390617222507,0.26813093622039574
2213,0.045651431379764955,0.26164609359767693
2214,0.04505184991882013,0.27735789019649854
2215,0.0456880325353665,0.26518929877184155
2216,0.046836699698264636,0.2649623725658759
2217,0.04525165900207359,0.2627953083335293
2218,0.04799409430382931,0.26079141979488313
2219,0.04504043099463981,0.2637951147661354
2220,0.04555315550455343,0.2665180309601766
2221,0.04769724086095634,0.2646947922872254
2222,0.044189520387559876,0.270352301522074
2223,0.04458571096058935,0.2723220089696469
2224,0.04700757005995272,0.2741986807029273
2225,0.0492886873924261,0.26983403378937576
2226,0.04755697917878351,0.2614374418148627
2227,0.052132425982526265,0.27966348374183997
2228,0.048743562181492325,0.2586491795537311
2229,0.049168126515666974,0.2551567274739993
2230,0.04709756019204469,0.26685902630423874
2231,0.049224132191083514,0.25542443949362587
2232,0.04698772813729593,0.2582302567441374
2233,0.04610532562827975,0.26988114917932104
2234,0.05628636699003865,0.26665073813538287
2235,0.04835467175770148,0.28506602318521257
2236,0.05992886664445425,0.2660034573153044
2237,0.05898981482230564,0.26972909621204194
2238,0.04835208106921152,0.26635252311579627
2239,0.05604393562455994,0.2591989776847187
2240,0.045126452068913483,0.2697996454779452
2241,0.044880410555596606,0.2544356298699326
2242,0.04472141019328884,0.2676135457897417
2243,0.04587674582788936,0.27226729785001125
2244,0.04550054689333572,0.2693922706592472
2245,0.045964965767806926,0.26233144629490496
2246,0.04642698796969155,0.26185975231769315
2247,0.044961106667995715,0.26422587742408254
2248,0.04350192395146875,0.26696133350359974
2249,0.04627053580954625,0.26480040516874687
2250,0.04333537788340904,0.27345533165939856
2251,0.04306817420670651,0.26048586108143634
2252,0.04472358650852065,0.26690523463294386
2253,0.04371947298534653,0.2599753800289085
2254,0.04507964999770761,0.269804392775016
2255,0.044148845372890703,0.26427386674654924
2256,0.04828053485912937,0.27008985945011743
2257,0.04894749137555394,0.2531505936034585
2258,0.04983589312846097,0.2648796430281722
2259,0.04888743931290907,0.2579359785961213
2260,0.04899469766879961,0.2698790763274169
2261,0.04558157728500801,0.2597320842155392
2262,0.04684121486520528,0.2617130218945496
2263,0.0455947167624041,0.26295752709700765
2264,0.046891784729263156,0.2642437107782683
2265,0.045251331732167936,0.2618871435676288
2266,0.0462897129962397,0.2688347797108285
2267,0.04500812321962089,0.26494696372705273
2268,0.04527571092609677,0.2709786815823187
2269,0.04349467986688068,0.2652063536454515
2270,0.047008883866347675,0.25969811732523757
2271,0.04354342027078172,0.2580378393388356
2272,0.04398524134087867,0.270060578367339
2273,0.044365425964661226,0.2655578263625575
2274,0.0453492369979034,0.2609093112460965
2275,0.044117800160172284,0.26246046259617545
2276,0.04508644305717161,0.2607095155438024
2277,0.047526191627819556,0.27087112579562483
2278,0.04487789997964304,0.2689685594025748
2279,0.04504721869981119,0.265158692836849
2280,0.044952832443426016,0.26495634798400486
2281,0.04689711240537835,0.26416741095495355
2282,0.04492873916238361,0.25628024729034976
2283,0.04784883251610653,0.2719794111031231
2284,0.04615427845399774,0.26020366621078705
2285,0.045934158324407365,0.2739184661102625
2286,0.047498043148872106,0.2666899704169495
2287,0.04985166804626726,0.2626941562821054
2288,0.04647850403282446,0.27228035971859516
2289,0.044739945061861096,0.2607687273395689
2290,0.047717051381913345,0.25218689585336723
2291,0.04840479903501989,0.2590926988414956
2292,0.04620019446168815,0.2580485765623458
2293,0.05824014694040242,0.2537092890728678
2294,0.05456443440000526,0.261216656409952
2295,0.049289515507426676,0.26914964397887314
2296,0.04960891627439505,0.2637657349593042
2297,0.050001486279422365,0.27733963372104775
2298,0.050404114547062916,0.26289626311257064
2299,0.045392248653237204,0.254838512150804
2300,0.04721789320560837,0.26582067757399447
2301,0.045470747055710886,0.26726229617053315
2302,0.04684216077065906,0.256455933022514
2303,0.046695885174169977,0.26329318487169073
2304,0.04489227419185964,0.2721212579745409
2305,0.04389131892837332,0.26835020614259814
2306,0.04604543787685112,0.2692994230242822
2307,0.045351150013698265,0.26926943136115034
2308,0.044813563619353375,0.2644367199667127
2309,0.045913491102477076,0.26427560978721654
2310,0.045609415631285254,0.2631757336690584
2311,0.04534714138052017,0.2642651691503979
2312,0.04933887614992157,0.26679504186709924
2313,0.04439254040393096,0.2714890490061313
2314,0.045570283798919246,0.2567504619635095
2315,0.046819382370571254,0.2728351398517188
2316,0.045217120406658616,0.26445283948409315
2317,0.046617672587852856,0.2647853768318191
2318,0.05444715208685778,0.26174701541405837
2319,0.051206144910116415,0.26103077019129917
2320,0.048059882583886555,0.27386426500376465
2321,0.045541050738601464,0.2506592711682556
2322,0.04899323441328848,0.2682244686286359
2323,0.06018036391068607,0.26514752688877347
2324,0.05133324917587482,0.2594258372018014
2325,0.046012052345309265,0.25793951471722526
2326,0.04826801370324541,0.2781453245295142
2327,0.04770273337970412,0.2640696409201459
2328,0.04831915463714479,0.26567012922731775
2329,0.04510323677016764,0.2679843724048994
2330,0.04525163959753646,0.2593146730408123
2331,0.04398789466760591,0.2716922859853595
2332,0.04493517065814502,0.26650085406717094
2333,0.04478295086890475,0.27644710559740665
2334,0.04896190446144539,0.2627074617820146
2335,0.05236390883825636,0.27242640780031524
2336,0.04915430113818947,0.2619231601868682
2337,0.048141925911804655,0.262677655945363
2338,0.053077874945132844,0.27062582371454486
2339,0.047419041756617944,0.2727780691872376
2340,0.04977434956454499,0.2818402949000488
2341,0.043669135446182325,0.26030705000222915
2342,0.04354639921446573,0.2764013015399306
2343,0.0443379532923047,0.2660925726220503
2344,0.04357424397668355,0.2691967136608552
2345,0.044232950006052804,0.27570157362106246
2346,0.04331530924916414,0.271699070876954
2347,0.044329864043557515,0.2629344201726068
2348,0.04310729126675348,0.2681097439007387
2349,0.043458778588824354,0.26986585761010445
2350,0.042139347111421054,0.2718129094360428
2351,0.043211769421023775,0.27149717290052244
2352,0.04301136558430243,0.2673966875335163
2353,0.04407162699560625,0.2659782404748426
2354,0.04670192230390067,0.2750450015100173
2355,0.04531835196497875,0.2664102784224679
2356,0.044361382230207635,0.265581366667644
2357,0.04550630236729197,0.2796293701545435
2358,0.04594897294777744,0.26601877145542224
2359,0.04484229895368393,0.2709776643103873
2360,0.04398257630998131,0.26772043606461604
2361,0.0451276956169094,0.27203480954880266
2362,0.04709516902804655,0.26639064388609146
2363,0.04500704592047847,0.28044948919778084
2364,0.044129188723033334,0.2661538719217358
2365,0.04447234543327024,0.2708534440867496
2366,0.04669282456281731,0.2576715154276956
2367,0.046408799332470156,0.2661756140125796
2368,0.044972983827868546,0.2635467539699706
2369,0.04548282153454572,0.2669607966441368
2370,0.04586960645342148,0.2644087634776222
2371,0.04486248062248654,0.2655160859340927
2372,0.04550350862456548,0.27545485392987
2373,0.04572571928637009,0.2694709275762018
2374,0.04519257822432699,0.2613309807540869
2375,0.045173187642023445,0.26817427263669447
2376,0.04498308778184475,0.2664922056962699
2377,0.04604334171415221,0.267522611245495
2378,0.0484969250632713,0.26689333380232777
2379,0.05508776458362239,0.25810567669922807
2380,0.05250104810076497,0.2662784087437764
2381,0.04735718631266319,0.2734417319179574
2382,0.058756524879176895,0.27259269952216425
2383,0.054458724015831836,0.26810979916842226
2384,0.049645518865070334,0.2571693285456814
2385,0.06222870074976369,0.2487557768684585
2386,0.06595941717495299,0.2618725384091493
2387,0.06372517027893305,0.26485705984834584
2388,0.06100771062493584,0.2768561096115976
2389,0.05693598608604103,0.2803230415191484
2390,0.05368071544389383,0.25641994893804204
2391,0.059219607751055864,0.28676868438196723
2392,0.04858542662338817,0.26660327247426097
2393,0.04405716284823462,0.2630186504850094
2394,0.04341360767544141,0.25847602295216265
2395,0.04458659611699323,0.26637108576718077
2396,0.04428918329670892,0.25954444705569174
2397,0.045289323005486395,0.2588059897099191
2398,0.043453979737231654,0.2654150140670462
2399,0.04366579101571585,0.2646889482675641
2400,0.04336564818460932,0.2638434012480047
2401,0.04198213628632096,0.262506508928328
2402,0.043589982230798234,0.2599770729552718
2403,0.04381827453502931,0.27121536943694924
2404,0.04455810281049736,0.2574810188939886
2405,0.04321828044037835,0.2759553862334458
2406,0.04288442678045458,0.2641079699444252
2407,0.04307963965944763,0.26275203746454145
2408,0.042091597972549764,0.26499824785834664
2409,0.04574565059478977,0.26631869575279943
2410,0.045365114381720625,0.2661402301326155
2411,0.04757638485726144,0.2687831834068264
2412,0.04599155738390818,0.26940630402576593
2413,0.04603105360019295,0.2710823842360445
2414,0.04486074701158977,0.26770721249429763
2415,0.045994514313709635,0.25924704972373724
2416,0.04359064746916535,0.27192844703299757
2417,0.044266580206935253,0.2642570107543471
2418,0.04347881729524515,0.26908476673157944
2419,0.04402682597234413,0.2557411798110095
2420,0.043983435122650114,0.2627758890522618
2421,0.05009670974094349,0.27426742348952704
2422,0.047115691291073965,0.25987949157719276
2423,0.047112142580149056,0.26738475609224743
2424,0.048851599869863316,0.26634789656709223
2425,0.05429903117161301,0.25882551558220085
2426,0.05247090111443548,0.2630994554411703
2427,0.04699134194760113,0.29539938220611756
2428,0.0498782703316026,0.26052750093147525
2429,0.05881958228991998,0.26835867023313736
2430,0.05504638179516569,0.25664569131736176
2431,0.05351082269902113,0.268939700665922
2432,0.05376179298195345,0.26874687370718786
2433,0.05454013990443937,0.26510811974098447
2434,0.05223730337121437,0.2601961995869271
2435,0.05258691134542638,0.27544695300481087
2436,0.053252980088950075,0.27756154707403163
2437,0.053199138976030215,0.279132688490172
2438,0.051571780254056176,0.2601988632401556
2439,0.0477665238690716,0.2820646136963833
2440,0.06285089292700581,0.27081568314182175
2441,0.05661828981848279,0.2717468131950842
2442,0.05369946992989597,0.2658548381271825
2443,0.05284972578534206,0.27203831736260475
2444,0.05166744775949022,0.265530212647965
2445,0.051721267695503004,0.2699733817337332
2446,0.05106432882437335,0.26500681682822663
2447,0.049461639038954695,0.2732810297032429
2448,0.053013666353148414,0.2623524222653484
2449,0.050316378243743444,0.2565601138481995
2450,0.052979229323288975,0.265987373721426
2451,0.04815244741384182,0.2617958648100779
2452,0.046474809675834276,0.26190376411168054
2453,0.04647012312719592,0.2918305916292688
2454,0.061957273089097445,0.2641984690855516
2455,0.05053979997412161,0.26405294382988215
2456,0.05119131018878342,0.25653026196322415
2457,0.048960697563310535,0.26246837500901005
2458,0.04855327580572777,0.282733626334978
2459,0.04958029885212659,0.2570767297370749
2460,0.046682993654417096,0.2616347294871962
2461,0.04350721783438423,0.26875023331327696
2462,0.04357233546675023,0.26712941404559065
2463,0.04358492074275658,0.26622720431333446
2464,0.044336177825398636,0.274911206761839
2465,0.046834668565422594,0.26452193439398175
2466,0.04489540789001211,0.2655783838988122
2467,0.04330716101694352,0.2643127312670922
2468,0.04758180094480595,0.27117088055979677
2469,0.04403503517867649,0.26606782449834937
2470,0.04218744000129861,0.26348285292799806
2471,0.04367290420527449,0.2715566850567913
2472,0.04385017397108076,0.2612412437106621
2473,0.043721599015269355,0.26141337585860647
2474,0.043527854553262794,0.261296265182276
2475,0.04291214522777832,0.26016292087792464
2476,0.04523891318370937,0.27287031246051324
2477,0.04362663702703566,0.2685501207328651
2478,0.04267815131954036,0.2640869015948417
2479,0.04515744971751203,0.26167030010894743
2480,0.043286407505782595,0.26205955703040723
2481,0.04358776315212621,0.2565937598486923
2482,0.042674451122322266,0.26438323243160416
2483,0.04286324515197164,0.2573745070357717
2484,0.048331482473848573,0.2707609564938695
2485,0.05047210981298938,0.26395991018759773
2486,0.04685039091679253,0.2701077984843904
2487,0.05369281688691984,0.2700782503096083
2488,0.04622237579219774,0.25748283315917514
2489,0.045386845330779,0.2620498014160619
2490,0.04580197316953407,0.2632081774038368
2491,0.044415026583243034,0.2594196280506549
2492,0.04398038509067897,0.25745152017381
2493,0.043871963243455894,0.25668565542666066
2494,0.044467870296706076,0.2606239258447226
2495,0.04548324708920147,0.2535935176332866
2496,0.04473043564054678,0.2624320292234799
2497,0.04531992676053223,0.2594455192226205
2498,0.04436098173888768,0.2655362691927579
2499,0.043819141739949864,0.2686135567937353
2500,0.04446715554968627,0.2699680218260232
2501,0.046164536657281374,0.26371950423045953
2502,0.0451879930864787,0.2708156207558303
2503,0.044634943836947334,0.26442060524222205
2504,0.04414298278519331,0.26940650449588893
2505,0.046135444258237984,0.26632905860263517
2506,0.04479026541645206,0.26195517381899835
2507,0.049307671992030955,0.26714876611149124
2508,0.045548970317093804,0.2723488649013157
2509,0.04410005239609578,0.2633171176947279
2510,0.043757841438553734,0.26614510990673207
2511,0.044803065836639004,0.26615677488930245
2512,0.04369168824826244,0.2596496336486469
2513,0.04581690562678106,0.2636818700106729
2514,0.04317499992131763,0.2605640605017708
2515,0.04418984870368168,0.26101884293018324
2516,0.04475734944833106,0.26288227787191343
2517,0.04411551032805439,0.26946202597211055
2518,0.042602483041302416,0.25598503793720045
2519,0.04266996347197143,0.27995076074934483
2520,0.04404385421913195,0.25953927300500457
2521,0.04578796198055217,0.26944232794938483
2522,0.05682370051328129,0.2676294383420034
2523,0.04921306820848522,0.26140726082186505
2524,0.05144909375691879,0.26161668332448185
2525,0.04625036285429171,0.2688849993136287
2526,0.046202076946283435,0.2809546812095029
2527,0.056702282576670995,0.25821203806121307
2528,0.049226826254649664,0.26814831576484743
2529,0.051768928819126106,0.2585785711854552
2530,0.04695202249838005,0.2606938907983868
2531,0.04437828866070647,0.26826595198033254
2532,0.047656944747090285,0.273897391894899
2533,0.05027090790323174,0.25735305932829394
2534,0.04818476451951541,0.26208525432340196
2535,0.0445095038662934,0.2595473385893717
2536,0.04306424134462745,0.25873961579193
2537,0.0464752636526213,0.2677477905736495
2538,0.04871511616934626,0.2628031407600866
2539,0.04455117424450527,0.26776601799216276
2540,0.04476396019537203,0.26777756616653325
2541,0.04325140496686504,0.27529449287555074
2542,0.04183311347574317,0.2671778274830268
2543,0.042662765853859495,0.2680985222634566
2544,0.04127828684587524,0.26574597116437554
2545,0.042881970176016325,0.2672879993831708
2546,0.04242676169039869,0.2637598917147435
2547,0.04164956136393187,0.2721092594741965
2548,0.04404449935898864,0.2679013900113814
2549,0.04251345189461745,0.2542005163795957
2550,0.047573880323889636,0.2644953589009615
2551,0.05428328784125889,0.2798397841395844
2552,0.05402248185910901,0.2649756747911585
2553,0.05507511561259846,0.2621638893959127
2554,0.05292512166586584,0.26668921308177607
2555,0.05348076785053807,0.263415896212041
2556,0.05097752759568299,0.2711318754493301
2557,0.04941581151447943,0.26993219336326874
2558,0.04997790188041105,0.2695328106907766
2559,0.0465515567012601,0.27648415897792633
2560,0.045519313744080386,0.2664693745961801
2561,0.04386034819803108,0.2802490108805113
2562,0.043248396325154106,0.2670359182904107
2563,0.04289536451257642,0.2726810161938586
2564,0.042368314454538966,0.2697642385324305
2565,0.044047562549762456,0.2752247544079502
2566,0.04306828613847606,0.28179068243943184
2567,0.0427664677519033,0.26914003103727346
2568,0.0471942624315794,0.32052837055688854
2569,0.0756297534291745,0.2724824704818628
2570,0.043942222172493696,0.26965860390019863
2571,0.043439727569446196,0.2666568963892049
2572,0.04359536816303012,0.2636538518434825
2573,0.04215264634047921,0.27129593199883467
2574,0.04746154462625203,0.2676456786381252
2575,0.04237590151195732,0.2727675057784936
2576,0.041904408882822194,0.27067105617533077
2577,0.04300668113696582,0.26529365868186094
2578,0.04320808745291108,0.26900185667104576
2579,0.04233013735944206,0.26168984369048115
2580,0.0437570001949717,0.2658315868976775
2581,0.042563967565120334,0.26353915953873813
2582,0.041992677285895265,0.27423570316348
2583,0.042514750559957314,0.26372413750654267
2584,0.043654165374348824,0.27570423318000326
2585,0.04391453414762372,0.27016756873247555
2586,0.04190514832135848,0.2587270294505607
2587,0.047365079524096014,0.2699100310192375
2588,0.04357305070162319,0.26814266389322006
2589,0.04349184788277618,0.26299787812292064
2590,0.04494932034008122,0.26479508467302776
2591,0.04545579192696921,0.2674883405352202
2592,0.0436706418075039,0.25959264962552264
2593,0.043353881542282244,0.2676662381082361
2594,0.04286644608417046,0.2720629635491767
2595,0.0427655583141702,0.27361843015801324
2596,0.04287792968266078,0.2593093727645299
2597,0.043739684228638484,0.2724381760210695
2598,0.043826637274117765,0.26461937458247514
2599,0.044269332052247076,0.26281751095854056
2600,0.04347833729148016,0.2608996548273397
2601,0.04332263502394119,0.26208079071017476
2602,0.04275783528097043,0.26906672388368535
2603,0.04331481181296579,0.26454614789237196
2604,0.04243916062125896,0.2600146031760892
2605,0.04454614718829084,0.2623023259063194
2606,0.04237665473703257,0.2637593787975076
2607,0.04369851580418005,0.25858342599177986
2608,0.05379319849078458,0.26466536860357437
2609,0.0463196628604461,0.2640629243933328
2610,0.05151737306622082,0.2781434402713156
2611,0.04487856682240957,0.2728203543560675
2612,0.05083546518454437,0.26395069528606074
2613,0.044791512857761555,0.2613186329358054
2614,0.04432720388403972,0.2630325366573386
2615,0.04641911575104192,0.26654564245475126
2616,0.04255391510733092,0.2653173143966769
2617,0.042871742353790425,0.2702851843562901
2618,0.04347368201417181,0.26498745002389035
2619,0.04662103887303775,0.2583371573367138
2620,0.04478345001727564,0.2646976364320696
2621,0.04432238918959066,0.2577853648886446
2622,0.04299592303979435,0.2715021596212205
2623,0.04266526158092871,0.2616845469719638
2624,0.04347772836525419,0.25692192029639527
2625,0.04258932676078868,0.27624015252377737
2626,0.04598057877940029,0.2661086155128443
2627,0.04382293380521055,0.26322916287161063
2628,0.04248966797877507,0.2662131955440146
2629,0.04300312873984984,0.2629944778977132
2630,0.042297022623205435,0.25968029907177304
2631,0.042697319710844894,0.2611224787206985
2632,0.04261188374401393,0.2617489566905027
2633,0.044863547952919455,0.26747263109328573
2634,0.044326617790832315,0.2637814108112425
2635,0.0439865760876882,0.26190248701301655
2636,0.04289237639388361,0.2639584181967176
2637,0.042183872630653346,0.26314700494113974
2638,0.04403724676505823,0.26257746147096767
2639,0.042306128740516195,0.26250797318456565
2640,0.04475183658111825,0.2639228467133803
2641,0.04451231407617041,0.2620382403027454
2642,0.04482727111328514,0.2661378421191767
2643,0.04380690417281978,0.2607574633327354
2644,0.047776950804460816,0.2737461380832381
2645,0.053683200824031316,0.26311258136822024
2646,0.043812852088339245,0.2618563146839631
2647,0.04368394728615905,0.2557817671180545
2648,0.04596377079958179,0.2650856810714296
2649,0.044685324470585076,0.2596814687833015
2650,0.042407819188191635,0.2637676275853282
2651,0.046119213247838645,0.27167376616630246
2652,0.04487103582069104,0.2700652653037083
2653,0.04342089294014222,0.2671685540845801
2654,0.04199615143529407,0.26703336839606484
2655,0.04335055122292967,0.26348494054897087
2656,0.04167171410419111,0.2639060913376143
2657,0.04090079352183196,0.26156790173812944
2658,0.04220522920824471,0.2642541394846257
2659,0.042179254024384154,0.26460526739198265
2660,0.04172351336797424,0.26690857078978864
2661,0.0413492662630157,0.261108655054089
2662,0.041686270888423076,0.2646508881176336
2663,0.04091440170617015,0.2709947664128206
2664,0.04211526054826536,0.2568708509557933
2665,0.042921490266518494,0.2649221052447282
2666,0.04137116759551228,0.26221283539915785
2667,0.042536964355872925,0.27162591409815123
2668,0.04220231665441431,0.2567669972573879
2669,0.04432050262858951,0.26585014752536124
2670,0.04261652838170286,0.2658885730894633
2671,0.04470082650459806,0.2632975709314097
2672,0.043688936087023164,0.26531604680410303
2673,0.04326350614573639,0.2608472806383022
2674,0.04325739583552362,0.2598356255004622
2675,0.04183927169708943,0.26131498967703537
2676,0.04825186027400728,0.2581760822086169
2677,0.043894785174762765,0.2685303564213067
2678,0.0433080386962306,0.26643154092795923
2679,0.04220705904632266,0.26157470280434314
2680,0.04295616026458025,0.2723849679771839
2681,0.04282766099405396,0.26990959976673545
2682,0.043350574425013104,0.2718390353271822
2683,0.04222053101704593,0.26092790094273316
2684,0.043232250863095525,0.26928306294209003
2685,0.042311349785147966,0.2621947145577829
2686,0.04337225752807203,0.2641391330031106
2687,0.04224151211635154,0.2683111044589109
2688,0.041090881859960134,0.27084458513467646
2689,0.041627073337621286,0.2693951469070128
2690,0.04115548065515588,0.26614004720178375
2691,0.04162690251101322,0.2735123577733413
2692,0.041272491643367104,0.26693776668496466
2693,0.04247550222615096,0.26092341130506413
2694,0.042241890737876965,0.2679993838780244
2695,0.043667003940496496,0.2694297001776081
2696,0.042190819865597036,0.2652872810193014
2697,0.04943698522838663,0.2571067020938418
2698,0.05637040389154989,0.26698117739678584
2699,0.04675440324483116,0.27079150067693813
2700,0.04667458444080879,0.26624910921379
2701,0.04308642300137716,0.2606022888590327
2702,0.04183216794414682,0.26471362494096495
2703,0.041646148760981445,0.26284792532757717
2704,0.04298721198685466,0.27055119527308386
2705,0.04178475509798147,0.26424962779416733
2706,0.04286449178584898,0.26415080130972596
2707,0.04150680616446622,0.27349076238183084
2708,0.04227784217269379,0.2675825196407994
2709,0.04210387621959139,0.2639969524691907
2710,0.04099645826586289,0.2675955599454164
2711,0.04127953904821625,0.27440396149772933
2712,0.041715273746990404,0.2629265835773823
2713,0.04063404052120524,0.26956288370019393
2714,0.04243811450240747,0.2734837691448701
2715,0.042593724823496375,0.27453459698644067
2716,0.041095256191493346,0.27153599504368464
2717,0.04228932073902892,0.264784499388548
2718,0.041495377959719505,0.27033321045352193
2719,0.041402592853459305,0.26215918336800953
2720,0.04184704653365178,0.265169573913049
2721,0.04106674474865293,0.26433702585802193
2722,0.04171197765217904,0.26486102305732856
2723,0.04146390569942108,0.2666886240333395
2724,0.04113485401959795,0.27250073758267607
2725,0.04152637495518127,0.2634294975295101
2726,0.041853801896472316,0.26797442993357357
2727,0.04078881275658612,0.26490164296582025
2728,0.041265151593662376,0.2685090543707758
2729,0.04172807496012514,0.2614930603504272
2730,0.04115394120660643,0.2631002370966444
2731,0.041495498717843936,0.26075291720721927
2732,0.041351031396474815,0.26507393351380554
2733,0.04098030250871912,0.27038975652587355
2734,0.051004147209433276,0.26272923963729133
2735,0.04299116557029407,0.2665094289561383
2736,0.05736799879922762,0.25768767622406286
2737,0.05653468417160926,0.26058244180783463
2738,0.05384644761265688,0.2604370075631447
2739,0.04998915206464905,0.2634630323413178
2740,0.06133036268640233,0.2652826551708661
2741,0.0522550264408272,0.26776183985610613
2742,0.048882047937088634,0.26412895951692594
2743,0.045707157036220435,0.26553030574876907
2744,0.04988841282017523,0.2739115750881947
2745,0.043533968033055544,0.27712968958791867
2746,0.04450427509467696,0.2780036811867873
2747,0.04268892057309674,0.2752571388661059
2748,0.04085336152841105,0.28483196681847334
2749,0.041482049757203064,0.2751145984575295
2750,0.0408370591471756,0.2801779041072473
2751,0.041753781744701846,0.2737036412560306
2752,0.0415754611176182,0.28178275115559237
2753,0.040686240646128524,0.26814041826764423
2754,0.0429899546392429,0.2819392158554444
2755,0.041040859349410444,0.27275143250019845
2756,0.04130236285575113,0.2802179978497262
2757,0.041668143524154815,0.2703869069540591
2758,0.04206247458389203,0.28352795526145697
2759,0.041443112588240114,0.2746598298339385
2760,0.041650801046247306,0.28667781792336855
2761,0.04158375051006388,0.27797484963856445
2762,0.04222632996010727,0.277795799007914
2763,0.042056663839877335,0.2819317177651078
2764,0.040873906575960066,0.28242311827280553
2765,0.03934810434297015,0.2710009558282625
2766,0.04480991493881839,0.2850736795437172
2767,0.042557312623470206,0.26543397619538744
2768,0.045747733627476694,0.27703877376746805
2769,0.05477423178503251,0.27281424706973767
2770,0.05572016676791752,0.2690566258140915
2771,0.04337617926483706,0.2764389013542072
2772,0.042451096164532465,0.26084289789699516
2773,0.04197095564420698,0.27319998759327874
2774,0.04087622774861406,0.2606794268495316
2775,0.04289850632698374,0.2592405268738156
2776,0.04216949640615599,0.26035565942291805
2777,0.04296210468342351,0.2661740482005552
2778,0.04192299316595919,0.2619506605336361
2779,0.04128692648553405,0.260454778572295
2780,0.04057821192201045,0.2645273311430587
2781,0.04157537235959992,0.2690520979930965
2782,0.04525252453048996,0.2609302716424225
2783,0.05817905134159294,0.26350375832475326
2784,0.04514189414425059,0.25805958485634684
2785,0.040613825028406846,0.2672791447368962
2786,0.041052107823916384,0.264977512399989
2787,0.04573825710376157,0.2619728079064159
2788,0.04263661882321698,0.264800194537394
2789,0.04073857877919619,0.26127882030965993
2790,0.04075270100557642,0.2632033532079841
2791,0.0408462720955467,0.26086412184020835
2792,0.0415685307723888,0.2616214603881646
2793,0.040297373486826195,0.2717851183654694
2794,0.04087180424053236,0.26917198596197783
2795,0.040917957993039135,0.26283517116689836
2796,0.0405234652519275,0.2708754395494137
2797,0.04092709069380739,0.2684985939518961
2798,0.042612588600954265,0.26742339882866084
2799,0.04128986718651722,0.2705089315966061
2800,0.0409714648619787,0.26232658381984797
2801,0.0401082017128649,0.2661835058434594
2802,0.04162959627658813,0.26419857145676184
2803,0.04070217403124707,0.262211684193881
2804,0.04330329702950035,0.2623755158759596
2805,0.04278247358591673,0.27420900203513376
2806,0.04145369834665312,0.27033713909357143
2807,0.04120894661322977,0.2642315173289439
2808,0.04115341502731212,0.2650012191394546
2809,0.042063703055706,0.26347819352473445
2810,0.04179545578203352,0.26494982983411813
2811,0.041208312180848035,0.2576075853349872
2812,0.043463589505523,0.26929442927891944
2813,0.04095334511911951,0.2611535156680519
2814,0.0417805356894692,0.25955583877274047
2815,0.041505562891218664,0.26525472565555513
2816,0.04243332779493003,0.2720710015075314
2817,0.041366829007147686,0.2617200752049002
2818,0.041497988427253156,0.2652133271841235
2819,0.041319291422599456,0.27073029707745316
2820,0.04438099746132597,0.2649546658251354
2821,0.04444680118493407,0.26001794272557044
2822,0.04295706707492146,0.275214934039224
2823,0.042623062392879385,0.2668364544850565
2824,0.04327363938997924,0.2622151291302852
2825,0.04114582291203514,0.27012088422624814
2826,0.04150010078554032,0.2713513770580168
2827,0.04176953496296306,0.263680626587625
2828,0.040701315456426794,0.26558714394835786
2829,0.0413809502931065,0.2667289636473036
2830,0.04250932824453719,0.2630552478081286
2831,0.04131642060193824,0.2662796802505353
2832,0.04138248999951932,0.26830091209947327
2833,0.04072326914582248,0.2670921699723936
2834,0.04173443005733545,0.2643632268658953
2835,0.04085764131564708,0.26122132849235635
2836,0.041608405262678165,0.2663948613656508
2837,0.0407758479367694,0.2656206943542313
2838,0.04067075857986438,0.26366470323465946
2839,0.0420519360153687,0.2676782038720825
2840,0.04157234667760338,0.26081625923062196
2841,0.04287099303422771,0.25881461121639415
2842,0.04116967911452612,0.2689357422590668
2843,0.04314752432701531,0.2686989205576797
2844,0.044630352666278225,0.2649306606703801
2845,0.043281247645904186,0.26461724730389224
2846,0.04245652781776589,0.2625176421339754
2847,0.0413837055765613,0.2692141718778034
2848,0.04134736601577638,0.2731293134900053
2849,0.04217643691702692,0.25802205190780014
2850,0.04130630344309835,0.2696894887646203
2851,0.042387161221369,0.26157695539486825
2852,0.041126413963241445,0.26603850007259927
2853,0.041605700793220686,0.25741743080417884
2854,0.0416532550904369,0.2673559059500213
2855,0.04107645519740216,0.26468037536552763
2856,0.0409108002097973,0.25857378560126026
2857,0.04211607122403371,0.2696917680520396
2858,0.04080406510093394,0.26383693838815286
2859,0.04200344753596049,0.2654466041279388
2860,0.04079942102782567,0.26273998224173833
2861,0.04183495069049711,0.2649385800126861
2862,0.041797888826500686,0.26540767309165175
2863,0.0421100581571877,0.26018207787298525
2864,0.04096186372210762,0.263290614775828
2865,0.04154392178852212,0.2608891094423296
2866,0.04559358707804057,0.27408767598660067
2867,0.05039258542690154,0.26437934972937494
2868,0.045934448505733874,0.2751831230829454
2869,0.042153626760943044,0.269544941647017
2870,0.04123514092309013,0.270743167750209
2871,0.04019888087780069,0.2698999047447445
2872,0.04085763583482346,0.26412922028887476
2873,0.03981866708619189,0.26669278892070963
2874,0.040577057884347456,0.2715546218489871
2875,0.040403724242348914,0.2627141940558257
2876,0.040471126320724166,0.2672154548986517
2877,0.04280131276945876,0.2767487494819433
2878,0.04320127981193771,0.2747562537612204
2879,0.04140377105545888,0.25998135220149665
2880,0.04230334586643744,0.26381153079887687
2881,0.0404991018527657,0.264843688179358
2882,0.04055978134727628,0.2701242077442492
2883,0.040349350492643286,0.26333506181244526
2884,0.0400633892393466,0.27285898509580553
2885,0.04143421189667146,0.26526738916366405
2886,0.040328009025376345,0.2632039709587341
2887,0.04009748315610164,0.26588452933128537
2888,0.04074473206423073,0.2674802447658318
2889,0.040593534352549074,0.2648010217962968
2890,0.04177712324365798,0.26270311369998933
2891,0.04143851006646571,0.26498434564899465
2892,0.041569243234071684,0.27189020071684633
2893,0.04078640477353498,0.2633544012155358
2894,0.05240681138178258,0.2722525046188579
2895,0.04261847286413176,0.2738372505733602
2896,0.04099633341280238,0.27004272695683534
2897,0.04038657100401764,0.2658439768921777
2898,0.041080645439336226,0.27094398335790054
2899,0.0439736950436854,0.2646546213271027
2900,0.04217286476376605,0.270751580320674
2901,0.040497679986940364,0.26615432490806196
2902,0.04007058311695597,0.2673652841491656
2903,0.04010492573981259,0.26409145365936765
2904,0.03975784809460792,0.2694385583766478
2905,0.040073341078400944,0.27663889372667666
2906,0.0395906782235628,0.26479750129282426
2907,0.03905168299861039,0.2648665226711799
2908,0.040365641975602384,0.26616286290648933
2909,0.040208421378955195,0.2636819210653999
2910,0.03980754257974043,0.2666328313163047
2911,0.04137536586086831,0.26225182999121255
2912,0.040156846377382906,0.2672208331959213
2913,0.04010780051418998,0.2657966615479344
2914,0.03972725944351163,0.26520638494262644
2915,0.0404133976384279,0.2640831585480693
2916,0.04050627559463399,0.2654547462660761
2917,0.04077508256875096,0.2701282196537684
2918,0.04008829814221454,0.26859787372696486
2919,0.04008808057372754,0.2685133382971778
2920,0.03992478614211811,0.2674271784892559
2921,0.038816573865040505,0.2670217385645186
2922,0.04059137040622934,0.27058297240018103
2923,0.042079336428561494,0.2622386171847058
2924,0.04057787827381779,0.267691240172825
2925,0.038194799258329595,0.27162549320873874
2926,0.04419762165648271,0.2626627931020554
2927,0.04198679267366679,0.26513922589827127
2928,0.04026930480303262,0.2665024389040628
2929,0.0418728900905444,0.2659596720315925
2930,0.04159069897596534,0.2670979432802276
2931,0.041027651198739225,0.2709902738587925
2932,0.04165783173669378,0.26827469325564296
2933,0.04060429814272229,0.26414805368653926
2934,0.03964873165945338,0.2642168668214663
2935,0.03994245674640459,0.2662713810265384
2936,0.04103593722690071,0.26993908385239274
2937,0.04215196766925164,0.26643306515772924
2938,0.04340779716117225,0.26420564983799183
2939,0.04401949574873253,0.2657916770499675
2940,0.04167630009130312,0.2645224532730697
2941,0.039387035939844085,0.260165143886863
2942,0.04170077001370304,0.2593201775499562
2943,0.04127728906458618,0.26613407434218256
2944,0.040828792442851466,0.26588855002988165
2945,0.04158790741861694,0.26148552747755344
2946,0.03904164603298026,0.2650898834701643
2947,0.03971667669299177,0.2722968242513829
2948,0.040107541009954964,0.2606892097797741
2949,0.03891998971565173,0.2665254223029233
2950,0.04043241159483229,0.263284552933793
2951,0.03947162539942751,0.2653231943325664
2952,0.04086052321754124,0.2669898264873096
2953,0.039643069065795185,0.2667662178513042
2954,0.03963484347175568,0.2683054865503662
2955,0.04154150420571153,0.2588558165216947
2956,0.039721264953517445,0.2676213352460392
2957,0.04016572125841573,0.2695948526824062
2958,0.04013976600541711,0.26335739849080153
2959,0.04046825601308228,0.2673082866041517
2960,0.03979792064809563,0.263330166899972
2961,0.04026783707626284,0.2590055106432989
2962,0.040590216169555125,0.2617416679966913
2963,0.03961422230781814,0.26435872359314583
2964,0.039522472330420576,0.2579936776932522
2965,0.039307309643034326,0.263949258130398
2966,0.04020776035060711,0.2734013924699229
2967,0.039888823635332374,0.25925760681059173
2968,0.040641495555334146,0.2612569533671307
2969,0.04023679765743031,0.2639628244119717
2970,0.03892180036093057,0.26432574820838195
2971,0.0426325332674714,0.2674032131762445
2972,0.04101491120454486,0.26191209912082075
2973,0.04041579585875689,0.2701277013863707
2974,0.03969673694915288,0.2661634988429624
2975,0.040124334367779485,0.2631725345259873
2976,0.0396819189894411,0.26379806059650746
2977,0.04242495413915178,0.2652236264701039
2978,0.04269298530189783,0.26256793462660544
2979,0.042112710289133985,0.2691786007716353
2980,0.041289407968667105,0.25836709862375973
2981,0.04209095233259998,0.2655929927001857
2982,0.04021142323111983,0.25888132296626326
2983,0.04323170016968142,0.2639125878310152
2984,0.04054138905693381,0.26740428908841846
2985,0.03977223430348621,0.2669367964916892
2986,0.04036525824081059,0.2606326997436244
2987,0.04032106244063696,0.26646672269688887
2988,0.0398849851249922,0.25970676484262745
2989,0.039143630500086964,0.2638821282448017
2990,0.03994260130718613,0.2608599962085893
2991,0.03633916563311936,0.26820240294747616
2992,0.04323752590436576,0.267724319897681
2993,0.039532755462729156,0.2718456612516319
2994,0.03963581800636385,0.262709762128002
2995,0.03974962849962504,0.2704074397862161
2996,0.04045526050675234,0.2657804377971928
2997,0.039225306505819534,0.2591002314996802
2998,0.04061780183498937,0.2649075961375978
2999,0.03874205258814681,0.2647187364713459
3000,0.03998866610925364,0.26714174964877374
3001,0.03951740762339252,0.2664001711154652
3002,0.03895410931625158,0.26522926513804457
3003,0.039876972156999355,0.26319058465057377
3004,0.0379301379666394,0.2635878611296401
3005,0.03882298251335962,0.2634292512213727
3006,0.03937642726409843,0.2660811342736825
3007,0.03822300389363103,0.26126517560024004
3008,0.03970597844421532,0.27080113430330877
3009,0.03984291307440932,0.2601174392861303
3010,0.04106481562307111,0.26786746342227935
3011,0.04203957738983005,0.2671634054416316
3012,0.04029541750510392,0.2752536781829234
3013,0.039666181616355885,0.26890284063093844
3014,0.043953254374945475,0.2797308036950255
3015,0.05059351719075133,0.2662262362598317
3016,0.039917408833663404,0.26660333882629766
3017,0.03899596420453859,0.26751980646948936
3018,0.04056541560058171,0.2615458566237178
3019,0.03845819952608441,0.2702608506152807
3020,0.03778839862125786,0.26986201288161543
3021,0.03922937189283078,0.26875498598340347
3022,0.0394406180986141,0.26432191785798104
3023,0.0394739303732071,0.2635434315779345
3024,0.039745657658539026,0.26742086578293695
3025,0.04016703207448377,0.26860103983512823
3026,0.03923354681777272,0.2737477215138559
3027,0.03979670638173936,0.26587231129579564
3028,0.039909913100380986,0.2689758218341157
3029,0.0393629592530035,0.2704362268568202
3030,0.03904309655383516,0.262544149384759
3031,0.03962203346006813,0.2673310452901335
3032,0.03866744556273209,0.26050694273741926
3033,0.036068428507071815,0.2655594060604367
3034,0.042686733479218905,0.2656783402430512
3035,0.041938042083479794,0.268655059214511
3036,0.039446269904235,0.2681572562941871
3037,0.03880803610326418,0.2659789385219334
3038,0.03984950829181864,0.2632671244312735
3039,0.03981036532315012,0.26636742301714966
3040,0.04021682803018839,0.2653345908500243
3041,0.03930303880104421,0.25716485288086943
3042,0.0392434100509199,0.26618911061268413
3043,0.03971746502359562,0.2708329713958634
3044,0.038977742242565463,0.26167670903921175
3045,0.03747943319731805,0.26911168441151584
3046,0.04021587656888239,0.2641672042754083
3047,0.038490210471246705,0.26685950303174616
3048,0.04063239747675603,0.2650894782787965
3049,0.038422785321754034,0.26581386254551803
3050,0.040801908568543044,0.26736169262167053
3051,0.03979236042194843,0.26825942155844834
3052,0.03850272789945578,0.25909355763832176
3053,0.03833146647465265,0.2679506413034576
3054,0.03990724402722195,0.2679463809917645
3055,0.04136111064954973,0.2641329603328026
3056,0.04702448159016294,0.27239726255418295
3057,0.040533387697933354,0.2675471234156856
3058,0.03967305542336109,0.26878912397415283
3059,0.03891357675462735,0.2686842827256735
3060,0.04142437707553443,0.2687513352431227
3061,0.039725030375550065,0.27334144960408285
3062,0.03970620851618129,0.2635004341560956
3063,0.0400359488035843,0.2716253809593468
3064,0.03961619928764626,0.26927863616247794
3065,0.03788209616778206,0.2705016395565276
3066,0.03844553914317537,0.2648090693690745
3067,0.03820562092418081,0.2661983409688429
3068,0.036570804127504374,0.26633259899425366
3069,0.04047323623836805,0.26703508666132975
3070,0.03808106184035641,0.26401863154864486
3071,0.03930001259957939,0.26610932421302363
3072,0.03710809519010745,0.2697434564666684
3073,0.038793973236599534,0.2670821494182332
3074,0.039514074044630455,0.26560192153961887
3075,0.03885507722624303,0.26957268599793827
3076,0.03874560349561501,0.26400872637403316
3077,0.03987670047098845,0.26457413935542007
3078,0.04019331759553143,0.26133210438975946
3079,0.039798343571752555,0.26435787243448355
3080,0.03904638922916811,0.26712532901089364
3081,0.03789473277001897,0.2625499101190204
3082,0.040128679863254024,0.2651917813502007
3083,0.03828915809280525,0.26399942574195
3084,0.038878630707888474,0.26589342071704103
3085,0.03930020217548959,0.26690674904675415
3086,0.03718978969257487,0.26943129723497306
3087,0.037591520771004444,0.26259332251367795
3088,0.03848612406816091,0.26863023172525397
3089,0.03585634654046796,0.26959771795753656
3090,0.0395415397869902,0.26983169521045014
3091,0.03823102963270235,0.2647822579238617
3092,0.03770452054826177,0.26938927788157524
3093,0.0415865261461817,0.27070390238244285
3094,0.03881451719412631,0.26387993870268167
3095,0.04025412170841226,0.2695519877198224
3096,0.03766647144933043,0.27124356207072514
3097,0.03674373368088353,0.26470482838706666
3098,0.041880674825860116,0.2686205241906592
3099,0.03618729864602574,0.26581026890642845
3100,0.03948443028959098,0.26212558264545555
3101,0.03845945564200143,0.2663824679881394
3102,0.037918803677574914,0.2613843244455883
3103,0.041313616477110376,0.2652881533354332
3104,0.0389697459394932,0.2591663263267162
3105,0.03893798671872092,0.2712687341629878
3106,0.039384199485045485,0.2671285714389004
3107,0.03824157523867385,0.2661372800082536
3108,0.038182411193928435,0.2685044548635642
3109,0.038301264995173244,0.2633605462893792
3110,0.03842696848232954,0.2667797734647636
3111,0.03623079965500798,0.26327819906393907
3112,0.042395872564208625,0.26716173142514904
3113,0.03928096219291835,0.26509448322932594
3114,0.04105757352829262,0.2652132699454005
3115,0.037604348752060784,0.2641654266616088
3116,0.03857978856231088,0.2678727249032482
3117,0.04169281897073461,0.2650759546270187
3118,0.0372735937134475,0.26945471808172694
3119,0.03843718841564055,0.2712101909273891
3120,0.03980608432812202,0.2688914061491847
3121,0.03992478159601371,0.2677241234336547
3122,0.03860800182398996,0.26927527442492355
3123,0.03876649172501177,0.26868809943024463
3124,0.03763423410286877,0.2699067732410789
3125,0.038385050229930405,0.2666883488660287
3126,0.036874231675401825,0.26694512523511543
3127,0.039079569143640386,0.267093383524954
3128,0.04142703074925541,0.26285429719378794
3129,0.036722097025716265,0.26596336389460734
3130,0.03888012119369186,0.2659934720217027
3131,0.03882656662262804,0.2703447750297718
3132,0.03777460977776496,0.26885266719965273
3133,0.03617622992981502,0.2704409384056597
3134,0.03756720019881103,0.26161223638397285
3135,0.036215812907099805,0.26881403149148286
3136,0.043959162563014506,0.2651022979720576
3137,0.038982552416245646,0.2605109571701594
3138,0.037070693038511224,0.26802650120789295
3139,0.03610874971695361,0.26630494395310345
3140,0.038644981793769635,0.27639699388742484
3141,0.044483715270757486,0.2798079681903263
3142,0.03970166718083645,0.26513945840632885
3143,0.039372012183446846,0.26836741528079866
3144,0.035774206024210456,0.26794928435839954
3145,0.0393937695033103,0.26592508911630985
3146,0.03910268481575823,0.2669656705700443
3147,0.038126901565035,0.2728420819467694
3148,0.041718558138789254,0.2668908509387888
3149,0.036220228389547214,0.27254608576378464
3150,0.03568784494226708,0.26861994678886053
3151,0.03705955279558736,0.26891391253787733
3152,0.039568667332307315,0.2717335195970058
3153,0.03749756312798341,0.2660374213908745
3154,0.036478451813369346,0.2719133471873461
3155,0.038859819330634725,0.26537493545014634
3156,0.0383832289819975,0.2721798043530741
3157,0.03835474956116085,0.26970751542885135
3158,0.03653545344529736,0.2735452923057707
3159,0.038660753942898474,0.26342341873102415
3160,0.037530338570598024,0.2657260381375547
3161,0.04216145000235751,0.2640188485197942
3162,0.036447033571089874,0.2760214686375159
3163,0.03647856611497705,0.2759771666566203
3164,0.03829307306651424,0.27532853701716536
3165,0.03710094516625518,0.27468440136252154
3166,0.03685941329088649,0.27094311935172605
3167,0.03485378841788399,0.27128266109221266
3168,0.0381458239583512,0.27568517354390987
3169,0.03818169974674627,0.27295113343168154
3170,0.036800139594995035,0.27879645816334986
3171,0.03824862666244126,0.2731290152706322
3172,0.0379850537098837,0.27149179156812164
3173,0.039794993867412,0.26498138957234135
3174,0.036855215908083334,0.2726673862351353
3175,0.03684691525180618,0.27132291504387324
3176,0.035333978790664924,0.2712762731350775
3177,0.036576141799203786,0.2675286092273707
3178,0.036586247295587564,0.2750512735084714
3179,0.03703524423061702,0.2745104707506713
3180,0.03705201449671162,0.2688208515353419
3181,0.0365317096129713,0.2723000273717266
3182,0.03695639231526789,0.2698267506806478
3183,0.034604802907664205,0.2747929390883661
3184,0.03652521381117714,0.2734092810231012
3185,0.03962495692216096,0.2761504286557964
3186,0.038224507233455496,0.2726482369760677
3187,0.035696523680317165,0.26759772974984214
3188,0.03479424241307861,0.2743602384453194
3189,0.034803126475901204,0.2731767110761638
3190,0.040535758162395054,0.2688710554281983
3191,0.03430599002726117,0.2697627871610046
3192,0.03505634488542035,0.2743892657885141
3193,0.04276555230909368,0.2718776666622152
3194,0.03496907319523067,0.27323488969775606
3195,0.033696226092664275,0.26582021586592947
3196,0.034379209827082896,0.2682375925777472
3197,0.03489298341247514,0.26869452136690947
3198,0.0413725167689718,0.26780421125570003
3199,0.037726966308974666,0.2651430924752093
3200,0.03503421112552818,0.27254095599624667
3201,0.03481210239849494,0.2780105768280634
3202,0.033546095588801964,0.2703232661281588
3203,0.03281768443819317,0.26921088423110817
3204,0.03977185347950835,0.2729957446198308
3205,0.04016303093130498,0.2771827645960784
3206,0.03492590015332897,0.2699338748752155
3207,0.03287951195246475,0.2679983372078648
3208,0.04578654879850456,0.2676855336780725
3209,0.03513533420043635,0.27496046855015677
3210,0.03222247899038129,0.269343844343162
3211,0.03539583888011693,0.26690850402498856
3212,0.05194213758184417,0.27331197592154083
3213,0.03743500613122525,0.2728242727594223
3214,0.03389098477104512,0.2762514664352128
3215,0.03621254549004572,0.27756833659642355
3216,0.03461494026790502,0.27379556537029226
3217,0.033790131697907254,0.2741140963267906
3218,0.038387517009677984,0.2727272573408185
3219,0.03751487283873798,0.2694188217470446
3220,0.03460495595917159,0.27089818210932914
3221,0.03422426294242705,0.26823636857709754
3222,0.0390248645177331,0.26694259529783
3223,0.03458354544138081,0.27006355750131295
3224,0.03320639895850325,0.2677952886709603
3225,0.03851700132202179,0.2672344379815563
3226,0.03380077583399152,0.2727676986850649
3227,0.03232671889887392,0.2739983053568012
3228,0.034953235098174565,0.26894055883517937
3229,0.03906245431085126,0.2710561942252378
3230,0.03129072075532234,0.27170922141464193
3231,0.047307874983964,0.2671135721056674
3232,0.036406534461493424,0.2725577052504971
3233,0.033784034991211416,0.26879352425964775
3234,0.03776319289666595,0.26841081330452565
3235,0.03700145440722904,0.2711217135329361
3236,0.03544325784192319,0.2735288473783263
3237,0.03384704939579919,0.2771246406500142
3238,0.032417962505695855,0.2692280934547993
3239,0.0443755120160679,0.2716424271163987
3240,0.03805841951459602,0.2747104409988788
3241,0.03505975233654826,0.27494929801176166
3242,0.03257545780890348,0.27256175932012394
3243,0.03682969996902472,0.2758907795077948
3244,0.03321395892266474,0.2741974519956795
3245,0.03448865843497529,0.2713892293195562
3246,0.03309349534759879,0.2743083070791044
3247,0.03554745555752769,0.27725515115302257
3248,0.0365354229481046,0.2743423243746393
3249,0.034806800386666,0.26880259105584864
3250,0.035047345609549974,0.2713333661934321
3251,0.03299499104899301,0.26942342853548346
3252,0.031664254729787004,0.2732020702091919
3253,0.03674427966166614,0.27395532662459837
3254,0.039054869625938085,0.2722067008258899
3255,0.031071678930762413,0.26966332521468794
3256,0.04107492469518314,0.2752010168592537
3257,0.039557865008161906,0.27353061344034535
3258,0.03096114116945575,0.2695246289908169
3259,0.04272059045500644,0.26933524634333417
3260,0.03778012915005559,0.27246305505662805
3261,0.035138652171207825,0.2717954764225962
3262,0.03482018473793686,0.27350782956084896
3263,0.03164150116607998,0.27361441527550723
3264,0.03758219654894863,0.26932494338479585
3265,0.03945117256618221,0.27886340038929414
3266,0.03370473923785906,0.27138110143570904
3267,0.0333455093806769,0.2721491720758889
3268,0.03144948729856717,0.27504248315143726
3269,0.035202469286978934,0.2764781738834077
3270,0.034091903735264724,0.269694712223322
3271,0.03316481408676445,0.2739471077373556
3272,0.03271585745448137,0.27065864582449506
3273,0.03305815468659485,0.27514837422205457
3274,0.03785576878246324,0.272501808233396
3275,0.04318277867725088,0.274135120840691
3276,0.03554745048150472,0.2721329781934384
3277,0.03223330407096733,0.2761440037070235
3278,0.03441695040557265,0.27257902571274506
3279,0.03247093823841278,0.2732888764694647
3280,0.03596793163588065,0.27262138930262525
3281,0.031159263428524226,0.2755688909894248
3282,0.03731171119719536,0.27382411891364344
3283,0.04206165173334624,0.27546194249093436
3284,0.034161254927188626,0.274132743175794
3285,0.033136904796885934,0.27463007415867086
3286,0.03302613622410883,0.27460375638174467
3287,0.032339429025907876,0.27311365499868967
3288,0.03439849264481727,0.27494619114719787
3289,0.030319491556664146,0.27614236450391777
3290,0.032701853004427,0.27299702739647186
3291,0.03224951811364943,0.2734855933782187
3292,0.04412349790354543,0.2726454144101645
3293,0.031778003119199476,0.2792836964435646
3294,0.032893705957011986,0.27667660520303466
3295,0.03179603127610391,0.27490421388397257
3296,0.031177266341154773,0.2758002145184154
3297,0.036903373986866876,0.273064655844265
3298,0.039324228409209606,0.2737380384506594
3299,0.03180500217515309,0.27147825622694116
3300,0.034665831820842104,0.2691765663766221
3301,0.03526742736900304,0.2685438199525759
3302,0.03365657634367838,0.26905862958160437
3303,0.033820925621461495,0.27265990907272125
3304,0.03539258964224258,0.2726154994373785
3305,0.03316316486334223,0.27386671195166973
3306,0.03207587161350158,0.27441916710729203
3307,0.0330736035083866,0.27023697354841375
3308,0.03463146084724983,0.27285916157106604
3309,0.042138871285753526,0.27637749173122106
3310,0.034923570979951545,0.2767118622578967
3311,0.03135575426715832,0.26792768136478445
3312,0.03171401091831697,0.2772534119633105
3313,0.031468137752300486,0.2738099998729737
3314,0.03312698040271888,0.2779138740907189
3315,0.031568218281129726,0.2772760328854696
3316,0.028940667086865605,0.27170197175800365
3317,0.039728171395758446,0.2735023096642278
3318,0.030805972533880503,0.27218539016754745
3319,0.04545170176791537,0.2724684133179098
3320,0.03540630936318673,0.2725476917228749
3321,0.03207355557592055,0.27890336664394716
3322,0.032454608663137804,0.27506531094435543
3323,0.03515974899978818,0.28014599061469453
3324,0.03320701441831508,0.27883788582295876
3325,0.0323177252730182,0.277084462287179
3326,0.02906738747658488,0.2771720973699148
3327,0.0348762297529745,0.2756021158640073
3328,0.03151163772407402,0.27214875642423547
3329,0.03205242757589854,0.27500846719451516
3330,0.036352644469313904,0.27329215715693417
3331,0.02930277661671495,0.2761090482655017
3332,0.02943019873289196,0.27997958189484007
3333,0.03592567358548848,0.2783450963838703
3334,0.03308905354754631,0.2759972006259356
3335,0.031348826112525645,0.27731193729385695
3336,0.03301932619695059,0.27495784751645286
3337,0.0384856336300869,0.2724988298448457
3338,0.03189763304214168,0.27514553779997347
3339,0.03185324123116404,0.2805284871212423
3340,0.030761530682141824,0.2742691791070615
3341,0.033478680309277906,0.2778423935689204
3342,0.03705643672334502,0.2787028376897656
3343,0.02844646367334859,0.27506646987882943
3344,0.05286813122788032,0.27323378488647354
3345,0.03217403760285574,0.27193306651021526
3346,0.032032999542417846,0.273707819725807
3347,0.03168342181909123,0.27384165553529843
3348,0.03211837398808559,0.27731556815679276
3349,0.02943757955943231,0.27700923944947103
3350,0.03151594574186492,0.2781758916726041
3351,0.03491618887656473,0.278618267481214
3352,0.032245950189931954,0.2736635453711563
3353,0.026305386342853117,0.2752262770101679
3354,0.030636756861458322,0.27436726636233705
3355,0.03447962020204481,0.28086778354392383
3356,0.02990062579583017,0.2761306418337887
3357,0.027658334264093913,0.2781137734218027
3358,0.031106586894859473,0.2786791637370562
3359,0.03583850207818635,0.2789472675068712
3360,0.03337621799638968,0.2799347215394421
3361,0.03219892858408215,0.28244237311508735
3362,0.03146063813757569,0.2787800305705205
3363,0.03214609119889247,0.27564170452513953
3364,0.03105976498267646,0.2773915174341127
3365,0.047369344881881915,0.27401062531965265
3366,0.030431444319228396,0.27724422327987097
3367,0.046650651004792765,0.277376039692771
3368,0.030437277694503415,0.27608902131238877
3369,0.03178156329708576,0.2829471593496168
3370,0.03127195698655087,0.27458615862840907
3371,0.03411883642804711,0.27624740146301513
3372,0.027843713462669163,0.2757212556712354
3373,0.02847999669221431,0.2788317379961666
3374,0.029876038465793398,0.27710829997155106
3375,0.03038241794953702,0.27662167792595477
3376,0.04005667429205132,0.27730362492169003
3377,0.029060049928977223,0.273374315721886
3378,0.0329901821591157,0.2775679324268479
3379,0.03332343034270461,0.279478718926878
3380,0.027483710265958857,0.27547952000661624
3381,0.03384566820936131,0.2697051670187334
3382,0.03580688954556573,0.27518072232981056
3383,0.04265165888358087,0.27065458125415637
3384,0.0340276169481225,0.2720178307097659
3385,0.031290547935372406,0.2750815627352682
3386,0.030246058327942093,0.27931106024411523
3387,0.02880780887558476,0.2740245459775562
3388,0.027423273389454765,0.274875939990513
3389,0.027104942218228272,0.2762573817433402
3390,0.03366182706879967,0.27744298996610256
3391,0.036212463936546875,0.2775997446152797
3392,0.030232635704370462,0.27928601062646635
3393,0.031049036005443943,0.2790397310022535
3394,0.03206137460514131,0.2780141920712489
3395,0.030495641599020535,0.2763279531540738
3396,0.029873874510627108,0.27738984950835777
3397,0.03038088549912532,0.2762431707103895
3398,0.028399766976812388,0.27829104458695486
3399,0.03149122997787103,0.27947027179821615
3400,0.029183138618006237,0.277946754373704
3401,0.033119532899784934,0.278692766794209
3402,0.034756323613362824,0.28020141855507485
3403,0.03243119486470901,0.27555394501629815
3404,0.026851473279466735,0.27841278419163207
3405,0.028477354561945323,0.28130283912723303
3406,0.027324141557123312,0.2809460294879033
3407,0.03141506545989858,0.27480843642738967
3408,0.03169704305722461,0.2821022159345789
3409,0.026272934675508827,0.2781233525170763
3410,0.026429587946446696,0.28065383996899584
3411,0.036038468265483105,0.28129157765321994
3412,0.029224972039861134,0.2835866551909915
3413,0.033270392174130664,0.2800347350754662
3414,0.031145116659427787,0.28185025597806523
3415,0.02709987163284719,0.2805869239789138
3416,0.03184404311759171,0.2780931233855815
3417,0.0284022205964786,0.27921774476875577
3418,0.03514618041136523,0.2790166166458767
3419,0.0312952932615406,0.28004096509589216
3420,0.03406207430426179,0.2796758455930946
3421,0.039912969253753885,0.27647623708498353
3422,0.028667711359596,0.2835703022477402
3423,0.028981257025146166,0.27547395032660715
3424,0.029972990727520795,0.277593785350294
3425,0.02983611286966781,0.2832651114142443
3426,0.025835818637142266,0.2783704351611313
3427,0.027592248926290336,0.2813956591559401
3428,0.03180512259740386,0.2818164253235168
3429,0.029697442053143737,0.2815573416600308
3430,0.026226911538723297,0.28204114273457603
3431,0.028388840238835394,0.2797303565879419
3432,0.03631666306372782,0.28138951482044033
3433,0.030116645864422902,0.2802181709351797
3434,0.0299404134521743,0.27810372651676757
3435,0.032587510871247054,0.2783040618722485
3436,0.03151007131987417,0.27505783695124536
3437,0.03554391644132538,0.28398178721357775
3438,0.033195156106632435,0.2815522262409041
3439,0.02801265241522136,0.2827607765168609
3440,0.027179073202684204,0.27930011111127223
3441,0.025932620172809184,0.28055754736297567
3442,0.0276059082314668,0.2764452180308866
3443,0.03193193795328941,0.2846776633222509
3444,0.028413079798247375,0.28070803612220396
3445,0.03251177766835893,0.2816629707549827
3446,0.05258792248212428,0.28454327614807706
3447,0.028687847650354464,0.2902459580112382
3448,0.032509061523068226,0.28166931471850254
3449,0.02935502386336168,0.2842578888314904
3450,0.033384693312651745,0.2835543831289456
3451,0.028375712801394365,0.27967325835840423
3452,0.03682871161381653,0.2815507663356715
3453,0.02731677747847151,0.2766474237845252
3454,0.02836360798931133,0.28145939704339257
3455,0.026447584534846868,0.27939513363514085
3456,0.028186776023742487,0.2836204340110095
3457,0.029543869980469786,0.28154995769895025
3458,0.0267603742306985,0.2810282432858618
3459,0.027207290986535695,0.27894480522657905
3460,0.029412824117640252,0.2841934402814883
3461,0.03269820709640248,0.284588086810371
3462,0.02839937938794858,0.28183769538643594
3463,0.033927324148651405,0.2795618362599006
3464,0.0428070870518353,0.2708461070285375
3465,0.027684866392272876,0.27464164930766066
3466,0.026011336931452578,0.27416929325165323
3467,0.02811354417467319,0.27624307356581435
3468,0.02866312630294042,0.27651194938281737
3469,0.030775405213541707,0.27696253167092366
3470,0.028312196134235725,0.27577320484891127
3471,0.031507429896111584,0.27863195866849094
3472,0.032553207004414164,0.2735301150558482
3473,0.03003107452858868,0.28309188455300455
3474,0.031409280591288245,0.27436149090334794
3475,0.0262902446714356,0.27922009038545986
3476,0.027292947176761024,0.2784364690405687
3477,0.032620627949937475,0.2788016158896509
3478,0.030433800110535404,0.27299469964438083
3479,0.028947192179074453,0.277314857431401
3480,0.030324756109257694,0.27554953881585015
3481,0.029487591321157535,0.2766719117158619
3482,0.030504812980186514,0.2785480894510506
3483,0.027268141997578967,0.27587497194495786
3484,0.026874228559500366,0.2818998958404834
3485,0.03065471240687274,0.2767192715503725
3486,0.03169140616475015,0.28017322686062374
3487,0.02376049498124549,0.27574043298504763
3488,0.025491946544762546,0.28069682285706243
3489,0.02648097790697986,0.27256315075122145
3490,0.02626806446757962,0.27844678232574965
3491,0.027194387570786953,0.27515732815073907
3492,0.02575295140390389,0.28151791176619917
3493,0.030927624060418383,0.2756351348712638
3494,0.02656097689852229,0.2786063189653291
3495,0.0257911046572398,0.27536425409812165
3496,0.027290139553331046,0.28223291055497807
3497,0.025483098272485183,0.2777297725349876
3498,0.026413993569134132,0.27901384236017546
3499,0.028441076528185363,0.28106974597786394
3500,0.026317161741205006,0.2793628109749554
3501,0.018473858417118613,0.2828362821927565
3502,0.04547066087178244,0.2778289684041419
3503,0.031371738852806606,0.2813108103036818
3504,0.03546724296924719,0.2798528141003495
3505,0.026941891452100908,0.273881049883159
3506,0.027960288865112926,0.2764477450372523
3507,0.02945838561883974,0.2779023322718554
3508,0.029487314788749847,0.28031752716435493
3509,0.02401766020990574,0.2808676521344841
3510,0.025289208547943774,0.27947132174465605
3511,0.023466079874584,0.2799478995511766
3512,0.032124934299793496,0.28247099357370314
3513,0.024671151082096623,0.279993408538687
3514,0.022270196851529686,0.27834811737263
3515,0.023434263169294926,0.2805512319147544
3516,0.024546502801669444,0.2743577604126676
3517,0.024815070370628564,0.28183944171610953
3518,0.024141937643349716,0.2820583972299787
3519,0.02346356559415119,0.2834413258115856
3520,0.02551728873874835,0.274373598927138
3521,0.036670382006417944,0.27924643694604284
3522,0.030977512761356036,0.2724072422357504
3523,0.03078239994322469,0.2768314938859504
3524,0.02783384305113955,0.2829152958745596
3525,0.02448823444629428,0.27764186016431547
3526,0.029032543267927178,0.28298499811283234
3527,0.026790485400040684,0.2792326235684663
3528,0.03346584972303655,0.28444426381623816
3529,0.026025758552738545,0.27766123393246406
3530,0.02810300698743056,0.2814397913107891
3531,0.027343627633084178,0.2804351229215351
3532,0.02514425556302357,0.2807060016339611
3533,0.028739886172296152,0.27647167457288513
3534,0.029109295116627663,0.28032604726064997
3535,0.028639857220509456,0.2786495504764861
3536,0.030108408397188563,0.283372762841914
3537,0.024930034857633374,0.28283629484259504
3538,0.02897778721555453,0.2833766714435726
3539,0.024943641677939776,0.27968562708211486
3540,0.024365801051980312,0.2828169446276827
3541,0.026817917439041314,0.2806358637524139
3542,0.020903641801683887,0.28357140326627145
3543,0.020772356902641228,0.2818883041293952
3544,0.03585893722249986,0.27696342613652414
3545,0.027348828071563573,0.2805712134179007
3546,0.028181018465339904,0.27866188578084594
3547,0.02135820826763913,0.2791205115877522
3548,0.04303369259545879,0.2816333435728086
3549,0.030835564174937966,0.27848121287346334
3550,0.027829659007821386,0.2787035150505609
3551,0.023171593318877682,0.2782592887630503
3552,0.02421312541607325,0.28100443386691837
3553,0.027043603880936795,0.28007238293937725
3554,0.022805863365576655,0.2783481814384733
3555,0.02089533985869365,0.2807460748988129
3556,0.023716912383163567,0.277449693926772
3557,0.023254594366596926,0.2812387232231217
3558,0.02816990769422789,0.281464020021373
3559,0.02191257214303069,0.28117261087542483
3560,0.022524050665502234,0.27512092353700834
3561,0.024468527824724605,0.2855968732876018
3562,0.0182697319561229,0.28110821922612367
3563,0.024950348807011895,0.27986442329801603
3564,0.02449775203909644,0.28117558959553723
3565,0.026272298883736243,0.2829306458187225
3566,0.023505790669404215,0.2803624553399239
3567,0.02412944468610026,0.28369858441016266
3568,0.041923406387183365,0.27981881654302576
3569,0.027160915890435518,0.28413080288066966
3570,0.03184507314391558,0.27733447719409643
3571,0.022358985816595664,0.28163383013582355
3572,0.033517706414144734,0.2823382799504709
3573,0.029651596642359612,0.2815117033434221
3574,0.026903780416959844,0.2809770068214776
3575,0.024860719691717263,0.2832678680224506
3576,0.02149477575631087,0.2783560630789115
3577,0.02910168145393444,0.2768198961447675
3578,0.02617080331835569,0.27947442532494216
3579,0.02154433272539553,0.28157138519119024
3580,0.021097972240981804,0.28285529106865676
3581,0.03272666216955118,0.2862473041440148
3582,0.03875783440905077,0.2837164874072389
3583,0.01995983333382184,0.284680865598179
3584,0.019584540431183763,0.2883239944471516
3585,0.019785285391107094,0.2816796490880655
3586,0.02670644041999707,0.2846098526397476
3587,0.01825803648702903,0.2789965001149444
3588,0.022688704752059485,0.2827460390599267
3589,0.02125997192907376,0.28324766679436636
3590,0.0187165850115778,0.2835712325662616
3591,0.05373674069606546,0.2850429048648706
3592,0.04078304628041744,0.27974026019213283
3593,0.03702027386736926,0.2837868589357415
3594,0.032818569654309036,0.27956335753086986
3595,0.028670552626221268,0.28171860484655104
3596,0.0523434140425383,0.2806246379646169
3597,0.03997117458115237,0.2845570321968922
3598,0.027650233787772885,0.28097179652049364
3599,0.040914902114841875,0.2816879771184193
3600,0.021855140020033244,0.28211766234065794
3601,0.020006163955354588,0.2823702512874292
3602,0.03646176282150884,0.2820748289581421
3603,0.024310114766143323,0.2860785195475256
3604,0.019125527568899695,0.28188360061948053
3605,0.017203001784537035,0.28334933469548335
3606,0.0687525693622172,0.2826846136012349
3607,0.026484319176790325,0.2862454055176634
3608,0.048310892657724244,0.2834871458873765
3609,0.04520475590361791,0.2816101613741421
3610,0.043547134602602705,0.2780440568075736
3611,0.041812033026057106,0.2798229400196137
3612,0.04134421143153432,0.2824681368499246
3613,0.04262217365686395,0.28280474717873433
3614,0.03932537553531176,0.28600396241798015
3615,0.04184473433431202,0.2833395530274327
3616,0.042578507109581096,0.28222937133502213
3617,0.03890836689315323,0.28213680694058196
3618,0.03841879519038813,0.2834155474434544
3619,0.035651701495728466,0.28269002874466476
3620,0.031004055658801877,0.279916520082283
3621,0.021428146394809344,0.28421339733313283
3622,0.037017795096295505,0.2840101837706168
3623,0.043918808929540046,0.2837922605677597
3624,0.03634344006789954,0.2826349282748966
3625,0.029112456825774468,0.28265264175859367
3626,0.02958514773691549,0.2792106291663669
3627,0.02074079117938719,0.28426739888496955
3628,0.020007908776180326,0.2835049412602898
3629,0.05328636659354502,0.2844286663258414
3630,0.03197011546317314,0.2842299199118113
3631,0.02472974881980169,0.2875129050931289
3632,0.02579810211383873,0.2872380715026077
3633,0.05065783074220241,0.2814216125986004
3634,0.034168754385444255,0.28250305708270923
3635,0.025098017784221,0.2825326053842222
3636,0.018882853880367926,0.2862276806151959
3637,0.018211815936797854,0.2852153534642417
3638,0.01896468362476646,0.28615461409936493
3639,0.02041042974223738,0.28155201743522945
3640,0.02471780744437394,0.2856724419947321
3641,0.024324376363958275,0.28563445277179605
3642,0.03982697508904863,0.284435112195431
3643,0.017181337348097576,0.28486947885745656
3644,0.016176481225530778,0.28452383142945864
3645,0.01641930175795071,0.28212014901141846
3646,0.016406180207014807,0.283544567867475
3647,0.016054544612157464,0.2880751787094997
3648,0.015692981570116834,0.2828951737504174
3649,0.015676790839244923,0.28350656093203125
3650,0.015461382934028323,0.2816910379670882
3651,0.01544504764015232,0.2858252352611732
3652,0.015348593159210784,0.28415556249215906
3653,0.015619136543087978,0.28362703294640845
3654,0.016599147638496008,0.28192790721930017
3655,0.01638699886667931,0.2868732762936119
3656,0.016820555801149776,0.2839280890805271
3657,0.015646143928123565,0.288022803343283
3658,0.015804088381743287,0.2796704753780313
3659,0.01624312738577846,0.28568474132792854
3660,0.01625803248691796,0.2834713399588232
3661,0.028218191925287146,0.285605791897795
3662,0.055638502498720384,0.28097818930598367
3663,0.02709690669966473,0.2828707782972901
3664,0.020389120002597697,0.28486934758733157
3665,0.016307780256659875,0.28145768048154535
3666,0.015557841457504044,0.2851924951499468
3667,0.01587364320898861,0.28347799178323196
3668,0.015551869504319369,0.28724779898295805
3669,0.015294277243203945,0.28330134185536776
3670,0.015374067679748828,0.2844746204579489
3671,0.015331551440979483,0.2813497381284817
3672,0.015117655852484507,0.2843763618930145
3673,0.015335358890448144,0.2856799094895967
3674,0.015160602259553032,0.2822734728838565
3675,0.015155016017975568,0.28446945088937753
3676,0.015408498258004865,0.28368680773469696
3677,0.015824644053213634,0.2841312076183699
3678,0.01640449764718737,0.2836787979034381
3679,0.01816205384726994,0.27935745586385613
3680,0.02262411660323633,0.2792548012316159
3681,0.06827701463649265,0.2831648352789394
3682,0.03677175348778123,0.2779746057861934
3683,0.049426162254806554,0.2797122296366017
3684,0.02110735689600267,0.2830736732467334
3685,0.019628212213694353,0.28005565987688075
3686,0.02156983833023868,0.28154375881730187
3687,0.06769948651139251,0.2769469042637864
3688,0.022280936995422274,0.2771911667161802
3689,0.019993051527198543,0.28175540647397856
3690,0.02022895878560681,0.2795543909261325
3691,0.02190724324177409,0.2838608410629758
3692,0.022681005884553466,0.2850141850685092
3693,0.024065783769879192,0.2808990756620832
3694,0.0203444966266944,0.28353284871889667
3695,0.016744176801327944,0.2814669787353941
3696,0.016667689390812736,0.2817191664239747
3697,0.016054071060849086,0.2828202191246316
3698,0.015703299236988755,0.28523484373687036
3699,0.015534358727707039,0.2821775144220164
3700,0.01600637856582955,0.2837257671477689
3701,0.01621528864523376,0.2856901845766972
3702,0.015942458154397342,0.281418774024744
3703,0.016168695911040296,0.28237519601128774
3704,0.0165203491744209,0.2868718702298018
3705,0.01645946759086029,0.28578228368414454
3706,0.016320454576250545,0.28361164453994114
3707,0.015762664156623623,0.28400981142933823
3708,0.015300777434635041,0.2864334263955964
3709,0.015057406281716675,0.28098406298894973
3710,0.014890758193423155,0.28596678951243565
3711,0.014894063053320977,0.2834439760315934
3712,0.014962775989404301,0.28688980826186916
3713,0.015112076885603494,0.28475256017037504
3714,0.014843499407669153,0.28074956884020985
3715,0.015142527905503004,0.283675820233955
3716,0.01540562024100444,0.28346395745365466
3717,0.01503609735200097,0.2858281622853335
3718,0.01739973532001732,0.2843123042171317
3719,0.016604767163505365,0.28536205222199457
3720,0.016084683565183878,0.2849891597888482
3721,0.015839970044205717,0.2863781071156545
3722,0.01718885059297811,0.28327512714475267
3723,0.015489846062165438,0.28614669255003844
3724,0.015683636277283444,0.28381469515205787
3725,0.015250271698226238,0.2840642417036731
3726,0.015094159893875659,0.2858987219769488
3727,0.016472419576156583,0.28196015990651874
3728,0.01573876329099767,0.2849850737645165
3729,0.05153041620856423,0.27897065117189757
3730,0.04616611113631858,0.2798115450885584
3731,0.04123138257588557,0.28265248854840497
3732,0.043106643662433726,0.27940621851766645
3733,0.04332612707103192,0.28110392624478
3734,0.039298595759753814,0.28091563533695973
3735,0.03814610866875785,0.2798320067711119
3736,0.03717826364084656,0.2823801795980822
3737,0.03572149165494456,0.2825863799807721
3738,0.0338423846451288,0.27853944985602264
3739,0.03335444734523468,0.282461979048827
3740,0.028784629616382656,0.27875159330356236
3741,0.02730052446407469,0.28654680153977874
3742,0.03726702938640884,0.28529712070470115
3743,0.023047864074936066,0.28286651338827495
3744,0.026309197683560444,0.2863000786180939
3745,0.04694599197949798,0.2856563014473105
3746,0.041209649038380466,0.2848626501374399
3747,0.0381187277474284,0.28620404507453256
3748,0.03495165279943181,0.28769936138850327
3749,0.02964923443229923,0.2846998795084023
3750,0.019664871479473177,0.2840517340053043
3751,0.03419889566582703,0.2852044872211282
3752,0.02710489100505551,0.2870214806811367
3753,0.04412499035885857,0.28377228182468106
3754,0.04037471329294729,0.28545409323091586
3755,0.03448523163419329,0.28443922834336305
3756,0.028975865061992664,0.284675491419396
3757,0.028502432787275836,0.28597682746723146
3758,0.019970266588817297,0.2870647970761375
3759,0.016545824794374726,0.28711356430436297
3760,0.017899507845173347,0.28232551384737997
3761,0.01673360807004232,0.28598994346116446
3762,0.01546078856385155,0.2884648262286586
3763,0.01525253597382903,0.28549738589629864
3764,0.01532357228060575,0.2873009078138004
3765,0.01516079624318107,0.28582637525127047
3766,0.015002327430169637,0.28839965674880513
3767,0.015013970527302379,0.28625176593652496
3768,0.01501606211981278,0.28535100080285064
3769,0.015103652461043086,0.2845056161564963
3770,0.015064011476013443,0.2857184568414287
3771,0.015945685016627874,0.29040320619390914
3772,0.015645528851954155,0.29023673665858735
3773,0.015767405961009194,0.2877120135464589
3774,0.015403314810420368,0.2896583745045702
3775,0.01583500703292481,0.28708803249647424
3776,0.01601826395327573,0.2878875617959752
3777,0.01579000718065477,0.29028291763382436
3778,0.015283011397641658,0.287155939374706
3779,0.015229676381571463,0.2873169470361579
3780,0.015030726093025215,0.2880813278870493
3781,0.014939997767773317,0.28879776848621597
3782,0.01489000345652816,0.2868922962455319
3783,0.04158706575302286,0.28707690978285655
3784,0.05779949365707985,0.2895275857190555
3785,0.022260521096068756,0.2884875372673302
3786,0.034483469483398504,0.2880143713370219
3787,0.04631966033753023,0.28274070701521786
3788,0.043642803960602154,0.2830217298723443
3789,0.0426622604785389,0.28418079955542974
3790,0.04220287014954072,0.2856481812547666
3791,0.04164766045981403,0.28452864738948813
3792,0.039778470100050825,0.28163422710590297
3793,0.03935650552643179,0.28441131372874817
3794,0.0384694994760083,0.28328865362723094
3795,0.037449578979825836,0.28272120504623566
3796,0.035405428139768526,0.28496854672803745
3797,0.03502245287835718,0.28228722866650985
3798,0.03389105326616534,0.28138800055352875
3799,0.022434424522851264,0.2842937631932151
3800,0.021475351790555024,0.28298912807681315
3801,0.053465645348768256,0.28295495617476385
3802,0.020265951683974916,0.2865176287393909
3803,0.017150427919763903,0.28702524715283834
3804,0.015811720000948173,0.2836788627204285
3805,0.015217913609237512,0.2859048513319594
3806,0.015087987982252901,0.28493284658528933
3807,0.015463160327547378,0.28538570422462745
3808,0.01505457364783575,0.2865192002797024
3809,0.01507628052298012,0.28450388754210815
3810,0.015079591127295271,0.2871881993446764
3811,0.014782998596481241,0.28640923468329105
3812,0.014712712862210348,0.28873623577837276
3813,0.014951634447221165,0.2887223874852492
3814,0.01496485740241611,0.290416739990276
3815,0.015406178829885524,0.2902613553999731
3816,0.01531015907120267,0.2890700317190794
3817,0.014964562099262028,0.2889010632540228
3818,0.01492362746198518,0.28858483764866194
3819,0.014934593363818402,0.28699563531285743
3820,0.014989334782408164,0.28764537962414105
3821,0.015141832317767204,0.287308264306297
3822,0.014977802353575946,0.2864421724580344
3823,0.0164479325810993,0.2845442460558884
3824,0.015801881289500355,0.2853569991945698
3825,0.016297790354094677,0.2866070519842865
3826,0.01647845504487226,0.2805030886613394
3827,0.01718483223823903,0.28291738992236987
3828,0.016559734668167164,0.2836429985012515
3829,0.02372785647892961,0.2850883495384507
3830,0.04434683234905311,0.2855292351960318
3831,0.039866918956915014,0.28310873276475645
3832,0.03805531694597244,0.28375290398309744
3833,0.03144336246185455,0.28312016114253974
3834,0.02272137663404616,0.280624679111524
3835,0.04850028918347875,0.2813702370694937
3836,0.03450867398539398,0.2806214106886748
3837,0.02538070684084833,0.2830220814294207
3838,0.016016306765844555,0.2850288404434112
3839,0.015404346313903451,0.2850278667946701
3840,0.015311368718135557,0.28424088874491976
3841,0.01543895431028967,0.28336548684530527
3842,0.015116548053498331,0.2824122242628921
3843,0.01582568473103822,0.285145589613166
3844,0.01690005970749506,0.2853973221915908
3845,0.016133272217480107,0.2848873979857155
3846,0.015287100639948554,0.2870059578510544
3847,0.015055972291204983,0.28444295408615344
3848,0.014881091380428616,0.2891855061980428
3849,0.014941137239724652,0.2864856187766404
3850,0.014988119587589693,0.2851048736698109
3851,0.01481640447624846,0.2886882383198111
3852,0.015225410448342051,0.2846700420289827
3853,0.015155752958256394,0.2870478128064741
3854,0.014912999553284293,0.2892470347472187
3855,0.015265961354877062,0.2860923789748471
3856,0.015265029101635451,0.287768217271895
3857,0.01546286744231487,0.28673862562904934
3858,0.014873392005593152,0.28790765435890525
3859,0.014803217817751627,0.289320546042816
3860,0.015131956903691155,0.2849858158809717
3861,0.01526730673914433,0.28830346732428946
3862,0.015186815880789543,0.2849148530399709
3863,0.015314279001406129,0.2902518157198557
3864,0.015205400806186568,0.2841479018746774
3865,0.015333128621688253,0.2901270267735744
3866,0.01534371657397721,0.2891147842454185
3867,0.01525195140616637,0.29087381367466963
3868,0.01680372985860359,0.2865356597834513
3869,0.015938447313372208,0.2888033310975681
3870,0.015428635707678039,0.2891329925342456
3871,0.015406353944894497,0.289458291760137
3872,0.014848937635319122,0.28681077742818945
3873,0.014947311635282099,0.2870457433426199
3874,0.01500375816201108,0.2883871947663452
3875,0.01527232757180349,0.2893285211716667
3876,0.01646586702636129,0.28438614185204025
3877,0.01481695223303106,0.28559115389059575
3878,0.01469545698118143,0.28621371710823357
3879,0.014681630773883628,0.2885412792037126
3880,0.014720214202075536,0.28765100491054046
3881,0.014669972903921078,0.2879927361865192
3882,0.015176195005510642,0.28786667758025536
3883,0.014876092045464709,0.287774012886626
3884,0.016484758140262883,0.290477815981057
3885,0.015462955106318784,0.2902480789287844
3886,0.015763940260978614,0.2873405092795251
3887,0.01602030782605464,0.2875465900828751
3888,0.01526861618041526,0.29061203238297323
3889,0.01722974003888884,0.29095251289109825
3890,0.0444823968226967,0.28689937008065414
3891,0.041475371416124354,0.28684926186705517
3892,0.03871800058522215,0.2869888828119223
3893,0.03725658199253892,0.28542005915960117
3894,0.07307695636576915,0.287619768980436
3895,0.03580650322111464,0.2853400486179255
3896,0.01670741632795453,0.2874403891429135
3897,0.02201114764385783,0.2895860910404099
3898,0.03704215482712874,0.29191408800948915
3899,0.03651661353817982,0.2882619049680174
3900,0.018957859950798347,0.28738025685883595
3901,0.015571568932399043,0.2881263195591741
3902,0.014649123272471334,0.2887243841818959
3903,0.014543464749461506,0.290188675994386
3904,0.014455714797036457,0.29066388645408986
3905,0.014424134817936682,0.2911201676851023
3906,0.014497876249229078,0.28937253487073766
3907,0.014290038664604942,0.29121204660036537
3908,0.014282987667989657,0.28895758442966757
3909,0.014438044970016566,0.2911400268019549
3910,0.014409823712925415,0.291381177180708
3911,0.014601733670672573,0.29110968431688605
3912,0.014375004081102413,0.2909294279567609
3913,0.014501173594253038,0.28847950680392276
3914,0.014282849807613357,0.2869231528048222
3915,0.01442741787576691,0.2901724145611176
3916,0.014678994710147717,0.29056744167260606
3917,0.014606129548730203,0.2898021016335419
3918,0.015088084184904064,0.2897900607868761
3919,0.014691906379219865,0.2903286005046536
3920,0.014475983358942606,0.29040870457677004
3921,0.014374708022233548,0.2913546915188265
3922,0.014267215461311152,0.2898610406319763
3923,0.014304683624127318,0.29184838996816626
3924,0.014297752942975786,0.2891002552206331
3925,0.014446608945307684,0.2918434814293335
3926,0.014316819085455127,0.2901866127528868
3927,0.014544094346388085,0.29306982828801836
3928,0.014983740059218145,0.2884129762446591
3929,0.014874627775828715,0.2907657849446667
3930,0.014898515290140704,0.2910425867364714
3931,0.014757606871193221,0.2863855047295157
3932,0.0147067583890233,0.290404843000641
3933,0.014563937861968268,0.2890801184374219
3934,0.01442778509875743,0.28917737585534137
3935,0.014273455006572284,0.2921008692460661
3936,0.014346603122398686,0.28916884259176784
3937,0.014966786667210439,0.28990392928769243
3938,0.01451993357875751,0.28864217911577955
3939,0.014528725870440079,0.2903499897595884
3940,0.014699152644845863,0.28819272763011605
3941,0.014797159429521069,0.29039459451451777
3942,0.01481843095896254,0.2896426758727521
3943,0.014903368003575024,0.28919834085524265
3944,0.014546539763797191,0.2910940655796143
3945,0.014522352963345583,0.2906437798230964
3946,0.014612994666551254,0.2891772798577001
3947,0.014684597723315745,0.2929673034217482
3948,0.014432711026171887,0.2891700502643492
3949,0.014790950787047497,0.29282773110952376
3950,0.015027939287299194,0.2884871778220649
3951,0.015170850491584537,0.28941924282725595
3952,0.014837332721599839,0.29100994905445354
3953,0.014383024447464856,0.29172523053820365
3954,0.014450786710451176,0.2880223820820243
3955,0.014053127200186383,0.29209946831391725
3956,0.014139044512318,0.292173411246408
3957,0.014271333517639222,0.2876816834031935
3958,0.014492636807276886,0.28887290853747566
3959,0.0147229926510666,0.29520750651541644
3960,0.09463356772900748,0.29248302108754126
3961,0.0510419565624816,0.28827129005200797
3962,0.028742232575756456,0.2905178762640431
3963,0.037357147034566295,0.28994576633905467
3964,0.01621881403161084,0.2877024499720213
3965,0.01464288669179498,0.28626341292527085
3966,0.014257012021415258,0.2870865757336465
3967,0.014295282712981442,0.2874927477986731
3968,0.014197043782741336,0.29084165973147785
3969,0.014141484578153828,0.2906999762147344
3970,0.014183567747781907,0.28786852491856013
3971,0.014207920697870339,0.2889959555644423
3972,0.014153735877115704,0.28855971966925487
3973,0.014200984993874989,0.2885703060111986
3974,0.014103163781504948,0.2885920962615085
3975,0.014164340694728907,0.28881740681162277
3976,0.014063979958307575,0.287591031478311
3977,0.01414766622400399,0.2908632251220361
3978,0.014170338935967712,0.290046391763718
3979,0.014212858795405714,0.28965539316896327
3980,0.014249324932978808,0.28691129742664057
3981,0.01417248506299057,0.289603571017332
3982,0.01423891188711136,0.28914335102113836
3983,0.014276119193830298,0.29239373179840705
3984,0.014285427109182968,0.2907104708705589
3985,0.014850508104220887,0.2895401823250005
3986,0.014685866379167425,0.288445083288109
3987,0.01456738684411459,0.2903156477972169
3988,0.014502405394044592,0.2902736437726015
3989,0.014286060295128914,0.28950361998423685
3990,0.01440899532144944,0.2890689117823213
3991,0.014239654225514193,0.2877566229421469
3992,0.014314334302081528,0.28979625499482026
3993,0.014294376156023827,0.2895689462527287
3994,0.014393999006097995,0.2887953267100494
3995,0.014352355375871683,0.28600266545518827
3996,0.014455379217854194,0.29179911627837946
3997,0.014325920459256921,0.28687143705357276
3998,0.014511716304637134,0.290422609062057
3999,0.01433033924775176,0.29026485311981903
4000,0.014112155395630235,0.28747734136287756
4001,0.014130891599602626,0.2885066637043992
4002,0.014056418852138113,0.28823629336868273
4003,0.014054529966446766,0.2910143500833567
4004,0.01401197979539063,0.28846124146721175
4005,0.013964371535514716,0.2899006304616573
4006,0.014270299776097098,0.2908624891969412
4007,0.013924507347880801,0.2892825819836143
4008,0.014181121495513538,0.2886424130772428
4009,0.014254043647975839,0.2888439210279887
4010,0.014499145332942519,0.2911727812723019
4011,0.014364317287426001,0.2864968562630261
4012,0.01458600144826794,0.2883812713162573
4013,0.014128399644230507,0.28752990312813065
4014,0.014445055462177328,0.2907502651139535
4015,0.014151133452421586,0.28773175856090294
4016,0.014344459568769957,0.29114343673365217
4017,0.014532308814412497,0.2908630526416709
4018,0.014626775868920756,0.28907786469934277
4019,0.0147084033237179,0.28738407149425427
4020,0.014475942277310439,0.28836663582395855
4021,0.01406737731510605,0.28940943116796886
4022,0.014201667311839005,0.2879405619842732
4023,0.014111435070022164,0.2912883750249861
4024,0.014238564570468204,0.2881471179798131
4025,0.014147289636682015,0.2895202110260942
4026,0.014402378543621098,0.28887445162049874
4027,0.014577277591845184,0.28945603371491563
4028,0.014523250220450907,0.28928205249314304
4029,0.014208771652644057,0.29104446543802315
4030,0.014329927212131579,0.2905166151994045
4031,0.01410640161417822,0.2902285978935129
4032,0.04632061116514567,0.2923930355324856
4033,0.0451441734795895,0.28972440540317845
4034,0.04860708838771284,0.2895141433383179
4035,0.038532948123192544,0.2861829455334069
4036,0.02101539102435653,0.287391639945838
4037,0.014543725073389219,0.29053819042368734
4038,0.01395088964704129,0.28920165363414774
4039,0.01395270807426686,0.29073022246463054
4040,0.013904090151241336,0.2897029301577113
4041,0.013847406332206727,0.2902056554556428
4042,0.013802759420604532,0.288824812722444
4043,0.013804657957959383,0.29288102709048514
4044,0.013795875482308212,0.2916826941353366
4045,0.013896954268922975,0.288723548352662
4046,0.013803835258101615,0.288239406603663
4047,0.01381290308272332,0.29066616620042224
4048,0.01410825973277197,0.28995571265876474
4049,0.01408811371622502,0.2889151030493816
4050,0.014369417071582843,0.2920212818945053
4051,0.014165513098822184,0.2878464288369147
4052,0.014138690187280093,0.29133708612060866
4053,0.013991341284087232,0.29051738333428095
4054,0.013931849212936635,0.29036401287173813
4055,0.014383025619485975,0.29339094734924276
4056,0.014213839411432904,0.28995906601982446
4057,0.014135853862470984,0.2938001219323846
4058,0.013974261309521532,0.2924369206148717
4059,0.014060330940279909,0.289347580543562
4060,0.01423594644033228,0.292006734847601
4061,0.01412221444455939,0.2905423356684404
4062,0.014261476501357858,0.29276569445025236
4063,0.013968758969923506,0.2919165400335906
4064,0.013934460392784835,0.2918644052774568
4065,0.013990884808705362,0.29049314603781046
4066,0.013974931656918268,0.2911406631864238
4067,0.013788396108543299,0.28866525146345645
4068,0.01375515566222912,0.29160381745045977
4069,0.014273281254922774,0.2919135273099176
4070,0.01399134168172637,0.29320255446717475
4071,0.014001717415622514,0.2900195008939571
4072,0.013983056556192858,0.2894102759134628
4073,0.01397092729846188,0.29212185214326775
4074,0.013793433364530368,0.29355606181183835
4075,0.014144359830932525,0.291537819603245
4076,0.014302263240439386,0.29295937985837206
4077,0.01415890645258469,0.2917241111249837
4078,0.014248007206114438,0.2905749300653417
4079,0.013990088047498617,0.2928384998437611
4080,0.013679775796264223,0.28988833307601203
4081,0.013834003017885017,0.28999460237189206
4082,0.013858156443069095,0.2902708082943026
4083,0.013722752228865478,0.29202641579058153
4084,0.013819792279754778,0.2926031234995319
4085,0.013787646841987054,0.28937095140614066
4086,0.013791999267103075,0.28848414875109896
4087,0.014493228701761007,0.2908776144626439
4088,0.013924190066092159,0.2907500107394108
4089,0.013899443648159291,0.2898732570061283
4090,0.01405525652946076,0.2906063900007822
4091,0.01396996596792693,0.2890239615146092
4092,0.04312104679963104,0.28920988404426917
4093,0.04526686305007627,0.28926881949234157
4094,0.014523063352178995,0.2900674807728917
4095,0.01410920195606018,0.29113629825386445
4096,0.013798258383415292,0.28793392990751987
4097,0.013694941718629982,0.29030985551066524
4098,0.013797576416959867,0.2919544157258731
4099,0.013799881254782188,0.2903112791002137
4100,0.013773974597100986,0.29122685812388227
4101,0.013781749948384107,0.2910680787906779
4102,0.013730906494394067,0.2885230009338049
4103,0.013759489746497947,0.2892906390210868
4104,0.01381358770018745,0.2912283317767272
4105,0.013724533658360847,0.2926965318521433
4106,0.014182539408832991,0.2909673235738817
4107,0.013798382389870592,0.2914689603559893
4108,0.013886407320604708,0.29058691184767094
4109,0.013721618123769295,0.2909924868576746
4110,0.013828185603095058,0.29141045208680305
4111,0.013711704046953445,0.2931975766333054
4112,0.013841322058775448,0.2905300294862374
4113,0.014402873783685368,0.28968848723724344
4114,0.01396652654112779,0.2899871211253324
4115,0.013941329123456948,0.28889367864254406
4116,0.01391419412245043,0.29039836733812174
4117,0.013923927920571299,0.28807942376650575
4118,0.013849837948554045,0.2922180445564032
4119,0.013875899611970478,0.29058637983798385
4120,0.013778652649574877,0.2915605760920383
4121,0.013749633294566861,0.28931986284815264
4122,0.013973174526839648,0.28953557238097866
4123,0.014095861713210428,0.2892296370541626
4124,0.014290394993483878,0.28966023572816124
4125,0.013992876703589391,0.29251368648106796
4126,0.013953898120806295,0.28761846734729907
4127,0.013831514810910836,0.29016202986651496
4128,0.013766861837887376,0.28837858167704933
4129,0.013719390879621296,0.2912358174933742
4130,0.013726853328632105,0.28976208606348386
4131,0.013772142112447079,0.28909465254671096
4132,0.013721882919277412,0.28985252439852277
4133,0.013836244699205648,0.2884122183106765
4134,0.013940256253692607,0.29123830306960374
4135,0.013852105966776586,0.292815118732847
4136,0.013766888450240928,0.28979845190683634
4137,0.01394882570817276,0.2919593909090542
4138,0.013798924706442325,0.2937416780938207
4139,0.013871678730932096,0.29169828816575866
4140,0.014305688414425961,0.290627600240556
4141,0.014286041391928135,0.2908390763797839
4142,0.0143608299884245,0.29030068327665015
4143,0.014185001652856797,0.29053161615826484
4144,0.013890889855025058,0.28899009489663635
4145,0.013891811685452778,0.2922360960973541
4146,0.014017424228087917,0.28997192472518124
4147,0.013749442641820753,0.2911934059806937
4148,0.014074827674076546,0.2897738157262752
4149,0.01562635354584909,0.29304346305777346
4150,0.04012964104885524,0.29158357562317966
4151,0.014715290855833374,0.287783555878915
4152,0.01394655913981945,0.2893209672051732
4153,0.013675923335791894,0.2894138165759588
4154,0.013623732022382212,0.2905847488091383
4155,0.013474440002871494,0.29161090041618243
4156,0.01351873352057919,0.2914281688386021
4157,0.013566401694370055,0.290388111229248
4158,0.013772627684422839,0.29124340060419496
4159,0.013719322206135049,0.2903144705942165
4160,0.013496732856371929,0.2901220305817346
4161,0.01359683968633521,0.29033829670306155
4162,0.013516450112812703,0.290442593625089
4163,0.013522692725607691,0.2934646112200051
4164,0.013724568548850034,0.2912398728872599
4165,0.013662049466245404,0.29239498898630234
4166,0.013600223118126137,0.2920603113054148
4167,0.013820318409559473,0.29024275160784424
4168,0.01372512645538475,0.2909559848585298
4169,0.013758291484727604,0.2900792723748673
4170,0.013617911371480135,0.2911179833766974
4171,0.013593920155979194,0.2896771037474263
4172,0.013520876239160512,0.28906709992422563
4173,0.013641228417805146,0.29068166506681764
4174,0.013422297583327199,0.2896035927917373
4175,0.013471275979997003,0.2909331057505367
4176,0.013615160152118139,0.290378035282004
4177,0.013726194207256466,0.28835382784730934
4178,0.01362444045160747,0.29105228944197487
4179,0.01357287812121603,0.2917476656442312
4180,0.013539843423815895,0.2924517874854517
4181,0.013603698001342082,0.29090924732207857
4182,0.013600126645586604,0.2905120872175444
4183,0.013841345484371192,0.2901456700622675
4184,0.013776053351728271,0.29026938642195727
4185,0.013640822907411738,0.29038095091314303
4186,0.01371062530080308,0.2905554638091775
4187,0.013598196859536681,0.2896999614013876
4188,0.013656195003182528,0.28871580668408775
4189,0.013565648565373595,0.28997833498925213
4190,0.013722916452452423,0.2890189525140554
4191,0.01363699519313181,0.29085699927457975
4192,0.013538850780169084,0.29119696559840624
4193,0.013556538944285853,0.2915757637288358
4194,0.013615142377895404,0.2907919802195761
4195,0.013531858992791525,0.2906507386043535
4196,0.013873132238808308,0.29163921681927035
4197,0.013859863075299112,0.291016426045521
4198,0.0138417548581675,0.2907953073008848
4199,0.013845863115555229,0.2898972602452057
4200,0.013914353349990347,0.2895462067850503
4201,0.013568165355050272,0.291969001576954
4202,0.013636154467334833,0.2897140572914812
4203,0.013412211337202624,0.29140045369040585
4204,0.013792681634400946,0.29219229238636957
4205,0.025693557568012743,0.2891073215457305
4206,0.024622346337477855,0.2919589719447511
4207,0.02283306396330917,0.29021526753225846
4208,0.04286476908993611,0.29198549442958877
4209,0.04138229891341883,0.2914570917332426
4210,0.015081788104911183,0.2910415495543269
4211,0.013528460483556878,0.29075805429131146
4212,0.013362809252226158,0.2894165335272397
4213,0.01327297115325513,0.2915236795693816
4214,0.013320457790109456,0.29105248221687996
4215,0.013324269885962761,0.2902396693281021
4216,0.013416291868057637,0.28957641692201347
4217,0.013260342544213334,0.2913152550369951
4218,0.01321241450480288,0.2900183585427184
4219,0.013234990471814196,0.29118970280933426
4220,0.013242713177602682,0.2908904366201468
4221,0.013232533152308233,0.29034989350413154
4222,0.01341052307926721,0.2903329493734719
4223,0.013355377007307124,0.2900540487273755
4224,0.013408947370326139,0.28975599934792023
4225,0.01334579125706618,0.29160969428434486
4226,0.013280012401729555,0.291716271416269
4227,0.013241494596021168,0.2921970695510209
4228,0.01329216110737874,0.29261426692890247
4229,0.013575726482165651,0.29167580256725006
4230,0.013263897525840203,0.2906996168404379
4231,0.013250201461449337,0.291156252970737
4232,0.01321225586615147,0.29159009219300747
4233,0.01344141430218629,0.29141335899080273
4234,0.013485544984472629,0.29003932220137124
4235,0.01329924719211839,0.29270260081673677
4236,0.013265575539357043,0.2912017466585734
4237,0.013251392739315245,0.29206647147778303
4238,0.013168785696320606,0.29171449639788655
4239,0.013250075233591512,0.2927492079957471
4240,0.013181281564814872,0.29222383564246823
4241,0.013325914306418735,0.29190487044785834
4242,0.013531281925713116,0.2907316278385335
4243,0.013309720470310824,0.2914685542136429
4244,0.013353036158708071,0.29042303226662924
4245,0.013367335651835307,0.2911810229960909
4246,0.01358974954455299,0.29003593675562
4247,0.01334641677696014,0.29007163964915933
4248,0.013458322083140172,0.2886962670706665
4249,0.013668027162594154,0.2916090145610257
4250,0.01340081107499933,0.2928933517787589
4251,0.01335843661640664,0.29162532323119245
4252,0.013269331486150905,0.2913318472890162
4253,0.01323574348072292,0.2918978712467845
4254,0.013291578861964208,0.2923243922008016
4255,0.013287256609449011,0.29139393324179347
4256,0.013217193129281646,0.291792643138784
4257,0.013278982613525246,0.2912402040922385
4258,0.013211568796161949,0.29089760765120054
4259,0.01341471086757505,0.29145807593127415
4260,0.013581642419044446,0.2916644852137985
4261,0.013255132503836156,0.29099942877326845
4262,0.013314105934865433,0.2930517521358247
4263,0.013338057480015278,0.29099903162466256
4264,0.013178120240868216,0.2923544234769314
4265,0.013211827259672883,0.29183037858439737
4266,0.01323364651571584,0.2913205747132469
4267,0.013294102607018845,0.2909725708104054
4268,0.013259901937568458,0.28827829521565734
4269,0.013495367432052192,0.2897152935128753
4270,0.013308926860414632,0.29120901139280636
4271,0.013644607693969121,0.2905205204544342
4272,0.013484478574008404,0.29010810430488465
4273,0.013428822993643747,0.2911431736586496
4274,0.013333173972328981,0.29173486605135046
4275,0.013327260654693616,0.2913881744150834
4276,0.013367302796942154,0.290672824181915
4277,0.013375855606936408,0.29022300140474955
4278,0.013385895979010267,0.29294090921309274
4279,0.013253195674492558,0.2930729669428173
4280,0.013285038632042261,0.29232033314384115
4281,0.013362069005513288,0.2925598802060656
4282,0.013267817729830659,0.29295058398507856
4283,0.013293394734668841,0.29172663594835974
4284,0.013322835221040063,0.2931970988888249
4285,0.013387118719679084,0.29456329388250774
4286,0.013334193247180519,0.29182947186181235
4287,0.013403213412741826,0.2894350695154508
4288,0.013475400718583535,0.2916317812570952
4289,0.013236590088889565,0.2922056116061651
4290,0.013310567650389876,0.29214393107304937
4291,0.013478571539818159,0.2898633144037822
4292,0.0135581615473002,0.2919765059404723
4293,0.013423832318514961,0.29149247971320497
4294,0.01372518480602722,0.291074013948463
4295,0.01343093409684215,0.2921797919646543
4296,0.013305467342291717,0.2911647716925408
4297,0.013348021550399864,0.2897399298989783
4298,0.01340405140048821,0.2928285987864603
4299,0.013576976129424895,0.2923882500057323
4300,0.013385734248637794,0.29275710263666854
4301,0.013275646727111462,0.2909884618354116
4302,0.013337404099474544,0.290595308811693
4303,0.013293764457525541,0.2919747919243524
4304,0.013250137113363774,0.291312574698865
4305,0.013143757671230421,0.29104327138195635
4306,0.018563469691340633,0.29279897752258544
4307,0.020427278081853125,0.29087435159531744
4308,0.020318786090404346,0.2920184531797093
4309,0.01563997125391899,0.2923596591996461
4310,0.013099167751523005,0.2921785434396867
4311,0.013062423063438904,0.2921403853180005
4312,0.013087136743734734,0.29258240911033667
4313,0.013084782232399112,0.29143323398403265
4314,0.013043803502527688,0.2926079590828633
4315,0.013079569688413062,0.29204044311240607
4316,0.01303258822882252,0.29294739366777695
4317,0.013008654206704506,0.2920436632517716
4318,0.013061128348972375,0.2923906791782746
4319,0.013140368047732774,0.29149030382124286
4320,0.013191230352095306,0.29226064604451557
4321,0.013095719370436779,0.29127249466335264
4322,0.013056357988898806,0.29278744974792237
4323,0.01302685388047643,0.2918319613797203
4324,0.013162148141473632,0.2931218453928932
4325,0.013368469313519619,0.2923667327502215
4326,0.013080410428673986,0.2928141794748615
4327,0.012992155396796035,0.294167679106893
4328,0.012964811338645865,0.29223016250175987
4329,0.013048352242310886,0.29136623711122944
4330,0.012998196462765267,0.29156885182276
4331,0.01307260640705205,0.2931638753986431
4332,0.01312093624693457,0.29080527018912733
4333,0.01303811709404005,0.2924209055980866
4334,0.013155941489143898,0.29269444799344385
4335,0.013113293520393986,0.29263943302479123
4336,0.013092577886427889,0.2906738056639356
4337,0.013035768749023367,0.29260800304845547
4338,0.013088366839041266,0.29291653519229194
4339,0.013118977585143996,0.29106251270251643
4340,0.013082192141469441,0.29155571732403524
4341,0.01314473636297207,0.29044832985817187
4342,0.01323924629240774,0.2904339295287145
4343,0.013077564597889398,0.29227652933644865
4344,0.013069756960838752,0.29097692186107643
4345,0.013063622408511711,0.2915591222441355
4346,0.013084128788290742,0.292207993796033
4347,0.013009345786493084,0.2929986083361926
4348,0.013131315737919518,0.2920030477771271
4349,0.0131134560801116,0.29263751206534144
4350,0.013107722460470204,0.2926709974530235
4351,0.013123596174488918,0.2920576638609785
4352,0.013012874619369327,0.2914406729002268
4353,0.012988109685281872,0.29353745735106845
4354,0.012968780596439447,0.29276725681705656
4355,0.012933855254200795,0.29187091341032506
4356,0.012937409819436608,0.2933375601791242
4357,0.012949797972131605,0.29102036043485224
4358,0.01292327533247463,0.291619698787529
4359,0.012995170724439897,0.29331501155405804
4360,0.013468543881503762,0.29323425611773296
4361,0.012997425826614235,0.29230748995859684
4362,0.013023068778290611,0.29205600216331495
4363,0.01303695679161261,0.2930189242913989
4364,0.013065286236069366,0.29224280211619447
4365,0.013103694253146874,0.2940888516630288
4366,0.012906891510147494,0.29267332031656607
4367,0.012980327664169912,0.29145412521073516
4368,0.012949335556892757,0.29109265428159814
4369,0.012945170222648222,0.2916088955231826
4370,0.013027603959438094,0.29190291968594406
4371,0.01293901807413404,0.2913749992905737
4372,0.012946761388913776,0.2933179115697877
4373,0.013138735967864641,0.292726378094684
4374,0.01299384486214875,0.29173605770684446
4375,0.012961453301471306,0.2921668013165264
4376,0.013030880081666757,0.29185062555798985
4377,0.012974179614128419,0.2926030064142658
4378,0.013008413657114337,0.29257960575117353
4379,0.013004331705608052,0.29089329514503004
4380,0.01295443988950755,0.2941192581185924
4381,0.01289202707776523,0.2915521059252934
4382,0.012967951550398434,0.29305522908506015
4383,0.012917175823685432,0.292890045227984
4384,0.013122897821694655,0.29185267689401484
4385,0.013123565607186508,0.29001254667856224
4386,0.0129026672964552,0.29215316218637594
4387,0.012972796142300647,0.29101268699241645
4388,0.013395975127534385,0.2919119193208734
4389,0.012903085922703447,0.2934958671350123
4390,0.012945297938849949,0.2930266056196463
4391,0.012918106804076918,0.29220315024151566
4392,0.012912600421383333,0.29289482166921416
4393,0.012914947637873644,0.2939599999149942
4394,0.012919933618472766,0.2931780590594953
4395,0.012829898246119931,0.29141232622081303
4396,0.012788085192262995,0.2914760807489683
4397,0.012913210416176551,0.29362749034981755
4398,0.012963062979566089,0.2911278804298394
4399,0.012980239273183206,0.2918285359137762
4400,0.012937811517104814,0.2928790336158295
4401,0.012898289783616993,0.29281393372112774
4402,0.012965060869697302,0.2930937776695363
4403,0.012942677303574263,0.2902123371873866
4404,0.013187049973109459,0.2921353859186398
4405,0.0129037883711513,0.29215680162815705
4406,0.012808855847169497,0.291633217740719
4407,0.012792688617679607,0.2921568339869044
4408,0.012751619147176879,0.2931890614416052
4409,0.012819096457411451,0.29379729688771755
4410,0.012859851238446705,0.29329333425099285
4411,0.01281265338506087,0.2916023221470592
4412,0.012798702346316469,0.2914941951457539
4413,0.012830777849992427,0.29225441901969906
4414,0.012827561921008543,0.2918141427339057
4415,0.01287728557150671,0.2924292600980357
4416,0.01289428340062768,0.2923683958560325
4417,0.013064538344801603,0.292689518747114
4418,0.012920954366215869,0.291829700387494
4419,0.012870200780403686,0.2920554060391543
4420,0.012891263781039218,0.2929017800575786
4421,0.012897163069871551,0.29221027411176903
4422,0.012832101368350888,0.2922722926773325
4423,0.012829637084164524,0.2907674252026653
4424,0.012865494052743426,0.291076247213437
4425,0.012820044824506866,0.29159717517373
4426,0.01279161388362004,0.2907942436024915
4427,0.012867737449263346,0.292762419111769
4428,0.012938159285742535,0.2934502557398577
4429,0.012934910075124885,0.29090034219730226
4430,0.012936184693590423,0.2915021947485481
4431,0.013060180423682625,0.2923828092517222
4432,0.012829117215125018,0.2911975034121423
4433,0.012813485754263455,0.292939756336672
4434,0.012783650963408829,0.2915587718835018
4435,0.012818044712293683,0.29191374928873637
4436,0.01278514579767452,0.2923868319674689
4437,0.012811187692315925,0.29311108806344716
4438,0.012802694877220645,0.29277738070318604
4439,0.012753021404604856,0.2925652331351442
4440,0.012746847355639619,0.2921871950274883
4441,0.012757161670867071,0.29227201731099145
4442,0.012770606598377397,0.2918658215193959
4443,0.012753795337284603,0.29333121103710863
4444,0.012753956276128797,0.29234968065382394
4445,0.012790431748601245,0.2917628798969801
4446,0.01279228382417812,0.2919814202166231
4447,0.012770042674590736,0.29200291780583465
4448,0.012739084911355485,0.29221810517096686
4449,0.012736364806327427,0.2928609744441307
4450,0.012734196066097376,0.29228813015988153
4451,0.012697145211054138,0.2920691076158644
4452,0.012757940079682131,0.29351553018738497
4453,0.01272603471948594,0.29190744010854175
4454,0.012815400805990406,0.2916575992396067
4455,0.012793642726207595,0.2925035710713553
4456,0.012981597137415814,0.29350203298783817
4457,0.012861137587001753,0.2937932255144446
4458,0.012714537926079884,0.2922703006911599
4459,0.012772439604839413,0.2932965911999167
4460,0.012776109276906499,0.29330641061479623
4461,0.012756084609626153,0.2916469762880265
4462,0.012795062728127223,0.29218556005600826
4463,0.012784276769262902,0.2934303406825462
4464,0.012737343302787734,0.2921473343620702
4465,0.01281927832508992,0.29252898990254195
4466,0.012802819702159192,0.29232208323189923
4467,0.012690586826010387,0.29367564792903406
4468,0.012691509744179198,0.2913907953572889
4469,0.012666162910620248,0.29275342130755655
4470,0.012677311008320242,0.2924222299351217
4471,0.012662669163608382,0.29166478963752923
4472,0.012682144268439263,0.292559642233441
4473,0.012750543998703411,0.2930231803928228
4474,0.012709925306778624,0.29305516564307765
4475,0.012713793979535759,0.29355173795245254
4476,0.012686838788883516,0.29249450419569734
4477,0.012627672136503282,0.29241576938050706
4478,0.012660599831900207,0.2927886273832985
4479,0.012667356459189405,0.29256449192566253
4480,0.012660249920764904,0.2924195537844185
4481,0.012593986980362161,0.29297051095478926
4482,0.01270674641126135,0.292179843153386
4483,0.012657468116001653,0.2922152335223063
4484,0.012667491702836743,0.2914748943815562
4485,0.012760048875126488,0.29264666389231064
4486,0.012773057222276285,0.29224595152236327
4487,0.012834424954719792,0.2920549003454455
4488,0.012725326699131711,0.2915222121266566
4489,0.012665723538775804,0.2929732883274433
4490,0.012650592501587692,0.2922513040762365
4491,0.012643739038833375,0.2920776426850646
4492,0.012634121215621543,0.2930800029157364
4493,0.01265751376137567,0.29222556061078414
4494,0.012641306820956107,0.29250304796861315
4495,0.012665173553178472,0.2915846097955545
4496,0.012694263739820685,0.29302144188777235
4497,0.012665547381139224,0.29259963017408885
4498,0.012685071681232639,0.29205915127391635
4499,0.012626876777477343,0.29219353094832373
4500,0.012595534183165688,0.29270385157683854
4501,0.012639488000388215,0.29251313757097624
4502,0.012720536780377548,0.2926690615228779
4503,0.012651023585683641,0.2922994295948442
4504,0.012608938262161556,0.29257410494177094
4505,0.012617098726359521,0.2929940988492147
4506,0.01261694897986171,0.2925639633639864
4507,0.012631210850298146,0.29254928221152793
4508,0.012721127549465975,0.2920298736247174
4509,0.012674271551983394,0.29258169990807903
4510,0.012661023423351035,0.29215567549127897
4511,0.0126475490445445,0.2929129302511239
4512,0.012671878018624362,0.2916722522237809
4513,0.012611265514113297,0.29239503814644957
4514,0.012614862660081065,0.2921733344037887
4515,0.012570387283594602,0.2925398480678678
4516,0.01257851480242497,0.2921789793830247
4517,0.012646267832738705,0.2921515897129929
4518,0.012630439623311713,0.2938369189234462
4519,0.012632656284803789,0.29325551558916535
4520,0.012618781081317584,0.293296736735908
4521,0.012583839959293915,0.29275408728058894
4522,0.012594905343536914,0.29110505411251025
4523,0.012617249971118759,0.29314712992797093
4524,0.012624225932489026,0.29137300494682555
4525,0.01266012484178737,0.2929175982417987
4526,0.012658972678657964,0.29344835573153455
4527,0.012587833652352855,0.2934618783214815
4528,0.012612635298346647,0.29328022552929484
4529,0.012662321480618292,0.29342001970073905
4530,0.01261490073057675,0.29273916313441267
4531,0.012704081361453071,0.2916092915675806
4532,0.01259700241345604,0.2916108094841949
4533,0.012604131180908924,0.2928346646065818
4534,0.012594784682950595,0.29182105637903216
4535,0.012558479690249246,0.29225418919310475
4536,0.01256038135938671,0.29221076034512106
4537,0.012559302499581877,0.2916726725489965
4538,0.012520253361199787,0.29302269389263713
4539,0.012545077839120294,0.2931568230980434
4540,0.01259895454952187,0.29272630821201395
4541,0.012560883687557037,0.2916158287379161
4542,0.012570744602487227,0.292519341819931
4543,0.01258386770781259,0.2934873293688192
4544,0.012591935484257443,0.2925166941358056
4545,0.012551091245432187,0.29167222699963335
4546,0.01254021005195555,0.29317960044646496
4547,0.012553652135385732,0.2932177593869983
4548,0.012550355483917232,0.2940799111382757
4549,0.012528190228686302,0.2937825192566893
4550,0.012551481751970272,0.2933453408140062
4551,0.012548146861232035,0.2928398942992147
4552,0.0125109563052349,0.29344493587166864
4553,0.012488968186727518,0.2932332518922407
4554,0.01255042430719996,0.2924811950809303
4555,0.012596376801196615,0.29249847798070167
4556,0.01256979067422594,0.2913182348317419
4557,0.012614212495824367,0.2941806887950304
4558,0.01253901390809415,0.29289616304648547
4559,0.012513579066579497,0.2925685584537332
4560,0.012538995992060552,0.2925114143585843
4561,0.012515214615050525,0.2926976414211736
4562,0.012524983461590564,0.29366278536643015
4563,0.012529980282939961,0.2931118090653913
4564,0.012510499327921238,0.2935231877205624
4565,0.012465888017444443,0.292424762034234
4566,0.012493398702328287,0.29210786237309183
4567,0.012521308005460592,0.2934417402133784
4568,0.012477701606501973,0.29303361177702597
4569,0.012502251980334085,0.2936667345319618
4570,0.012484145891415688,0.29237712568858026
4571,0.012536206407503442,0.29310611097513073
4572,0.012510211112230895,0.2927555861996097
4573,0.012570462835093617,0.2933503947763372
4574,0.012502932977685073,0.2935868360845107
4575,0.012534837965708387,0.29248194988292153
4576,0.01252377339879657,0.2932493672797264
4577,0.01253200608456857,0.2941728029051113
4578,0.012512806824326286,0.29232683124706826
4579,0.012494934653862845,0.29358210233507875
4580,0.012496249236858216,0.2930721781065808
4581,0.012501914619617112,0.2927687703563739
4582,0.012495781907013637,0.29305297365746513
4583,0.012491413400591326,0.2935504751944738
4584,0.012507193893071776,0.2931346302901547
4585,0.012519610637158632,0.2929624982784759
4586,0.012512806105197036,0.2939335891714237
4587,0.012545498446211075,0.29276014319657273
4588,0.012491247446095673,0.29209755864495685
4589,0.012479083661010113,0.29345969491949464
4590,0.012434569907300661,0.29345662300506425
4591,0.012441369811727223,0.29313637019154376
4592,0.012451571051682198,0.29321376831228835
4593,0.012473198556688773,0.293731468418799
4594,0.012452479078542645,0.2946753704995369
4595,0.012463269757681215,0.29296547269432727
4596,0.012471071884589255,0.293844318046501
4597,0.012498469367548119,0.29449404958941944
4598,0.012472413998940416,0.2940275722830654
4599,0.012466953874460271,0.2934424993414265
4600,0.012454153138145267,0.29392374641864316
4601,0.012460535121741041,0.2934174672549036
4602,0.012422352436813222,0.293519306927099
4603,0.012459276159051938,0.29379395327018887
4604,0.012460149764460485,0.2937693146720007
4605,0.012448660876086568,0.29263762170568586
4606,0.012446965995199604,0.29341099522893466
4607,0.012440298747697675,0.2937019324563634
4608,0.012432129265156662,0.2926939719113088
4609,0.012428925694729467,0.2919503043116063
4610,0.012419851577372933,0.2933903468630563
4611,0.012424544616761863,0.2936883468011768
4612,0.012467436818811854,0.29482296945978187
4613,0.012432334713334816,0.2924764944394678
4614,0.01247055890747998,0.2935999181685003
4615,0.01245467613329933,0.29372826334143387
4616,0.012449346343690007,0.2928458244682063
4617,0.012428890147632338,0.2935244028737114
4618,0.012450696115327996,0.2936182958559983
4619,0.012419146865356742,0.2938471667176598
4620,0.012421061395197587,0.2937318848563282
4621,0.012440365490554025,0.2927219352396126
4622,0.01241266433440528,0.2937604165098481
4623,0.012427245057360323,0.293604037659056
4624,0.012408679735052938,0.2942633787388705
4625,0.012446688572221708,0.2929600405160746
4626,0.01243544703752322,0.29417063398675475
4627,0.012435651153687667,0.2942744610220772
4628,0.012403303836109677,0.29293924064709453
4629,0.012437628720774195,0.29411720277579884
4630,0.01241917308916997,0.2937633584056735
4631,0.012420573559941321,0.2929707632972592
4632,0.012415366603159655,0.2938912812056211
4633,0.012405289315309561,0.2937469461426472
4634,0.01242699477215708,0.29442522915327823
4635,0.012426608991473326,0.2944547183666433
4636,0.012431220213966318,0.2938419288561284
4637,0.012416777473067709,0.29413104519597183
4638,0.012419593603532241,0.2926284426121475
4639,0.012440078407419479,0.29376650530571435
4640,0.012434407422435378,0.2937486160721547
4641,0.012420465743133576,0.2942063221790805
4642,0.012386099720297507,0.29339196507617255
4643,0.012412886464958766,0.29376172201931483
4644,0.012399160432141393,0.2945937518262465
4645,0.01239854958411978,0.2936195294071823
4646,0.012395124606869678,0.2935342571594094
4647,0.012382620720148937,0.29363955446784723
4648,0.012398676450906629,0.29383889630241006
4649,0.012347188304459638,0.2936682814593509
4650,0.012409914506771914,0.29346355041139477
4651,0.01241835801522426,0.2941067925578895
4652,0.01239959329374451,0.29363959734456735
4653,0.012377533865975409,0.29509192243059174
4654,0.012410782539056949,0.29245115777452485
4655,0.012423623932915946,0.29344485864239694
4656,0.012382365830184917,0.2930566771036944
4657,0.01240034550288281,0.29455290157162745
4658,0.012365876183514994,0.293153496563296
4659,0.012380340202358116,0.2941215278327901
4660,0.012377242476001676,0.29433501105659915
4661,0.012374401845736674,0.2939823385079948
4662,0.01240257517284804,0.2942876431338617
4663,0.012391435885356766,0.29343132645049463
4664,0.012396775011395012,0.29489283970997326
4665,0.012414361545738673,0.2935098879206587
4666,0.012397225092418435,0.2913045906984698
4667,0.012386468106300813,0.2947015142085324
4668,0.01240534652364416,0.29306574998374946
4669,0.012389910870335032,0.2937863556591486
4670,0.012396631235098748,0.2928217439165759
4671,0.012379001445640787,0.29437483326324004
4672,0.01235638476439532,0.294472912086091
4673,0.012372806438672055,0.2948698289319729
4674,0.012398627977948343,0.29457007026595444
4675,0.012367300763133153,0.2939156028239607
4676,0.012368077385045103,0.29411968223056445
4677,0.01233925181331643,0.2940751734144911
4678,0.012329010100015187,0.29330049176730166
4679,0.012374865774434125,0.29397241438940697
4680,0.012383937274052764,0.29339984790720075
4681,0.012378175504213065,0.2936193965711327
4682,0.01239035900999029,0.2943383782288111
4683,0.01236021376802062,0.29441827031116863
4684,0.012351728167507374,0.29383408118518123
4685,0.012356716527300363,0.2937979278011983
4686,0.012392716977827418,0.293173932631923
4687,0.012363585852053017,0.29257010237175324
4688,0.012359847555768664,0.29393671364137675
4689,0.01236621329260516,0.2937988298653762
4690,0.012349091976356722,0.2950427772189502
4691,0.012356495620431606,0.29425925820767246
4692,0.01237664392041556,0.29272108729506024
4693,0.012355919888789906,0.29514196704484447
4694,0.01236154735581471,0.29247433559382724
4695,0.012336310561146447,0.2930347320644676
4696,0.012365968126641485,0.29330002761854773
4697,0.012358038899390984,0.29379008553680797
4698,0.012315580879663602,0.29329878113415414
4699,0.012351919107883464,0.29337013917304433
4700,0.01236716612006071,0.29415085548314107
4701,0.0123219234917193,0.29332411892258153
4702,0.01231672859084195,0.2940736274780803
4703,0.012354378231055046,0.2941457753326996
4704,0.012350102551314312,0.2948155864138789
4705,0.012350815349731904,0.29335461935545776
4706,0.012330397605050877,0.29404838611158207
4707,0.012354309331823821,0.29398885418304543
4708,0.012329857214914555,0.29457486172341
4709,0.012310906255732116,0.29339761515979595
4710,0.012348950041939121,0.293532020135224
4711,0.012352651234786346,0.2938232368562917
4712,0.012349450102008662,0.2931209804117093
4713,0.012345580026783974,0.2942672587080862
4714,0.01233606083233339,0.29429286065142185
4715,0.012322405067930925,0.2947542318515228
4716,0.01231235392470924,0.29395100819437764
4717,0.012340610190536729,0.29335009794655864
4718,0.012284744879552474,0.2941614245259606
4719,0.012331948961099334,0.293267857594031
4720,0.01234436492151862,0.29402492996199575
4721,0.012340722320637397,0.29277175015612067
4722,0.01232004158810449,0.29351734958320563
4723,0.012360143135409174,0.2948418045825694
4724,0.012331136137407044,0.2938290009410837
4725,0.012305227986862123,0.293720212273772
4726,0.012325391620316147,0.2942446439045357
4727,0.012323810301554492,0.29350900855620576
4728,0.012343531958054365,0.2937963108821214
4729,0.01231417810304858,0.29464120409484523
4730,0.01230768925840424,0.29384382350314
4731,0.012346280838963702,0.29413078290435146
4732,0.012314972026510834,0.2944439144899734
4733,0.012324961073367145,0.2928452608875727
4734,0.01232155722395632,0.2940779101315023
4735,0.012304598348241613,0.2936946177770247
4736,0.012303940702970265,0.2939362434314946
4737,0.01229944006324742,0.29350352802821644
4738,0.012315017884512442,0.29426576058414017
4739,0.012297585743127018,0.2943489666828661
4740,0.012303763389472972,0.29333655874307935
4741,0.012303176566408978,0.2944105302756764
4742,0.012307325375208495,0.293929671860326
4743,0.012312184597078592,0.29501211687186535
4744,0.012311405159249987,0.2938015548284889
4745,0.012310242927581446,0.2938396874370621
4746,0.01230520347178081,0.2937071442210759
4747,0.012289728392993164,0.2940789859357438
4748,0.012321601909657929,0.29405491957671126
4749,0.012334046268070102,0.2934988032282616
4750,0.01231767093314177,0.2939445423645752
4751,0.012318989198993937,0.29426363482696005
4752,0.012297969888350394,0.2936049607686109
4753,0.012286546722532354,0.2944414399579809
4754,0.012323917222716651,0.2944084350572243
4755,0.012312576968121845,0.2941738552934675
4756,0.012301874583728759,0.29365063182798373
4757,0.012284357885030914,0.29336386026010586
4758,0.012300729409380576,0.29391512927071833
4759,0.012289106955165245,0.2936860929747388
4760,0.012297989172553633,0.29338430860105336
4761,0.012292380364240895,0.2938303065013255
4762,0.012280633255772787,0.2932957315527964
4763,0.012321359204951044,0.2942092124230234
4764,0.012310916877608269,0.29283384287920966
4765,0.012321524200252947,0.2923988383808212
4766,0.012298986605014451,0.2941186339527103
4767,0.01228393941165687,0.29442710891168666
4768,0.012270235702674877,0.29375982754771607
4769,0.012303049630941832,0.2936196675040787
4770,0.01228735461853007,0.29230041513297433
4771,0.01229408859278523,0.2939579699402882
4772,0.012289159999872767,0.2937612878427664
4773,0.01230435738068756,0.2940172139134591
4774,0.012304568313688636,0.2937927532103193
4775,0.012282656767036599,0.2937846704410782
4776,0.0122635667203356,0.29328500728641044
4777,0.012272568481411094,0.2941153883268597
4778,0.012292182073389103,0.29424257317137076
4779,0.012287507497331892,0.29416926625101175
4780,0.012264889194703872,0.2939656316035542
4781,0.012292497802977595,0.29413390796642125
4782,0.012269522720494305,0.29321720629161147
4783,0.012279892088692627,0.2929745719155155
4784,0.012292927768909888,0.29402549031678815
4785,0.012275481602202813,0.29340936675332285
4786,0.012289282493672836,0.29331589489260523
4787,0.012289829807804305,0.2934204346248369
4788,0.012297683070575605,0.293969807764127
4789,0.012291153826288261,0.29343507017966775
4790,0.01227766122888711,0.294092177176307
4791,0.012270583389168943,0.2949097095228495
4792,0.01227169348690157,0.29349486424374005
4793,0.012273011479344247,0.29404087365698156
4794,0.01226016663592103,0.29496076279038225
4795,0.012272285320962492,0.29409025912767367
4796,0.012280887999974906,0.29409389777285555
4797,0.012265493191209237,0.2940587513587349
4798,0.012274967776564331,0.2937178398665952
4799,0.012265609026295575,0.29398820570284456
4800,0.01227581457627594,0.29348348007271086
4801,0.012250612578312264,0.2927465445748046
4802,0.012266534045768293,0.29432516478901205
4803,0.012264153281010569,0.294103174917555
4804,0.01223816386047424,0.2939793881987886
4805,0.012291799935262158,0.29227893344472655
4806,0.012274399175204898,0.2950328349521714
4807,0.01226411995419482,0.2935104815330841
4808,0.012260423464344082,0.29460976820187684
4809,0.01226123763033193,0.29251227462099955
4810,0.012267839077703997,0.2939572898004073
4811,0.012257977086398544,0.29357849590604784
4812,0.012273529677021956,0.2938311370796996
4813,0.012248085142104103,0.2948491445918175
4814,0.012260932077598851,0.2932429522740962
4815,0.01223120893255022,0.29439191484021704
4816,0.012261576855947873,0.2947481938612372
4817,0.012264396440211343,0.29478811668702737
4818,0.012228384673612971,0.29357031517003823
4819,0.012265693079929432,0.2939093523944216
4820,0.012230109863040286,0.29416445043927636
4821,0.012268323776394318,0.29427046081618546
4822,0.012246944188310703,0.29374362757086875
4823,0.012261192303068436,0.2936287499921227
4824,0.012244562610938993,0.2947415270119079
4825,0.012254021137762073,0.2938375521514019
4826,0.012251175181139974,0.2942817207787569
4827,0.01222456088891634,0.2943036432178707
4828,0.0122584493138832,0.2937328213879539
4829,0.012239260378676953,0.29281868729430016
4830,0.012260589614312385,0.29535682782405126
4831,0.01225008729443179,0.2945689841896954
4832,0.012275271090455495,0.2939698451410347
4833,0.012263881276877699,0.294301551193632
4834,0.0122421717884972,0.2931374807159066
4835,0.012223157207157902,0.2930567716172324
4836,0.01224434963880192,0.2929790954807894
4837,0.012250785958220926,0.2941216347866455
4838,0.0122568451661832,0.2934313731135061
4839,0.01223064561413806,0.293753031532337
4840,0.012245840186853344,0.2943570172610982
4841,0.01225789633078536,0.2936601269934282
4842,0.012249719581015584,0.2931634751125161
4843,0.012242202947428437,0.2940695502302805
4844,0.012255977462514445,0.29397140722579856
4845,0.012254980949716552,0.29194035584782124
4846,0.012254435095090969,0.29287589524913027
4847,0.012240873855973208,0.293950601989538
4848,0.012246692016526322,0.2934457805261035
4849,0.012249706817440902,0.29375213972378134
4850,0.012217277236222561,0.2943353766992841
4851,0.012227146129953247,0.29411895371575314
4852,0.012225881733253334,0.293782330835903
4853,0.01225852666801945,0.2935989753818194
4854,0.012240941272370937,0.2941587854496726
4855,0.012248251584836634,0.29368410907941583
4856,0.012249725611673692,0.29351632700746894
4857,0.012244989003476791,0.2936152016889472
4858,0.012241624446898537,0.2946452386980946
4859,0.012214598432024052,0.2927259783077413
4860,0.01223952225244221,0.2927015693057865
4861,0.012227910639326637,0.2935096961639412
4862,0.012226983439052591,0.29342480984381947
4863,0.01223025434329987,0.2937391187821571
4864,0.012246468325703207,0.294324831072001
4865,0.012229511499091631,0.2937171207692308
4866,0.012218409131683898,0.29443887728760837
4867,0.012247812884395458,0.29413792738785155
4868,0.012253814281648057,0.2934006587245215
4869,0.012216778273686012,0.29431705179507284
4870,0.012245234307479981,0.29295132264591306
4871,0.012222925534723834,0.29242832239935984
4872,0.012217532029027662,0.29428552706638855
4873,0.012217858046789437,0.2929167090534791
4874,0.012210419913077086,0.29375226572494584
4875,0.012214395357254928,0.29326679142944495
4876,0.012212532727244815,0.29383509595031276
4877,0.012234879206407685,0.2929905841681115
4878,0.012220315149537172,0.2931619868457958
4879,0.012226450334521886,0.2945543004515743
4880,0.01223603294947653,0.29381369041374367
4881,0.012215591944620987,0.29394958221569045
4882,0.012209637623418573,0.29432620740702853
4883,0.01222575086473446,0.2940933036519823
4884,0.012218764624424058,0.2934729193344353
4885,0.012239470154575873,0.29391737925489614
4886,0.01221745357521695,0.29335387674130403
4887,0.012225321684705684,0.2934325402150052
4888,0.012213250754769351,0.29320387500395206
4889,0.012228518801949301,0.29443029608142846
4890,0.012207319728975324,0.2934967034974225
4891,0.012210479040919566,0.29180251291787623
4892,0.012230458019193018,0.293531042461381
4893,0.012227019727174934,0.29397216454721237
4894,0.012238837689231967,0.29419116763533004
4895,0.012208314635018659,0.2938325214458353
4896,0.012211355317992056,0.2943142692790393
4897,0.012211622279474317,0.29317302880567125
4898,0.01223083983598057,0.29449998102595165
4899,0.012227264958782147,0.2942921495506955
4900,0.012214769392957363,0.29257375380093337
4901,0.012227678995414791,0.2943613755769241
4902,0.012220602536833287,0.29512478013889004
4903,0.012217910700959534,0.2932725962967656
4904,0.012219356682986219,0.2941211098043493
4905,0.012212076803268765,0.2939656318575197
4906,0.012212050921588858,0.29347726266906154
4907,0.012186029519528588,0.2930528463983335
4908,0.012213930323693643,0.294070216460405
4909,0.01219579409416056,0.29359119516982995
4910,0.012192040176189611,0.293548414836233
4911,0.012217552132141665,0.29492617205796995
4912,0.012190303115640332,0.2944452392568003
4913,0.012205288030576439,0.29426792926371204
4914,0.012220906030624893,0.2932546544269601
4915,0.012201299077012165,0.29395894067900097
4916,0.012203495500370429,0.29447260801934866
4917,0.012187451398961926,0.2942799302965021
4918,0.012202051877514835,0.29451987683083847
4919,0.012214330800170647,0.2940868773495708
4920,0.012199138073938994,0.29348190153458203
4921,0.01221622057661429,0.2941174272839367
4922,0.012228888579540752,0.29476995735613887
4923,0.012196235135850787,0.29461462965803564
4924,0.01221572492723006,0.2946940040310168
4925,0.012206552439824585,0.2926129395987385
4926,0.012215266202486022,0.2939547283075758
4927,0.012209681436009154,0.2942718953751133
4928,0.012212320682612113,0.29366056630600484
4929,0.012193698025994668,0.29211836018351744
4930,0.012196492538529363,0.29355478463071993
4931,0.01219203288594766,0.2935157512387006
4932,0.012190804149676483,0.29341275969120495
4933,0.012209282698475384,0.29339537923616216
4934,0.012204217003684337,0.29387833034090394
4935,0.012200502416479082,0.29417105894287104
4936,0.012182005852175633,0.2934776462523929
4937,0.012194972791067947,0.2940116726095501
4938,0.012195073578284303,0.29349490787746
4939,0.012215933627851805,0.2925231109556412
4940,0.012207164654789715,0.29444956918414883
4941,0.012214596090236448,0.2934332815859721
4942,0.012181544378599468,0.2937814974408077
4943,0.0121823732319613,0.2948371754738745
4944,0.012226978573180326,0.29419734506631867
4945,0.012203349351415158,0.29487838270987876
4946,0.012216488800865273,0.2931801181367329
4947,0.012188513380222643,0.2940643947948627
4948,0.012202529683948322,0.29548214238641196
4949,0.012208886916305353,0.2942797470122737
4950,0.012202610180937726,0.29328911918318196
4951,0.01220357448337387,0.293425395499232
4952,0.012200188359661177,0.2936762617310385
4953,0.012190805497412763,0.29409374345827805
4954,0.012188353619858467,0.29425250549751325
4955,0.0122132148392006,0.29337123358066897
4956,0.01220679606501396,0.2928575224466277
4957,0.012176966009846591,0.2930320347671992
4958,0.012212536775898989,0.29464102117379376
4959,0.012195834003808938,0.2937152954196976
4960,0.012189794797216715,0.29443134304985574
4961,0.012214982044746995,0.29388023130968877
4962,0.012189801796800263,0.29328432570265867
4963,0.012204657981453561,0.294383354367025
4964,0.012191493671092842,0.29311219189036625
4965,0.012186349086730204,0.2938946672412023
4966,0.012193108620489612,0.2917137886029882
4967,0.012203615216132517,0.2930803433024522
4968,0.012203645893296033,0.2939816452069206
4969,0.012203498924679665,0.2928833045423554
4970,0.01220338985295991,0.2937094020674607
4971,0.012195258817363715,0.2937719138814415
4972,0.01219971803419054,0.2941864566081166
4973,0.012185599956103105,0.29382081853714725
4974,0.012176559249018025,0.2937360017927458
4975,0.012201379248568442,0.2936463789500625
4976,0.01220830953897562,0.2936159595082404
4977,0.012187794134183744,0.2932924831665293
4978,0.01217268487902916,0.29319203055706206
4979,0.012169544547248713,0.2932671551133772
4980,0.012185767477226788,0.29337280383315556
4981,0.012183912047098752,0.29346234195943627
4982,0.012202779720790901,0.29382124749740945
4983,0.012197142742264477,0.29286574493662243
4984,0.012190371762336867,0.2941003021493635
4985,0.012206305817578738,0.2934599167187662
4986,0.012188295455660376,0.293891396790828
4987,0.012205163312478642,0.29377789604033766
4988,0.012187360471992158,0.2939909171255276
4989,0.01218963589072583,0.29273674793309945
4990,0.012202587893968846,0.2934709586030476
4991,0.012191886861659718,0.2941820535775927
4992,0.01219220865545245,0.293136362510809
4993,0.012184151829039874,0.2935670272563801
4994,0.01220549203291994,0.29492881587716085
4995,0.012200829798699742,0.2942365678155809
4996,0.012201554119375941,0.2936321992896353
4997,0.012178376686940547,0.29344462656280035
4998,0.012208022645849598,0.2936077206013535
4999,0.012176116563362718,0.2928455248933471
5000,0.012188059807029621,0.2937257596241839
